X,Y,ReportType,PrmaryCollsionType,CaseNumber,UnitsInvolved,Location,OnHighway,CrossStreet,FeetFromIntersection,DirectionFromIntersection,CollisionDate,ReportedDate,ReportedYear,ReportedMonth,ReportedMonthName,ReportedWeek,ReportedDayofWeekNum,ReportedDayofMonth,ReportedDayofWeek,ReportedHour,HitAndRunStatus,LightingCondition,WeatherCondition,Severity,NumKilled,NumSeriouslyInjured,NumInjuredOrKilled,Lat,Lon,DUI,AlcoholDrugSuspected,BicyclesInvolved,PedestriansInvolved,RoadDescription,Crash_Time,ESRI_OID
-105.253051,39.999264,Police Collision Report,COLLISION W/ OBJECT - WALL OR BUILDING,1716195,1,655   30TH ST      ,655 30TH ST,,     ,  ,2017/12/11 00:00:00+00,2017/12/11 15:35:00+00,2017,12,December,15,2,11,Monday,15,Motorway Collision,Daylight,NONE,Property Damage Only,0,0,0,39.999264,-105.253051,0,0,0,0,PARKING LOT,808,214
-105.257829,40.000354,Police Collision Report,COLLISION W/ OBJECT - WALL OR BUILDING,1802237,1,BASELINE RD/28TH ST,28TH ST,CITY ST/CNTY RD,795,N ,2018/02/24 00:00:00+00,2018/02/24 04:09:00+00,2018,2,February,4,7,24,Saturday,4,Motorway Collision,Dark - Lighted,NONE,Property Damage Only,0,0,0,40.000354,-105.257829,0,0,0,0,PARKING LOT,409,215
-105.258409,40.00029,Police Collision Report,COLLISION W/ OBJECT - TREE,2105509,1,US HIGHWAY 36/BASELINE RD,US 36 OFF RAMP,STATE HWY,     ,N ,2021/06/29 00:53:00+00,2021/06/29 00:54:00+00,2021,6,June,0,3,29,Tuesday,0,Motorway Collision,Dark - Lighted,NONE,Property Damage Only,0,0,0,40.00029,-105.258409,1,1,0,0,RAMP-RELATED,54,216
-105.23231,39.985598,Police Collision Report,COLLISION W/ OBJECT - TREE,2105318,1,US HIGHWAY 36/FOOTHILLS PKWY,US HIGHWAY 36 OFF RAMP,STATE HWY,     ,S ,2021/06/23 00:00:00+00,2021/06/23 09:49:00+00,2021,6,June,9,4,23,Wednesday,9,Motorway Collision,Daylight,NONE,Property Damage Only,0,0,0,39.985598,-105.23231,0,0,0,0,RAMP,948,217
-105.267784,40.055286,Police Collision Report,COLLISION W/ OBJECT - TREE,2112248,1,APRICOT CT/BLUEBERRY CIR,BLUEBERRY CIRCLE,CITY ST/CNTY RD,     ,W ,2021/12/24 00:00:00+00,2021/12/24 14:40:00+00,2021,12,December,14,6,24,Friday,14,Motorway Collision,Daylight,NONE,Property Damage Only,0,0,0,40.055286,-105.267784,0,0,0,0,NON-INTERSECTION,1200,218
-105.231998,39.986966,Police Collision Report,COLLISION W/ OBJECT - TREE,2112185,1,FOOTHILLS PKWY/TABLE MESA DR,FOOTHILLS PKWY,STATE HWY,     ,  ,2021/12/22 00:00:00+00,2021/12/22 00:00:00+00,2021,12,December,0,4,22,Wednesday,0,Motorway Collision,Dark - Lighted,NONE,Non-Incapacitating Injury,0,0,1,39.986966,-105.231998,0,0,0,0,RAMP,215,219
-105.28149,40.018143,Police Collision Report,COLLISION W/ OBJECT - BARRICADE,1909629,1,PEARL | SPRUCE ALLEY/11TH ST,S. ALLEY OF PEARL STREET,CITY ST/CNTY RD,315,W ,2019/08/23 00:00:00+00,2019/08/23 07:39:00+00,2019,8,August,7,6,23,Friday,7,Motorway Collision,Daylight,NONE,Property Damage Only,0,0,0,40.018143,-105.28149,0,0,0,0,CROSSOVER-RELATED,739,220
-105.274928,40.005455,Police Collision Report,COLLISION W/ OBJECT - BARRICADE,1807847,1,1000  14TH ST      ,1000 BLOCK OF 14TH STREET,,     ,  ,2018/06/26 00:00:00+00,2018/06/26 08:57:00+00,2018,6,June,8,3,26,Tuesday,8,Motorway Collision,Daylight,NONE,Property Damage Only,0,0,0,40.005455,-105.274928,0,0,0,0,PARKING LOT,1600,221
-105.258403,40.034652,Police Collision Report,COLLISION W/ OBJECT - BARRICADE,1813766,1,3300  28TH ST      ,3300 28TH STREET,,     ,  ,2018/10/23 00:00:00+00,2018/10/23 07:55:00+00,2018,10,October,7,3,23,Tuesday,7,Motorway Collision,Dark - Lighted,NONE,Property Damage Only,0,0,0,40.034652,-105.258403,0,0,0,0,PARKING LOT,2200,222
-105.276677,40.026746,Police Collision Report,COLLISION W/ OBJECT - BARRICADE,2209353,1,15TH ST/BALSAM AVE,BALSAM ST,CITY ST/CNTY RD,     ,  ,2022/09/17 14:50:59+00,2022/09/17 14:51:00+00,2022,9,September,14,7,17,Saturday,14,Motorway Collision,Daylight,NONE,Property Damage Only,0,0,0,40.026746,-105.276677,1,1,0,0,AT INTERSECTION,1515,223
-105.27591,40.007274,Police Collision Report,COLLISION W/ OBJECT - BARRICADE,2209854,1,1310  COLLEGE AVE      ,COLLEGE AVE,CITY ST/CNTY RD,     ,W ,2022/10/01 03:02:59+00,2022/10/01 03:03:00+00,2022,10,October,3,7,1,Saturday,3,Motorway Collision,Dark - Lighted,NONE,Property Damage Only,0,0,0,40.007274,-105.27591,1,1,0,0,NON-INTERSECTION,246,224
-105.253425,40.00742,Police Collision Report,COLLISION W/ OBJECT - BARRICADE,2208775,1,30TH ST/COLORADO AVE,30TH ST,CITY ST/CNTY RD,     ,  ,2022/09/02 00:00:00+00,2022/09/02 23:58:00+00,2022,9,September,23,6,2,Friday,23,Motorway Collision,Dark - Lighted,NONE,Property Damage Only,0,0,0,40.00742,-105.253425,0,0,0,0,AT INTERSECTION,2359,225
,,Police Collision Report,COLLISION W/ OBJECT - WALL OR BUILDING,2209909,1,3730  CANFIELD ST      ,3730 CANFIELD STREET,OTHER RDWY,     ,  ,2022/10/02 00:00:00+00,2022/10/02 22:23:00+00,2022,10,October,22,1,2,Sunday,22,Motorway Collision,Dark - Lighted,NONE,Property Damage Only,0,0,0,,,0,0,0,0,PARKING LOT,2223,226
-105.237492,40.031008,Police Collision Report,COLLISION W/ OBJECT - WALL OR BUILDING,2210111,1,5000  BUTTE ST OFFICE  ,5000 BUTTE ST,,     ,  ,2022/10/08 00:00:00+00,2022/10/08 12:32:00+00,2022,10,October,12,7,8,Saturday,12,Motorway Collision,Daylight,NONE,Property Damage Only,0,0,0,40.031008,-105.237492,0,0,0,0,PARKING LOT,1232,227
-105.256332,40.020624,Police Collision Report,COLLISION W/ OBJECT - WALL OR BUILDING,2208920,1,1900  29TH ST      ,2900 WALNUT ST,,     ,  ,2022/09/07 00:00:00+00,2022/09/07 00:35:00+00,2022,9,September,0,4,7,Wednesday,0,Motorway Collision,Dark - Lighted,NONE,Property Damage Only,0,0,0,40.020624,-105.256332,0,0,0,0,PARKING LOT,35,228
-105.280928,40.016575,Police Collision Report,COLLISION W/ OBJECT - WALL OR BUILDING,2207988,2,1100  WALNUT ST      ,1100 WALNUT ST (PARKING GARAGE),,     ,  ,2022/08/18 21:23:59+00,2022/08/18 21:24:00+00,2022,8,August,21,5,18,Thursday,21,Motorway Collision,Dark - Lighted,NONE,Property Damage Only,0,0,0,40.016575,-105.280928,1,1,0,0,PARKING LOT,2124,229
-105.258305,40.01538,Police Collision Report,COLLISION W/ OBJECT - WALL OR BUILDING,2210452,1,1625  28TH ST      ,1625 28TH ST,,     ,  ,2022/10/17 00:00:00+00,2022/10/17 18:47:00+00,2022,10,October,18,2,17,Monday,18,Motorway Collision,Dark - Lighted,NONE,Property Damage Only,0,0,0,40.01538,-105.258305,0,0,0,0,PARKING LOT,1847,230
-105.257514,40.022479,Police Collision Report,COLLISION W/ OBJECT - WALL OR BUILDING,2200396,1,2835  PEARL ST      ,2835 PEARL ST,,     ,  ,2022/01/15 00:00:00+00,2022/01/15 11:20:00+00,2022,1,January,11,7,15,Saturday,11,Motorway Collision,Daylight,NONE,Property Damage Only,0,0,0,40.022479,-105.257514,0,0,0,0,PARKING LOT,1120,231
-105.27003,40.001871,Police Collision Report,COLLISION W/ OBJECT - WALL OR BUILDING,2112320,1,1799  CASCADE AVE      ,1799 CASCADE AVE,,     ,  ,2021/12/27 00:00:00+00,2021/12/27 14:55:00+00,2021,12,December,14,2,27,Monday,14,Motorway Collision,Daylight,NONE,Property Damage Only,0,0,0,40.001871,-105.27003,0,0,0,0,ALLEY RELATED,1410,232
-105.235491,40.014695,Police Collision Report,COLLISION W/ OBJECT - LARGE ROCKS OR BOULDER,2200331,2,4747  ARAPAHOE AVE      ,BASELINE ROAD,STATE HWY,     ,W ,2022/01/13 00:00:00+00,2022/01/13 01:58:00+00,2022,1,January,1,5,13,Thursday,1,Motorway Collision,Daylight,NONE,Property Damage Only,0,0,0,40.014695,-105.235491,0,0,0,0,DRIVEWAY ACCESS RELATED,1150,233
-105.266215,40.02872,Police Collision Report,COLLISION W/ OBJECT - LARGE ROCKS OR BOULDER,2200872,5,2284  EDGEWOOD DR      ,EDGEWOOD DRIVE,CITY ST/CNTY RD,     ,E ,2022/01/27 21:50:00+00,2022/01/27 21:50:00+00,2022,1,January,21,5,27,Thursday,21,Motorway Collision,Dark - Lighted,NONE,Non-Incapacitating Injury,0,0,1,40.02872,-105.266215,1,1,0,0,NON-INTERSECTION,2150,234
-105.288479,40.007262,Police Collision Report,COLLISION W/ OBJECT - LARGE ROCKS OR BOULDER,1905957,1,COLLEGE AVE/JAY ST,COLLEGE AVE,CITY ST/CNTY RD,231,W ,2019/06/01 00:00:00+00,2019/06/01 14:41:00+00,2019,6,June,14,7,1,Saturday,14,Motorway Collision,Daylight,NONE,Property Damage Only,0,0,0,40.007262,-105.288479,0,0,0,0,NON-INTERSECTION,1440,235
-105.258466,40.032557,Police Collision Report,COLLISION W/ OBJECT - LARGE ROCKS OR BOULDER,1909293,1,3185  28TH ST      ,28TH ST,STATE HWY,5,NW,2019/08/17 02:38:00+00,2019/08/17 02:38:00+00,2019,8,August,2,7,17,Saturday,2,Motorway Collision,Dark - Lighted,NONE,Property Damage Only,0,0,0,40.032557,-105.258466,0,0,0,0,INTERSECTION RELATED,240,236
-105.292546,40.023648,Police Collision Report,COLLISION W/ OBJECT - LARGE ROCKS OR BOULDER,1910930,1,330   DEWEY AVE      ,DEWEY,CITY ST/CNTY RD,300,W ,2019/09/14 23:40:59+00,2019/09/14 23:41:00+00,2019,9,September,23,7,14,Saturday,23,Motorway Collision,Dark - Unlighted,NONE,Property Damage Only,0,0,0,40.023648,-105.292546,1,1,0,0,NON-INTERSECTION,2321,237
-105.221871,39.987766,Police Collision Report,COLLISION W/ OBJECT - LARGE ROCKS OR BOULDER,1915062,1,ONTARIO PL/MINEOLA CT,ONTARIO PL,CITY ST/CNTY RD,4,E ,2019/12/28 00:00:00+00,2019/12/28 12:23:00+00,2019,12,December,12,7,28,Saturday,12,Motorway Collision,Daylight,NONE,Property Damage Only,0,0,0,39.987766,-105.221871,0,0,0,0,AT INTERSECTION,1223,238
-105.286303,40.061883,Police Collision Report,COLLISION W/ OBJECT - LARGE ROCKS OR BOULDER,2007505,1,LEE HILL DR/8TH ST,LEE HILL,CITY ST/CNTY RD,77,E ,2020/08/12 00:00:00+00,2020/08/12 00:22:00+00,2020,8,August,0,4,12,Wednesday,0,Motorway Collision,Dark - Unlighted,NONE,Property Damage Only,0,0,0,40.061883,-105.286303,0,0,0,0,NON-INTERSECTION,22,239
-105.276959,40.014464,Police Collision Report,COLLISION W/ OBJECT - LARGE ROCKS OR BOULDER,2010588,1,1331  ARAPAHOE AVE      ,ARAPAHOE AVENUE,CITY ST/CNTY RD,81,W ,2020/11/05 13:38:59+00,2020/11/05 13:39:00+00,2020,11,November,13,5,5,Thursday,13,Motorway Collision,Daylight,NONE,Property Damage Only,0,0,0,40.014464,-105.276959,1,1,0,0,NON-INTERSECTION,1339,240
-105.281039,40.020916,Police Collision Report,COLLISION W/ OBJECT - LARGE ROCKS OR BOULDER,2010234,1,BROADWAY/MAPLETON AVE,MAPLETON AVE,CITY ST/CNTY RD,90,W ,2020/10/25 00:00:00+00,2020/10/25 14:19:00+00,2020,10,October,14,1,25,Sunday,14,Motorway Collision,Daylight,NONE,Property Damage Only,0,0,0,40.020916,-105.281039,0,0,0,0,NON-INTERSECTION,1419,241
-105.288009,40.029243,Police Collision Report,COLLISION W/ OBJECT - LARGE ROCKS OR BOULDER,2100059,1,7TH ST/DELLWOOD AVE,DELLWOOD AVE,CITY ST/CNTY RD,160,E ,2021/01/02 00:00:00+00,2021/01/02 22:45:00+00,2021,1,January,22,7,2,Saturday,22,Motorway Collision,Dark - Unlighted,NONE,Property Damage Only,0,0,0,40.029243,-105.288009,0,0,0,0,DRIVEWAY ACCESS RELATED,2245,242
-105.258282,40.014544,Police Collision Report,COLLISION W/ OBJECT - LARGE ROCKS OR BOULDER,2101164,1,28TH ST/ARAPAHOE AVE,ARAPAHOE AVE.,CITY ST/CNTY RD,564,N ,2021/02/07 00:00:00+00,2021/02/07 19:48:00+00,2021,2,February,19,1,7,Sunday,19,Motorway Collision,Dark - Lighted,NONE,Property Damage Only,0,0,0,40.014544,-105.258282,0,0,0,0,DRIVEWAY ACCESS RELATED,1948,243
-105.239606,40.031921,Police Collision Report,COLLISION W/ OBJECT - LARGE ROCKS OR BOULDER,2109195,1,4896  KINGS RIDGE BLVD      ,MULTI USE PATH,OTHER RDWY,     ,E ,2021/09/27 00:00:00+00,2021/09/27 05:09:00+00,2021,9,September,5,2,27,Monday,5,Motorway Collision,Dark - Unlighted,NONE,Property Damage Only,0,0,0,40.031921,-105.239606,0,0,0,0,SHARE-USE PATH OR TRAIL,509,244
-105.276143,40.000782,Police Collision Report,COLLISION W/ OBJECT - LARGE ROCKS OR BOULDER,2105222,1,740   13TH ST      ,740 13TH STREET,CITY ST/CNTY RD,     ,N ,2021/06/20 01:10:00+00,2021/06/20 01:10:00+00,2021,6,June,1,1,20,Sunday,1,Motorway Collision,Dark - Lighted,NONE,Property Damage Only,0,0,0,40.000782,-105.276143,0,1,0,0,DRIVEWAY ACCESS RELATED,110,245
-105.29297,40.01857,Police Collision Report,COLLISION W/ OBJECT - LARGE ROCKS OR BOULDER,2103123,1,250   GREEN ROCK DR      ,250 GREEN ROCK DR,,     ,  ,2021/04/17 00:00:00+00,2021/04/17 18:29:00+00,2021,4,April,18,7,17,Saturday,18,Motorway Collision,Daylight,NONE,Property Damage Only,0,0,0,40.01857,-105.29297,0,0,0,0,NON-INTERSECTION,1130,246
-105.253588,40.029219,Police Collision Report,COLLISION W/ OBJECT - LARGE ROCKS OR BOULDER,1900888,1,3003  VALMONT RD      ,MOBILE HOME PARK,,400,N ,2019/01/26 00:00:00+00,2019/01/26 21:53:00+00,2019,1,January,21,7,26,Saturday,21,Motorway Collision,Dark - Unlighted,NONE,Property Damage Only,0,0,0,40.029219,-105.253588,0,0,0,0,NON-INTERSECTION,2353,247
-105.281937,40.00004,Police Collision Report,COLLISION W/ OBJECT - LARGE ROCKS OR BOULDER,1810121,1,900   BASELINE RD      ,KINNIKINNICK RD,CITY ST/CNTY RD,     ,  ,2018/08/11 23:07:59+00,2018/08/11 23:08:00+00,2018,8,August,23,7,11,Saturday,23,Motorway Collision,Dark - Lighted,NONE,Property Damage Only,0,0,0,40.00004,-105.281937,1,1,0,0,AT INTERSECTION,2309,248
-105.297905,40.013382,Police Collision Report,COLLISION W/ OBJECT - LARGE ROCKS OR BOULDER,1809661,1,CANYON BLVD/ARAPAHOE AVE,CANYON BLVD,STATE HWY,830,W ,2018/08/03 00:00:00+00,2018/08/03 08:17:00+00,2018,8,August,8,6,3,Friday,8,Motorway Collision,Daylight,NONE,Possible injury,0,0,0,40.013382,-105.297905,0,0,0,0,NON-INTERSECTION,821,249
-105.244302,40.017595,Police Collision Report,COLLISION W/ OBJECT - LARGE ROCKS OR BOULDER,1806932,1,1730  38TH ST      ,1730 38TH ST.,,     ,  ,2018/06/05 00:00:00+00,2018/06/07 11:27:00+00,2018,6,June,11,5,7,Thursday,11,Motorway Collision,Dark - Lighted,NONE,Property Damage Only,0,0,0,40.017595,-105.244302,0,0,0,0,NON-INTERSECTION,300,250
-105.258282,40.014544,Police Collision Report,COLLISION W/ OBJECT - LARGE ROCKS OR BOULDER,1807181,1,28TH ST/ARAPAHOE AVE,28TH ST,STATE HWY,484,N ,2018/06/12 00:00:00+00,2018/06/12 06:01:00+00,2018,6,June,6,3,12,Tuesday,6,Motorway Collision,Dark - Lighted,NONE,Property Damage Only,0,0,0,40.014544,-105.258282,0,0,0,0,DRIVEWAY ACCESS RELATED,530,251
-105.287479,40.015118,Police Collision Report,COLLISION W/ OBJECT - LARGE ROCKS OR BOULDER,1806195,1,600   CANYON BLVD BLK    ,PEARL ST,CITY ST/CNTY RD,50,S ,2018/05/21 03:22:00+00,2018/05/21 03:22:00+00,2018,5,May,3,2,21,Monday,3,Motorway Collision,Dark - Unlighted,NONE,Non-Incapacitating Injury,0,0,1,40.015118,-105.287479,1,1,0,0,NON-INTERSECTION,319,252
-105.239243,39.973918,Police Collision Report,COLLISION W/ OBJECT - LARGE ROCKS OR BOULDER,1804486,1,CHAMBERS DR/S BROADWAY,BROADWAY,STATE HWY,     ,S ,2018/04/14 00:00:00+00,2018/04/14 10:26:00+00,2018,4,April,10,7,14,Saturday,10,Motorway Collision,Dark - Lighted,NONE,Property Damage Only,0,0,0,39.973918,-105.239243,0,0,0,0,NON-INTERSECTION,215,253
-105.250693,39.986135,Police Collision Report,COLLISION W/ OBJECT - LARGE ROCKS OR BOULDER,1804328,2,555   HARVARD LN      ,PRIVATE,,     ,  ,2018/04/11 00:00:00+00,2018/04/11 12:41:00+00,2018,4,April,12,4,11,Wednesday,12,Motorway Collision,Daylight,NONE,Possible injury,0,0,0,39.986135,-105.250693,0,0,0,0,INTERSECTION RELATED,1241,254
-105.272757,40.043708,Police Collision Report,COLLISION W/ OBJECT - LARGE ROCKS OR BOULDER,1803082,1,NORWOOD AVE/19TH ST,NORWOOD AVE,CITY ST/CNTY RD,540,E ,2018/03/15 00:00:00+00,2018/03/15 06:52:00+00,2018,3,March,6,5,15,Thursday,6,Motorway Collision,Dark - Unlighted,NONE,Property Damage Only,0,0,0,40.043708,-105.272757,0,0,0,0,NON-INTERSECTION,400,255
-105.206949,40.067233,Police Collision Report,COLLISION W/ OBJECT - RAILROAD CROSSING EQUIP,2003500,1,63RD ST/SPINE RD,63RD STREET,CITY ST/CNTY RD,     ,  ,2020/04/08 00:00:00+00,2020/04/08 21:46:00+00,2020,4,April,21,4,8,Wednesday,21,Motorway Collision,Dark - Lighted,NONE,Property Damage Only,0,0,0,40.067233,-105.206949,0,0,0,0,INTERSECTION RELATED,2145,256
-105.283558,40.016045,Police Collision Report,COLLISION W/ OBJECT - BARRICADE,2100439,1,900   WALNUT ST      ,900 WALNUT STREET,,     ,  ,2021/01/15 00:00:00+00,2021/01/15 12:24:00+00,2021,1,January,12,6,15,Friday,12,Motorway Collision,Dark - Lighted,NONE,Property Damage Only,0,0,0,40.016045,-105.283558,0,0,0,0,PARKING LOT,1224,257
-105.283558,40.016045,Police Collision Report,COLLISION W/ OBJECT - BARRICADE,2100699,1,900   WALNUT ST      ,900 WALNUT STREET,,     ,  ,2021/01/22 00:00:00+00,2021/01/22 00:00:00+00,2021,1,January,0,6,22,Friday,0,Motorway Collision,Dark - Lighted,NONE,Property Damage Only,0,0,0,40.016045,-105.283558,0,0,0,0,PARKING LOT,1700,258
-105.261328,40.008161,Police Collision Report,COLLISION W/ OBJECT - BARRICADE,2010201,1,REGENT DR/COLORADO AVE,REGENT DRIVE,CITY ST/CNTY RD,     ,  ,2020/10/24 00:00:00+00,2020/10/24 13:07:00+00,2020,10,October,13,7,24,Saturday,13,Motorway Collision,Daylight,NONE,Possible injury,0,0,0,40.008161,-105.261328,0,0,0,0,AT INTERSECTION,1307,259
-105.258317,40.014664,Police Collision Report,COLLISION W/ OBJECT - BARRICADE,2103334,1,ARAPAHOE AVE/28TH ST,ARAPAHOE,STATE HWY,     ,  ,2021/04/25 00:00:00+00,2021/04/25 12:07:00+00,2021,4,April,12,1,25,Sunday,12,Motorway Collision,Daylight,NONE,Property Damage Only,0,0,0,40.014664,-105.258317,0,0,0,0,AT INTERSECTION,1202,260
-105.244901,40.029254,Police Collision Report,COLLISION W/ OBJECT - BARRICADE,2101609,1,VALMONT RD/FOOTHILLS PKWY,VALMONT RD,CITY ST/CNTY RD,45,W ,2021/02/24 00:00:00+00,2021/02/24 09:28:00+00,2021,2,February,9,4,24,Wednesday,9,Motorway Collision,Daylight,NONE,Non-Incapacitating Injury,0,0,1,40.029254,-105.244901,0,0,0,0,AT INTERSECTION,928,261
-105.26379,40.000067,Police Collision Report,COLLISION W/ OBJECT - BARRICADE,2105447,1,BROADWAY/BASELINE RD,BROADWAY,STATE HWY,     ,  ,2021/06/26 00:00:00+00,2021/06/26 21:20:00+00,2021,6,June,21,7,26,Saturday,21,Motorway Collision,Dark - Lighted,NONE,Possible injury,0,0,0,40.000067,-105.26379,0,0,0,0,INTERSECTION RELATED,2120,262
-105.253634,40.014706,Police Collision Report,COLLISION W/ OBJECT - BARRICADE,2103971,1,30TH ST/ARAPAHOE AVE,ARAPAHOE AVENUE,STATE HWY,     ,  ,2021/05/14 00:00:00+00,2021/05/14 07:12:00+00,2021,5,May,7,6,14,Friday,7,Motorway Collision,Daylight,NONE,Property Damage Only,0,0,0,40.014706,-105.253634,0,0,0,0,AT INTERSECTION,712,263
-105.282092,40.058215,Police Collision Report,COLLISION W/ OBJECT - BARRICADE,2105710,1,BROADWAY/YARMOUTH AVE,BROADWAY,CITY ST/CNTY RD,     ,N ,2021/07/04 00:00:00+00,2021/07/04 16:05:00+00,2021,7,July,16,1,4,Sunday,16,Motorway Collision,Daylight,NONE,Property Damage Only,0,0,0,40.058215,-105.282092,0,0,0,0,NON-INTERSECTION,1033,264
-105.236099,39.985861,Police Collision Report,COLLISION W/ OBJECT - TREE,2101429,1,TABLE MESA DR/SOUTH LOOP DR,TABLE MESA DR,CITY ST/CNTY RD,183,E ,2021/02/18 00:00:00+00,2021/02/18 07:47:00+00,2021,2,February,7,5,18,Thursday,7,Motorway Collision,Daylight,NONE,Property Damage Only,0,0,0,39.985861,-105.236099,0,0,0,0,NON-INTERSECTION,747,265
-105.291596,40.012874,Police Collision Report,COLLISION W/ OBJECT - FENCE,2104888,1,ARAPAHOE AVE/4TH ST,ARAPAHOE AVE,CITY ST/CNTY RD,     ,W ,2021/05/21 00:00:00+00,2021/06/10 11:40:00+00,2021,6,June,11,5,10,Thursday,11,Motorway Collision,Daylight,NONE,Property Damage Only,0,0,0,40.012874,-105.291596,0,0,0,0,DRIVEWAY ACCESS RELATED,624,266
-105.258501,40.038907,Police Collision Report,COLLISION W/ OBJECT - TREE,2102987,1,28TH ST/KALMIA CT,28TH ST,STATE HWY,     ,N ,2021/04/12 00:00:00+00,2021/04/12 13:05:00+00,2021,4,April,13,2,12,Monday,13,Motorway Collision,Daylight,NONE,Property Damage Only,0,0,0,40.038907,-105.258501,0,0,0,0,NON-INTERSECTION,1305,267
-105.279682,40.00007,Police Collision Report,COLLISION W/ OBJECT - TREE,2103192,1,10TH ST/BASELINE RD,BASELINE,CITY ST/CNTY RD,     ,E ,2021/04/20 00:00:00+00,2021/04/20 09:00:00+00,2021,4,April,9,3,20,Tuesday,9,Motorway Collision,Daylight,NONE,Possible injury,0,0,0,40.00007,-105.279682,0,0,0,0,NON-INTERSECTION,900,268
-105.278257,40.012875,Police Collision Report,COLLISION W/ OBJECT - TREE,2101646,1,BROADWAY/MARINE ST,BROADWAY,STATE HWY,180,S ,2021/02/25 00:00:00+00,2021/02/25 11:11:00+00,2021,2,February,11,5,25,Thursday,11,Motorway Collision,Daylight,NONE,Property Damage Only,0,0,0,40.012875,-105.278257,0,0,0,0,NON-INTERSECTION,1111,269
-105.283202,40.015101,Police Collision Report,COLLISION W/ OBJECT - TREE,1804801,1,9TH ST/CANYON BLVD,CANYON BOULEVARD,STATE HWY,300,W ,2018/04/21 00:00:00+00,2018/04/21 14:15:00+00,2018,4,April,14,7,21,Saturday,14,Motorway Collision,Daylight,NONE,Property Damage Only,0,0,0,40.015101,-105.283202,0,0,0,0,NON-INTERSECTION,1415,270
-105.248215,39.986212,Police Collision Report,COLLISION W/ OBJECT - TREE,1713702,1,465   S 39TH STS      ,465 S. 39TH ST,CITY ST/CNTY RD,     ,  ,2017/10/15 00:00:00+00,2017/10/17 00:00:00+00,2017,10,October,0,3,17,Tuesday,0,Motorway Collision,Dark - Lighted,NONE,Property Damage Only,0,0,0,39.986212,-105.248215,0,0,0,0,INTERSECTION RELATED,1900,271
-105.238653,40.003129,Police Collision Report,COLLISION W/ OBJECT - TREE,1714483,2,MOHAWK DR/INCA PKWY,800 MOHAWK,,     ,  ,2017/11/02 00:00:00+00,2017/11/02 20:29:00+00,2017,11,November,20,5,2,Thursday,20,Motorway Collision,Dark - Lighted,NONE,Property Damage Only,0,0,0,40.003129,-105.238653,0,0,0,0,AT INTERSECTION,2029,272
-105.20128,40.069964,Police Collision Report,COLLISION W/ OBJECT - TREE,1713205,2,6525  GUNPARK DR 380    ,6525 GUNPARK DR,,     ,  ,2017/10/06 23:48:59+00,2017/10/06 23:49:00+00,2017,10,October,23,6,6,Friday,23,Motorway Collision,Dark - Lighted,NONE,Property Damage Only,0,0,0,40.069964,-105.20128,1,1,0,0,PARKING LOT,2257,273
-105.227809,40.024995,Police Collision Report,COLLISION W/ OBJECT - TREE,1711305,1,5397  BOULDER CREEK PATH      ,5397 S BOULDER RD,,     ,  ,2017/08/30 13:26:00+00,2017/08/30 13:26:00+00,2017,8,August,13,4,30,Wednesday,13,Motorway Collision,Daylight,NONE,Property Damage Only,0,0,0,40.024995,-105.227809,0,0,0,0,PARKING LOT,1326,274
-105.26626,40.021759,Police Collision Report,COLLISION W/ OBJECT - TREE,1711713,1,2270  SPRUCE ST      ,2270 SPRUCE ST,,     ,  ,2017/09/06 00:00:00+00,2017/09/06 08:02:00+00,2017,9,September,8,4,6,Wednesday,8,Motorway Collision,Daylight,NONE,Property Damage Only,0,0,0,40.021759,-105.26626,0,0,0,0,PARKING LOT,830,275
-105.24125,39.998295,Police Collision Report,COLLISION W/ OBJECT - TREE,1900072,1,INCA PKWY/PINON DR,INCA PKWY,CITY ST/CNTY RD,60,N ,2019/01/03 00:00:00+00,2019/01/03 09:59:00+00,2019,1,January,9,5,3,Thursday,9,Motorway Collision,Daylight,NONE,Possible injury,0,0,0,39.998295,-105.24125,0,0,0,0,NON-INTERSECTION,959,276
-105.22133,40.023053,Police Collision Report,COLLISION W/ OBJECT - TREE,1900732,1,FLATIRON PKWY/CENTRAL AVE,FLATIRON PKWY,CITY ST/CNTY RD,60,E ,2019/01/22 00:00:00+00,2019/01/22 12:18:00+00,2019,1,January,12,3,22,Tuesday,12,Motorway Collision,Daylight,NONE,Property Damage Only,0,0,0,40.023053,-105.22133,0,0,0,0,NON-INTERSECTION,1219,277
-105.259561,39.994667,Police Collision Report,COLLISION W/ OBJECT - TREE,1900803,1,LASHLEY LN/28TH ST,LASHLEY LN,CITY ST/CNTY RD,10,S ,2019/01/24 00:00:00+00,2019/01/24 16:42:00+00,2019,1,January,16,5,24,Thursday,16,Motorway Collision,Daylight,NONE,Property Damage Only,0,0,0,39.994667,-105.259561,0,0,0,0,NON-INTERSECTION,1642,278
-105.262312,40.000138,Police Collision Report,COLLISION W/ OBJECT - FENCE,2102846,1,2420  BASELINE RD      ,2420 BASELINE ROAD,,     ,  ,2021/04/06 00:00:00+00,2021/04/06 00:00:00+00,2021,4,April,0,3,6,Tuesday,0,Motorway Collision,Dark - Lighted,NONE,Property Damage Only,0,0,0,40.000138,-105.262312,0,0,0,0,PARKING LOT,2000,279