X,Y,ReportType,PrmaryCollsionType,CaseNumber,UnitsInvolved,Location,OnHighway,CrossStreet,FeetFromIntersection,DirectionFromIntersection,CollisionDate,ReportedDate,ReportedYear,ReportedMonth,ReportedMonthName,ReportedWeek,ReportedDayofWeekNum,ReportedDayofMonth,ReportedDayofWeek,ReportedHour,HitAndRunStatus,LightingCondition,WeatherCondition,Severity,NumKilled,NumSeriouslyInjured,NumInjuredOrKilled,Lat,Lon,DUI,AlcoholDrugSuspected,BicyclesInvolved,PedestriansInvolved,RoadDescription,Crash_Time,ESRI_OID
-105.280091,40.011456,Police Collision Report,COLLISION W/ OTHER VEH - PARKED MV,2273162,2,1010  GRANDVIEW AVE      ,1012 GRANDVIEW AVE,,     ,  ,2022/10/31 08:00:00+00,2022/10/31 15:09:09+00,2022,10,October,15,2,31,Monday,15,Motorway Collision,Daylight,NONE,Property Damage Only,0,0,0,40.011456,-105.280091,0,0,0,0,PARKING LOT,800,542
-105.249911,39.985461,Police Collision Report,COLLISION W/ OTHER VEH - PARKED MV,2211092,2,3698  TABLE MESA DR/S BROADWAYS      ,MOORHEAD AVE,CITY ST/CNTY RD,     ,N ,2022/11/05 18:54:00+00,2022/11/05 18:55:00+00,2022,11,November,18,7,5,Saturday,18,Motorway Collision,Dark - Lighted,NONE,Property Damage Only,0,0,0,39.985461,-105.249911,1,1,0,0,NON-INTERSECTION,1851,543
-105.235537,40.014836,Police Collision Report,COLLISION W/ OTHER VEH - PARKED MV,2210753,2,4743  ARAPAHOE AVE      ,4743 ARAPAHOE AVE,,     ,  ,2022/10/26 00:00:00+00,2022/10/26 11:39:00+00,2022,10,October,11,4,26,Wednesday,11,Motorway Collision,Daylight,NONE,Property Damage Only,0,0,0,40.014836,-105.235537,0,0,0,0,PARKING LOT,1100,544
-105.244234,40.042815,Police Collision Report,COLLISION W/ OTHER VEH - PARKED MV,2210872,2,3805  47TH ST      ,3805 47TH STREET,,     ,  ,2022/10/29 00:00:00+00,2022/10/29 15:08:00+00,2022,10,October,15,7,29,Saturday,15,Motorway Collision,Daylight,NONE,Property Damage Only,0,0,0,40.042815,-105.244234,0,0,0,0,PARKING LOT,1425,545
-105.280793,40.016096,Police Collision Report,COLLISION W/ OTHER VEH - BICYCLE,2209862,2,1849  11TH ST/CANYON | WALNUT ALLEY      ,CANYON BLVD,STATE HWY,     ,W ,2022/10/01 11:00:00+00,2022/10/01 15:41:00+00,2022,10,October,15,7,1,Saturday,15,Motorway Collision,Daylight,NONE,Property Damage Only,0,0,0,40.016096,-105.280793,0,1,1,0,MID-BLOCK CROSSWALK,1100,546
-105.277318,40.014367,Police Collision Report,COLLISION W/ OTHER VEH - BICYCLE,2209560,2,13TH ST/ARAPAHOE AVE,13TH ST,CITY ST/CNTY RD,     ,N ,2022/09/23 00:00:00+00,2022/09/23 09:10:00+00,2022,9,September,9,6,23,Friday,9,Motorway Collision,Daylight,NONE,Non-Incapacitating Injury,0,0,1,40.014367,-105.277318,0,0,1,0,NON-INTERSECTION,910,547
-105.258282,40.014544,Police Collision Report,COLLISION W/ OTHER VEH - BICYCLE,2201984,2,28TH ST/ARAPAHOE AVE,28TH STREET,OTHER RDWY,     ,N ,2022/03/02 00:00:00+00,2022/03/02 12:39:00+00,2022,3,March,12,4,2,Wednesday,12,Motorway Collision,Daylight,NONE,Possible injury,0,0,0,40.014544,-105.258282,0,0,1,0,SHARE-USE PATH OR TRAIL,1210,548
-105.267753,40.003418,Police Collision Report,COLLISION W/ OTHER VEH - BICYCLE,2202296,2,BROADWAY/REGENT DR,REGENT DR,CITY ST/CNTY RD,     ,N ,2022/03/12 00:00:00+00,2022/03/12 10:53:00+00,2022,3,March,10,7,12,Saturday,10,Motorway Collision,Dark - Lighted,NONE,Non-Incapacitating Injury,0,0,1,40.003418,-105.267753,0,0,1,0,INTERSECTION RELATED,251,549
-105.280971,40.016592,Police Collision Report,COLLISION W/ OTHER VEH - PARKED MV,2211695,2,11TH ST/WALNUT ST,WALNUT ST,CITY ST/CNTY RD,     ,W ,2022/11/25 00:00:00+00,2022/11/25 18:11:00+00,2022,11,November,18,6,25,Friday,18,Motorway Collision,Dark - Lighted,NONE,Property Damage Only,0,0,0,40.016592,-105.280971,0,0,0,0,NON-INTERSECTION,1811,550
-105.279816,40.017412,Police Collision Report,COLLISION W/ OTHER VEH - PARKED MV,2211683,2,LAWRY LN/BROADWAY,LOWRY LN,CITY ST/CNTY RD,     ,W ,2022/11/25 00:00:00+00,2022/11/25 11:06:00+00,2022,11,November,11,6,25,Friday,11,Motorway Collision,Daylight,NONE,Property Damage Only,0,0,0,40.017412,-105.279816,0,0,0,0,ALLEY RELATED,1106,551
-105.263158,40.021342,Police Collision Report,COLLISION W/ OTHER VEH - BICYCLE,2203758,2,FOLSOM ST/PEARL ST,FOLSOM STREET,CITY ST/CNTY RD,     ,  ,2022/04/23 00:00:00+00,2022/04/23 15:59:00+00,2022,4,April,15,7,23,Saturday,15,Motorway Collision,Daylight,NONE,Non-Incapacitating Injury,0,0,1,40.021342,-105.263158,0,0,1,0,AT INTERSECTION,1540,552
-105.253138,40.005943,Police Collision Report,COLLISION W/ OTHER VEH - BICYCLE,2203500,2,30TH ST/MADISON AVE,30TH ST,CITY ST/CNTY RD,     ,  ,2022/04/16 00:00:00+00,2022/04/16 00:13:00+00,2022,4,April,0,7,16,Saturday,0,Motorway Collision,Dark - Lighted,NONE,Incapacitating Injury,0,1,1,40.005943,-105.253138,0,0,1,0,AT INTERSECTION,13,553
-105.26325,40.037355,Police Collision Report,COLLISION W/ OTHER VEH - BICYCLE,2111690,2,N 26TH ST/JUNIPER AVE,N 26TH ST,,     ,  ,2021/12/07 00:00:00+00,2021/12/07 17:03:00+00,2021,12,December,17,3,7,Tuesday,17,Motorway Collision,Dark - Lighted,NONE,Non-Incapacitating Injury,0,0,1,40.037355,-105.26325,0,0,1,0,AT INTERSECTION,1703,554
-105.271632,40.017339,Police Collision Report,COLLISION W/ OTHER VEH - BICYCLE,2111648,2,CANYON BLVD/18TH ST,CANYON BLVD,STATE HWY,     ,W ,2021/12/06 00:00:00+00,2021/12/06 00:00:00+00,2021,12,December,0,2,6,Monday,0,Motorway Collision,Daylight,NONE,Incapacitating Injury,0,1,1,40.017339,-105.271632,0,0,1,0,NON-INTERSECTION,1409,555
-105.255884,40.022827,Police Collision Report,COLLISION W/ OTHER VEH - BICYCLE,2111535,2,2905  PEARL ST      ,2905 PEARL ST,,     ,  ,2021/12/03 00:00:00+00,2021/12/03 08:41:00+00,2021,12,December,8,6,3,Friday,8,Motorway Collision,,NONE,Property Damage Only,0,0,0,40.022827,-105.255884,0,0,1,0,PARKING LOT,840,556
-105.242465,40.022798,Police Collision Report,COLLISION W/ OTHER VEH - BICYCLE,2111365,2,47TH ST/PEARL PKWY,PEARL PKWY,CITY ST/CNTY RD,     ,  ,2021/11/29 00:00:00+00,2021/11/29 10:48:00+00,2021,11,November,10,2,29,Monday,10,Motorway Collision,Daylight,NONE,Possible injury,0,0,0,40.022798,-105.242465,0,0,1,0,DRIVEWAY ACCESS RELATED,1050,557
-105.255001,39.981567,Police Collision Report,COLLISION W/ OTHER VEH - BICYCLE,2111417,2,TABLE MESA DR/YALE RD,TABLE MESA,CITY ST/CNTY RD,     ,  ,2021/11/30 00:00:00+00,2021/11/30 11:15:00+00,2021,11,November,11,3,30,Tuesday,11,Motorway Collision,Daylight,NONE,Non-Incapacitating Injury,0,0,1,39.981567,-105.255001,0,0,1,0,AT INTERSECTION,1115,558
-105.253685,40.036484,Police Collision Report,COLLISION W/ OTHER VEH - BICYCLE,2111507,2,IRIS AVE/30TH ST,30TH ST,CITY ST/CNTY RD,     ,S ,2021/12/02 00:00:00+00,2021/12/02 11:59:00+00,2021,12,December,11,5,2,Thursday,11,Motorway Collision,Daylight,NONE,Possible injury,0,0,0,40.036484,-105.253685,0,0,1,0,DRIVEWAY ACCESS RELATED,1450,559
-105.261628,40.014585,Police Collision Report,COLLISION W/ OTHER VEH - BICYCLE,2110319,2,2525  ARAPAHOE AVE      ,2525 ARAPAHOE AVENUE,,     ,  ,2021/10/28 00:00:00+00,2021/10/28 08:29:00+00,2021,10,October,8,5,28,Thursday,8,Motorway Collision,Daylight,NONE,Property Damage Only,0,0,0,40.014585,-105.261628,0,0,1,0,PARKING LOT,828,560
-105.258492,40.017345,Police Collision Report,COLLISION W/ OTHER VEH - BICYCLE,2110263,2,28TH ST/CANYON BLVD,CANYON BLVD,CITY ST/CNTY RD,     ,E ,2021/10/25 00:00:00+00,2021/10/25 00:00:00+00,2021,10,October,0,2,25,Monday,0,Motorway Collision,Daylight,NONE,Property Damage Only,0,0,0,40.017345,-105.258492,0,1,1,0,AT INTERSECTION,1758,561
-105.253105,40.005199,Police Collision Report,COLLISION W/ OTHER VEH - BICYCLE,2110149,2,E EUCLID AVE/30TH ST,E. EUCLID AVE,CITY ST/CNTY RD,     ,  ,2021/10/22 00:00:00+00,2021/10/22 19:12:00+00,2021,10,October,19,6,22,Friday,19,Motorway Collision,Dark - Unlighted,NONE,Property Damage Only,0,0,0,40.005199,-105.253105,0,0,1,0,AT INTERSECTION,1920,562
-105.28561,40.032894,Police Collision Report,COLLISION W/ OTHER VEH - BICYCLE,2110440,2,FOREST AVE/9TH ST,FOREST AVE,CITY ST/CNTY RD,     ,  ,2021/10/31 00:00:00+00,2021/10/31 09:46:00+00,2021,10,October,9,1,31,Sunday,9,Motorway Collision,Daylight,NONE,Property Damage Only,0,0,0,40.032894,-105.28561,0,0,1,0,AT INTERSECTION,946,563
-105.254621,40.000092,Police Collision Report,COLLISION W/ OTHER VEH - BICYCLE,2110621,2,BASELINE RD/CANYON CREEK RD,BASELINE ROAD,CITY ST/CNTY RD,     ,E ,2021/11/05 00:00:00+00,2021/11/05 13:15:00+00,2021,11,November,13,6,5,Friday,13,Motorway Collision,Daylight,NONE,Non-Incapacitating Injury,0,0,1,40.000092,-105.254621,0,0,1,0,DRIVEWAY ACCESS RELATED,1315,564
-105.240225,40.000012,Police Collision Report,COLLISION W/ OTHER VEH - BICYCLE,2110629,2,BASELINE RD/INCA PKWY,INCA PKWY,CITY ST/CNTY RD,     ,  ,2021/11/05 00:00:00+00,2021/11/05 16:29:00+00,2021,11,November,16,6,5,Friday,16,Motorway Collision,Daylight,NONE,Property Damage Only,0,0,0,40.000012,-105.240225,0,0,1,0,AT INTERSECTION,1429,565
-105.234743,39.986514,Police Collision Report,COLLISION W/ OTHER VEH - BICYCLE,2110630,2,US HIGHWAY 36/TABLE MESA DR,TABLE MESA,CITY ST/CNTY RD,     ,E ,2021/11/05 00:00:00+00,2021/11/05 00:00:00+00,2021,11,November,0,6,5,Friday,0,Motorway Collision,Daylight,NONE,Non-Incapacitating Injury,0,0,1,39.986514,-105.234743,0,0,1,0,RAMP,1655,566
-105.258272,40.017365,Police Collision Report,COLLISION W/ OTHER VEH - BICYCLE,2110600,2,CANYON BLVD/28TH ST,CANYON BLVD,STATE HWY,     ,  ,2021/11/05 00:00:00+00,2021/11/05 00:38:00+00,2021,11,November,0,6,5,Friday,0,Motorway Collision,Dark - Lighted,NONE,Non-Incapacitating Injury,0,0,1,40.017365,-105.258272,0,0,1,0,CROSSOVER-RELATED,38,567
-105.180791,40.071419,Police Collision Report,COLLISION W/ OTHER VEH - BICYCLE,2110558,2,AUGUSTA DR/DORAL DR,AGUSTA DR,CITY ST/CNTY RD,     ,S ,2021/11/03 00:00:00+00,2021/11/16 00:00:00+00,2021,11,November,0,3,16,Tuesday,0,Motorway Collision,Daylight,NONE,Non-Incapacitating Injury,0,0,1,40.071419,-105.180791,0,0,1,0,AT INTERSECTION,1502,568
-105.28209,40.030076,Police Collision Report,COLLISION W/ OTHER VEH - BICYCLE,2111952,2,ELDER AVE/BROADWAY,ELDER AVE,CITY ST/CNTY RD,     ,E ,2021/12/14 00:00:00+00,2021/12/14 21:29:00+00,2021,12,December,21,3,14,Tuesday,21,Motorway Collision,Dark - Lighted,NONE,Possible injury,0,0,0,40.030076,-105.28209,0,0,1,0,AT INTERSECTION,1830,569
-105.258456,40.036493,Police Collision Report,COLLISION W/ OTHER VEH - BICYCLE,2200519,2,IRIS AVE/28TH ST,IRIS AVE,CITY ST/CNTY RD,     ,W ,2022/01/18 00:00:00+00,2022/01/18 17:25:00+00,2022,1,January,17,3,18,Tuesday,17,Motorway Collision,Dawn or Dusk,NONE,Non-Incapacitating Injury,0,0,1,40.036493,-105.258456,0,0,1,0,DRIVEWAY ACCESS RELATED,1725,570
-105.258484,40.040133,Police Collision Report,COLLISION W/ OTHER VEH - BICYCLE,2204686,2,KALMIA AVE/28TH ST,28TH ST,STATE HWY,     ,  ,2022/05/18 00:00:00+00,2022/05/18 13:48:00+00,2022,5,May,13,4,18,Wednesday,13,Motorway Collision,Daylight,NONE,Possible injury,0,0,0,40.040133,-105.258484,0,0,1,0,AT INTERSECTION,1347,571
-105.256426,40.020761,Police Collision Report,COLLISION W/ OTHER VEH - BICYCLE,2204670,2,WALNUT ST/29TH ST,WALNUT ST,,     ,  ,2022/05/18 00:00:00+00,2022/05/18 10:24:00+00,2022,5,May,10,4,18,Wednesday,10,Motorway Collision,Daylight,NONE,Non-Incapacitating Injury,0,0,1,40.020761,-105.256426,0,0,1,0,AT INTERSECTION,1024,572
-105.263243,40.033153,Police Collision Report,COLLISION W/ OTHER VEH - BICYCLE,2204374,2,FOLSOM ST/GLENWOOD DR,FOLSOM ST ST,CITY ST/CNTY RD,     ,S ,2022/05/09 00:00:00+00,2022/05/09 00:00:00+00,2022,5,May,0,2,9,Monday,0,Motorway Collision,Daylight,NONE,Non-Incapacitating Injury,0,0,1,40.033153,-105.263243,0,0,1,0,NON-INTERSECTION,1200,573
-105.265914,40.021857,Police Collision Report,COLLISION W/ OTHER VEH - BICYCLE,2203962,2,23RD ST/SPRUCE ST,23RD ST,CITY ST/CNTY RD,     ,S ,2022/04/28 00:00:00+00,2022/04/28 15:11:00+00,2022,4,April,15,5,28,Thursday,15,Motorway Collision,Daylight,NONE,Non-Incapacitating Injury,0,0,1,40.021857,-105.265914,0,0,1,0,ROUNDABOUT,1500,574
-105.249378,40.029199,Police Collision Report,COLLISION W/ OTHER VEH - BICYCLE,2204025,2,34TH ST/VALMONT RD,34TH STREET,CITY ST/CNTY RD,     ,N ,2022/04/30 00:00:00+00,2022/04/30 12:32:00+00,2022,4,April,12,7,30,Saturday,12,Motorway Collision,Daylight,NONE,Non-Incapacitating Injury,0,0,1,40.029199,-105.249378,0,0,1,0,DRIVEWAY ACCESS RELATED,1218,575
-105.278697,40.014093,Police Collision Report,COLLISION W/ OTHER VEH - BICYCLE,2205408,2,BROADWAY/ARAPAHOE AVE,BROADWAY,STATE HWY,     ,  ,2022/06/08 00:00:00+00,2022/06/08 08:53:00+00,2022,6,June,8,4,8,Wednesday,8,Motorway Collision,Daylight,NONE,Non-Incapacitating Injury,0,0,1,40.014093,-105.278697,0,0,1,0,AT INTERSECTION,853,576
-105.235926,40.014694,Police Collision Report,COLLISION W/ OTHER VEH - BICYCLE,2205488,2,4715  ARAPAHOE AVE      ,4715 ARAPAHOE AVE,,     ,  ,2022/06/10 00:00:00+00,2022/06/10 11:05:00+00,2022,6,June,11,6,10,Friday,11,Motorway Collision,Daylight,NONE,Possible injury,0,0,0,40.014694,-105.235926,0,0,1,0,DRIVEWAY ACCESS RELATED,1105,577
-105.234584,39.986627,Police Collision Report,COLLISION W/ OTHER VEH - BICYCLE,2205589,2,TABLE MESA DR/US HIGHWAY 36,TABLE MESA,STATE HWY,     ,E ,2022/06/13 00:00:00+00,2022/06/13 12:23:00+00,2022,6,June,12,2,13,Monday,12,Motorway Collision,Daylight,NONE,Possible injury,0,0,0,39.986627,-105.234584,0,0,1,0,RAMP-RELATED,1220,578
-105.238431,40.021973,Police Collision Report,COLLISION W/ OTHER VEH - BICYCLE,2205631,2,PEARL EAST CIR/PEARL PKWY,PEARL E. CIRCLE,CITY ST/CNTY RD,     ,  ,2022/06/14 00:00:00+00,2022/06/14 17:24:00+00,2022,6,June,17,3,14,Tuesday,17,Motorway Collision,Daylight,NONE,Possible injury,0,0,0,40.021973,-105.238431,0,0,1,0,AT INTERSECTION,1724,579
-105.269267,40.019011,Police Collision Report,COLLISION W/ OTHER VEH - BICYCLE,2205625,2,20TH ST/WALNUT ST,20TH ST,CITY ST/CNTY RD,     ,N ,2022/06/14 00:00:00+00,2022/06/14 14:04:00+00,2022,6,June,14,3,14,Tuesday,14,Motorway Collision,Daylight,NONE,Property Damage Only,0,0,0,40.019011,-105.269267,0,0,1,0,AT INTERSECTION,1404,580
-105.258317,40.014664,Police Collision Report,COLLISION W/ OTHER VEH - BICYCLE,2201211,2,ARAPAHOE AVE/28TH ST,ARAPAHOE AVE,STATE HWY,     ,W ,2022/02/07 00:00:00+00,2022/02/07 20:32:00+00,2022,2,February,20,2,7,Monday,20,Motorway Collision,Dark - Lighted,NONE,Possible injury,0,0,0,40.014664,-105.258317,0,0,1,0,DRIVEWAY ACCESS RELATED,2030,581
-105.241711,39.985827,Police Collision Report,COLLISION W/ OTHER VEH - BICYCLE,1716509,2,S 46TH ST/TABLE MESA DR,TABLE MESA DRIVE,CITY ST/CNTY RD,     ,  ,2017/12/19 00:00:00+00,2017/12/19 08:44:00+00,2017,12,December,8,3,19,Tuesday,8,Motorway Collision,Daylight,NONE,Incapacitating Injury,0,1,1,39.985827,-105.241711,0,0,1,0,AT INTERSECTION,844,582
-105.263012,40.017354,Police Collision Report,COLLISION W/ OTHER VEH - BICYCLE,1716465,2,FOLSOM ST/CANYON BLVD,FOLSOM ST,CITY ST/CNTY RD,     ,  ,2017/12/18 09:36:00+00,2017/12/18 09:36:00+00,2017,12,December,9,2,18,Monday,9,Motorway Collision,Daylight,NONE,Incapacitating Injury,0,1,1,40.017354,-105.263012,0,0,1,0,AT INTERSECTION,936,583
-105.258484,40.023416,Police Collision Report,COLLISION W/ OTHER VEH - BICYCLE,1716031,2,28TH ST/SPRUCE ST,SPRUCE STREET,CITY ST/CNTY RD,     ,  ,2017/12/07 00:00:00+00,2017/12/07 15:15:00+00,2017,12,December,15,5,7,Thursday,15,Motorway Collision,Dawn or Dusk,NONE,Possible injury,0,0,0,40.023416,-105.258484,0,0,1,0,AT INTERSECTION,1515,584
-105.260114,39.978103,Police Collision Report,COLLISION W/ OTHER VEH - BICYCLE,1716047,2,BEAR MOUNTAIN DR/LEHIGH ST,LEHIGH STREET,CITY ST/CNTY RD,     ,  ,2017/12/08 00:00:00+00,2017/12/08 07:43:00+00,2017,12,December,7,6,8,Friday,7,Motorway Collision,Daylight,NONE,Possible injury,0,0,0,39.978103,-105.260114,0,0,1,0,AT INTERSECTION,1415,585
-105.26379,40.000067,Police Collision Report,COLLISION W/ OTHER VEH - BICYCLE,1716284,2,BROADWAY/BASELINE RD,BROADWAY BLVD,CITY ST/CNTY RD,     ,  ,2017/12/13 00:00:00+00,2017/12/13 20:01:00+00,2017,12,December,20,4,13,Wednesday,20,Motorway Collision,Dark - Lighted,NONE,Property Damage Only,0,0,0,40.000067,-105.26379,0,0,1,0,AT INTERSECTION,1930,586
-105.20217,40.072844,Police Collision Report,COLLISION W/ OTHER VEH - BICYCLE,1800293,2,LOOKOUT RD/SPINE RD,LOOKOUT RD,CITY ST/CNTY RD,230,E ,2018/01/09 14:54:59+00,2018/01/09 14:55:00+00,2018,1,January,14,3,9,Tuesday,14,Motorway Collision,Daylight,NONE,Incapacitating Injury,0,1,1,40.072844,-105.20217,0,0,1,0,DRIVEWAY ACCESS RELATED,1456,587
-105.253634,40.014706,Police Collision Report,COLLISION W/ OTHER VEH - BICYCLE,1800063,2,30TH ST/ARAPAHOE AVE,ARAPAHOE AVE,CITY ST/CNTY RD,     ,  ,2018/01/02 00:00:00+00,2018/01/02 20:35:00+00,2018,1,January,20,3,2,Tuesday,20,Motorway Collision,Dark - Lighted,NONE,Possible injury,0,0,0,40.014706,-105.253634,0,0,1,0,INTERSECTION RELATED,2005,588
-105.227634,40.029229,Police Collision Report,COLLISION W/ OTHER VEH - BICYCLE,1801996,2,STERLING DR/VALMONT RD,VALMONT RD,CITY ST/CNTY RD,     ,  ,2018/02/18 00:00:00+00,2018/02/18 13:00:00+00,2018,2,February,13,1,18,Sunday,13,Motorway Collision,Daylight,NONE,Non-Incapacitating Injury,0,0,1,40.029229,-105.227634,0,0,1,0,AT INTERSECTION,1300,589
-105.246474,40.000091,Police Collision Report,COLLISION W/ OTHER VEH - BICYCLE,1801591,2,37TH ST/BASELINE RD,BASELINE FRONTAGE RD,CITY ST/CNTY RD,35,E ,2018/02/09 00:00:00+00,2018/02/09 12:58:00+00,2018,2,February,12,6,9,Friday,12,Motorway Collision,Daylight,NONE,Possible injury,0,0,0,40.000091,-105.246474,0,0,1,0,NON-INTERSECTION,1410,590
-105.255926,40.000012,Police Collision Report,COLLISION W/ OTHER VEH - BICYCLE,1801525,2,2900  BASELINE RD BLK    ,UNIVERSITY AVE,CITY ST/CNTY RD,     ,  ,2018/02/08 08:12:00+00,2018/02/08 08:12:00+00,2018,2,February,8,5,8,Thursday,8,Motorway Collision,Daylight,NONE,Non-Incapacitating Injury,0,0,1,40.000012,-105.255926,0,0,0,0,AT INTERSECTION,930,591
-105.258571,40.043598,Police Collision Report,COLLISION W/ OTHER VEH - BICYCLE,1805209,2,28TH ST/WINDING TRAIL DR,28TH ST,STATE HWY,     ,  ,2018/04/29 00:00:00+00,2018/04/29 14:52:00+00,2018,4,April,14,1,29,Sunday,14,Motorway Collision,Daylight,NONE,Non-Incapacitating Injury,0,0,1,40.043598,-105.258571,0,0,1,0,AT INTERSECTION,1451,592
-105.266274,40.016246,Police Collision Report,COLLISION W/ OTHER VEH - BICYCLE,1805134,2,22ND ST/GOSS CIR W,30TH STREET,CITY ST/CNTY RD,     ,  ,2018/04/27 22:46:59+00,2018/04/27 22:47:00+00,2018,4,April,22,6,27,Friday,22,Motorway Collision,Dark - Lighted,NONE,Non-Incapacitating Injury,0,0,2,40.016246,-105.266274,0,0,1,0,INTERSECTION RELATED,2149,593
-105.250166,39.979599,Police Collision Report,COLLISION W/ OTHER VEH - BICYCLE,1805762,2,CARLOCK DR/GILLASPIE DR,GILLASPIE DR,CITY ST/CNTY RD,50,N ,2018/05/11 00:00:00+00,2018/05/11 15:51:00+00,2018,5,May,15,6,11,Friday,15,Motorway Collision,Daylight,NONE,Property Damage Only,0,0,0,39.979599,-105.250166,0,0,1,0,NON-INTERSECTION,1551,594
-105.265376,39.98338,Police Collision Report,COLLISION W/ OTHER VEH - BICYCLE,1805959,2,TABLE MESA DR/FURMAN WAY,TABLE MESA,CITY ST/CNTY RD,     ,  ,2018/05/15 19:00:59+00,2018/05/15 19:01:00+00,2018,5,May,19,3,15,Tuesday,19,Motorway Collision,Daylight,NONE,Incapacitating Injury,0,1,1,39.98338,-105.265376,0,0,1,0,AT INTERSECTION,1700,595
-105.25651,39.978749,Police Collision Report,COLLISION W/ OTHER VEH - BICYCLE,1805977,2,ITHACA DR/DARLEY AVE,DARLEY AVENUE,CITY ST/CNTY RD,     ,  ,2018/05/16 00:00:00+00,2018/05/16 08:24:00+00,2018,5,May,8,4,16,Wednesday,8,Motorway Collision,Daylight,NONE,Non-Incapacitating Injury,0,0,1,39.978749,-105.25651,0,0,1,0,AT INTERSECTION,824,596
-105.263065,40.014614,Police Collision Report,COLLISION W/ OTHER VEH - BICYCLE,1805649,2,FOLSOM ST/ARAPAHOE AVE,ARAPAHOE,CITY ST/CNTY RD,155,W ,2018/05/09 00:00:00+00,2018/05/09 13:31:00+00,2018,5,May,13,4,9,Wednesday,13,Motorway Collision,Daylight,NONE,Property Damage Only,0,0,0,40.014614,-105.263065,0,0,1,0,DRIVEWAY ACCESS RELATED,1330,597
-105.227601,40.029258,Police Collision Report,COLLISION W/ OTHER VEH - BICYCLE,1715791,2,VALMONT RD/STERLING CIR,VALMONT ROAD,CITY ST/CNTY RD,     ,  ,2017/12/01 00:00:00+00,2017/12/02 00:00:00+00,2017,12,December,0,7,2,Saturday,0,Motorway Collision,Dark - Unlighted,NONE,Non-Incapacitating Injury,0,0,1,40.029258,-105.227601,0,0,1,0,AT INTERSECTION,1803,598
-105.253425,40.00742,Police Collision Report,COLLISION W/ OTHER VEH - BICYCLE,1715825,2,30TH ST/COLORADO AVE,COLORADO AVENUE,CITY ST/CNTY RD,     ,  ,2017/12/02 00:00:00+00,2017/12/02 14:04:00+00,2017,12,December,14,7,2,Saturday,14,Motorway Collision,Daylight,NONE,Non-Incapacitating Injury,0,0,1,40.00742,-105.253425,0,0,1,0,AT INTERSECTION,1404,599
-105.263033,40.014644,Police Collision Report,COLLISION W/ OTHER VEH - BICYCLE,1715690,2,ARAPAHOE AVE/FOLSOM ST,2500,CITY ST/CNTY RD,     ,  ,2017/11/29 00:00:00+00,2017/11/29 19:42:00+00,2017,11,November,19,4,29,Wednesday,19,Motorway Collision,Daylight,NONE,Non-Incapacitating Injury,0,0,1,40.014644,-105.263033,0,0,1,0,DRIVEWAY ACCESS RELATED,1520,600
-105.253425,40.00742,Police Collision Report,COLLISION W/ OTHER VEH - BICYCLE,1715619,2,30TH ST/COLORADO AVE,COLORADO AVE,CITY ST/CNTY RD,     ,  ,2017/11/28 14:27:00+00,2017/11/28 14:27:00+00,2017,11,November,14,3,28,Tuesday,14,Motorway Collision,Daylight,NONE,Property Damage Only,0,0,0,40.00742,-105.253425,0,0,1,0,AT INTERSECTION,1427,601
-105.255889,40.000147,Police Collision Report,COLLISION W/ OTHER VEH - BICYCLE,1715625,2,29TH ST/BASELINE RD,29TH ST,CITY ST/CNTY RD,     ,  ,2017/11/28 00:00:00+00,2017/11/28 15:19:00+00,2017,11,November,15,3,28,Tuesday,15,Motorway Collision,Daylight,NONE,Possible injury,0,0,0,40.000147,-105.255889,0,0,1,0,AT INTERSECTION,1519,602
-105.254621,40.000092,Police Collision Report,COLLISION W/ OTHER VEH - BICYCLE,1715735,2,BASELINE RD/CANYON CREEK RD,BASELINE RD,CITY ST/CNTY RD,     ,  ,2017/11/30 00:00:00+00,2017/11/30 15:56:00+00,2017,11,November,15,5,30,Thursday,15,Motorway Collision,Daylight,NONE,Possible injury,0,0,0,40.000092,-105.254621,0,0,1,0,NON-INTERSECTION,1556,603
-105.25371,40.029189,Police Collision Report,COLLISION W/ OTHER VEH - BICYCLE,1715714,2,30TH ST/VALMONT RD,VALMONT,CITY ST/CNTY RD,     ,  ,2017/11/30 00:00:00+00,2017/11/30 09:33:00+00,2017,11,November,9,5,30,Thursday,9,Motorway Collision,Dawn or Dusk,NONE,Possible injury,0,0,0,40.029189,-105.25371,0,0,1,0,AT INTERSECTION,600,604
-105.276926,40.010517,Police Collision Report,COLLISION W/ OTHER VEH - BICYCLE,1715745,2,UNIVERSITY AVE/BROADWAY,BROADWAY,CITY ST/CNTY RD,100,E ,2017/12/04 00:00:00+00,2017/12/04 00:00:00+00,2017,12,December,0,2,4,Monday,0,Motorway Collision,Dark - Lighted,NONE,Non-Incapacitating Injury,0,0,1,40.010517,-105.276926,0,0,1,0,INTERSECTION RELATED,1922,605
-105.267699,40.003423,Police Collision Report,COLLISION W/ OTHER VEH - BICYCLE,1715757,2,REGENT DR/BROADWAY,BROADWAY,CITY ST/CNTY RD,     ,  ,2017/12/01 00:00:00+00,2017/12/01 07:53:00+00,2017,12,December,7,6,1,Friday,7,Motorway Collision,Daylight,NONE,Property Damage Only,0,0,0,40.003423,-105.267699,0,0,1,0,AT INTERSECTION,750,606
-105.263165,40.02917,Police Collision Report,COLLISION W/ OTHER VEH - BICYCLE,1715788,2,FOLSOM ST/EDGEWOOD DR,FOLSOM,CITY ST/CNTY RD,150,N ,2017/12/01 00:00:00+00,2017/12/01 17:11:00+00,2017,12,December,17,6,1,Friday,17,Motorway Collision,Dark - Lighted,NONE,Incapacitating Injury,0,1,1,40.02917,-105.263165,0,0,1,0,DRIVEWAY ACCESS RELATED,1711,607