X,Y,ReportType,PrmaryCollsionType,CaseNumber,UnitsInvolved,Location,OnHighway,CrossStreet,FeetFromIntersection,DirectionFromIntersection,CollisionDate,ReportedDate,ReportedYear,ReportedMonth,ReportedMonthName,ReportedWeek,ReportedDayofWeekNum,ReportedDayofMonth,ReportedDayofWeek,ReportedHour,HitAndRunStatus,LightingCondition,WeatherCondition,Severity,NumKilled,NumSeriouslyInjured,NumInjuredOrKilled,Lat,Lon,DUI,AlcoholDrugSuspected,BicyclesInvolved,PedestriansInvolved,RoadDescription,Crash_Time,ESRI_OID
-105.282312,40.010471,Police Collision Report,COLLISION W/ OTHER VEH - PARKED MV,2208509,2,9TH ST/UNIVERSITY AVE,UNIVERSITY AVE,CITY ST/CNTY RD,     ,E ,2022/08/28 00:00:00+00,2022/08/28 13:11:00+00,2022,8,August,13,1,28,Sunday,13,Motorway Collision,Dark - Unlighted,NONE,Property Damage Only,0,0,0,40.010471,-105.282312,0,1,0,0,NON-INTERSECTION,100,675
-105.273655,40.018134,Police Collision Report,COLLISION W/ OTHER VEH - PARKED MV,2209926,2,1655  WALNUT ST      ,WALNUT ST (NORTH ALLEY),OTHER RDWY,     ,  ,2022/10/03 00:00:00+00,2022/10/03 15:20:00+00,2022,10,October,15,2,3,Monday,15,Motorway Collision,Daylight,NONE,Property Damage Only,0,0,0,40.018134,-105.273655,0,0,0,0,ALLEY RELATED,1520,676
-105.279576,40.016655,Police Collision Report,COLLISION W/ OTHER VEH - PARKED MV,2209376,2,1877  BROADWAY      ,1877 BROADWAY,,     ,  ,2022/09/18 00:00:00+00,2022/09/18 14:24:00+00,2022,9,September,14,1,18,Sunday,14,Motorway Collision,Daylight,NONE,Property Damage Only,0,0,0,40.016655,-105.279576,0,0,0,0,PARKING LOT,1424,677
-105.274025,40.017003,Police Collision Report,COLLISION W/ OTHER VEH - PARKED MV,2209691,2,16TH ST/CANYON BLVD,16TH ST,CITY ST/CNTY RD,     ,N ,2022/09/26 00:00:00+00,2022/09/26 23:02:00+00,2022,9,September,23,2,26,Monday,23,Motorway Collision,Dark - Lighted,NONE,Property Damage Only,0,0,0,40.017003,-105.274025,0,1,0,0,NON-INTERSECTION,2302,678
-105.291621,40.035008,Police Collision Report,COLLISION W/ OTHER VEH - PARKED MV,2209699,2,HAWTHORN AVE/4TH ST,HAWTHORN AVE,CITY ST/CNTY RD,     ,W ,2022/09/27 00:00:00+00,2022/09/27 09:00:00+00,2022,9,September,9,3,27,Tuesday,9,Motorway Collision,Daylight,NONE,Non-Incapacitating Injury,0,0,1,40.035008,-105.291621,0,0,0,0,NON-INTERSECTION,900,679
-105.282204,39.996208,Police Collision Report,COLLISION W/ OTHER VEH - PARKED MV,2209220,2,14   KINNIKINIC RD      ,KINNIKINNICK ROAD,CITY ST/CNTY RD,     ,N ,2022/09/14 00:00:00+00,2022/09/14 12:26:00+00,2022,9,September,12,4,14,Wednesday,12,Motorway Collision,Daylight,NONE,Property Damage Only,0,0,0,39.996208,-105.282204,0,0,0,0,NON-INTERSECTION,1225,680
-105.258349,40.020156,Police Collision Report,COLLISION W/ OTHER VEH - PARKED MV,2209641,2,1875  28TH ST      ,1875 28TH ST,,     ,  ,2022/09/25 00:00:00+00,2022/09/25 14:00:00+00,2022,9,September,14,1,25,Sunday,14,Motorway Collision,Daylight,NONE,Property Damage Only,0,0,0,40.020156,-105.258349,0,0,0,0,PARKING LOT,1402,681
,,Police Collision Report,COLLISION W/ OTHER VEH - PARKED MV,2210624,2,1800  1800-BLK BASELINE RD      ,BASELINE RD,CITY ST/CNTY RD,     ,E ,2022/10/22 22:27:00+00,2022/10/22 22:27:00+00,2022,10,October,22,7,22,Saturday,22,Motorway Collision,Dark - Lighted,NONE,Property Damage Only,0,0,0,,,1,1,0,0,NON-INTERSECTION,2227,682
-105.273735,40.00543,Police Collision Report,COLLISION W/ OTHER VEH - PARKED MV,2210240,2,EUCLID AVE/15TH ST,EUCLID AVE,CITY ST/CNTY RD,     ,E ,2022/10/12 00:00:00+00,2022/10/12 10:36:00+00,2022,10,October,10,4,12,Wednesday,10,Motorway Collision,Daylight,NONE,Non-Incapacitating Injury,0,0,1,40.00543,-105.273735,0,0,0,0,NON-INTERSECTION,1036,683
-105.261527,40.000212,Police Collision Report,COLLISION W/ OTHER VEH - PARKED MV,2210612,4,2486  BASELINE RD      ,2486 BASELINE ROAD,,     ,  ,2022/10/22 00:00:00+00,2022/10/22 14:13:00+00,2022,10,October,14,7,22,Saturday,14,Motorway Collision,Daylight,NONE,Property Damage Only,0,0,0,40.000212,-105.261527,0,0,0,0,PARKING LOT,1413,684
-105.274745,40.019009,Police Collision Report,COLLISION W/ OTHER VEH - PARKED MV,2209870,2,PEARL ST/16TH ST,PEARL STREET,CITY ST/CNTY RD,     ,W ,2022/09/30 00:00:00+00,2022/09/30 00:00:00+00,2022,9,September,0,6,30,Friday,0,Motorway Collision,Daylight,NONE,Property Damage Only,0,0,0,40.019009,-105.274745,0,0,0,0,AT INTERSECTION,1830,685
-105.277431,40.008661,Police Collision Report,COLLISION W/ OTHER VEH - PARKED MV,2209672,2,PENNSYLVANIA AVE/12TH ST,PENSYLVANIA AVE,CITY ST/CNTY RD,     ,E ,2022/09/24 00:00:00+00,2022/09/24 00:00:00+00,2022,9,September,0,7,24,Saturday,0,Motorway Collision,Daylight,NONE,Property Damage Only,0,0,0,40.008661,-105.277431,0,0,0,0,NON-INTERSECTION,1640,686
-105.277423,40.005434,Police Collision Report,COLLISION W/ OTHER VEH - PARKED MV,2209762,2,EUCLID AVE/12TH ST,EUCLID AVE,CITY ST/CNTY RD,     ,E ,2022/09/28 00:00:00+00,2022/09/28 19:45:00+00,2022,9,September,19,4,28,Wednesday,19,Motorway Collision,Dawn or Dusk,NONE,Property Damage Only,0,0,0,40.005434,-105.277423,0,0,0,0,AT INTERSECTION,1845,687
-105.259856,40.017335,Police Collision Report,COLLISION W/ OTHER VEH - PARKED MV,2210032,2,2660  CANYON BLVD      ,2660 CANYON BLVD,,     ,  ,2022/10/06 00:00:00+00,2022/10/06 10:58:00+00,2022,10,October,10,5,6,Thursday,10,Motorway Collision,,NONE,Property Damage Only,0,0,0,40.017335,-105.259856,0,0,0,0,ROUNDABOUT,1058,688
-105.275291,39.994892,Police Collision Report,COLLISION W/ OTHER VEH - PARKED MV,2210042,2,BELLEVUE DR/SIERRA DR,BELLEVUE DRIVE,CITY ST/CNTY RD,     ,W ,2022/10/06 00:00:00+00,2022/10/06 13:08:00+00,2022,10,October,13,5,6,Thursday,13,Motorway Collision,Daylight,NONE,Property Damage Only,0,0,0,39.994892,-105.275291,0,0,0,0,DRIVEWAY ACCESS RELATED,1304,689
-105.280493,40.012402,Police Collision Report,COLLISION W/ OTHER VEH - PARKED MV,2210104,4,1024  MARINE ST      ,11TH STREET,CITY ST/CNTY RD,     ,S ,2022/10/08 01:32:59+00,2022/10/08 01:33:00+00,2022,10,October,1,7,8,Saturday,1,Motorway Collision,Dark - Lighted,NONE,Property Damage Only,0,0,0,40.012402,-105.280493,0,0,0,0,NON-INTERSECTION,111,690
-105.250956,40.025679,Police Collision Report,COLLISION W/ OTHER VEH - PARKED MV,2208416,2,2366  JUNCTION PL      ,2366 JUNCTION PL,OTHER RDWY,     ,  ,2022/08/26 00:00:00+00,2022/08/26 20:11:00+00,2022,8,August,20,6,26,Friday,20,Motorway Collision,Daylight,NONE,Property Damage Only,0,0,0,40.025679,-105.250956,0,0,0,0,PARKING LOT,1730,691
-105.248967,40.034937,Police Collision Report,COLLISION W/ OTHER VEH - PARKED MV,2208531,3,HICKOK PL/34TH ST,34TH ST,CITY ST/CNTY RD,     ,N ,2022/08/29 00:00:00+00,2022/08/29 06:24:00+00,2022,8,August,6,2,29,Monday,6,Motorway Collision,Daylight,NONE,Possible injury,0,0,0,40.034937,-105.248967,0,0,0,0,NON-INTERSECTION,624,692
-105.249602,40.019956,Police Collision Report,COLLISION W/ OTHER VEH - PARKED MV,2208861,2,33RD ST/WALNUT ST,33RD ST,CITY ST/CNTY RD,     ,S ,2022/09/05 00:00:00+00,2022/09/05 11:23:00+00,2022,9,September,11,2,5,Monday,11,Motorway Collision,Daylight,NONE,Non-Incapacitating Injury,0,0,1,40.019956,-105.249602,0,0,0,0,NON-INTERSECTION,1122,693
-105.258777,40.010206,Police Collision Report,COLLISION W/ OTHER VEH - PARKED MV,2207797,2,1345  28TH ST 384    ,1345 28TH ST,,     ,  ,2022/08/14 00:00:00+00,2022/08/14 11:44:00+00,2022,8,August,11,1,14,Sunday,11,Motorway Collision,Dark - Unlighted,NONE,Property Damage Only,0,0,0,40.010206,-105.258777,0,0,0,0,PARKING LOT,1144,694
,,Police Collision Report,COLLISION W/ OTHER VEH - PARKED MV,2207597,2,14TH ST / EUCLID AVE,EUCLID AVE,CITY ST/CNTY RD,     ,E ,2022/08/08 00:00:00+00,2022/08/08 00:00:00+00,2022,8,August,0,2,8,Monday,0,Motorway Collision,Daylight,NONE,Property Damage Only,0,0,0,,,0,0,0,0,DRIVEWAY ACCESS RELATED,1500,695
-105.253592,40.023261,Police Collision Report,COLLISION W/ OTHER VEH - PARKED MV,2208456,2,3000  PEARL PKWY      ,3000 PEARL STREET,,     ,  ,2022/08/18 00:00:00+00,2022/08/27 11:51:00+00,2022,8,August,11,7,27,Saturday,11,Motorway Collision,Daylight,NONE,Property Damage Only,0,0,0,40.023261,-105.253592,0,0,0,0,PARKING LOT,1700,696
-105.282987,40.018341,Police Collision Report,COLLISION W/ OTHER VEH - PARKED MV,2208597,2,10TH ST/SPRUCE ST,SPRUCE ST,CITY ST/CNTY RD,     ,  ,2022/08/30 00:00:00+00,2022/08/30 15:08:00+00,2022,8,August,15,3,30,Tuesday,15,Motorway Collision,Daylight,NONE,Property Damage Only,0,0,0,40.018341,-105.282987,0,0,0,0,NON-INTERSECTION,1400,697
-105.256067,40.0147,Police Collision Report,COLLISION W/ OTHER VEH - PARKED MV,2207878,2,1600  29TH ST      ,1600 29TH ST,,     ,  ,2022/08/06 00:00:00+00,2022/09/06 00:00:00+00,2022,9,September,0,3,6,Tuesday,0,Motorway Collision,Daylight,NONE,Property Damage Only,0,0,0,40.0147,-105.256067,0,0,0,0,PARKING LOT,1840,698
-105.282987,40.018341,Police Collision Report,COLLISION W/ OTHER VEH - PARKED MV,2208251,2,10TH ST/SPRUCE ST,10TH ST,CITY ST/CNTY RD,     ,S ,2022/08/23 00:00:00+00,2022/08/23 18:24:00+00,2022,8,August,18,3,23,Tuesday,18,Motorway Collision,Daylight,NONE,Property Damage Only,0,0,0,40.018341,-105.282987,0,0,0,0,ALLEY RELATED,1822,699
-105.248063,39.977152,Police Collision Report,COLLISION W/ OTHER VEH - PARKED MV,2209250,3,1235  GILLASPIE DR      ,1235 GILLASPIE,CITY ST/CNTY RD,     ,N ,2022/09/14 21:20:00+00,2022/09/14 23:20:00+00,2022,9,September,23,4,14,Wednesday,23,Motorway Collision,Dark - Unlighted,NONE,Property Damage Only,0,0,0,39.977152,-105.248063,1,1,0,0,NON-INTERSECTION,2130,700
-105.206711,40.018718,Police Collision Report,COLLISION W/ OTHER VEH - PARKED MV,2207297,2,2051  63RD ST      ,2051 63RD ST,,     ,  ,2022/08/01 00:00:00+00,2022/08/01 14:36:00+00,2022,8,August,14,2,1,Monday,14,Motorway Collision,Daylight,NONE,Property Damage Only,0,0,0,40.018718,-105.206711,0,0,0,0,,1358,701
-105.282432,40.023305,Police Collision Report,COLLISION W/ OTHER VEH - PARKED MV,2272518,2,1133  PORTLAND PL      ,NORTH STREET,CITY ST/CNTY RD,     ,W ,2022/09/06 08:52:00+00,2022/09/11 16:51:14+00,2022,9,September,16,1,11,Sunday,16,Motorway Collision,Daylight,NONE,Property Damage Only,0,0,0,40.023305,-105.282432,0,0,0,0,NON-INTERSECTION,852,702
-105.258246,40.017171,Police Collision Report,COLLISION W/ OTHER VEH - PARKED MV,2208394,2,1690  28TH ST      ,1690 28TH ST,,     ,  ,2022/08/26 00:00:00+00,2022/08/26 13:35:00+00,2022,8,August,13,6,26,Friday,13,Motorway Collision,,NONE,Property Damage Only,0,0,0,40.017171,-105.258246,0,0,0,0,PARKING LOT,1335,703
-105.282047,40.046878,Police Collision Report,COLLISION W/ OTHER VEH - PARKED MV,2208933,2,3960  BROADWAY      ,3960 BROADWAY,,     ,  ,2022/09/07 00:00:00+00,2022/09/07 13:16:00+00,2022,9,September,13,4,7,Wednesday,13,Motorway Collision,Daylight,NONE,Property Damage Only,0,0,0,40.046878,-105.282047,0,0,0,0,PARKING LOT,1316,704
,,Police Collision Report,COLLISION W/ OTHER VEH - PARKED MV,2209277,2,2700  BASELINE RD      ,2700 BASELINE ROAD,,     ,  ,2022/09/15 00:00:00+00,2022/09/15 14:26:00+00,2022,9,September,14,5,15,Thursday,14,Motorway Collision,Daylight,NONE,Property Damage Only,0,0,0,,,0,0,0,0,PARKING LOT,1426,705
-105.282038,40.026132,Police Collision Report,COLLISION W/ OTHER VEH - PARKED MV,2208901,2,2750  BROADWAY      ,2750 BROADWAY,,     ,  ,2022/09/06 00:00:00+00,2022/09/06 10:52:00+00,2022,9,September,10,3,6,Tuesday,10,Motorway Collision,Daylight,NONE,Property Damage Only,0,0,0,40.026132,-105.282038,0,0,0,0,PARKING LOT,1049,706
-105.261628,40.014585,Police Collision Report,COLLISION W/ OTHER VEH - PARKED MV,2208912,2,2525  ARAPAHOE AVE      ,2525 ARAPAHOE AVE,,     ,  ,2022/09/06 00:00:00+00,2022/09/06 16:11:00+00,2022,9,September,16,3,6,Tuesday,16,Motorway Collision,Daylight,NONE,Property Damage Only,0,0,0,40.014585,-105.261628,0,0,0,0,PARKING LOT,1600,707
-105.258389,40.025537,Police Collision Report,COLLISION W/ OTHER VEH - PARKED MV,2208926,2,MAPLETON AVE/28TH ST,MAPLETON AVE,CITY ST/CNTY RD,     ,W ,2022/09/07 00:00:00+00,2022/09/07 08:02:00+00,2022,9,September,8,4,7,Wednesday,8,Motorway Collision,Daylight,NONE,Property Damage Only,0,0,0,40.025537,-105.258389,0,0,0,0,DRIVEWAY ACCESS RELATED,802,708
-105.233002,40.034855,Police Collision Report,COLLISION W/ OTHER VEH - PARKED MV,2209121,2,3278  AIRPORT RD      ,AIRPORT ROAD,CITY ST/CNTY RD,     ,NE,2022/09/12 00:00:00+00,2022/09/12 07:28:00+00,2022,9,September,7,2,12,Monday,7,Motorway Collision,Dawn or Dusk,NONE,Property Damage Only,0,0,0,40.034855,-105.233002,0,0,0,0,NON-INTERSECTION,727,709
-105.2491,39.984817,Police Collision Report,COLLISION W/ OTHER VEH - PARKED MV,2208982,2,649   S BROADWAYS      ,649 S. BROADWAY,,     ,  ,2022/08/22 00:00:00+00,2022/08/22 00:00:00+00,2022,8,August,0,2,22,Monday,0,Motorway Collision,Daylight,NONE,Property Damage Only,0,0,0,39.984817,-105.2491,0,0,0,0,PARKING LOT,1545,710
-105.27417,40.030033,Police Collision Report,COLLISION W/ OTHER VEH - PARKED MV,2209397,2,1800  ELDER AVE      ,ELDER AVE,CITY ST/CNTY RD,     ,W ,2022/09/19 00:00:00+00,2022/09/19 07:36:00+00,2022,9,September,7,2,19,Monday,7,Motorway Collision,Daylight,NONE,Property Damage Only,0,0,0,40.030033,-105.27417,0,0,0,0,NON-INTERSECTION,736,711
-105.286651,40.00185,Police Collision Report,COLLISION W/ OTHER VEH - PARKED MV,2209313,2,CASCADE AVE/6TH ST,6TH STREET,CITY ST/CNTY RD,     ,N ,2022/09/16 00:00:00+00,2022/09/16 00:00:00+00,2022,9,September,0,6,16,Friday,0,Motorway Collision,Daylight,NONE,Property Damage Only,0,0,0,40.00185,-105.286651,0,0,0,0,NON-INTERSECTION,1534,712
-105.247475,40.022878,Police Collision Report,COLLISION W/ OTHER VEH - PARKED MV,2207179,2,3500  FRONTIER AVE BLK    ,3550 FRONTIER AVE,,     ,  ,2022/07/28 00:00:00+00,2022/07/28 17:51:00+00,2022,7,July,17,5,28,Thursday,17,Motorway Collision,,NONE,Property Damage Only,0,0,0,40.022878,-105.247475,0,0,0,0,PARKING LOT,1751,713
-105.272141,40.019498,Police Collision Report,COLLISION W/ OTHER VEH - PARKED MV,2207201,2,18TH ST/PEARL ST,18TH STREET,CITY ST/CNTY RD,     ,N ,2022/07/29 00:00:00+00,2022/07/29 11:31:00+00,2022,7,July,11,6,29,Friday,11,Motorway Collision,Daylight,NONE,Property Damage Only,0,0,0,40.019498,-105.272141,0,0,0,0,NON-INTERSECTION,1131,714
-105.268758,40.002981,Police Collision Report,COLLISION W/ OTHER VEH - PARKED MV,2207225,2,862   19TH ST      ,19TH ST,CITY ST/CNTY RD,     ,S ,2022/07/30 00:00:00+00,2022/07/30 07:27:00+00,2022,7,July,7,7,30,Saturday,7,Motorway Collision,Daylight,NONE,Property Damage Only,0,0,0,40.002981,-105.268758,0,0,0,0,NON-INTERSECTION,726,715
-105.278699,40.007292,Police Collision Report,COLLISION W/ OTHER VEH - PARKED MV,2207260,2,11TH ST/COLLEGE AVE,11TH ST,CITY ST/CNTY RD,     ,N ,2022/07/30 00:00:00+00,2022/07/30 00:00:00+00,2022,7,July,0,7,30,Saturday,0,Motorway Collision,Dark - Lighted,NONE,Property Damage Only,0,0,0,40.007292,-105.278699,0,1,0,0,NON-INTERSECTION,800,716
-105.261312,40.037582,Police Collision Report,COLLISION W/ OTHER VEH - PARKED MV,2207330,2,2735  JUNIPER AVE      ,2735 JUNIPER AVE,,     ,  ,2022/08/02 00:00:00+00,2022/08/02 11:46:00+00,2022,8,August,11,3,2,Tuesday,11,Motorway Collision,,NONE,Property Damage Only,0,0,0,40.037582,-105.261312,0,0,0,0,PARKING LOT,1146,717
-105.263138,40.02787,Police Collision Report,COLLISION W/ OTHER VEH - PARKED MV,2207340,2,2727  FOLSOM ST      ,2727 FOLSOM ST,,     ,  ,2022/08/02 00:00:00+00,2022/08/02 15:38:00+00,2022,8,August,15,3,2,Tuesday,15,Motorway Collision,Daylight,NONE,Property Damage Only,0,0,0,40.02787,-105.263138,0,0,0,0,PARKING LOT,1538,718
-105.199307,40.072817,Police Collision Report,COLLISION W/ OTHER VEH - PARKED MV,2207516,2,6657  LOOKOUT RD      ,6657 LOOKOUT RD,OTHER RDWY,     ,  ,2022/08/06 00:00:00+00,2022/08/06 23:54:00+00,2022,8,August,23,7,6,Saturday,23,Motorway Collision,Dark - Lighted,NONE,Property Damage Only,0,0,0,40.072817,-105.199307,0,0,0,0,PARKING LOT,2354,719
-105.280338,40.030087,Police Collision Report,COLLISION W/ OTHER VEH - PARKED MV,2207457,2,13TH ST/ELDER AVE,13TH ST.,CITY ST/CNTY RD,     ,S ,2022/08/05 00:00:00+00,2022/08/05 08:55:00+00,2022,8,August,8,6,5,Friday,8,Motorway Collision,Daylight,NONE,Property Damage Only,0,0,0,40.030087,-105.280338,0,0,0,0,NON-INTERSECTION,545,720
-105.278685,40.061006,Police Collision Report,COLLISION W/ OTHER VEH - PARKED MV,2207460,2,EASY RIDER LN/ZAMIA AVE,EASY RIDER LANE,CITY ST/CNTY RD,     ,S ,2022/08/03 00:00:00+00,2022/08/03 00:00:00+00,2022,8,August,0,4,3,Wednesday,0,Motorway Collision,Daylight,NONE,Property Damage Only,0,0,0,40.061006,-105.278685,0,0,0,0,INTERSECTION RELATED,1310,721
-105.282096,40.051581,Police Collision Report,COLLISION W/ OTHER VEH - PARKED MV,2207611,2,TAMARACK AVE/BROADWAY,TAMARACK AVE,CITY ST/CNTY RD,     ,E ,2022/08/09 00:00:00+00,2022/08/09 12:16:00+00,2022,8,August,12,3,9,Tuesday,12,Motorway Collision,Daylight,NONE,Property Damage Only,0,0,0,40.051581,-105.282096,0,0,0,0,NON-INTERSECTION,1054,722
-105.243191,40.029508,Police Collision Report,COLLISION W/ OTHER VEH - PARKED MV,2207621,2,3015  47TH ST      ,3015 47TH ST,,     ,  ,2022/08/09 00:00:00+00,2022/08/09 13:40:00+00,2022,8,August,13,3,9,Tuesday,13,Motorway Collision,,NONE,Property Damage Only,0,0,0,40.029508,-105.243191,0,0,0,0,PARKING LOT,1200,723
-105.277039,40.017449,Police Collision Report,COLLISION W/ OTHER VEH - PARKED MV,2204328,2,WALNUT ST/14TH ST,WALNUT ST,CITY ST/CNTY RD,     ,E ,2022/05/08 00:00:00+00,2022/05/08 18:04:00+00,2022,5,May,18,1,8,Sunday,18,Motorway Collision,Daylight,NONE,Property Damage Only,0,0,0,40.017449,-105.277039,0,0,0,0,NON-INTERSECTION,1745,724
-105.281984,40.001833,Police Collision Report,COLLISION W/ OTHER VEH - PARKED MV,2204241,2,9TH ST/CASCADE AVE,CASCADE AVENUE,CITY ST/CNTY RD,     ,E ,2022/05/06 00:00:00+00,2022/05/06 13:21:00+00,2022,5,May,13,6,6,Friday,13,Motorway Collision,Daylight,NONE,Property Damage Only,0,0,0,40.001833,-105.281984,0,0,0,0,NON-INTERSECTION,1255,725
-105.258284,40.020627,Police Collision Report,COLLISION W/ OTHER VEH - PARKED MV,2204247,2,1906  28TH ST      ,1906 28TH STREET,,     ,  ,2022/05/06 00:00:00+00,2022/05/06 15:35:00+00,2022,5,May,15,6,6,Friday,15,Motorway Collision,Daylight,NONE,Property Damage Only,0,0,0,40.020627,-105.258284,0,0,0,0,PARKING LOT,1500,726
-105.272557,40.005997,Police Collision Report,COLLISION W/ OTHER VEH - PARKED MV,2204182,2,1005  BROADWAY      ,1005 BROADWAY,CITY ST/CNTY RD,     ,  ,2022/05/04 00:00:00+00,2022/05/05 00:00:00+00,2022,5,May,0,5,5,Thursday,0,Motorway Collision,Dawn or Dusk,NONE,Property Damage Only,0,0,0,40.005997,-105.272557,0,0,0,0,PARKING LOT,2224,727
-105.230189,40.001579,Police Collision Report,COLLISION W/ OTHER VEH - PARKED MV,2201559,2,CRESCENT DR/E CASCADE AVE,CRESCENT AVE,CITY ST/CNTY RD,     ,S ,2022/02/17 00:00:00+00,2022/02/17 17:01:00+00,2022,2,February,17,5,17,Thursday,17,Motorway Collision,Dawn or Dusk,NONE,Property Damage Only,0,0,0,40.001579,-105.230189,0,0,0,0,NON-INTERSECTION,1700,728
-105.258284,40.020627,Police Collision Report,COLLISION W/ OTHER VEH - PARKED MV,2201695,2,1906  28TH ST      ,1906 28TH ST.,OTHER RDWY,     ,  ,2022/02/21 00:00:00+00,2022/02/21 15:44:00+00,2022,2,February,15,2,21,Monday,15,Motorway Collision,Daylight,NONE,Property Damage Only,0,0,0,40.020627,-105.258284,0,0,0,0,PARKING LOT,1500,729
-105.259517,40.014582,Police Collision Report,COLLISION W/ OTHER VEH - PARKED MV,2201593,2,2711  ARAPAHOE AVE      ,2711 ARAPAHOE AVENUE,,     ,  ,2022/02/18 00:00:00+00,2022/02/18 14:05:00+00,2022,2,February,14,6,18,Friday,14,Motorway Collision,Daylight,NONE,Property Damage Only,0,0,0,40.014582,-105.259517,0,0,0,0,PARKING LOT,1330,730
-105.275122,40.007729,Police Collision Report,COLLISION W/ OTHER VEH - PARKED MV,2202316,2,1121  BROADWAY      ,1121 BROADWAY,,     ,  ,2022/03/12 00:00:00+00,2022/03/12 18:03:00+00,2022,3,March,18,7,12,Saturday,18,Motorway Collision,Dawn or Dusk,NONE,Property Damage Only,0,0,0,40.007729,-105.275122,0,0,0,0,PARKING LOT,1715,731
-105.267763,40.003446,Police Collision Report,COLLISION W/ OTHER VEH - PARKED MV,2202330,3,20TH ST/BROADWAY,20TH ST,CITY ST/CNTY RD,     ,S ,2022/03/13 00:00:00+00,2022/03/13 07:27:00+00,2022,3,March,7,1,13,Sunday,7,Motorway Collision,Dark - Unlighted,NONE,Property Damage Only,0,0,0,40.003446,-105.267763,0,0,0,0,NON-INTERSECTION,30,732
-105.283834,40.017089,Police Collision Report,COLLISION W/ OTHER VEH - PARKED MV,2202410,2,9TH ST/PEARL ST,LAWRY LANE,CITY ST/CNTY RD,     ,E ,2022/03/15 00:00:00+00,2022/03/15 12:10:00+00,2022,3,March,12,3,15,Tuesday,12,Motorway Collision,Daylight,NONE,Property Damage Only,0,0,0,40.017089,-105.283834,0,0,0,0,ALLEY RELATED,1210,733
-105.244238,40.027302,Police Collision Report,COLLISION W/ OTHER VEH - PARKED MV,2202503,2,47TH ST/STERLING DR,STERLING DR,CITY ST/CNTY RD,     ,E ,2022/03/18 07:40:00+00,2022/03/18 07:55:00+00,2022,3,March,7,6,18,Friday,7,Motorway Collision,Daylight,NONE,Property Damage Only,0,0,0,40.027302,-105.244238,0,0,0,0,NON-INTERSECTION,740,734
-105.278451,40.021443,Police Collision Report,COLLISION W/ OTHER VEH - PARKED MV,2203269,2,14TH ST/MAPLETON AVE,14TH STREET,CITY ST/CNTY RD,     ,S ,2022/04/09 00:00:00+00,2022/04/09 08:08:00+00,2022,4,April,8,7,9,Saturday,8,Motorway Collision,Daylight,NONE,Property Damage Only,0,0,0,40.021443,-105.278451,0,0,0,0,NON-INTERSECTION,740,735
-105.291473,40.015478,Police Collision Report,COLLISION W/ OTHER VEH - PARKED MV,2203352,3,314   PEARL ST      ,PEARL STREET,CITY ST/CNTY RD,     ,E ,2022/04/11 00:00:00+00,2022/04/11 20:33:00+00,2022,4,April,20,2,11,Monday,20,Motorway Collision,Dark - Unlighted,NONE,Property Damage Only,0,0,0,40.015478,-105.291473,0,0,0,0,NON-INTERSECTION,2032,736
-105.258775,40.022146,Police Collision Report,COLLISION W/ OTHER VEH - PARKED MV,2203407,2,2770  PEARL ST      ,2770 PEARL STREET,,     ,  ,2022/04/13 00:00:00+00,2022/04/13 11:38:00+00,2022,4,April,11,4,13,Wednesday,11,Motorway Collision,,NONE,Property Damage Only,0,0,0,40.022146,-105.258775,0,0,0,0,PARKING LOT,1138,737
-105.286777,40.029218,Police Collision Report,COLLISION W/ OTHER VEH - PARKED MV,2203432,2,800   DELLWOOD AVE      ,800 DELLWOOD,,     ,  ,2022/04/14 00:00:00+00,2022/04/14 11:54:00+00,2022,4,April,11,5,14,Thursday,11,Motorway Collision,Daylight,NONE,Property Damage Only,0,0,0,40.029218,-105.286777,0,0,0,0,PARKING LOT,1154,738
-105.282021,40.025316,Police Collision Report,COLLISION W/ OTHER VEH - PARKED MV,2203471,2,2680  BROADWAY      ,2680 BROADWAY,,     ,  ,2022/04/15 00:00:00+00,2022/04/15 09:33:00+00,2022,4,April,9,6,15,Friday,9,Motorway Collision,Daylight,NONE,Property Damage Only,0,0,0,40.025316,-105.282021,0,0,0,0,PARKING LOT,915,739
-105.258476,40.03511,Police Collision Report,COLLISION W/ OTHER VEH - PARKED MV,2203488,2,3325  28TH ST      ,3325 28TH STREET,,     ,  ,2022/04/14 00:00:00+00,2022/04/14 00:00:00+00,2022,4,April,0,5,14,Thursday,0,Motorway Collision,Daylight,NONE,Property Damage Only,0,0,0,40.03511,-105.258476,0,0,0,0,PARKING LOT,1730,740
-105.256065,40.029102,Police Collision Report,COLLISION W/ OTHER VEH - PARKED MV,2203724,2,29TH ST/VALMONT RD,2900 VALMONT RD,,     ,  ,2022/04/22 00:00:00+00,2022/04/22 16:06:00+00,2022,4,April,16,6,22,Friday,16,Motorway Collision,Daylight,NONE,Property Damage Only,0,0,0,40.029102,-105.256065,0,0,0,0,PARKING LOT,1530,741