X,Y,ReportType,PrmaryCollsionType,CaseNumber,UnitsInvolved,Location,OnHighway,CrossStreet,FeetFromIntersection,DirectionFromIntersection,CollisionDate,ReportedDate,ReportedYear,ReportedMonth,ReportedMonthName,ReportedWeek,ReportedDayofWeekNum,ReportedDayofMonth,ReportedDayofWeek,ReportedHour,HitAndRunStatus,LightingCondition,WeatherCondition,Severity,NumKilled,NumSeriouslyInjured,NumInjuredOrKilled,Lat,Lon,DUI,AlcoholDrugSuspected,BicyclesInvolved,PedestriansInvolved,RoadDescription,Crash_Time,ESRI_OID
-105.276434,40.019712,Police Collision Report,COLLISION W/ OTHER VEH - BICYCLE,2003004,2,15TH ST/SPRUCE ST,15TH ST,CITY ST/CNTY RD,     ,  ,2020/03/18 00:00:00+00,2020/03/18 14:33:00+00,2020,3,March,14,4,18,Wednesday,14,Motorway Collision,Daylight,NONE,Possible injury,0,0,0,40.019712,-105.276434,0,0,1,0,AT INTERSECTION,1433,941
-105.263261,40.036431,Police Collision Report,COLLISION W/ OTHER VEH - BICYCLE,2002482,2,FOLSOM ST/IRIS AVE,IRIS AVE,CITY ST/CNTY RD,     ,  ,2020/03/05 00:00:00+00,2020/03/05 16:52:00+00,2020,3,March,16,5,5,Thursday,16,Motorway Collision,Daylight,NONE,Non-Incapacitating Injury,0,0,1,40.036431,-105.263261,0,0,1,0,AT INTERSECTION,1652,942
-105.273772,40.003713,Police Collision Report,COLLISION W/ OTHER VEH - BICYCLE,1712725,2,15TH ST/AURORA AVE,AURORA AVE,CITY ST/CNTY RD,156,W ,2017/09/21 00:00:00+00,2017/09/21 00:00:00+00,2017,9,September,0,5,21,Thursday,0,Motorway Collision,Daylight,NONE,Incapacitating Injury,0,1,1,40.003713,-105.273772,0,0,1,0,CROSSOVER-RELATED,730,943
-105.253634,40.014706,Police Collision Report,COLLISION W/ OTHER VEH - BICYCLE,1712292,2,30TH ST/ARAPAHOE AVE,ARAPAHOE AVE,STATE HWY,     ,  ,2017/09/17 00:00:00+00,2017/09/17 12:38:00+00,2017,9,September,12,1,17,Sunday,12,Motorway Collision,Daylight,NONE,Possible injury,0,0,0,40.014706,-105.253634,0,0,1,0,AT INTERSECTION,1238,944
-105.244192,40.033586,Police Collision Report,COLLISION W/ OTHER VEH - BICYCLE,1712465,2,KINGS RIDGE BLVD/47TH ST,47TH,CITY ST/CNTY RD,     ,  ,,2017/09/21 09:08:00+00,2017,9,September,9,5,21,Thursday,9,Motorway Collision,Daylight,NONE,Non-Incapacitating Injury,0,0,1,40.033586,-105.244192,0,0,1,0,AT INTERSECTION,908,945
-105.258419,40.016018,Police Collision Report,COLLISION W/ OTHER VEH - BICYCLE,1712547,2,1650  28TH ST      ,28TH ST,STATE HWY,547,N ,,2017/09/22 13:53:00+00,2017,9,September,13,6,22,Friday,13,Motorway Collision,Daylight,NONE,Non-Incapacitating Injury,0,0,1,40.016018,-105.258419,0,0,1,0,AT INTERSECTION,1512,946
-105.258306,40.022242,Police Collision Report,COLLISION W/ OTHER VEH - BICYCLE,1900508,2,2800  PEARL ST      ,2800 PEARL STREET,,     ,  ,2019/01/02 00:00:00+00,2019/01/02 00:00:00+00,2019,1,January,0,4,2,Wednesday,0,Motorway Collision,Daylight,NONE,Property Damage Only,0,0,0,40.022242,-105.258306,0,0,1,0,PARKING LOT,1018,947
-105.248373,40.007251,Police Collision Report,COLLISION W/ OTHER VEH - BICYCLE,1900432,2,COLORADO AVE/35TH ST,COLORADO,CITY ST/CNTY RD,183,E ,2019/01/14 00:00:00+00,2019/01/14 11:22:00+00,2019,1,January,11,2,14,Monday,11,Motorway Collision,Daylight,NONE,Possible injury,0,0,0,40.007251,-105.248373,0,0,1,0,NON-INTERSECTION,1122,948
-105.276762,40.020744,Police Collision Report,COLLISION W/ OTHER VEH - BICYCLE,1901271,2,PINE ST/15TH ST,PINE ST,CITY ST/CNTY RD,     ,  ,2019/02/05 00:00:00+00,2019/02/05 15:29:00+00,2019,2,February,15,3,5,Tuesday,15,Motorway Collision,Daylight,NONE,Non-Incapacitating Injury,0,0,1,40.020744,-105.276762,0,0,1,0,AT INTERSECTION,911,949
-105.231955,40.014795,Police Collision Report,COLLISION W/ OTHER VEH - BICYCLE,1901380,2,ARAPAHOE AVE/COMMERCE ST,ARAPAHOE AVE,STATE HWY,     ,  ,2019/02/08 00:00:00+00,2019/02/08 10:51:00+00,2019,2,February,10,6,8,Friday,10,Motorway Collision,Daylight,NONE,Non-Incapacitating Injury,0,0,1,40.014795,-105.231955,0,0,1,0,AT INTERSECTION,1051,950
-105.258407,40.022375,Police Collision Report,COLLISION W/ OTHER VEH - BICYCLE,1901495,2,28TH ST/PEARL ST,2905 PEARL ST,,     ,  ,2019/02/11 00:00:00+00,2019/02/11 16:53:00+00,2019,2,February,16,2,11,Monday,16,Motorway Collision,Daylight,NONE,Possible injury,0,0,0,40.022375,-105.258407,0,0,1,0,DRIVEWAY ACCESS RELATED,1653,951
-105.263563,40.000114,Police Collision Report,COLLISION W/ OTHER VEH - BICYCLE,1901089,2,BASELINE RD/BROADWAY,BASELINE,CITY ST/CNTY RD,     ,  ,2019/02/02 00:00:00+00,2019/02/02 00:00:00+00,2019,2,February,0,7,2,Saturday,0,Motorway Collision,Daylight,NONE,Possible injury,0,0,0,40.000114,-105.263563,0,0,1,0,INTERSECTION RELATED,830,952
-105.234242,39.990396,Police Collision Report,COLLISION W/ OTHER VEH - BICYCLE,1901620,2,QUALLA DR/OSAGE DR,QUALLA DRIVE,CITY ST/CNTY RD,     ,  ,2019/02/14 00:00:00+00,2019/03/01 00:00:00+00,2019,3,March,0,6,1,Friday,0,Motorway Collision,Dawn or Dusk,NONE,Non-Incapacitating Injury,0,0,1,39.990396,-105.234242,0,0,1,0,AT INTERSECTION,1730,953
-105.254374,40.000033,Police Collision Report,COLLISION W/ OTHER VEH - BICYCLE,1903348,2,2950  BASELINE RD      ,2950 BASELINE ROAD,,     ,  ,2019/03/30 00:00:00+00,2019/03/30 11:21:00+00,2019,3,March,11,7,30,Saturday,11,Motorway Collision,Dark - Unlighted,NONE,Possible injury,0,0,0,40.000033,-105.254374,0,0,1,0,PARKING LOT,0,954
-105.258504,40.020518,Police Collision Report,COLLISION W/ OTHER VEH - BICYCLE,1902589,2,28TH ST/WALNUT ST,WALNUT ST,CITY ST/CNTY RD,11,W ,2019/03/11 16:16:59+00,2019/03/11 16:17:00+00,2019,3,March,16,2,11,Monday,16,Motorway Collision,Daylight,NONE,Incapacitating Injury,0,1,1,40.020518,-105.258504,0,0,1,0,AT INTERSECTION,1617,955
-105.248404,40.007276,Police Collision Report,COLLISION W/ OTHER VEH - BICYCLE,1902604,2,35TH ST/COLORADO AVE,35TH ST,CITY ST/CNTY RD,     ,  ,2019/03/12 00:00:00+00,2019/03/12 09:25:00+00,2019,3,March,9,3,12,Tuesday,9,Motorway Collision,Daylight,NONE,Non-Incapacitating Injury,0,0,1,40.007276,-105.248404,0,0,1,0,AT INTERSECTION,925,956
-105.258317,40.014664,Police Collision Report,COLLISION W/ OTHER VEH - BICYCLE,1813781,2,ARAPAHOE AVE/28TH ST,ARAPAHOE AVE,STATE HWY,30,E ,2018/10/12 00:00:00+00,2018/10/12 00:00:00+00,2018,10,October,0,6,12,Friday,0,Motorway Collision,Daylight,NONE,Property Damage Only,0,0,0,40.014664,-105.258317,0,0,1,0,AT INTERSECTION,825,957
-105.28016,40.022443,Police Collision Report,COLLISION W/ OTHER VEH - BICYCLE,1813889,2,13TH ST/HIGH ST,13TH STREET,CITY ST/CNTY RD,     ,  ,2018/10/26 00:00:00+00,2018/10/26 11:09:00+00,2018,10,October,11,6,26,Friday,11,Motorway Collision,Daylight,NONE,Property Damage Only,0,0,0,40.022443,-105.28016,0,0,1,0,AT INTERSECTION,1109,958
-105.258476,40.03511,Police Collision Report,COLLISION W/ OTHER VEH - BICYCLE,1814150,2,3325  28TH ST      ,IRIS AVE,CITY ST/CNTY RD,575,W ,2018/10/31 00:00:00+00,2018/10/31 17:08:00+00,2018,10,October,17,4,31,Wednesday,17,Motorway Collision,Dawn or Dusk,NONE,Non-Incapacitating Injury,0,0,1,40.03511,-105.258476,0,0,1,0,DRIVEWAY ACCESS RELATED,1708,959
-105.258565,40.008102,Police Collision Report,COLLISION W/ OTHER VEH - BICYCLE,1814195,2,COLORADO AVE/28TH ST,COLORADO AVE,STATE HWY,     ,  ,2018/11/01 00:00:00+00,2018/11/01 11:07:00+00,2018,11,November,11,5,1,Thursday,11,Motorway Collision,Daylight,NONE,Non-Incapacitating Injury,0,0,1,40.008102,-105.258565,0,0,1,0,INTERSECTION RELATED,1106,960
-105.279094,40.019326,Police Collision Report,COLLISION W/ OTHER VEH - BICYCLE,1814199,2,2115  13TH ST      ,PINE STREET,CITY ST/CNTY RD,143,W ,2018/11/01 00:00:00+00,2018/11/01 11:42:00+00,2018,11,November,11,5,1,Thursday,11,Motorway Collision,Daylight,NONE,Non-Incapacitating Injury,0,0,1,40.019326,-105.279094,0,0,1,0,DRIVEWAY ACCESS RELATED,1142,961
-105.263226,40.036463,Police Collision Report,COLLISION W/ OTHER VEH - BICYCLE,1814215,2,IRIS AVE/FOLSOM ST,FOLSOM,CITY ST/CNTY RD,     ,  ,2018/11/01 00:00:00+00,2018/11/01 18:36:00+00,2018,11,November,18,5,1,Thursday,18,Motorway Collision,Dark - Lighted,NONE,Property Damage Only,0,0,0,40.036463,-105.263226,0,0,1,0,AT INTERSECTION,1836,962
-105.260159,40.000452,Police Collision Report,COLLISION W/ OTHER VEH - BICYCLE,1813210,2,27TH WAY/BASELINE RD,27TH WAY,CITY ST/CNTY RD,     ,  ,2018/10/11 00:00:00+00,2018/10/11 19:29:00+00,2018,10,October,19,5,11,Thursday,19,Motorway Collision,Dark - Lighted,NONE,Possible injury,0,0,0,40.000452,-105.260159,0,0,1,0,INTERSECTION RELATED,1930,963
-105.263669,40.000099,Police Collision Report,COLLISION W/ OTHER VEH - BICYCLE,1812447,2,BASELINE RD/BROADWAY,BASELINE RD,,395,E ,2018/09/25 17:20:59+00,2018/09/25 17:21:00+00,2018,9,September,17,3,25,Tuesday,17,Motorway Collision,Daylight,NONE,Incapacitating Injury,0,2,2,40.000099,-105.263669,0,0,1,0,NON-INTERSECTION,1721,964
-105.243332,40.007436,Police Collision Report,COLLISION W/ OTHER VEH - BICYCLE,1812488,2,MONROE DR/COLORADO AVE,COLORADO AVE,CITY ST/CNTY RD,     ,  ,2018/09/26 00:00:00+00,2018/09/26 15:47:00+00,2018,9,September,15,4,26,Wednesday,15,Motorway Collision,Daylight,NONE,Non-Incapacitating Injury,0,0,1,40.007436,-105.243332,0,0,1,0,AT INTERSECTION,1547,965
-105.260468,40.017354,Police Collision Report,COLLISION W/ OTHER VEH - BICYCLE,1812103,2,CANYON BLVD/26TH ST,CANYON BLVD,STATE HWY,     ,  ,2018/09/18 00:00:00+00,2018/09/18 09:20:00+00,2018,9,September,9,3,18,Tuesday,9,Motorway Collision,Daylight,NONE,Possible injury,0,0,0,40.017354,-105.260468,0,0,1,0,AT INTERSECTION,920,966
-105.282106,40.043642,Police Collision Report,COLLISION W/ OTHER VEH - BICYCLE,1812229,2,BROADWAY/NORWOOD AVE,BROADWAY,CITY ST/CNTY RD,     ,  ,2018/09/20 00:00:00+00,2018/09/20 14:45:00+00,2018,9,September,14,5,20,Thursday,14,Motorway Collision,Daylight,NONE,Non-Incapacitating Injury,0,0,1,40.043642,-105.282106,0,0,1,0,AT INTERSECTION,1445,967
-105.249911,39.985461,Police Collision Report,COLLISION W/ OTHER VEH - BICYCLE,1812232,2,TABLE MESA DR/S BROADWAY,BROADWAY,STATE HWY,     ,  ,2018/09/20 00:00:00+00,2018/09/20 15:46:00+00,2018,9,September,15,5,20,Thursday,15,Motorway Collision,Daylight,NONE,Possible injury,0,0,0,39.985461,-105.249911,0,0,1,0,AT INTERSECTION,1546,968
-105.27441,40.017948,Police Collision Report,COLLISION W/ OTHER VEH - BICYCLE,1812167,2,16TH ST/WALNUT ST,WALNUT ST,CITY ST/CNTY RD,     ,  ,2018/09/14 00:00:00+00,2018/09/19 16:19:00+00,2018,9,September,16,4,19,Wednesday,16,Motorway Collision,Daylight,NONE,Incapacitating Injury,0,1,1,40.017948,-105.27441,0,0,1,0,AT INTERSECTION,1642,969
-105.267805,40.001847,Police Collision Report,COLLISION W/ OTHER VEH - BICYCLE,1812171,2,20TH ST/CASCADE AVE,20TH,CITY ST/CNTY RD,     ,  ,2018/09/19 00:00:00+00,2018/09/19 16:59:00+00,2018,9,September,16,4,19,Wednesday,16,Motorway Collision,Daylight,NONE,Non-Incapacitating Injury,0,0,1,40.001847,-105.267805,0,0,1,0,AT INTERSECTION,1659,970
-105.262271,40.032797,Police Collision Report,COLLISION W/ OTHER VEH - BICYCLE,1811946,2,ARNETT ST/GLENWOOD DR,GLENWOOD,CITY ST/CNTY RD,     ,  ,2018/09/14 00:00:00+00,2018/09/14 18:07:00+00,2018,9,September,18,6,14,Friday,18,Motorway Collision,Daylight,NONE,Non-Incapacitating Injury,0,0,1,40.032797,-105.262271,0,0,1,0,INTERSECTION RELATED,1807,971
-105.244901,40.029254,Police Collision Report,COLLISION W/ OTHER VEH - BICYCLE,1811797,2,VALMONT RD/FOOTHILLS PKWY,FOOTHILLS PKWY,STATE HWY,     ,  ,2018/09/11 00:00:00+00,2018/09/11 17:16:00+00,2018,9,September,17,3,11,Tuesday,17,Motorway Collision,Daylight,NONE,Non-Incapacitating Injury,0,0,1,40.029254,-105.244901,0,0,1,0,AT INTERSECTION,1716,972
-105.24133,39.973608,Police Collision Report,COLLISION W/ OTHER VEH - BICYCLE,1811713,2,GREENBRIAR BLVD/CHAMBERS DR,GREENBRIAR BLVD,CITY ST/CNTY RD,1098,W ,2018/09/09 18:06:59+00,2018/09/09 18:07:00+00,2018,9,September,18,1,9,Sunday,18,Motorway Collision,Dawn or Dusk,NONE,Incapacitating Injury,0,1,1,39.973608,-105.24133,0,0,1,0,DRIVEWAY ACCESS RELATED,1807,973
-105.234572,40.029228,Police Collision Report,COLLISION W/ OTHER VEH - BICYCLE,1807415,2,AIRPORT RD/VALMONT RD,AIRORT RD,CITY ST/CNTY RD,     ,  ,2018/06/16 00:00:00+00,2018/06/16 13:17:00+00,2018,6,June,13,7,16,Saturday,13,Motorway Collision,Daylight,NONE,Possible injury,0,0,0,40.029228,-105.234572,0,0,1,0,AT INTERSECTION,1316,974
-105.254621,40.000092,Police Collision Report,COLLISION W/ OTHER VEH - BICYCLE,1806877,2,BASELINE RD/CANYON CREEK RD,BASELINE ROAD,CITY ST/CNTY RD,40,W ,2018/06/06 00:00:00+00,2018/06/06 09:14:00+00,2018,6,June,9,4,6,Wednesday,9,Motorway Collision,Daylight,NONE,Possible injury,0,0,0,40.000092,-105.254621,0,0,1,0,DRIVEWAY ACCESS RELATED,912,975
-105.263033,40.014644,Police Collision Report,COLLISION W/ OTHER VEH - BICYCLE,1806893,2,ARAPAHOE AVE/FOLSOM ST,ARAPAHOE AVE,CITY ST/CNTY RD,300,E ,2018/06/01 00:00:00+00,2018/06/05 15:21:00+00,2018,6,June,15,3,5,Tuesday,15,Motorway Collision,Daylight,NONE,Possible injury,0,0,0,40.014644,-105.263033,0,0,1,0,DRIVEWAY ACCESS RELATED,1515,976
-105.244815,40.02287,Police Collision Report,COLLISION W/ OTHER VEH - BICYCLE,1807133,2,FOOTHILLS PKWY/PEARL PKWY,PEARL PKWY,STATE HWY,     ,  ,2018/06/11 00:00:00+00,2018/06/11 09:11:00+00,2018,6,June,9,2,11,Monday,9,Motorway Collision,Daylight,NONE,Non-Incapacitating Injury,0,0,1,40.02287,-105.244815,0,0,1,0,AT INTERSECTION,911,977
-105.289212,40.065466,Police Collision Report,COLLISION W/ OTHER VEH - BICYCLE,1806776,2,4TH ST/DAKOTA BLVD,4TH ST,CITY ST/CNTY RD,30,N ,2018/06/03 00:00:00+00,2018/06/03 11:56:00+00,2018,6,June,11,1,3,Sunday,11,Motorway Collision,Daylight,NONE,Property Damage Only,0,0,0,40.065466,-105.289212,0,0,1,0,NON-INTERSECTION,1156,978
-105.258482,40.036463,Police Collision Report,COLLISION W/ OTHER VEH - BICYCLE,1806728,2,28TH ST/DIAGONAL HWY,28TH,STATE HWY,     ,  ,2018/06/01 00:00:00+00,2018/06/01 22:24:00+00,2018,6,June,22,6,1,Friday,22,Motorway Collision,Dark - Lighted,NONE,Non-Incapacitating Injury,0,0,1,40.036463,-105.258482,0,0,1,0,AT INTERSECTION,2224,979
-105.263261,40.036431,Police Collision Report,COLLISION W/ OTHER VEH - BICYCLE,1806531,2,FOLSOM ST/IRIS AVE,FOLSOM ST,CITY ST/CNTY RD,     ,  ,2018/05/28 08:00:00+00,2018/05/28 10:20:00+00,2018,5,May,10,2,28,Monday,10,Motorway Collision,Daylight,NONE,Non-Incapacitating Injury,0,0,1,40.036431,-105.263261,0,0,1,0,AT INTERSECTION,800,980
-105.282114,40.040914,Police Collision Report,COLLISION W/ OTHER VEH - BICYCLE,1806603,2,BROADWAY/LINDEN AVE,LINDEN AVENUE,CITY ST/CNTY RD,     ,  ,2018/05/30 00:00:00+00,2018/05/30 08:01:00+00,2018,5,May,8,4,30,Wednesday,8,Motorway Collision,Daylight,NONE,Non-Incapacitating Injury,0,0,1,40.040914,-105.282114,0,0,1,0,AT INTERSECTION,801,981
-105.251929,40.023716,Police Collision Report,COLLISION W/ OTHER VEH - BICYCLE,1806373,2,JUNCTION PL/PEARL PKWY,3060 JUNCTION PL,,     ,  ,2018/05/24 00:00:00+00,2018/05/24 18:35:00+00,2018,5,May,18,5,24,Thursday,18,Motorway Collision,Daylight,NONE,Non-Incapacitating Injury,0,0,1,40.023716,-105.251929,0,0,1,0,DRIVEWAY ACCESS RELATED,1835,982
-105.253677,40.029218,Police Collision Report,COLLISION W/ OTHER VEH - BICYCLE,1806211,2,VALMONT RD/30TH ST,30TH ST,CITY ST/CNTY RD,10,S ,2018/05/21 00:00:00+00,2018/05/21 13:00:00+00,2018,5,May,13,2,21,Monday,13,Motorway Collision,Daylight,NONE,Non-Incapacitating Injury,0,0,1,40.029218,-105.253677,0,0,1,0,AT INTERSECTION,1325,983
-105.258468,40.032817,Police Collision Report,COLLISION W/ OTHER VEH - BICYCLE,1911321,2,28TH ST/GLENWOOD DR,28TH STREET,STATE HWY,     ,  ,2019/09/22 00:00:00+00,2019/09/22 19:47:00+00,2019,9,September,19,1,22,Sunday,19,Motorway Collision,Dark - Lighted,NONE,Non-Incapacitating Injury,0,0,1,40.032817,-105.258468,0,0,1,0,AT INTERSECTION,1947,984
-105.258407,40.022375,Police Collision Report,COLLISION W/ OTHER VEH - BICYCLE,1911389,2,28TH ST/PEARL ST,28TH ST,STATE HWY,60,N ,2019/09/24 00:00:00+00,2019/09/24 10:48:00+00,2019,9,September,10,3,24,Tuesday,10,Motorway Collision,Daylight,NONE,Property Damage Only,0,0,0,40.022375,-105.258407,0,0,1,0,NON-INTERSECTION,1048,985
-105.239699,40.008435,Police Collision Report,COLLISION W/ OTHER VEH - BICYCLE,1911407,2,COLORADO AVE/FOOTHILLS PKWY,COLORADO AVE,CITY ST/CNTY RD,     ,  ,2019/09/24 00:00:00+00,2019/09/24 14:23:00+00,2019,9,September,14,3,24,Tuesday,14,Motorway Collision,Daylight,NONE,Incapacitating Injury,0,1,1,40.008435,-105.239699,0,0,1,0,AT INTERSECTION,1423,986
-105.258407,40.022375,Police Collision Report,COLLISION W/ OTHER VEH - BICYCLE,1911449,2,28TH ST/PEARL ST,28TH ST,STATE HWY,427,N ,2019/09/25 00:00:00+00,2019/09/25 13:51:00+00,2019,9,September,13,4,25,Wednesday,13,Motorway Collision,Daylight,NONE,Possible injury,0,0,0,40.022375,-105.258407,0,0,1,0,NON-INTERSECTION,1351,987
-105.272584,40.013601,Police Collision Report,COLLISION W/ OTHER VEH - BICYCLE,1911445,2,17TH ST/MARINE ST,17TH ST,CITY ST/CNTY RD,     ,  ,2019/09/24 00:00:00+00,2019/09/24 00:00:00+00,2019,9,September,0,3,24,Tuesday,0,Motorway Collision,Daylight,NONE,Possible injury,0,0,0,40.013601,-105.272584,0,0,1,0,AT INTERSECTION,1559,988
-105.281901,40.000068,Police Collision Report,COLLISION W/ OTHER VEH - BICYCLE,1911163,2,9TH ST/BASELINE RD,9TH STREET,CITY ST/CNTY RD,     ,  ,2019/09/19 00:00:00+00,2019/09/19 15:10:00+00,2019,9,September,15,5,19,Thursday,15,Motorway Collision,Daylight,NONE,Possible injury,0,0,0,40.000068,-105.281901,0,0,1,0,AT INTERSECTION,1510,989
-105.246518,40.014484,Police Collision Report,COLLISION W/ OTHER VEH - BICYCLE,1911164,2,ARAPAHOE AVE/MARINE ST,ARAPAHOE AVENUE,STATE HWY,     ,  ,2019/09/19 00:00:00+00,2019/09/19 15:37:00+00,2019,9,September,15,5,19,Thursday,15,Motorway Collision,Daylight,NONE,Non-Incapacitating Injury,0,0,1,40.014484,-105.246518,0,0,1,0,AT INTERSECTION,1537,990
-105.263463,40.024915,Police Collision Report,COLLISION W/ OTHER VEH - BICYCLE,1911209,5,2342  FOLSOM ST      ,FOLSOM AVE,CITY ST/CNTY RD,80,S ,2019/09/20 00:00:00+00,2019/09/20 12:21:00+00,2019,9,September,12,6,20,Friday,12,Motorway Collision,Daylight,NONE,Incapacitating Injury,0,1,1,40.024915,-105.263463,0,0,1,0,NON-INTERSECTION,1221,991
-105.278102,40.02044,Police Collision Report,COLLISION W/ OTHER VEH - BICYCLE,1911231,2,14TH ST/PINE ST,14TH ST,CITY ST/CNTY RD,     ,  ,2019/09/20 00:00:00+00,2019/09/20 22:17:00+00,2019,9,September,22,6,20,Friday,22,Motorway Collision,Dark - Unlighted,NONE,Possible injury,0,0,0,40.02044,-105.278102,0,0,1,0,DRIVEWAY ACCESS RELATED,2100,992
-105.255889,40.000147,Police Collision Report,COLLISION W/ OTHER VEH - BICYCLE,1910734,2,29TH ST/BASELINE RD,BASELINE RD,CITY ST/CNTY RD,167,W ,2019/09/04 00:00:00+00,2019/09/09 00:00:00+00,2019,9,September,0,2,9,Monday,0,Motorway Collision,Dawn or Dusk,NONE,Possible injury,0,0,0,40.000147,-105.255889,0,0,1,0,DRIVEWAY ACCESS RELATED,1900,993
-105.256204,40.000195,Police Collision Report,COLLISION W/ OTHER VEH - BICYCLE,1911132,2,2877  BASELINE RD      ,2877 BASELINE RD,,     ,E ,2019/09/18 00:00:00+00,2019/09/18 18:17:00+00,2019,9,September,18,4,18,Wednesday,18,Motorway Collision,Dawn or Dusk,NONE,Incapacitating Injury,0,1,1,40.000195,-105.256204,0,0,1,0,DRIVEWAY ACCESS RELATED,1818,994
-105.249659,39.974766,Police Collision Report,COLLISION W/ OTHER VEH - BICYCLE,1911550,2,GILLASPIE DR/EMERSON AVE,GILLASPIE DR,CITY ST/CNTY RD,     ,  ,2019/09/27 00:00:00+00,2019/09/27 08:09:00+00,2019,9,September,8,6,27,Friday,8,Motorway Collision,Daylight,NONE,Property Damage Only,0,0,0,39.974766,-105.249659,0,0,1,0,AT INTERSECTION,809,995
-105.272821,40.021556,Police Collision Report,COLLISION W/ OTHER VEH - BICYCLE,1911807,2,PINE ST/18TH ST,PINE STREET,CITY ST/CNTY RD,     ,  ,2019/10/03 00:00:00+00,2019/10/03 08:10:00+00,2019,10,October,8,5,3,Thursday,8,Motorway Collision,Daylight,NONE,Non-Incapacitating Injury,0,0,1,40.021556,-105.272821,0,0,1,0,AT INTERSECTION,810,996
-105.258363,40.008082,Police Collision Report,COLLISION W/ OTHER VEH - BICYCLE,1911872,2,COLORADO AVE/28TH FRONTAGE RD,COLORADO AVE,CITY ST/CNTY RD,     ,  ,2019/10/04 00:00:00+00,2019/10/04 16:08:00+00,2019,10,October,16,6,4,Friday,16,Motorway Collision,Daylight,NONE,Property Damage Only,0,0,0,40.008082,-105.258363,0,0,1,0,AT INTERSECTION,1608,997
-105.26379,40.000067,Police Collision Report,COLLISION W/ OTHER VEH - BICYCLE,1912088,2,BROADWAY/BASELINE RD,BROADWAY,STATE HWY,     ,  ,2019/10/09 00:00:00+00,2019/10/09 16:49:00+00,2019,10,October,16,4,9,Wednesday,16,Motorway Collision,Daylight,NONE,Possible injury,0,0,0,40.000067,-105.26379,0,0,1,0,AT INTERSECTION,1630,998
-105.253772,40.020084,Police Collision Report,COLLISION W/ OTHER VEH - BICYCLE,1912124,2,30TH ST/WALNUT ST,30TH STREET,CITY ST/CNTY RD,     ,  ,2019/10/10 00:00:00+00,2019/10/10 15:11:00+00,2019,10,October,15,5,10,Thursday,15,Motorway Collision,Daylight,NONE,Property Damage Only,0,0,0,40.020084,-105.253772,0,0,1,0,AT INTERSECTION,1511,999
-105.272584,40.013601,Police Collision Report,COLLISION W/ OTHER VEH - BICYCLE,1912319,2,17TH ST/MARINE ST,17TH ST,CITY ST/CNTY RD,     ,  ,2019/10/15 00:00:00+00,2019/10/15 12:08:00+00,2019,10,October,12,3,15,Tuesday,12,Motorway Collision,Daylight,NONE,Non-Incapacitating Injury,0,0,1,40.013601,-105.272584,0,0,1,0,AT INTERSECTION,1208,1000
-105.243132,40.029251,Police Collision Report,COLLISION W/ OTHER VEH - BICYCLE,1912640,2,VALMONT RD/47TH ST,VALMONT RD,CITY ST/CNTY RD,     ,  ,2019/10/23 00:00:00+00,2019/10/23 12:43:00+00,2019,10,October,12,4,23,Wednesday,12,Motorway Collision,Daylight,NONE,Possible injury,0,0,0,40.029251,-105.243132,0,0,1,0,AT INTERSECTION,1243,1001
-105.253146,40.003727,Police Collision Report,COLLISION W/ OTHER VEH - BICYCLE,1912649,3,30TH ST/E AURORA AVE,30TH ST,CITY ST/CNTY RD,     ,  ,2019/10/23 00:00:00+00,2019/10/23 16:22:00+00,2019,10,October,16,4,23,Wednesday,16,Motorway Collision,Dawn or Dusk,NONE,Non-Incapacitating Injury,0,0,1,40.003727,-105.253146,0,0,1,0,AT INTERSECTION,1622,1002
-105.278102,40.02044,Police Collision Report,COLLISION W/ OTHER VEH - BICYCLE,1912585,2,14TH ST/PINE ST,PINE ST,CITY ST/CNTY RD,     ,  ,2019/10/22 00:00:00+00,2019/10/22 09:19:00+00,2019,10,October,9,3,22,Tuesday,9,Motorway Collision,Daylight,NONE,Non-Incapacitating Injury,0,0,1,40.02044,-105.278102,0,0,1,0,AT INTERSECTION,919,1003
-105.255925,40.000177,Police Collision Report,COLLISION W/ OTHER VEH - BICYCLE,1912725,2,BASELINE RD/29TH ST,BASELINE RD,CITY ST/CNTY RD,288,E ,2019/10/25 00:00:00+00,2019/10/25 16:25:00+00,2019,10,October,16,6,25,Friday,16,Motorway Collision,Daylight,NONE,Non-Incapacitating Injury,0,0,1,40.000177,-105.255925,0,0,1,0,DRIVEWAY ACCESS RELATED,1625,1004
-105.258407,40.022375,Police Collision Report,COLLISION W/ OTHER VEH - BICYCLE,1913007,2,28TH ST/PEARL ST,28TH STREET,STATE HWY,     ,  ,2019/11/01 00:00:00+00,2019/11/01 17:06:00+00,2019,11,November,17,6,1,Friday,17,Motorway Collision,Dawn or Dusk,NONE,Property Damage Only,0,0,0,40.022375,-105.258407,0,0,1,0,AT INTERSECTION,1706,1005
-105.264083,40.008226,Police Collision Report,COLLISION W/ OTHER VEH - BICYCLE,1913211,2,FOLSOM ST/COLORADO AVE,COLORADO AVE,CITY ST/CNTY RD,196,W ,2019/11/07 00:00:00+00,2019/11/07 08:51:00+00,2019,11,November,8,5,7,Thursday,8,Motorway Collision,Daylight,NONE,Possible injury,0,0,0,40.008226,-105.264083,0,0,1,0,NON-INTERSECTION,850,1006