X,Y,ReportType,PrmaryCollsionType,CaseNumber,UnitsInvolved,Location,OnHighway,CrossStreet,FeetFromIntersection,DirectionFromIntersection,CollisionDate,ReportedDate,ReportedYear,ReportedMonth,ReportedMonthName,ReportedWeek,ReportedDayofWeekNum,ReportedDayofMonth,ReportedDayofWeek,ReportedHour,HitAndRunStatus,LightingCondition,WeatherCondition,Severity,NumKilled,NumSeriouslyInjured,NumInjuredOrKilled,Lat,Lon,DUI,AlcoholDrugSuspected,BicyclesInvolved,PedestriansInvolved,RoadDescription,Crash_Time,ESRI_OID
-105.258501,40.038907,Police Collision Report,COLLISION W/ OBJECT - CURB,2001992,1,28TH ST/KALMIA CT,28TH ST,STATE HWY,760,S ,,2020/02/22 15:45:00+00,2020,2,February,15,7,22,Saturday,15,Motorway Collision,Daylight,NONE,Property Damage Only,0,0,0,40.038907,-105.258501,0,0,0,0,NON-INTERSECTION,1545,1470
-105.248336,40.000062,Police Collision Report,COLLISION W/ OBJECT - CURB,2002148,1,35TH ST/BASELINE RD,35TH ST,CITY ST/CNTY RD,     ,  ,2020/02/27 00:00:00+00,2020/02/27 00:00:00+00,2020,2,February,0,5,27,Thursday,0,Motorway Collision,Dark - Unlighted,NONE,Property Damage Only,0,0,0,40.000062,-105.248336,0,0,0,0,AT INTERSECTION,120,1471
-105.258363,40.008082,Police Collision Report,COLLISION W/ OBJECT - CURB,2002112,1,COLORADO AVE/28TH FRONTAGE RD,COLORADO AVE,CITY ST/CNTY RD,     ,  ,2020/02/26 00:00:00+00,2020/02/26 00:28:00+00,2020,2,February,0,4,26,Wednesday,0,Motorway Collision,Dark - Lighted,NONE,Possible injury,0,0,0,40.008082,-105.258363,0,0,0,0,AT INTERSECTION,28,1472
-105.250152,40.018236,Police Collision Report,COLLISION W/ OBJECT - CURB,2002116,1,1805  33RD ST      ,1805 33RD ST,,     ,  ,2020/02/26 00:00:00+00,2020/02/26 09:09:00+00,2020,2,February,9,4,26,Wednesday,9,Motorway Collision,Daylight,NONE,Property Damage Only,0,0,0,40.018236,-105.250152,0,0,0,0,PARKING LOT,909,1473
-105.236169,39.986022,Police Collision Report,COLLISION W/ OBJECT - CURB,2002259,2,TABLE MESA DR/HWY 36 EB OFF RP @ T MESA,US 36 OFF-RAMP,STATE HWY,     ,  ,2020/02/29 00:00:00+00,2020/02/29 14:08:00+00,2020,2,February,14,7,29,Saturday,14,Motorway Collision,Daylight,NONE,Property Damage Only,0,0,0,39.986022,-105.236169,0,0,0,0,AT INTERSECTION,1400,1474
-105.291596,40.012874,Police Collision Report,COLLISION W/ OBJECT - CURB,2005080,3,ARAPAHOE AVE/4TH ST,ARAPAHOE AVE,CITY ST/CNTY RD,     ,  ,2000/05/31 00:00:00+00,2020/05/31 14:35:00+00,2020,5,May,14,1,31,Sunday,14,Motorway Collision,Daylight,NONE,Non-Incapacitating Injury,0,0,1,40.012874,-105.291596,0,0,0,0,ROUNDABOUT,1435,1475
-105.228112,40.014736,Police Collision Report,COLLISION W/ OBJECT - CURB,2004274,1,CONESTOGA ST/ARAPAHOE AVE,ARAPAHOE AVE,STATE HWY,300,E ,2020/05/07 00:00:00+00,2020/05/07 17:27:00+00,2020,5,May,17,5,7,Thursday,17,Motorway Collision,Daylight,NONE,Property Damage Only,0,0,0,40.014736,-105.228112,0,0,0,0,NON-INTERSECTION,1727,1476
-105.285596,40.026717,Police Collision Report,COLLISION W/ OBJECT - CURB,2004396,1,9TH ST/BALSAM AVE,9TH ST,CITY ST/CNTY RD,146,S ,2020/05/11 00:00:00+00,2020/05/11 15:54:00+00,2020,5,May,15,2,11,Monday,15,Motorway Collision,Daylight,NONE,Property Damage Only,0,0,0,40.026717,-105.285596,0,0,0,0,NON-INTERSECTION,1554,1477
-105.215695,40.064789,Police Collision Report,COLLISION W/ OBJECT - CURB,2004646,1,SPINE RD/LONGBOW DR,SPINE RD,CITY ST/CNTY RD,195,S ,2020/05/19 00:00:00+00,2020/05/19 14:19:00+00,2020,5,May,14,3,19,Tuesday,14,Motorway Collision,Daylight,NONE,Incapacitating Injury,0,1,1,40.064789,-105.215695,0,0,0,0,NON-INTERSECTION,1419,1478
-105.258349,39.992693,Police Collision Report,COLLISION W/ OBJECT - CURB,2008030,1,ASH AVE/S BROADWAY,S BROADWAY,STATE HWY,     ,  ,2020/08/25 00:00:00+00,2020/08/25 00:34:00+00,2020,8,August,0,3,25,Tuesday,0,Motorway Collision,Dark - Lighted,NONE,Property Damage Only,0,0,0,39.992693,-105.258349,0,0,0,0,AT INTERSECTION,34,1479
-105.243783,39.992151,Police Collision Report,COLLISION W/ OBJECT - CURB,2007765,2,HOPI PL/APACHE RD,HOPI PLACE,,700,N ,2020/08/01 00:00:00+00,2020/08/01 00:00:00+00,2020,8,August,0,7,1,Saturday,0,Motorway Collision,Daylight,NONE,Property Damage Only,0,0,0,39.992151,-105.243783,0,0,0,0,NON-INTERSECTION,1000,1480
-105.272492,40.004703,Police Collision Report,COLLISION W/ OBJECT - CURB,2006693,1,956   16TH ST      ,16TH ST,CITY ST/CNTY RD,     ,  ,2020/07/18 20:16:59+00,2020/07/18 20:17:00+00,2020,7,July,20,7,18,Saturday,20,Motorway Collision,Daylight,NONE,Property Damage Only,0,0,0,40.004703,-105.272492,0,0,0,0,AT INTERSECTION,2017,1481
-105.282152,40.05457,Police Collision Report,COLLISION W/ OBJECT - CURB,2006898,3,BROADWAY/VIOLET AVE,BROADWAY,CITY ST/CNTY RD,150,N ,2020/07/25 00:00:00+00,2020/07/25 10:11:00+00,2020,7,July,10,7,25,Saturday,10,Motorway Collision,Dark - Lighted,NONE,Property Damage Only,0,0,0,40.05457,-105.282152,0,0,0,0,INTERSECTION RELATED,342,1482
-105.236404,40.000161,Police Collision Report,COLLISION W/ OBJECT - CURB,2006999,1,MOHAWK DR/BASELINE RD,MOHAWK DR.,CITY ST/CNTY RD,     ,  ,2020/07/28 00:00:00+00,2020/07/28 09:58:00+00,2020,7,July,9,3,28,Tuesday,9,Motorway Collision,Daylight,NONE,Property Damage Only,0,0,0,40.000161,-105.236404,1,1,0,0,AT INTERSECTION,955,1483
-105.25372,40.031198,Police Collision Report,COLLISION W/ OBJECT - CURB,2007150,1,30TH ST/EAGLE WAY,30TH,CITY ST/CNTY RD,78,N ,2020/08/01 00:00:00+00,2020/08/01 09:33:00+00,2020,8,August,9,7,1,Saturday,9,Motorway Collision,Daylight,NONE,Property Damage Only,0,0,0,40.031198,-105.25372,0,0,0,0,NON-INTERSECTION,933,1484
-105.232572,40.000025,Police Collision Report,COLLISION W/ OBJECT - CURB,2010483,1,FOOTHILLS PKWY/BASELINE RD,FOOTHILLS PKWY,STATE HWY,986,N ,2020/10/25 00:00:00+00,2020/10/25 00:00:00+00,2020,10,October,0,1,25,Sunday,0,Motorway Collision,Dark - Unlighted,NONE,Possible injury,0,0,0,40.000025,-105.232572,0,0,0,0,NON-INTERSECTION,530,1485
-105.23649,39.997915,Police Collision Report,COLLISION W/ OBJECT - CURB,2010344,1,MOHAWK DR/LAGUNA PL,MOHAWK DR,CITY ST/CNTY RD,     ,  ,2020/10/29 00:00:00+00,2020/10/29 04:15:00+00,2020,10,October,4,5,29,Thursday,4,Motorway Collision,Dark - Lighted,NONE,Property Damage Only,0,0,0,39.997915,-105.23649,0,0,0,0,AT INTERSECTION,414,1486
-105.26626,40.022897,Police Collision Report,COLLISION W/ OBJECT - CURB,2010330,1,PINE ST/23RD ST,PINE ST,CITY ST/CNTY RD,     ,  ,2020/10/28 00:00:00+00,2020/10/28 16:56:00+00,2020,10,October,16,4,28,Wednesday,16,Motorway Collision,Daylight,NONE,Property Damage Only,0,0,0,40.022897,-105.26626,0,0,0,0,ROUNDABOUT,1655,1487
-105.246923,39.982262,Police Collision Report,COLLISION W/ OBJECT - CURB,2010963,1,S BROADWAY/HANOVER AVE,S BROADWAY,STATE HWY,     ,  ,2020/11/18 02:48:59+00,2020/11/18 02:49:00+00,2020,11,November,2,4,18,Wednesday,2,Motorway Collision,Dark - Lighted,NONE,Property Damage Only,0,0,0,39.982262,-105.246923,1,1,0,0,AT INTERSECTION,249,1488
-105.246573,40.015272,Police Collision Report,COLLISION W/ OBJECT - CURB,2009960,1,38TH ST/EXPOSITION DR,38TH STREET,CITY ST/CNTY RD,120,N ,2020/10/17 00:00:00+00,2020/10/17 17:32:00+00,2020,10,October,17,7,17,Saturday,17,Motorway Collision,Daylight,NONE,Property Damage Only,0,0,0,40.015272,-105.246573,0,0,0,0,NON-INTERSECTION,1735,1489
-105.253051,39.999326,Police Collision Report,COLLISION W/ OBJECT - CURB,2009018,1,659   30TH ST      ,32ND ST,CITY ST/CNTY RD,20,W ,2020/09/20 22:59:00+00,2020/09/20 22:59:00+00,2020,9,September,22,1,20,Sunday,22,Motorway Collision,Dark - Lighted,NONE,Property Damage Only,0,0,0,39.999326,-105.253051,1,1,0,0,INTERSECTION RELATED,2259,1490
-105.283422,40.01316,Police Collision Report,COLLISION W/ OBJECT - CURB,2009459,1,9TH ST/ARAPAHOE AVE,9TH ST,CITY ST/CNTY RD,50,N ,2020/10/02 00:00:00+00,2020/10/02 21:31:00+00,2020,10,October,21,6,2,Friday,21,Motorway Collision,Dark - Lighted,NONE,Non-Incapacitating Injury,0,0,1,40.01316,-105.283422,0,0,0,0,INTERSECTION RELATED,2131,1491
-105.245832,39.980933,Police Collision Report,COLLISION W/ OBJECT - CURB,2101260,1,S BROADWAY/DARLEY AVE,BROADWAY,STATE HWY,     ,  ,2021/02/10 00:00:00+00,2021/02/10 23:41:00+00,2021,2,February,23,4,10,Wednesday,23,Motorway Collision,Dark - Lighted,NONE,Property Damage Only,0,0,0,39.980933,-105.245832,0,0,0,0,AT INTERSECTION,2341,1492
-105.216238,40.057212,Police Collision Report,COLLISION W/ OBJECT - CURB,2101068,1,SPINE RD/ORCHARD CREEK LN,SPINE ROAD,CITY ST/CNTY RD,     ,  ,2021/02/04 00:00:00+00,2021/02/04 13:58:00+00,2021,2,February,13,5,4,Thursday,13,Motorway Collision,Daylight,NONE,Property Damage Only,0,0,0,40.057212,-105.216238,0,0,0,0,AT INTERSECTION,1358,1493
-105.225348,40.000086,Police Collision Report,COLLISION W/ OBJECT - CURB,2100819,1,BASELINE RD/55TH ST,BASELINE ROAD,CITY ST/CNTY RD,     ,  ,2021/01/27 00:00:00+00,2021/01/27 08:33:00+00,2021,1,January,8,4,27,Wednesday,8,Motorway Collision,Daylight,NONE,Property Damage Only,0,0,0,40.000086,-105.225348,0,0,0,0,AT INTERSECTION,833,1494
-105.247447,40.02285,Police Collision Report,COLLISION W/ OBJECT - CURB,2100263,1,PEARL PKWY/FRONTIER AVE,PEARL PKWY,CITY ST/CNTY RD,     ,  ,2021/01/10 00:00:00+00,2021/01/10 09:39:00+00,2021,1,January,9,1,10,Sunday,9,Motorway Collision,Daylight,NONE,Property Damage Only,0,0,0,40.02285,-105.247447,0,0,0,0,AT INTERSECTION,805,1495
-105.225423,40.029232,Police Collision Report,COLLISION W/ OBJECT - CURB,2100710,1,55TH ST/VALMONT RD,VALMONT RD,CITY ST/CNTY RD,     ,  ,2021/01/23 00:00:00+00,2021/01/23 16:45:00+00,2021,1,January,16,7,23,Saturday,16,Motorway Collision,Dawn or Dusk,NONE,Property Damage Only,0,0,0,40.029232,-105.225423,0,0,0,0,AT INTERSECTION,1645,1496
-105.277737,40.019432,Police Collision Report,COLLISION W/ OBJECT - CURB,2100674,1,14TH ST/SPRUCE ST,14TH ST,CITY ST/CNTY RD,344,N ,2021/01/22 00:00:00+00,2021/01/22 16:05:00+00,2021,1,January,16,6,22,Friday,16,Motorway Collision,Daylight,NONE,Possible injury,0,0,0,40.019432,-105.277737,0,0,0,0,NON-INTERSECTION,1605,1497
-105.291646,40.015498,Police Collision Report,COLLISION W/ OBJECT - CURB,2100190,1,301   PEARL ST      ,301 PEARL ST #2,,     ,  ,2021/01/07 00:00:00+00,2021/01/07 13:44:00+00,2021,1,January,13,5,7,Thursday,13,Motorway Collision,Daylight,NONE,Property Damage Only,0,0,0,40.015498,-105.291646,0,0,0,0,PARKING LOT,1344,1498
-105.282104,40.03412,Police Collision Report,COLLISION W/ OBJECT - CURB,2011896,1,BROADWAY/GRAPE AVE,BROADWAY,CITY ST/CNTY RD,200,S ,2020/12/22 06:28:59+00,2020/12/22 06:29:00+00,2020,12,December,6,3,22,Tuesday,6,Motorway Collision,Daylight,NONE,Property Damage Only,0,0,0,40.03412,-105.282104,1,1,0,0,NON-INTERSECTION,629,1499
-105.277318,40.014367,Police Collision Report,COLLISION W/ OBJECT - CURB,2011868,1,13TH ST/ARAPAHOE AVE,ARAPAHOE AVE,CITY ST/CNTY RD,200F ,E ,2020/12/20 00:00:00+00,2020/12/20 20:06:00+00,2020,12,December,20,1,20,Sunday,20,Motorway Collision,Dark - Lighted,NONE,Property Damage Only,0,0,0,40.014367,-105.277318,0,0,0,0,NON-INTERSECTION,2006,1500
-105.267753,40.003418,Police Collision Report,COLLISION W/ OBJECT - CURB,2011829,1,BROADWAY/REGENT DR,BROADAY,STATE HWY,     ,  ,2020/12/18 22:08:00+00,2020/12/19 00:00:00+00,2020,12,December,0,7,19,Saturday,0,Motorway Collision,Dark - Lighted,NONE,Property Damage Only,0,0,0,40.003418,-105.267753,1,1,0,0,INTERSECTION RELATED,2208,1501
-105.258504,40.020518,Police Collision Report,COLLISION W/ OBJECT - CURB,2011450,1,28TH ST/WALNUT ST,28TH ST,STATE HWY,     ,  ,2020/12/06 00:00:00+00,2020/12/06 07:01:00+00,2020,12,December,7,1,6,Sunday,7,Motorway Collision,Dawn or Dusk,NONE,Property Damage Only,0,0,0,40.020518,-105.258504,0,0,0,0,AT INTERSECTION,714,1502
-105.235766,39.980658,Police Collision Report,COLLISION W/ OBJECT - CURB,2011507,1,933   E MOORHEAD CIRE      ,933 E MOORHEAD CIR,,     ,  ,2020/12/08 00:00:00+00,2020/12/08 06:07:00+00,2020,12,December,6,3,8,Tuesday,6,Motorway Collision,Daylight,NONE,Property Damage Only,0,0,0,39.980658,-105.235766,0,0,0,0,PARKING LOT,606,1503
-105.223919,40.014541,Police Collision Report,COLLISION W/ OBJECT - CURB,2011740,2,ARAPAHOE AVE/56TH ST,ARAPAHOE AVE,STATE HWY,220,E ,2020/12/16 00:00:00+00,2020/12/16 14:40:00+00,2020,12,December,14,4,16,Wednesday,14,Motorway Collision,Daylight,NONE,Property Damage Only,0,0,0,40.014541,-105.223919,0,0,0,0,NON-INTERSECTION,1440,1504
-105.23281,39.999988,Police Collision Report,COLLISION W/ OBJECT - CURB,2101936,1,BASELINE RD/FOOTHILLS PKWY,FOOTHILLS PKWY,STATE HWY,70,N ,2021/03/07 00:00:00+00,2021/03/07 05:00:00+00,2021,3,March,5,1,7,Sunday,5,Motorway Collision,Dark - Lighted,NONE,Incapacitating Injury,0,1,1,39.999988,-105.23281,0,0,0,0,INTERSECTION RELATED,500,1505
-105.253569,40.016357,Police Collision Report,COLLISION W/ OBJECT - CURB,2102469,1,1682  30TH ST      ,1682 30TH ST,,     ,  ,2021/03/25 00:00:00+00,2021/03/25 12:38:00+00,2021,3,March,12,5,25,Thursday,12,Motorway Collision,Daylight,NONE,Property Damage Only,0,0,0,40.016357,-105.253569,0,0,0,0,PARKING LOT,1238,1506
-105.274674,40.007207,Police Collision Report,COLLISION W/ OBJECT - CURB,2102499,1,BROADWAY/COLLEGE AVE,COLLEGE AVE,CITY ST/CNTY RD,40,N ,2021/03/27 00:00:00+00,2021/03/27 05:41:00+00,2021,3,March,5,7,27,Saturday,5,Motorway Collision,Dawn or Dusk,NONE,Possible injury,0,0,0,40.007207,-105.274674,0,0,0,0,NON-INTERSECTION,541,1507
-105.240833,40.014503,Police Collision Report,COLLISION W/ OBJECT - CURB,2102186,1,ARAPAHOE AVE/FOOTHILLS PKWY,FOOTHILLS PKWY,STATE HWY,750,N ,2021/03/16 00:00:00+00,2021/03/16 07:23:00+00,2021,3,March,7,3,16,Tuesday,7,Motorway Collision,Daylight,NONE,Property Damage Only,0,0,0,40.014503,-105.240833,0,0,0,0,NON-INTERSECTION,720,1508
-105.255275,40.000078,Police Collision Report,COLLISION W/ OBJECT - CURB,2101567,1,2920  BASELINE RD      ,2900 BASELINE RD,,     ,  ,2021/02/23 00:15:00+00,2021/02/23 00:15:00+00,2021,2,February,0,3,23,Tuesday,0,Motorway Collision,Dark - Lighted,NONE,Property Damage Only,0,0,0,40.000078,-105.255275,1,1,0,0,PARKING LOT,14,1509
-105.246483,39.999985,Police Collision Report,COLLISION W/ OBJECT - CURB,2102804,1,37TH ST/BASELINE RD,BASELINE RD,CITY ST/CNTY RD,     ,W ,2021/04/06 21:20:30+00,2021/04/06 21:21:00+00,2021,4,April,21,3,6,Tuesday,21,Motorway Collision,Dark - Lighted,NONE,Property Damage Only,0,0,0,39.999985,-105.246483,1,1,0,0,CROSSOVER-RELATED,2122,1510
-105.235207,39.999986,Police Collision Report,COLLISION W/ OBJECT - CURB,2102853,1,4800  BASELINE RD E108   ,4800 BASELINE RD E108,,     ,  ,2021/04/08 00:00:00+00,2021/04/08 14:38:00+00,2021,4,April,14,5,8,Thursday,14,Motorway Collision,Daylight,NONE,Property Damage Only,0,0,0,39.999986,-105.235207,0,0,0,0,PARKING LOT,1438,1511
-105.244674,40.038243,Police Collision Report,COLLISION W/ OBJECT - CURB,2103082,3,FOOTHILLS PKWY/DIAGONAL HWY,FOOTHILLS PARKWAY,STATE HWY,     ,  ,2021/04/16 00:00:00+00,2021/04/16 06:36:00+00,2021,4,April,6,6,16,Friday,6,Motorway Collision,Daylight,NONE,Property Damage Only,0,0,0,40.038243,-105.244674,0,0,0,0,CROSSOVER-RELATED,636,1512
-105.267763,40.003446,Police Collision Report,COLLISION W/ OBJECT - CURB,2103458,1,20TH ST/BROADWAY,BROADWAY,CITY ST/CNTY RD,     ,  ,2021/04/29 05:44:59+00,2021/04/29 05:45:00+00,2021,4,April,5,5,29,Thursday,5,Motorway Collision,Daylight,NONE,Non-Incapacitating Injury,0,0,2,40.003446,-105.267763,1,1,0,0,NON-INTERSECTION,545,1513
-105.2479,40.038171,Police Collision Report,COLLISION W/ OBJECT - CURB,2103085,1,DIAGONAL HWY/FOOTHILLS SB OFF RP @ DIAG WB,DIAGONAL HIGHWAY,STATE HWY,     ,E ,2021/04/16 00:00:00+00,2021/04/16 00:00:00+00,2021,4,April,0,6,16,Friday,0,Motorway Collision,Daylight,NONE,Possible injury,0,0,0,40.038171,-105.2479,0,0,0,0,NON-INTERSECTION,853,1514
-105.240864,40.022234,Police Collision Report,COLLISION W/ OBJECT - CURB,2103446,1,48TH ST/PEARL PKWY,PEARL PARKWAY (MULTI USE PATH),CITY ST/CNTY RD,     ,  ,2021/04/28 00:00:00+00,2021/04/28 17:15:00+00,2021,4,April,17,4,28,Wednesday,17,Motorway Collision,Daylight,NONE,Incapacitating Injury,0,1,1,40.022234,-105.240864,0,0,0,0,SHARE-USE PATH OR TRAIL,1710,1515
-105.282084,40.048038,Police Collision Report,COLLISION W/ OBJECT - CURB,2003496,1,QUINCE AVE/BROADWAY,QUINCE AVE,CITY ST/CNTY RD,     ,  ,2020/04/08 18:28:59+00,2020/04/08 18:29:00+00,2020,4,April,18,4,8,Wednesday,18,Motorway Collision,Daylight,NONE,Possible injury,0,0,0,40.048038,-105.282084,1,1,0,0,NON-INTERSECTION,1829,1516
-105.260873,40.021728,Police Collision Report,COLLISION W/ OBJECT - CURB,2104444,1,PEARL ST/26TH ST,PEARL ST,CITY ST/CNTY RD,     ,E ,2021/05/27 00:00:00+00,2021/05/27 21:57:00+00,2021,5,May,21,5,27,Thursday,21,Motorway Collision,Dark - Lighted,NONE,Property Damage Only,0,0,0,40.021728,-105.260873,0,0,0,0,AT INTERSECTION,2155,1517
-105.241419,39.976174,Police Collision Report,COLLISION W/ OBJECT - CURB,2103769,1,S BROADWAY/LUDLOW ST,SOUTH BROADWAY,STATE HWY,     ,  ,2021/05/08 00:00:59+00,2021/05/08 00:01:00+00,2021,5,May,0,7,8,Saturday,0,Motorway Collision,Dark - Lighted,NONE,Property Damage Only,0,0,0,39.976174,-105.241419,1,1,0,0,AT INTERSECTION,1,1518
-105.255949,40.001297,Police Collision Report,COLLISION W/ OBJECT - CURB,2105060,1,28TH FRONTAGE RD/29TH ST,28TH FRONTAGE ROAD,CITY ST/CNTY RD,     ,W ,2021/06/14 00:00:00+00,2021/06/14 23:31:00+00,2021,6,June,23,2,14,Monday,23,Motorway Collision,Dark - Lighted,NONE,Property Damage Only,0,0,0,40.001297,-105.255949,0,0,0,0,NON-INTERSECTION,1131,1519
-105.240024,40.029202,Police Collision Report,COLLISION W/ OBJECT - CURB,2108558,1,VALMONT RD/STERLING CT,VALMONT ROAD,CITY ST/CNTY RD,     ,W ,2021/09/11 00:00:00+00,2021/09/11 10:59:00+00,2021,9,September,10,7,11,Saturday,10,Motorway Collision,Daylight,NONE,Property Damage Only,0,0,0,40.029202,-105.240024,0,0,0,0,NON-INTERSECTION,1059,1520
-105.258524,40.008127,Police Collision Report,COLLISION W/ OBJECT - CURB,2108921,1,28TH ST/COLORADO AVE,28TH STREET,STATE HWY,     ,S ,2021/09/20 00:00:00+00,2021/09/20 00:01:00+00,2021,9,September,0,2,20,Monday,0,Motorway Collision,Dark - Lighted,NONE,Property Damage Only,0,0,0,40.008127,-105.258524,0,0,0,0,NON-INTERSECTION,1,1521
-105.276238,40.007301,Police Collision Report,COLLISION W/ OBJECT - CURB,2109718,2,13TH ST/COLLEGE AVE,COLLEGE AVE,CITY ST/CNTY RD,     ,W ,2021/10/10 00:00:00+00,2021/10/10 12:11:00+00,2021,10,October,12,1,10,Sunday,12,Motorway Collision,Daylight,NONE,Non-Incapacitating Injury,0,0,1,40.007301,-105.276238,1,1,0,0,NON-INTERSECTION,1211,1522
-105.222643,40.006715,Police Collision Report,COLLISION W/ OBJECT - CURB,2109522,1,1091  LOVE CT      ,1091 LOVE CT,,     ,  ,2021/10/05 00:00:00+00,2021/10/05 19:16:00+00,2021,10,October,19,3,5,Tuesday,19,Motorway Collision,Dark - Unlighted,NONE,Property Damage Only,0,0,0,40.006715,-105.222643,0,0,0,0,,1917,1523
-105.277469,40.009438,Police Collision Report,COLLISION W/ OBJECT - CURB,2109183,1,12TH ST/PLEASANT ST,12TH ST,CITY ST/CNTY RD,     ,  ,2021/09/24 00:00:00+00,2021/09/24 00:00:00+00,2021,9,September,0,6,24,Friday,0,Motorway Collision,Dark - Unlighted,NONE,Property Damage Only,0,0,0,40.009438,-105.277469,0,0,0,0,AT INTERSECTION,2100,1524
-105.244901,40.029254,Police Collision Report,COLLISION W/ OBJECT - CURB,2109351,2,VALMONT RD/FOOTHILLS PKWY,FOOTHILLS PARKWAY,STATE HWY,     ,N ,2021/10/01 14:01:59+00,2021/10/01 14:02:00+00,2021,10,October,14,6,1,Friday,14,Motorway Collision,Daylight,NONE,Property Damage Only,0,0,0,40.029254,-105.244901,1,1,0,0,NON-INTERSECTION,1402,1525
-105.241332,39.976175,Police Collision Report,COLLISION W/ OBJECT - CURB,2109360,1,1405  S BROADWAYS      ,BRADLEY DR,CITY ST/CNTY RD,     ,S ,2021/10/01 00:00:00+00,2021/10/01 18:22:00+00,2021,10,October,18,6,1,Friday,18,Motorway Collision,Daylight,NONE,Property Damage Only,0,0,0,39.976175,-105.241332,0,0,0,0,NON-INTERSECTION,1827,1526
-105.234408,39.986639,Police Collision Report,COLLISION W/ OBJECT - CURB,2109422,1,4920  TABLE MESA DR      ,4920 TABLE MESA DR,,     ,  ,2021/10/03 00:00:00+00,2021/10/03 00:00:00+00,2021,10,October,0,1,3,Sunday,0,Motorway Collision,Dark - Unlighted,NONE,Property Damage Only,0,0,0,39.986639,-105.234408,0,0,0,0,RAMP,430,1527
-105.232014,39.986835,Police Collision Report,COLLISION W/ OBJECT - CURB,2109006,1,FOOTHILLS PKWY/TABLE MESA DR,S BOULDER RD,CITY ST/CNTY RD,     ,  ,2021/09/21 18:07:59+00,2021/09/21 18:08:00+00,2021,9,September,18,3,21,Tuesday,18,Motorway Collision,Daylight,NONE,Non-Incapacitating Injury,0,0,1,39.986835,-105.232014,1,1,0,0,RAMP-RELATED,1808,1528
-105.258417,40.017104,Police Collision Report,COLLISION W/ OBJECT - CURB,2109139,1,1690  28TH ST      ,28TH ST,STATE HWY,     ,N ,2021/09/25 03:03:59+00,2021/09/25 03:04:00+00,2021,9,September,3,7,25,Saturday,3,Motorway Collision,Dark - Lighted,NONE,Property Damage Only,0,0,0,40.017104,-105.258417,1,1,0,0,NON-INTERSECTION,300,1529
-105.274767,40.018974,Police Collision Report,COLLISION W/ OBJECT - CURB,2109144,1,16TH ST/PEARL ST,PEARL STREET,CITY ST/CNTY RD,     ,  ,2021/09/25 00:00:00+00,2021/09/25 07:27:00+00,2021,9,September,7,7,25,Saturday,7,Motorway Collision,Daylight,NONE,Property Damage Only,0,0,0,40.018974,-105.274767,0,0,0,0,AT INTERSECTION,727,1530
-105.281347,40.018716,Police Collision Report,COLLISION W/ OBJECT - CURB,2107373,1,1123  SPRUCE ST      ,1123 SPRUCE ST,,     ,  ,2021/08/18 00:00:00+00,2021/08/18 17:53:00+00,2021,8,August,17,4,18,Wednesday,17,Motorway Collision,,NONE,Property Damage Only,0,0,0,40.018716,-105.281347,0,0,0,0,PARKING LOT,1753,1531
-105.275002,40.007245,Police Collision Report,COLLISION W/ OBJECT - CURB,2106894,1,14TH ST/COLLEGE AVE,BROADWAY,STATE HWY,     ,SW,2021/08/06 01:21:00+00,2021/08/06 01:22:00+00,2021,8,August,1,6,6,Friday,1,Motorway Collision,Dark - Lighted,NONE,Incapacitating Injury,0,1,1,40.007245,-105.275002,1,1,0,0,AT INTERSECTION,121,1532
-105.266282,40.022862,Police Collision Report,COLLISION W/ OBJECT - CURB,2105977,2,23RD ST/PINE ST,PINE STREET,CITY ST/CNTY RD,     ,W ,2021/07/10 00:00:00+00,2021/07/10 00:00:00+00,2021,7,July,0,7,10,Saturday,0,Motorway Collision,Dark - Unlighted,NONE,Incapacitating Injury,0,1,1,40.022862,-105.266282,0,0,0,0,ROUNDABOUT,2343,1533
-105.291963,40.012909,Police Collision Report,COLLISION W/ OBJECT - CURB,2105820,1,380   ARAPAHOE AVE      ,380 ARAPAHOE AVE,,     ,  ,2021/07/07 00:00:00+00,2021/07/07 09:26:00+00,2021,7,July,9,4,7,Wednesday,9,Motorway Collision,Daylight,NONE,Property Damage Only,0,0,0,40.012909,-105.291963,0,0,0,0,PARKING LOT,926,1534
-105.225423,40.029232,Police Collision Report,COLLISION W/ OBJECT - CURB,2105827,1,55TH ST/VALMONT RD,PEARL PKWY,CITY ST/CNTY RD,     ,E ,2021/07/07 00:00:00+00,2021/07/07 13:51:00+00,2021,7,July,13,4,7,Wednesday,13,Motorway Collision,Daylight,NONE,Property Damage Only,0,0,0,40.029232,-105.225423,0,0,0,0,NON-INTERSECTION,1351,1535
-105.266229,40.014639,Police Collision Report,COLLISION W/ OBJECT - CURB,2105796,1,ARAPAHOE AVE/22ND ST,ARAPAHOE AVE,CITY ST/CNTY RD,     ,E ,2021/07/06 00:00:00+00,2021/07/06 15:08:00+00,2021,7,July,15,3,6,Tuesday,15,Motorway Collision,Daylight,NONE,Property Damage Only,0,0,0,40.014639,-105.266229,0,0,0,0,NON-INTERSECTION,1508,1536
-105.275386,40.016754,Police Collision Report,COLLISION W/ OBJECT - CURB,2106226,1,CANYON BLVD/15TH ST,CANYON BLVD,STATE HWY,     ,W ,2021/07/18 17:04:00+00,2021/07/18 17:04:00+00,2021,7,July,17,1,18,Sunday,17,Motorway Collision,Daylight,NONE,Incapacitating Injury,0,1,1,40.016754,-105.275386,1,1,0,0,NON-INTERSECTION,1704,1537