X,Y,ReportType,PrmaryCollsionType,CaseNumber,UnitsInvolved,Location,OnHighway,CrossStreet,FeetFromIntersection,DirectionFromIntersection,CollisionDate,ReportedDate,ReportedYear,ReportedMonth,ReportedMonthName,ReportedWeek,ReportedDayofWeekNum,ReportedDayofMonth,ReportedDayofWeek,ReportedHour,HitAndRunStatus,LightingCondition,WeatherCondition,Severity,NumKilled,NumSeriouslyInjured,NumInjuredOrKilled,Lat,Lon,DUI,AlcoholDrugSuspected,BicyclesInvolved,PedestriansInvolved,RoadDescription,Crash_Time,ESRI_OID
-105.28381,40.01712,Police Collision Report,COLLISION W/ OBJECT - CURB,1900916,1,PEARL ST/9TH ST,PEARL ST.,CITY ST/CNTY RD,     ,  ,2019/01/28 00:00:00+00,2019/01/28 00:00:00+00,2019,1,January,0,2,28,Monday,0,Motorway Collision,Dark - Lighted,NONE,Property Damage Only,0,0,0,40.01712,-105.28381,0,0,0,0,AT INTERSECTION,1823,1605
-105.258773,40.00023,Police Collision Report,COLLISION W/ OBJECT - CURB,1900923,1,2750  BASELINE RD      ,BROADWAY,CITY ST/CNTY RD,168,S ,2019/01/28 03:32:59+00,2019/01/28 03:33:00+00,2019,1,January,3,2,28,Monday,3,Motorway Collision,Dark - Lighted,NONE,Property Damage Only,0,0,0,40.00023,-105.258773,0,0,0,0,NON-INTERSECTION,333,1606
-105.260564,40.020338,Police Collision Report,COLLISION W/ OBJECT - CURB,1900956,1,1909  26TH ST      ,1909 26TH ST,,     ,  ,2019/01/29 00:00:00+00,2019/01/29 04:25:00+00,2019,1,January,4,3,29,Tuesday,4,Motorway Collision,Dark - Unlighted,NONE,Property Damage Only,0,0,0,40.020338,-105.260564,0,0,0,0,PARKING LOT,303,1607
-105.282019,40.02521,Police Collision Report,COLLISION W/ OBJECT - CURB,1901190,3,2670  BROADWAY      ,2670 BROADWAY,,     ,  ,2019/02/03 11:35:00+00,2019/02/03 13:11:00+00,2019,2,February,13,1,3,Sunday,13,Motorway Collision,Daylight,NONE,Non-Incapacitating Injury,0,0,1,40.02521,-105.282019,1,1,0,1,PARKING LOT,1135,1608
-105.258306,40.022242,Police Collision Report,COLLISION W/ OBJECT - CURB,1900063,1,2800  PEARL ST      ,2800 PEARL ST,,     ,  ,2019/01/03 00:00:00+00,2019/01/03 06:13:00+00,2019,1,January,6,5,3,Thursday,6,Motorway Collision,Dark - Lighted,NONE,Property Damage Only,0,0,0,40.022242,-105.258306,0,0,0,0,PARKING LOT,612,1609
-105.247458,40.024258,Police Collision Report,COLLISION W/ OBJECT - CURB,1902385,1,PEARL ST/FRONTIER AVE,PEARL PARKWAY,CITY ST/CNTY RD,480,W ,2019/03/06 00:00:00+00,2019/03/06 07:30:00+00,2019,3,March,7,4,6,Wednesday,7,Motorway Collision,Daylight,NONE,Property Damage Only,0,0,0,40.024258,-105.247458,0,0,0,0,NON-INTERSECTION,730,1610
-105.249911,39.985461,Police Collision Report,COLLISION W/ OBJECT - CURB,1902488,1,TABLE MESA DR/S BROADWAY,BROADWAY,STATE HWY,300,N ,2019/03/08 00:00:00+00,2019/03/08 13:56:00+00,2019,3,March,13,6,8,Friday,13,Motorway Collision,Daylight,NONE,Property Damage Only,0,0,0,39.985461,-105.249911,0,0,0,0,NON-INTERSECTION,1356,1611
-105.277524,40.011528,Police Collision Report,COLLISION W/ OBJECT - CURB,1902810,1,BROADWAY/GRANDVIEW AVE,BROADWAY,CITY ST/CNTY RD,     ,  ,2019/03/17 00:00:00+00,2019/03/17 02:46:00+00,2019,3,March,2,1,17,Sunday,2,Motorway Collision,Dark - Lighted,NONE,Property Damage Only,0,0,0,40.011528,-105.277524,0,0,0,0,INTERSECTION RELATED,246,1612
-105.250152,40.018236,Police Collision Report,COLLISION W/ OBJECT - CURB,1903196,1,1805  33RD ST      ,1805 33RD ST,,     ,  ,2019/03/26 00:00:00+00,2019/03/26 13:24:00+00,2019,3,March,13,3,26,Tuesday,13,Motorway Collision,Daylight,NONE,Property Damage Only,0,0,0,40.018236,-105.250152,0,0,0,0,DRIVEWAY ACCESS RELATED,1210,1613
-105.257148,39.980597,Police Collision Report,COLLISION W/ OBJECT - CURB,1716275,1,TABLE MESA DR/ITHACA DR,TABLE MESA DR,CITY ST/CNTY RD,94,W ,2017/12/13 00:00:00+00,2017/12/13 16:05:00+00,2017,12,December,16,4,13,Wednesday,16,Motorway Collision,Dawn or Dusk,NONE,Property Damage Only,0,0,0,39.980597,-105.257148,0,0,0,0,NON-INTERSECTION,1604,1614
-105.25831,40.022375,Police Collision Report,COLLISION W/ OBJECT - CURB,1804034,1,PEARL ST/28TH ST,PEARL ST,STATE HWY,55,E ,2018/04/04 00:00:00+00,2018/04/04 19:40:00+00,2018,4,April,19,4,4,Wednesday,19,Motorway Collision,Dark - Lighted,NONE,Property Damage Only,0,0,0,40.022375,-105.25831,0,0,0,0,AT INTERSECTION,1940,1615
-105.285497,40.01565,Police Collision Report,COLLISION W/ OBJECT - CURB,1803588,1,700   WALNUT ST      ,WALNUT STREET,CITY ST/CNTY RD,84,W ,2018/03/24 19:12:59+00,2018/03/24 19:13:00+00,2018,3,March,19,7,24,Saturday,19,Motorway Collision,Dawn or Dusk,NONE,Incapacitating Injury,0,1,1,40.01565,-105.285497,0,0,0,0,NON-INTERSECTION,1620,1616
-105.255001,39.981567,Police Collision Report,COLLISION W/ OBJECT - CURB,1902081,1,TABLE MESA DR/YALE RD,TABLE MESA DRIVE,CITY ST/CNTY RD,     ,  ,2019/02/26 00:00:00+00,2019/02/26 07:58:00+00,2019,2,February,7,3,26,Tuesday,7,Motorway Collision,Daylight,NONE,Property Damage Only,0,0,0,39.981567,-105.255001,0,0,0,0,AT INTERSECTION,758,1617
-105.237637,39.986023,Police Collision Report,COLLISION W/ OBJECT - CURB,1902113,1,4985  MOORHEAD AVE      ,4985 MOORHEAD AVE,,     ,  ,2019/02/26 00:00:00+00,2019/02/26 19:59:00+00,2019,2,February,19,3,26,Tuesday,19,Motorway Collision,Dark - Lighted,NONE,Property Damage Only,0,0,0,39.986023,-105.237637,0,0,0,0,PARKING LOT,1956,1618
-105.258436,40.029101,Police Collision Report,COLLISION W/ OBJECT - CURB,1816060,1,28TH ST/VALMONT RD,3044 28TH ST  LOT,,     ,  ,2018/12/18 00:00:00+00,2018/12/18 21:31:00+00,2018,12,December,21,3,18,Tuesday,21,Motorway Collision,Dark - Lighted,NONE,Property Damage Only,0,0,0,40.029101,-105.258436,0,0,0,0,PARKING LOT,2130,1619
-105.237671,39.985731,Police Collision Report,COLLISION W/ OBJECT - CURB,1816452,2,TABLE MESA DR/MOORHEAD AVE,GREENBRIAR BLVD,CITY ST/CNTY RD,     ,  ,2018/12/30 00:00:00+00,2018/12/30 21:03:00+00,2018,12,December,21,1,30,Sunday,21,Motorway Collision,Dark - Unlighted,NONE,Incapacitating Injury,0,2,3,39.985731,-105.237671,0,0,0,0,AT INTERSECTION,2103,1620
-105.250505,40.007256,Police Collision Report,COLLISION W/ OBJECT - CURB,1816249,1,3300  COLORADO AVE      ,COLORADO,CITY ST/CNTY RD,490,E ,2018/12/23 03:41:15+00,2018/12/23 04:24:00+00,2018,12,December,4,1,23,Sunday,4,Motorway Collision,Dark - Unlighted,NONE,Property Damage Only,0,0,0,40.007256,-105.250505,1,1,0,0,NON-INTERSECTION,335,1621
-105.258337,40.003707,Police Collision Report,COLLISION W/ OBJECT - CURB,1815092,3,E AURORA AVE/28TH FRONTAGE RD,28TH STREET,STATE HWY,650,N ,2018/11/25 00:00:00+00,2018/11/25 22:36:00+00,2018,11,November,22,1,25,Sunday,22,Motorway Collision,Dark - Lighted,NONE,Property Damage Only,0,0,0,40.003707,-105.258337,0,0,0,0,NON-INTERSECTION,2236,1622
-105.270255,40.014596,Police Collision Report,COLLISION W/ OBJECT - CURB,1815569,1,19TH ST/ARAPAHOE AVE,ARAPAHOE AVENUE,CITY ST/CNTY RD,50,N ,2018/12/06 00:00:00+00,2018/12/06 23:06:00+00,2018,12,December,23,5,6,Thursday,23,Motorway Collision,Dark - Lighted,NONE,Property Damage Only,0,0,0,40.014596,-105.270255,0,0,0,0,NON-INTERSECTION,2306,1623
-105.269017,40.014601,Police Collision Report,COLLISION W/ OBJECT - CURB,1815714,1,20TH ST/ARAPAHOE AVE,ATHENS ST,CITY ST/CNTY RD,     ,  ,2018/12/10 22:18:00+00,2018/12/11 02:11:00+00,2018,12,December,2,3,11,Tuesday,2,Motorway Collision,Dark - Lighted,NONE,Property Damage Only,0,0,0,40.014601,-105.269017,1,1,0,0,CROSSOVER-RELATED,2219,1624
-105.258282,40.014544,Police Collision Report,COLLISION W/ OBJECT - CURB,1815713,1,28TH ST/ARAPAHOE AVE,28TH ST,STATE HWY,355,S ,2018/12/10 00:00:00+00,2018/12/10 22:58:00+00,2018,12,December,22,2,10,Monday,22,Motorway Collision,Dark - Unlighted,NONE,Property Damage Only,0,0,0,40.014544,-105.258282,0,0,0,0,NON-INTERSECTION,2228,1625
-105.258373,40.00721,Police Collision Report,COLLISION W/ OBJECT - DELINEATOR POST,2003444,1,28TH FRONTAGE RD/E COLLEGE AVE,28TH FRONTAGE RD.,CITY ST/CNTY RD,     ,  ,2020/04/07 00:23:00+00,2020/04/07 00:24:00+00,2020,4,April,0,3,7,Tuesday,0,Motorway Collision,Dark - Lighted,NONE,Non-Incapacitating Injury,0,0,1,40.00721,-105.258373,1,1,0,0,AT INTERSECTION,23,1626
-105.236404,40.000161,Police Collision Report,COLLISION W/ OBJECT - DELINEATOR POST,1911128,1,MOHAWK DR/BASELINE RD,MOHAWK DR.,CITY ST/CNTY RD,466,S ,2019/09/18 00:00:00+00,2019/09/18 16:56:00+00,2019,9,September,16,4,18,Wednesday,16,Motorway Collision,Daylight,NONE,Property Damage Only,0,0,0,40.000161,-105.236404,0,0,0,0,AT INTERSECTION,1656,1627
-105.239567,40.008522,Police Collision Report,COLLISION W/ OBJECT - DELINEATOR POST,1905378,1,FOOTHILLS PKWY/COLORADO AVE,FOOTHILLS,STATE HWY,1019,N ,2019/05/18 00:00:00+00,2019/05/18 15:57:00+00,2019,5,May,15,7,18,Saturday,15,Motorway Collision,Daylight,NONE,Property Damage Only,0,0,0,40.008522,-105.239567,0,0,0,0,NON-INTERSECTION,1555,1628
-105.278047,40.01619,Police Collision Report,COLLISION W/ OBJECT - DELINEATOR POST,1910176,1,1801  13TH ST      ,PARKING GARAGE 1801 13TH ST,,     ,  ,2019/08/31 00:00:00+00,2019/08/31 09:25:00+00,2019,8,August,9,7,31,Saturday,9,Motorway Collision,Daylight,NONE,Property Damage Only,0,0,0,40.01619,-105.278047,0,0,0,0,PARKING LOT,924,1629
-105.23649,39.997915,Police Collision Report,COLLISION W/ OBJECT - DELINEATOR POST,2208231,1,MOHAWK DR/LAGUNA PL,MOHAWK DR,CITY ST/CNTY RD,     ,S ,2022/08/23 00:00:00+00,2022/08/23 10:50:00+00,2022,8,August,10,3,23,Tuesday,10,Motorway Collision,Daylight,NONE,Property Damage Only,0,0,0,39.997915,-105.23649,0,0,0,0,AT INTERSECTION,1049,1630
-105.249625,40.040143,Police Collision Report,COLLISION W/ OBJECT - FENCE,2211093,1,KALMIA AVE/PINEDALE ST,KALMIA,CITY ST/CNTY RD,     ,E ,2022/11/05 00:00:00+00,2022/11/05 20:03:00+00,2022,11,November,20,7,5,Saturday,20,Motorway Collision,Dark - Unlighted,NONE,Possible injury,0,0,0,40.040143,-105.249625,0,0,0,0,NON-INTERSECTION,2007,1631
-105.270883,40.023575,Police Collision Report,COLLISION W/ OBJECT - FENCE,2112028,1,MAPLETONE | BLUFF ALLEY/20TH ST,SOUTH ALLEY OF MAPLETON AVENUE,CITY ST/CNTY RD,     ,E ,2021/12/16 00:00:00+00,2021/12/16 00:00:00+00,2021,12,December,0,5,16,Thursday,0,Motorway Collision,Dark - Unlighted,NONE,Property Damage Only,0,0,0,40.023575,-105.270883,0,0,0,0,ALLEY RELATED,2130,1632
-105.279824,40.058236,Police Collision Report,COLLISION W/ OBJECT - FENCE,1908775,1,14TH ST/YARMOUTH AVE,14TH,CITY ST/CNTY RD,30,E ,2019/08/06 02:43:00+00,2019/08/06 02:43:00+00,2019,8,August,2,3,6,Tuesday,2,Motorway Collision,Dark - Lighted,NONE,Property Damage Only,0,0,0,40.058236,-105.279824,0,0,0,0,NON-INTERSECTION,238,1633
-105.244674,40.038243,Police Collision Report,COLLISION W/ OBJECT - FENCE,1909010,1,FOOTHILLS PKWY/DIAGONAL HWY,SB HWY 157,STATE HWY,     ,  ,2019/08/10 00:00:00+00,2019/08/10 19:56:00+00,2019,8,August,19,7,10,Saturday,19,Motorway Collision,Daylight,NONE,Property Damage Only,0,0,0,40.038243,-105.244674,0,0,0,0,PARKING LOT,1615,1634
-105.27077,40.025916,Police Collision Report,COLLISION W/ OBJECT - FENCE,1908363,2,ALPINE AVE/BALSAM DR,ALPINE,CITY ST/CNTY RD,305,SE,2019/07/27 00:00:00+00,2019/07/27 18:40:00+00,2019,7,July,18,7,27,Saturday,18,Motorway Collision,Daylight,NONE,Property Damage Only,0,0,0,40.025916,-105.27077,0,0,0,0,NON-INTERSECTION,1800,1635
-105.282162,40.062913,Police Collision Report,COLLISION W/ OBJECT - FENCE,1904131,2,4869  BROADWAY      ,4869 BROADWAY BLVD,,     ,  ,2019/04/17 00:00:00+00,2019/04/17 16:14:00+00,2019,4,April,16,4,17,Wednesday,16,Motorway Collision,Daylight,NONE,Property Damage Only,0,0,0,40.062913,-105.282162,0,0,0,0,PARKING LOT,1614,1636
-105.291502,40.019495,Police Collision Report,COLLISION W/ OBJECT - FENCE,1915027,1,2305  4TH ST      ,2305 4TH STREET,,     ,  ,2019/12/26 00:00:00+00,2019/12/26 00:00:00+00,2019,12,December,0,5,26,Thursday,0,Motorway Collision,Daylight,NONE,Property Damage Only,0,0,0,40.019495,-105.291502,0,0,0,0,DRIVEWAY ACCESS RELATED,1500,1637
-105.282154,40.055917,Police Collision Report,COLLISION W/ OBJECT - FENCE,2001279,2,4475  BROADWAY LOT 66  ,4475 BROADWAY #66,,     ,  ,2020/02/04 00:00:00+00,2020/02/04 18:36:00+00,2020,2,February,18,3,4,Tuesday,18,Motorway Collision,Daylight,NONE,Property Damage Only,0,0,0,40.055917,-105.282154,0,0,1,0,NON-INTERSECTION,900,1638
-105.258458,40.031545,Police Collision Report,COLLISION W/ OBJECT - CURB,1814861,2,3131  28TH ST      ,3131 28TH ST,,     ,  ,2018/11/18 00:00:00+00,2018/11/18 10:29:00+00,2018,11,November,10,1,18,Sunday,10,Motorway Collision,Daylight,NONE,Property Damage Only,0,0,0,40.031545,-105.258458,0,0,0,0,PARKING LOT,1029,1639
-105.242932,39.977658,Police Collision Report,COLLISION W/ OBJECT - CURB,1814438,1,GRINNELL AVE/S BROADWAY,BROADWAY,STATE HWY,     ,  ,2018/11/07 22:55:59+00,2018/11/07 22:56:00+00,2018,11,November,22,4,7,Wednesday,22,Motorway Collision,Dark - Lighted,NONE,Property Damage Only,0,0,0,39.977658,-105.242932,1,1,0,0,AT INTERSECTION,2226,1640
-105.229072,39.985905,Police Collision Report,COLLISION W/ OBJECT - CURB,1813656,1,SOUTH BOULDER CIR/MANHATTAN CIR,S BOULDER RD,CITY ST/CNTY RD,     ,  ,2018/10/21 00:00:00+00,2018/10/21 15:08:00+00,2018,10,October,15,1,21,Sunday,15,Motorway Collision,Daylight,NONE,Non-Incapacitating Injury,0,0,1,39.985905,-105.229072,0,0,0,0,INTERSECTION RELATED,1508,1641
-105.22501,40.02765,Police Collision Report,COLLISION W/ OBJECT - CURB,1814181,2,PEARL PKWY/55TH ST,VALMONT ROAD,CITY ST/CNTY RD,     ,  ,2018/11/01 00:00:00+00,2018/11/01 06:03:00+00,2018,11,November,6,5,1,Thursday,6,Motorway Collision,Dark - Lighted,NONE,Property Damage Only,0,0,0,40.02765,-105.22501,0,0,0,0,AT INTERSECTION,603,1642
-105.234743,39.986514,Police Collision Report,COLLISION W/ OBJECT - CURB,1813909,1,US HIGHWAY 36/TABLE MESA DR,TABLE MESA,CITY ST/CNTY RD,     ,  ,2018/10/26 00:00:00+00,2018/10/26 17:17:00+00,2018,10,October,17,6,26,Friday,17,Motorway Collision,Daylight,NONE,Property Damage Only,0,0,0,39.986514,-105.234743,0,0,0,0,AT INTERSECTION,1718,1643
-105.258943,40.029155,Police Collision Report,COLLISION W/ OBJECT - FENCE,2004759,1,2775  VALMONT RD      ,2775 VALMONT RD,,     ,  ,2020/05/22 20:00:00+00,2020/05/22 20:00:00+00,2020,5,May,20,6,22,Friday,20,Motorway Collision,Daylight,NONE,Property Damage Only,0,0,0,40.029155,-105.258943,0,0,0,0,PARKING LOT,1240,1644
-105.285001,40.052254,Police Collision Report,COLLISION W/ OBJECT - FENCE,2010321,1,SNOWBERRY CT/UTICA AVE,SNOWBERRY CT,CITY ST/CNTY RD,200,N ,2020/10/28 00:00:00+00,2020/10/28 12:13:00+00,2020,10,October,12,4,28,Wednesday,12,Motorway Collision,Daylight,NONE,Property Damage Only,0,0,0,40.052254,-105.285001,0,0,0,0,NON-INTERSECTION,1130,1645
-105.286648,40.000088,Police Collision Report,COLLISION W/ OBJECT - FENCE,2009250,1,BASELINE RD/6TH ST,BASELINE RD,CITY ST/CNTY RD,350,W ,2020/09/27 00:00:00+00,2020/09/27 00:46:00+00,2020,9,September,0,1,27,Sunday,0,Motorway Collision,Dark - Unlighted,NONE,Non-Incapacitating Injury,0,0,1,40.000088,-105.286648,0,0,0,0,NON-INTERSECTION,46,1646
-105.267805,40.001847,Police Collision Report,COLLISION W/ OTHER VEH - PARKED MV,2110375,2,20TH ST/CASCADE AVE,20TH STREET,CITY ST/CNTY RD,     ,N ,2021/10/29 00:00:00+00,2021/10/29 14:06:00+00,2021,10,October,14,6,29,Friday,14,Motorway Collision,Daylight,NONE,Property Damage Only,0,0,0,40.001847,-105.267805,0,0,0,0,NON-INTERSECTION,1406,1647
-105.251191,39.991963,Police Collision Report,COLLISION W/ OTHER VEH - PARKED MV,2110359,2,MARTIN DR/S 36TH ST,MARTIN DRIVE,CITY ST/CNTY RD,     ,E ,2021/10/29 00:00:00+00,2021/10/29 08:26:00+00,2021,10,October,8,6,29,Friday,8,Motorway Collision,Daylight,NONE,Property Damage Only,0,0,0,39.991963,-105.251191,0,0,0,0,NON-INTERSECTION,826,1648
-105.258981,40.04241,Police Collision Report,COLLISION W/ OTHER VEH - PARKED MV,2110418,2,3735  BIRCHWOOD DR      ,3735 BIRCHWOOD DRIVE,,     ,  ,2021/10/30 00:00:00+00,2021/10/30 13:52:00+00,2021,10,October,13,7,30,Saturday,13,Motorway Collision,Daylight,NONE,Property Damage Only,0,0,0,40.04241,-105.258981,0,0,0,0,PARKING LOT,1352,1649
-105.201245,40.072777,Police Collision Report,COLLISION W/ OTHER VEH - PARKED MV,2110453,2,6550  LOOKOUT RD      ,6550 LOOKOUT RD,,     ,  ,2021/10/30 00:00:00+00,2021/11/17 00:00:00+00,2021,11,November,0,4,17,Wednesday,0,Motorway Collision,,NONE,Property Damage Only,0,0,0,40.072777,-105.201245,0,0,0,0,PARKING LOT,1430,1650
-105.25203,40.027565,Police Collision Report,COLLISION W/ OTHER VEH - PARKED MV,2110455,2,32ND ST/BLUFF ST,32ND ST,CITY ST/CNTY RD,     ,N ,2021/10/31 00:00:00+00,2021/10/31 17:39:00+00,2021,10,October,17,1,31,Sunday,17,Motorway Collision,Daylight,NONE,Property Damage Only,0,0,0,40.027565,-105.25203,0,1,0,0,DRIVEWAY ACCESS RELATED,1720,1651
-105.267767,40.000107,Police Collision Report,COLLISION W/ OTHER VEH - PARKED MV,2110465,2,BASELINE RD/20TH ST,BASELINE,CITY ST/CNTY RD,     ,E ,2021/11/01 00:00:00+00,2021/11/01 07:50:00+00,2021,11,November,7,2,1,Monday,7,Motorway Collision,Dawn or Dusk,NONE,Property Damage Only,0,0,0,40.000107,-105.267767,0,0,0,0,NON-INTERSECTION,745,1652
-105.245936,39.975618,Police Collision Report,COLLISION W/ OTHER VEH - PARKED MV,2110501,2,KNOX DR/LUDLOW ST,KNOX DR,CITY ST/CNTY RD,     ,S ,2021/11/02 00:00:00+00,2021/11/02 08:45:00+00,2021,11,November,8,3,2,Tuesday,8,Motorway Collision,Daylight,NONE,Property Damage Only,0,0,0,39.975618,-105.245936,0,0,0,0,NON-INTERSECTION,845,1653
-105.234822,40.016039,Police Collision Report,COLLISION W/ OTHER VEH - PARKED MV,2110508,2,48TH ST/RIVERBEND RD,ARAPAHOE AVE,STATE HWY,     ,W ,2021/11/02 00:00:00+00,2021/11/02 12:31:00+00,2021,11,November,12,3,2,Tuesday,12,Motorway Collision,Daylight,NONE,Property Damage Only,0,0,0,40.016039,-105.234822,0,0,0,0,INTERSECTION RELATED,1231,1654
-105.261628,40.014585,Police Collision Report,COLLISION W/ OTHER VEH - PARKED MV,2110198,2,2525  ARAPAHOE AVE      ,2525 ARAPAHOE AVE,,     ,  ,2021/10/23 00:00:00+00,2021/10/24 12:02:00+00,2021,10,October,12,1,24,Sunday,12,Motorway Collision,,NONE,Property Damage Only,0,0,0,40.014585,-105.261628,0,0,0,0,PARKING LOT,1200,1655
-105.251909,39.984144,Police Collision Report,COLLISION W/ OTHER VEH - PARKED MV,2173769,2,3600  TABLE MESA DR      ,637 S. BROADWAY,,     ,  ,2021/10/22 19:30:00+00,2021/10/23 09:13:49+00,2021,10,October,9,7,23,Saturday,9,Motorway Collision,Dark - Unlighted,NONE,Property Damage Only,0,0,0,39.984144,-105.251909,0,0,0,0,PARKING LOT,1905,1656
-105.270461,40.01734,Police Collision Report,COLLISION W/ OTHER VEH - PARKED MV,2110302,2,CANYON BLVD/19TH ST,1480 CANYON BLVD,,     ,  ,2021/10/27 00:00:00+00,2021/10/27 17:03:00+00,2021,10,October,17,4,27,Wednesday,17,Motorway Collision,,NONE,Property Damage Only,0,0,0,40.01734,-105.270461,0,0,0,0,PARKING LOT,1703,1657
-105.274999,40.005452,Police Collision Report,COLLISION W/ OTHER VEH - PARKED MV,2109943,2,14TH ST/EUCLID AVE,14TH ST,CITY ST/CNTY RD,     ,N ,2021/10/17 00:00:00+00,2021/10/17 00:56:00+00,2021,10,October,0,1,17,Sunday,0,Motorway Collision,Dark - Unlighted,NONE,Property Damage Only,0,0,0,40.005452,-105.274999,0,0,0,0,NON-INTERSECTION,56,1658
-105.258349,40.020156,Police Collision Report,COLLISION W/ OTHER VEH - PARKED MV,2109888,2,1875  28TH ST      ,1875 28TH ST,,     ,  ,2021/10/15 00:00:00+00,2021/10/15 15:20:00+00,2021,10,October,15,6,15,Friday,15,Motorway Collision,,NONE,Property Damage Only,0,0,0,40.020156,-105.258349,0,0,0,0,PARKING LOT,1520,1659
-105.254075,40.037733,Police Collision Report,COLLISION W/ OTHER VEH - PARKED MV,2109895,2,2960  DIAGONAL HWY      ,2960 DIAGONAL HWY,,     ,  ,2021/10/15 00:00:00+00,2021/10/15 16:18:00+00,2021,10,October,16,6,15,Friday,16,Motorway Collision,Daylight,NONE,Property Damage Only,0,0,0,40.037733,-105.254075,0,0,0,0,PARKING LOT,1550,1660
-105.276233,40.005449,Police Collision Report,COLLISION W/ OTHER VEH - PARKED MV,2110062,2,13TH ST/EUCLID AVE,13TH ST,CITY ST/CNTY RD,     ,N ,2021/10/20 00:00:00+00,2021/10/20 10:58:00+00,2021,10,October,10,4,20,Wednesday,10,Motorway Collision,Daylight,NONE,Property Damage Only,0,0,0,40.005449,-105.276233,0,0,0,0,INTERSECTION RELATED,1058,1661
-105.258777,40.010206,Police Collision Report,COLLISION W/ OTHER VEH - PARKED MV,2110110,2,1345  28TH ST      ,1345 28TH ST,OTHER RDWY,     ,  ,2021/10/21 00:00:00+00,2021/10/21 21:32:00+00,2021,10,October,21,5,21,Thursday,21,Motorway Collision,Dark - Unlighted,NONE,Property Damage Only,0,0,0,40.010206,-105.258777,0,0,0,0,PARKING LOT,2030,1662
-105.242637,39.984861,Police Collision Report,COLLISION W/ OTHER VEH - PARKED MV,2111389,2,581   S 45TH ST      ,S 45TH ST,CITY ST/CNTY RD,     ,S ,2021/11/29 00:00:00+00,2021/11/29 18:41:00+00,2021,11,November,18,2,29,Monday,18,Motorway Collision,Dark - Unlighted,NONE,Property Damage Only,0,0,0,39.984861,-105.242637,0,0,0,0,NON-INTERSECTION,1841,1663
-105.261319,40.006378,Police Collision Report,COLLISION W/ OTHER VEH - PARKED MV,2111117,3,REGENT DR/ENGINEERING DR,REGENT DR,CITY ST/CNTY RD,     ,W ,2021/11/20 00:00:00+00,2021/11/20 00:00:00+00,2021,11,November,0,7,20,Saturday,0,Motorway Collision,Daylight,NONE,Property Damage Only,0,0,0,40.006378,-105.261319,0,0,0,0,NON-INTERSECTION,1030,1664
-105.241371,39.976163,Police Collision Report,COLLISION W/ OTHER VEH - PARKED MV,2111437,2,LUDLOW ST/S BROADWAY,LUDLOW ST,CITY ST/CNTY RD,     ,E ,2021/11/30 00:00:00+00,2021/12/05 00:00:00+00,2021,12,December,0,1,5,Sunday,0,Motorway Collision,Dawn or Dusk,NONE,Property Damage Only,0,0,0,39.976163,-105.241371,0,0,0,0,DRIVEWAY ACCESS RELATED,1600,1665
-105.285393,40.017859,Police Collision Report,COLLISION W/ OTHER VEH - PARKED MV,2111579,2,8TH ST/SPRUCE ST,8TH STREET,CITY ST/CNTY RD,     ,S ,2021/12/04 00:00:00+00,2021/12/04 14:01:00+00,2021,12,December,14,7,4,Saturday,14,Motorway Collision,Daylight,NONE,Property Damage Only,0,0,0,40.017859,-105.285393,0,0,0,0,NON-INTERSECTION,940,1666
-105.258306,40.022242,Police Collision Report,COLLISION W/ OTHER VEH - PARKED MV,2111615,2,2800  PEARL ST      ,2800 PEARL ST,,     ,  ,2021/12/04 00:00:00+00,2021/12/05 13:26:00+00,2021,12,December,13,1,5,Sunday,13,Motorway Collision,Daylight,NONE,Property Damage Only,0,0,0,40.022242,-105.258306,0,0,0,0,PARKING LOT,1430,1667
-105.261372,40.024981,Police Collision Report,COLLISION W/ OTHER VEH - PARKED MV,2111622,3,2635  MAPLETON AVE LOT 62  ,2636 MAPLETON AVE,,     ,  ,2021/12/05 00:00:00+00,2021/12/05 15:56:00+00,2021,12,December,15,1,5,Sunday,15,Motorway Collision,,NONE,Possible injury,0,0,0,40.024981,-105.261372,0,0,0,1,,1556,1668
-105.227982,40.014712,Police Collision Report,COLLISION W/ OTHER VEH - PARKED MV,2174141,2,5360  ARAPAHOE AVE      ,5360 ARAPAHOE AVE,,     ,  ,2021/11/22 08:15:00+00,2021/11/23 08:20:20+00,2021,11,November,8,3,23,Tuesday,8,Motorway Collision,,NONE,Property Damage Only,0,0,0,40.014712,-105.227982,0,0,0,0,PARKING LOT,815,1669
-105.278382,40.013384,Police Collision Report,COLLISION W/ OTHER VEH - PARKED MV,2111677,2,1640  BROADWAY      ,1640 BROADWAY ST.,OTHER RDWY,     ,  ,2021/12/07 00:00:00+00,2021/12/07 12:52:00+00,2021,12,December,12,3,7,Tuesday,12,Motorway Collision,Daylight,NONE,Property Damage Only,0,0,0,40.013384,-105.278382,0,0,0,0,PARKING LOT,1247,1670
-105.227578,39.985251,Police Collision Report,COLLISION W/ OTHER VEH - PARKED MV,2111650,3,5330  MANHATTAN CIR      ,5330 MANHATTAN CIR,,     ,  ,2021/12/06 00:00:00+00,2021/12/06 13:26:00+00,2021,12,December,13,2,6,Monday,13,Motorway Collision,,NONE,Property Damage Only,0,0,0,39.985251,-105.227578,0,1,0,0,PARKING LOT,1326,1671