X,Y,ReportType,PrmaryCollsionType,CaseNumber,UnitsInvolved,Location,OnHighway,CrossStreet,FeetFromIntersection,DirectionFromIntersection,CollisionDate,ReportedDate,ReportedYear,ReportedMonth,ReportedMonthName,ReportedWeek,ReportedDayofWeekNum,ReportedDayofMonth,ReportedDayofWeek,ReportedHour,HitAndRunStatus,LightingCondition,WeatherCondition,Severity,NumKilled,NumSeriouslyInjured,NumInjuredOrKilled,Lat,Lon,DUI,AlcoholDrugSuspected,BicyclesInvolved,PedestriansInvolved,RoadDescription,Crash_Time,ESRI_OID
-105.256728,40.013641,Police Collision Report,COLLISION W/ OTHER VEH - PARKED MV,2200580,3,MARINE ST/CORDRY CT,MARINE STREET,CITY ST/CNTY RD,     ,W ,2022/01/19 00:00:00+00,2022/01/19 11:00:00+00,2022,1,January,11,4,19,Wednesday,11,Motorway Collision,Dark - Unlighted,NONE,Property Damage Only,0,0,0,40.013641,-105.256728,0,0,0,0,NON-INTERSECTION,1730,1672
-105.239778,40.02728,Police Collision Report,COLLISION W/ OTHER VEH - PARKED MV,2200708,2,4876  STERLING DR      ,4876 STERLING DR,,     ,  ,2022/01/24 00:00:00+00,2022/01/24 08:10:00+00,2022,1,January,8,2,24,Monday,8,Motorway Collision,Dark - Lighted,NONE,Property Damage Only,0,0,0,40.02728,-105.239778,0,0,0,0,PARKING LOT,610,1673
-105.255966,40.002711,Police Collision Report,COLLISION W/ OTHER VEH - PARKED MV,2201297,2,29TH ST/BIXBY AVE,29TH STREET,CITY ST/CNTY RD,     ,S ,2022/02/10 00:00:00+00,2022/02/10 06:59:00+00,2022,2,February,6,5,10,Thursday,6,Motorway Collision,Dark - Unlighted,NONE,Property Damage Only,0,0,0,40.002711,-105.255966,0,0,0,0,NON-INTERSECTION,2100,1674
-105.283834,40.017089,Police Collision Report,COLLISION W/ OTHER VEH - PARKED MV,2200567,2,9TH ST/PEARL ST,9TH,CITY ST/CNTY RD,     ,  ,2022/01/19 00:00:00+00,2022/01/19 20:10:00+00,2022,1,January,20,4,19,Wednesday,20,Motorway Collision,Dark - Lighted,NONE,Property Damage Only,0,0,0,40.017089,-105.283834,0,0,0,0,AT INTERSECTION,2011,1675
-105.229279,39.998191,Police Collision Report,COLLISION W/ OTHER VEH - PARKED MV,1800470,2,600   MANHATTAN DR      ,MANHATTAN DR,CITY ST/CNTY RD,200,N ,2018/01/14 00:00:00+00,2018/01/14 18:14:00+00,2018,1,January,18,1,14,Sunday,18,Motorway Collision,Dawn or Dusk,NONE,Property Damage Only,0,0,0,39.998191,-105.229279,0,0,0,0,NON-INTERSECTION,1735,1676
-105.284321,40.005437,Police Collision Report,COLLISION W/ OTHER VEH - PARKED MV,1800497,2,8TH ST/EUCLID AVE,EUCLID,CITY ST/CNTY RD,40,E ,2018/01/15 00:00:00+00,2018/01/15 14:38:00+00,2018,1,January,14,2,15,Monday,14,Motorway Collision,Daylight,NONE,Property Damage Only,0,0,0,40.005437,-105.284321,0,0,0,0,INTERSECTION RELATED,1439,1677
-105.284844,40.020578,Police Collision Report,COLLISION W/ OTHER VEH - PARKED MV,2200979,2,9TH ST/MAPLETON AVE,9TH ST,CITY ST/CNTY RD,     ,N ,2022/01/29 00:00:00+00,2022/01/29 00:00:00+00,2022,1,January,0,7,29,Saturday,0,Motorway Collision,Dark - Unlighted,NONE,Property Damage Only,0,0,0,40.020578,-105.284844,0,0,0,0,NON-INTERSECTION,2200,1678
-105.270402,40.018776,Police Collision Report,COLLISION W/ OTHER VEH - PARKED MV,2200933,3,AVOCADO RD/APPLETREE CT,AVACADO RD,CITY ST/CNTY RD,     ,W ,2022/01/29 00:00:00+00,2022/01/29 00:00:00+00,2022,1,January,0,7,29,Saturday,0,Motorway Collision,Dark - Unlighted,NONE,Property Damage Only,0,0,0,40.018776,-105.270402,0,1,0,0,NON-INTERSECTION,2230,1679
-105.244118,40.025068,Police Collision Report,COLLISION W/ OTHER VEH - PARKED MV,2200966,2,2500  47TH ST      ,2500 47TH ST,,     ,  ,2022/01/31 00:00:00+00,2022/01/31 14:58:00+00,2022,1,January,14,2,31,Monday,14,Motorway Collision,Daylight,NONE,Property Damage Only,0,0,0,40.025068,-105.244118,0,0,0,0,PARKING LOT,1500,1680
-105.276166,40.006718,Police Collision Report,COLLISION W/ OTHER VEH - PARKED MV,2200973,2,1064  13TH ST      ,1064 13TH STREET,CITY ST/CNTY RD,     ,  ,2022/01/31 00:00:00+00,2022/01/31 18:23:00+00,2022,1,January,18,2,31,Monday,18,Motorway Collision,Daylight,NONE,Property Damage Only,0,0,0,40.006718,-105.276166,0,0,0,0,PARKING LOT,1700,1681
-105.248728,39.984397,Police Collision Report,COLLISION W/ OTHER VEH - PARKED MV,2200977,2,675   S BROADWAYS      ,657 S BROADWAY,,     ,  ,2022/01/31 19:55:59+00,2022/01/31 19:56:00+00,2022,1,January,19,2,31,Monday,19,Motorway Collision,Dark - Lighted,NONE,Property Damage Only,0,0,0,39.984397,-105.248728,0,1,0,0,PARKING LOT,1958,1682
-105.235491,40.014695,Police Collision Report,COLLISION W/ OTHER VEH - PARKED MV,1802233,2,4747  ARAPAHOE AVE      ,4747 ARAPAHOE,,     ,  ,2018/02/24 00:00:00+00,2018/02/24 02:06:00+00,2018,2,February,2,7,24,Saturday,2,Motorway Collision,Dark - Lighted,NONE,Property Damage Only,0,0,0,40.014695,-105.235491,0,0,0,0,PARKING LOT,206,1683
-105.261319,40.006378,Police Collision Report,COLLISION W/ OTHER VEH - PARKED MV,1801726,2,REGENT DR/ENGINEERING DR,ENGINEERING DR,CITY ST/CNTY RD,200,S ,2018/02/12 00:00:00+00,2018/02/12 18:22:00+00,2018,2,February,18,2,12,Monday,18,Motorway Collision,Dark - Lighted,NONE,Property Damage Only,0,0,0,40.006378,-105.261319,0,0,0,0,NON-INTERSECTION,1900,1684
-105.281019,40.020951,Police Collision Report,COLLISION W/ OTHER VEH - PARKED MV,1801810,2,MAPLETON AVE/BROADWAY,BROADWAY,CITY ST/CNTY RD,341,W ,,2018/02/14 22:16:00+00,2018,2,February,22,4,14,Wednesday,22,Motorway Collision,Dark - Lighted,NONE,Property Damage Only,0,0,0,40.020951,-105.281019,0,0,0,0,NON-INTERSECTION,1723,1685
-105.238703,39.979897,Police Collision Report,COLLISION W/ OTHER VEH - PARKED MV,1800146,2,1000  W MOORHEAD CIRW      ,1000 W MOORHEAD CIR,,     ,  ,2018/01/04 00:00:00+00,2018/01/04 22:32:00+00,2018,1,January,22,5,4,Thursday,22,Motorway Collision,Dark - Lighted,NONE,Property Damage Only,0,0,0,39.979897,-105.238703,0,0,0,0,PARKING LOT,2230,1686
-105.286565,40.016524,Police Collision Report,COLLISION W/ OTHER VEH - PARKED MV,1800156,2,7TH ST/PEARL ST,7TH STREET,CITY ST/CNTY RD,50,S ,2018/01/04 00:00:00+00,2018/01/05 09:24:00+00,2018,1,January,9,6,5,Friday,9,Motorway Collision,Dark - Lighted,NONE,Property Damage Only,0,0,0,40.016524,-105.286565,0,0,0,0,NON-INTERSECTION,1740,1687
-105.276268,40.00951,Police Collision Report,COLLISION W/ OTHER VEH - PARKED MV,1800142,2,PLEASANT ST/BROADWAY,PENNSYLVANIA,CITY ST/CNTY RD,10,N ,2018/01/04 00:00:00+00,2018/01/04 21:43:00+00,2018,1,January,21,5,4,Thursday,21,Motorway Collision,Dark - Lighted,NONE,Property Damage Only,0,0,0,40.00951,-105.276268,0,0,0,0,NON-INTERSECTION,2120,1688
-105.28199,40.004324,Police Collision Report,COLLISION W/ OTHER VEH - PARKED MV,1800083,2,9TH ST,9TH STREET,CITY ST/CNTY RD,185,N ,2018/01/03 00:00:00+00,2018/01/03 12:19:00+00,2018,1,January,12,4,3,Wednesday,12,Motorway Collision,Dark - Unlighted,NONE,Property Damage Only,0,0,0,40.004324,-105.28199,0,0,0,0,NON-INTERSECTION,1630,1689
-105.258408,40.035532,Police Collision Report,COLLISION W/ OTHER VEH - PARKED MV,1716767,2,3348  28TH ST      ,3348 28TH STREET,CITY ST/CNTY RD,     ,  ,2017/12/27 00:00:00+00,2017/12/27 18:52:00+00,2017,12,December,18,4,27,Wednesday,18,Motorway Collision,Dark - Unlighted,NONE,Property Damage Only,0,0,0,40.035532,-105.258408,0,0,0,0,PARKING LOT,1852,1690
-105.291461,40.023693,Police Collision Report,COLLISION W/ OTHER VEH - PARKED MV,1716752,2,403   DEWEY AVE      ,DEWEY AVENUE,CITY ST/CNTY RD,25,E ,2017/12/27 00:00:00+00,2017/12/27 09:59:00+00,2017,12,December,9,4,27,Wednesday,9,Motorway Collision,Dawn or Dusk,NONE,Property Damage Only,0,0,0,40.023693,-105.291461,0,0,0,0,AT INTERSECTION,900,1691
-105.269911,40.056272,Police Collision Report,COLLISION W/ OTHER VEH - PARKED MV,1716744,3,CINNAMON CIR/BLUEBERRY CIR,CINNAMON,CITY ST/CNTY RD,160,E ,2017/12/26 00:00:00+00,2017/12/27 00:00:00+00,2017,12,December,0,4,27,Wednesday,0,Motorway Collision,Dark - Lighted,NONE,Property Damage Only,0,0,0,40.056272,-105.269911,0,0,0,0,NON-INTERSECTION,2250,1692
-105.21617,40.061848,Police Collision Report,COLLISION W/ OTHER VEH - PARKED MV,1716648,2,SPINE RD/GUNBARREL AVE,SPINE RD,CITY ST/CNTY RD,250,E ,2017/12/22 00:00:00+00,2017/12/27 00:00:00+00,2017,12,December,0,4,27,Wednesday,0,Motorway Collision,Dawn or Dusk,NONE,Property Damage Only,0,0,0,40.061848,-105.21617,0,0,0,0,NON-INTERSECTION,1647,1693
-105.263065,40.014614,Police Collision Report,COLLISION W/ OTHER VEH - PARKED MV,1716652,2,FOLSOM ST/ARAPAHOE AVE,ARAPAHOE,CITY ST/CNTY RD,100,S ,2017/12/22 00:00:00+00,2017/12/22 19:04:00+00,2017,12,December,19,6,22,Friday,19,Motorway Collision,Dark - Lighted,NONE,Property Damage Only,0,0,0,40.014614,-105.263065,0,0,0,0,PARKING LOT,1905,1694
-105.279094,40.019326,Police Collision Report,COLLISION W/ OTHER VEH - PARKED MV,1800235,2,2115  13TH ST      ,13TH ST,CITY ST/CNTY RD,     ,  ,2018/01/07 21:14:59+00,2018/01/07 21:15:00+00,2018,1,January,21,1,7,Sunday,21,Motorway Collision,Dark - Lighted,NONE,Property Damage Only,0,0,0,40.019326,-105.279094,0,0,0,0,NON-INTERSECTION,2115,1695
-105.285542,40.007765,Police Collision Report,COLLISION W/ OTHER VEH - PARKED MV,1800425,2,1150  7TH ST      ,7TH STREET,CITY ST/CNTY RD,450,N ,2018/01/13 00:00:00+00,2018/01/13 07:05:00+00,2018,1,January,7,7,13,Saturday,7,Motorway Collision,Daylight,NONE,Property Damage Only,0,0,0,40.007765,-105.285542,0,0,0,0,NON-INTERSECTION,1315,1696
-105.280971,40.016592,Police Collision Report,COLLISION W/ OTHER VEH - PARKED MV,1800308,2,11TH ST/WALNUT ST,WALNUT ST.,CITY ST/CNTY RD,100,W ,2018/01/09 00:00:00+00,2018/01/09 20:20:00+00,2018,1,January,20,3,9,Tuesday,20,Motorway Collision,Dark - Lighted,NONE,Property Damage Only,0,0,0,40.016592,-105.280971,0,0,0,0,NON-INTERSECTION,2020,1697
-105.281818,40.04096,Police Collision Report,COLLISION W/ OTHER VEH - PARKED MV,1800361,2,1215  LINDEN AVE      ,LINDEN AVENUE,CITY ST/CNTY RD,190,E ,,2018/01/11 10:16:00+00,2018,1,January,10,5,11,Thursday,10,Motorway Collision,Daylight,NONE,Property Damage Only,0,0,0,40.04096,-105.281818,0,0,0,0,NON-INTERSECTION,1016,1698
-105.256067,40.0147,Police Collision Report,COLLISION W/ OTHER VEH - PARKED MV,1800601,2,1600  29TH ST      ,1600 29TH STREET,,     ,  ,2018/01/17 00:00:00+00,2018/01/17 16:30:00+00,2018,1,January,16,4,17,Wednesday,16,Motorway Collision,Daylight,NONE,Property Damage Only,0,0,0,40.0147,-105.256067,0,0,0,0,PARKING LOT,1630,1699
-105.256445,40.020724,Police Collision Report,COLLISION W/ OTHER VEH - PARKED MV,1716123,2,1905  29TH ST      ,1905 29TH STREET,CITY ST/CNTY RD,     ,  ,2017/12/10 00:00:00+00,2017/12/10 16:19:00+00,2017,12,December,16,1,10,Sunday,16,Motorway Collision,Dawn or Dusk,NONE,Property Damage Only,0,0,0,40.020724,-105.256445,0,0,0,0,PARKING LOT,1619,1700
-105.280191,40.018381,Police Collision Report,COLLISION W/ OTHER VEH - PARKED MV,1716155,2,BROADWAY/PEARL | SPRUCE ALLEY,PEARL ST,CITY ST/CNTY RD,40,W ,2017/12/10 00:00:00+00,2017/12/10 17:49:00+00,2017,12,December,17,1,10,Sunday,17,Motorway Collision,Dark - Lighted,NONE,Property Damage Only,0,0,0,40.018381,-105.280191,0,0,0,0,CROSSOVER-RELATED,1749,1701
-105.227512,39.985893,Police Collision Report,COLLISION W/ OTHER VEH - PARKED MV,1716048,3,MANHATTAN CIR/SOUTH BOULDER RD,MANHATTAN CIRCLE,CITY ST/CNTY RD,230,S ,2017/12/08 00:00:00+00,2017/12/08 07:58:00+00,2017,12,December,7,6,8,Friday,7,Motorway Collision,Daylight,NONE,Property Damage Only,0,0,0,39.985893,-105.227512,0,0,0,0,NON-INTERSECTION,758,1702
-105.282026,40.025517,Police Collision Report,COLLISION W/ OTHER VEH - PARKED MV,1716338,2,2700  BROADWAY      ,2700 BROADWAY,,     ,  ,2017/12/14 00:00:00+00,2017/12/14 16:12:00+00,2017,12,December,16,5,14,Thursday,16,Motorway Collision,Daylight,NONE,Property Damage Only,0,0,0,40.025517,-105.282026,0,0,0,0,PARKING LOT,1400,1703
-105.287262,40.013835,Police Collision Report,COLLISION W/ OTHER VEH - PARKED MV,1716331,2,1777  6TH ST      ,1777 6TH ST,,     ,  ,2017/12/14 00:00:00+00,2017/12/14 16:45:00+00,2017,12,December,16,5,14,Thursday,16,Motorway Collision,Dawn or Dusk,NONE,Property Damage Only,0,0,0,40.013835,-105.287262,0,0,0,0,PARKING LOT,1645,1704
-105.268822,40.001848,Police Collision Report,COLLISION W/ OTHER VEH - PARKED MV,1716407,3,19TH ST/CASCADE AVE,CASCADE AVENUE,CITY ST/CNTY RD,108,E ,2017/12/16 00:00:00+00,2017/12/16 14:36:00+00,2017,12,December,14,7,16,Saturday,14,Motorway Collision,Daylight,NONE,Property Damage Only,0,0,0,40.001848,-105.268822,0,0,0,0,NON-INTERSECTION,1400,1705
-105.281318,40.012295,Police Collision Report,COLLISION W/ OTHER VEH - PARKED MV,1716433,3,959   MARINE ST      ,MARINE ST,CITY ST/CNTY RD,33,E ,2017/12/17 00:00:00+00,2017/12/17 09:41:00+00,2017,12,December,9,1,17,Sunday,9,Motorway Collision,Dark - Unlighted,NONE,Property Damage Only,0,0,0,40.012295,-105.281318,0,0,0,0,NON-INTERSECTION,300,1706
-105.253457,40.003757,Police Collision Report,COLLISION W/ OTHER VEH - PARKED MV,1716518,2,2985  E AURORA AVEE 217B   ,2985 E AURORA AVE,,     ,  ,,2017/12/19 12:01:00+00,2017,12,December,12,3,19,Tuesday,12,Motorway Collision,,NONE,Property Damage Only,0,0,0,40.003757,-105.253457,0,0,0,0,PARKING LOT,1201,1707
-105.263032,40.016251,Police Collision Report,COLLISION W/ OTHER VEH - PARKED MV,1716543,2,FOLSOM ST/GOSS ST,23RD,CITY ST/CNTY RD,50,E ,2017/12/19 00:00:00+00,2017/12/19 21:30:00+00,2017,12,December,21,3,19,Tuesday,21,Motorway Collision,Dark - Lighted,NONE,Property Damage Only,0,0,0,40.016251,-105.263032,0,0,0,0,NON-INTERSECTION,2128,1708
-105.250152,40.018236,Police Collision Report,COLLISION W/ OTHER VEH - PARKED MV,2201085,2,1805  33RD ST      ,1805 33RD ST,,     ,  ,2022/02/04 00:00:00+00,2022/02/04 12:56:00+00,2022,2,February,12,6,4,Friday,12,Motorway Collision,,NONE,Property Damage Only,0,0,0,40.018236,-105.250152,0,0,0,0,PARKING LOT,1256,1709
-105.236988,39.982762,Police Collision Report,COLLISION W/ OTHER VEH - PARKED MV,2201144,2,WALDEN CIR/TANTRA DR,WALDEN CIR,CITY ST/CNTY RD,     ,N ,2022/02/06 00:00:00+00,2022/02/06 08:41:00+00,2022,2,February,8,1,6,Sunday,8,Motorway Collision,Daylight,NONE,Property Damage Only,0,0,0,39.982762,-105.236988,0,0,0,0,NON-INTERSECTION,841,1710
-105.274767,40.018974,Police Collision Report,COLLISION W/ OTHER VEH - PARKED MV,2201157,2,16TH ST/PEARL ST,16TH ST,CITY ST/CNTY RD,     ,N ,2022/02/06 17:48:59+00,2022/02/06 17:49:00+00,2022,2,February,17,1,6,Sunday,17,Motorway Collision,Dark - Lighted,NONE,Property Damage Only,0,0,0,40.018974,-105.274767,1,1,0,0,NON-INTERSECTION,1749,1711
-105.273102,40.019334,Police Collision Report,COLLISION W/ OTHER VEH - PARKED MV,2201276,2,1725  PEARL ST C     ,1725 PEARL ST,,     ,  ,2022/02/09 11:54:59+00,2022/02/09 11:55:00+00,2022,2,February,11,4,9,Wednesday,11,Motorway Collision,,NONE,Property Damage Only,0,0,0,40.019334,-105.273102,0,0,0,0,PARKING LOT,1155,1712
-105.256029,40.029076,Police Collision Report,COLLISION W/ OTHER VEH - PARKED MV,2201275,2,2900  VALMONT RD      ,2900 VALMONT RD,,     ,  ,2022/02/09 00:00:00+00,2022/02/09 12:16:00+00,2022,2,February,12,4,9,Wednesday,12,Motorway Collision,,NONE,Property Damage Only,0,0,0,40.029076,-105.256029,0,0,0,0,PARKING LOT,1216,1713
-105.253622,40.01474,Police Collision Report,COLLISION W/ OTHER VEH - PARKED MV,2201098,2,3005  ARAPAHOE AVE      ,3005 ARAPAHOE AVE,,     ,  ,2022/02/04 00:00:00+00,2022/02/04 16:01:00+00,2022,2,February,16,6,4,Friday,16,Motorway Collision,,NONE,Property Damage Only,0,0,0,40.01474,-105.253622,0,0,0,0,PARKING LOT,1601,1714
-105.242267,40.022488,Police Collision Report,COLLISION W/ OTHER VEH - PARKED MV,2201107,2,4710  PEARL EAST CIR      ,4710 PEARL EAST CIRCLE,,     ,  ,2022/02/04 00:00:00+00,2022/02/04 20:38:00+00,2022,2,February,20,6,4,Friday,20,Motorway Collision,Dark - Lighted,NONE,Property Damage Only,0,0,0,40.022488,-105.242267,0,0,0,0,PARKING LOT,2038,1715
-105.262,40.040119,Police Collision Report,COLLISION W/ OTHER VEH - PARKED MV,2201486,2,KALMIA AVE/LARKWOOD CT,KALMIA AVE,CITY ST/CNTY RD,     ,E ,2022/02/15 00:00:00+00,2022/02/15 16:14:00+00,2022,2,February,16,3,15,Tuesday,16,Motorway Collision,Daylight,NONE,Property Damage Only,0,0,0,40.040119,-105.262,0,0,0,0,NON-INTERSECTION,1536,1716
-105.270809,40.019805,Police Collision Report,COLLISION W/ OTHER VEH - PARKED MV,2201422,2,PEARL ST/19TH ST,19TH STREET,CITY ST/CNTY RD,     ,S ,2022/02/13 00:00:00+00,2022/02/13 22:16:00+00,2022,2,February,22,1,13,Sunday,22,Motorway Collision,Daylight,NONE,Property Damage Only,0,0,0,40.019805,-105.270809,0,0,0,0,NON-INTERSECTION,1400,1717
-105.276252,40.008678,Police Collision Report,COLLISION W/ OTHER VEH - PARKED MV,1712249,2,13TH ST/PENNSYLVANIA AVE,13TH ST.,,     ,  ,2017/09/16 00:00:00+00,2017/09/16 16:43:00+00,2017,9,September,16,7,16,Saturday,16,Motorway Collision,Daylight,NONE,Property Damage Only,0,0,0,40.008678,-105.276252,0,0,0,0,NON-INTERSECTION,1635,1718
-105.258504,40.020458,Police Collision Report,COLLISION W/ OTHER VEH - PARKED MV,1712254,2,1895  28TH ST      ,1895 28TH ST,,     ,  ,2017/09/16 00:00:00+00,2017/09/16 17:45:00+00,2017,9,September,17,7,16,Saturday,17,Motorway Collision,Daylight,NONE,Property Damage Only,0,0,0,40.020458,-105.258504,0,0,0,0,PARKING LOT,1910,1719
-105.281677,40.018617,Police Collision Report,COLLISION W/ OTHER VEH - PARKED MV,1712302,2,11TH ST/SPRUCE ST,11TH ST / SPRUCE ST,,     ,  ,2017/09/17 00:00:00+00,2017/09/17 00:00:00+00,2017,9,September,0,1,17,Sunday,0,Motorway Collision,Dark - Lighted,NONE,Property Damage Only,0,0,0,40.018617,-105.281677,0,0,0,0,PARKING LOT,1300,1720
-105.277716,40.019466,Police Collision Report,COLLISION W/ OTHER VEH - PARKED MV,1712688,2,SPRUCE ST/14TH ST,SPRUCE ST,CITY ST/CNTY RD,107,E ,2017/09/25 00:00:00+00,2017/09/25 16:53:00+00,2017,9,September,16,2,25,Monday,16,Motorway Collision,Daylight,NONE,Property Damage Only,0,0,0,40.019466,-105.277716,0,0,0,0,NON-INTERSECTION,1652,1721
-105.249602,40.019956,Police Collision Report,COLLISION W/ OTHER VEH - PARKED MV,1712708,2,33RD ST/WALNUT ST,33RD ST,CITY ST/CNTY RD,137,S ,2017/09/26 00:00:00+00,2017/09/26 07:30:00+00,2017,9,September,7,3,26,Tuesday,7,Motorway Collision,Daylight,NONE,Property Damage Only,0,0,0,40.019956,-105.249602,0,0,0,0,DRIVEWAY ACCESS RELATED,730,1722
-105.279094,40.019326,Police Collision Report,COLLISION W/ OTHER VEH - PARKED MV,1712733,2,2115  13TH ST      ,2115 13TH ST,,     ,  ,,2017/09/26 16:51:00+00,2017,9,September,16,3,26,Tuesday,16,Motorway Collision,Daylight,NONE,Property Damage Only,0,0,0,40.019326,-105.279094,0,0,0,0,PARKING LOT,1652,1723
-105.277475,40.058249,Police Collision Report,COLLISION W/ OTHER VEH - PARKED MV,1712740,2,16TH ST/YARMOUTH AVE,1575 YARMOUTH,,     ,  ,2017/09/26 00:00:00+00,2017/09/27 00:00:00+00,2017,9,September,0,4,27,Wednesday,0,Motorway Collision,Daylight,NONE,Property Damage Only,0,0,0,40.058249,-105.277475,0,0,0,0,PARKING LOT,1330,1724
-105.253728,40.015693,Police Collision Report,COLLISION W/ OTHER VEH - PARKED MV,1712573,2,1650  30TH ST      ,1650 30TH ST,,     ,  ,,2017/09/23 00:29:00+00,2017,9,September,0,7,23,Saturday,0,Motorway Collision,Dark - Unlighted,NONE,Property Damage Only,0,0,0,40.015693,-105.253728,0,0,0,0,PARKING LOT,50,1725
-105.263468,40.011046,Police Collision Report,COLLISION W/ OTHER VEH - PARKED MV,1712553,2,FOLSOM ST/TAFT DR,TAFT,CITY ST/CNTY RD,280,E ,2017/09/22 00:00:00+00,2017/09/22 16:19:00+00,2017,9,September,16,6,22,Friday,16,Motorway Collision,Daylight,NONE,Property Damage Only,0,0,0,40.011046,-105.263468,0,0,0,0,NON-INTERSECTION,1619,1726
-105.279014,40.047958,Police Collision Report,COLLISION W/ OTHER VEH - PARKED MV,1712536,2,15TH ST/QUINCE AVE,QUINCE,CITY ST/CNTY RD,115,W ,2017/09/22 00:00:00+00,2017/09/22 12:01:00+00,2017,9,September,12,6,22,Friday,12,Motorway Collision,Daylight,NONE,Property Damage Only,0,0,0,40.047958,-105.279014,0,0,0,0,NON-INTERSECTION,1200,1727
-105.275996,40.011541,Police Collision Report,COLLISION W/ OTHER VEH - PARKED MV,1712504,2,13TH ST/GRANDVIEW AVE,GRANDVIEW AVE,,     ,  ,2017/09/21 00:00:00+00,2017/09/21 21:08:00+00,2017,9,September,21,5,21,Thursday,21,Motorway Collision,Dark - Unlighted,NONE,Property Damage Only,0,0,0,40.011541,-105.275996,0,0,0,0,NON-INTERSECTION,2108,1728
-105.285727,40.018823,Police Collision Report,COLLISION W/ OTHER VEH - PARKED MV,1712458,2,8TH ST/PINE ST,8TH ST,CITY ST/CNTY RD,90,N ,2017/09/20 00:00:00+00,2017/09/20 18:48:00+00,2017,9,September,18,4,20,Wednesday,18,Motorway Collision,Daylight,NONE,Property Damage Only,0,0,0,40.018823,-105.285727,0,0,0,0,NON-INTERSECTION,1730,1729
-105.287193,40.013504,Police Collision Report,COLLISION W/ OTHER VEH - PARKED MV,1712361,2,6TH ST/STREAMSIDE LN,6TH,CITY ST/CNTY RD,18,S ,2017/09/19 00:00:00+00,2017/09/19 10:20:00+00,2017,9,September,10,3,19,Tuesday,10,Motorway Collision,Daylight,NONE,Property Damage Only,0,0,0,40.013504,-105.287193,0,0,0,0,NON-INTERSECTION,1031,1730
-105.268822,40.001848,Police Collision Report,COLLISION W/ OTHER VEH - PARKED MV,1805447,6,19TH ST/CASCADE AVE,19TH,CITY ST/CNTY RD,500,S ,2018/05/04 21:10:00+00,2018/05/04 22:54:00+00,2018,5,May,22,6,4,Friday,22,Motorway Collision,Dark - Unlighted,NONE,Property Damage Only,0,0,0,40.001848,-105.268822,1,1,0,0,NON-INTERSECTION,2110,1731
-105.270475,40.018983,Police Collision Report,COLLISION W/ OTHER VEH - PARKED MV,1805511,2,1920  19TH ST      ,19TH ST,CITY ST/CNTY RD,100,N ,2018/05/06 00:00:00+00,2018/05/06 11:41:00+00,2018,5,May,11,1,6,Sunday,11,Motorway Collision,Dark - Unlighted,NONE,Property Damage Only,0,0,0,40.018983,-105.270475,0,0,0,0,NON-INTERSECTION,1142,1732
-105.281269,40.021795,Police Collision Report,COLLISION W/ OTHER VEH - PARKED MV,1804748,2,BROADWAY,2350 BROADWAY,,     ,  ,2018/04/20 00:00:00+00,2018/04/20 12:23:00+00,2018,4,April,12,6,20,Friday,12,Motorway Collision,Daylight,NONE,Property Damage Only,0,0,0,40.021795,-105.281269,0,0,0,0,PARKING LOT,1210,1733
-105.281326,40.013602,Police Collision Report,COLLISION W/ OTHER VEH - PARKED MV,1801910,2,1001  ARAPAHOE AVE      ,1001 ARAPAHOE AVE,,     ,  ,2018/02/15 00:00:00+00,2018/02/15 00:00:00+00,2018,2,February,0,5,15,Thursday,0,Motorway Collision,Dark - Unlighted,NONE,Property Damage Only,0,0,0,40.013602,-105.281326,0,0,0,0,PARKING LOT,2000,1734
-105.255441,40.000144,Police Collision Report,COLLISION W/ OTHER VEH - PARKED MV,1804281,2,2915  BASELINE RD 313    ,2915 BASELINE RD,,     ,  ,2018/04/10 00:00:00+00,2018/04/10 15:51:00+00,2018,4,April,15,3,10,Tuesday,15,Motorway Collision,Daylight,NONE,Property Damage Only,0,0,0,40.000144,-105.255441,0,0,0,0,PARKING LOT,1552,1735
-105.274965,40.005483,Police Collision Report,COLLISION W/ OTHER VEH - PARKED MV,1804167,2,EUCLID AVE/14TH ST,EUCLID,CITY ST/CNTY RD,100,S ,2018/04/07 00:00:00+00,2018/04/07 16:19:00+00,2018,4,April,16,7,7,Saturday,16,Motorway Collision,Daylight,NONE,Property Damage Only,0,0,0,40.005483,-105.274965,0,0,0,0,NON-INTERSECTION,1629,1736
-105.272693,40.054643,Police Collision Report,COLLISION W/ OTHER VEH - PARKED MV,1804550,4,4500  19TH ST 120    ,BLUEBERRY,,450,N ,2018/04/15 00:00:00+00,2018/04/15 23:46:00+00,2018,4,April,23,1,15,Sunday,23,Motorway Collision,Dark - Unlighted,NONE,Property Damage Only,0,0,0,40.054643,-105.272693,0,0,0,0,NON-INTERSECTION,2346,1737