X,Y,ReportType,PrmaryCollsionType,CaseNumber,UnitsInvolved,Location,OnHighway,CrossStreet,FeetFromIntersection,DirectionFromIntersection,CollisionDate,ReportedDate,ReportedYear,ReportedMonth,ReportedMonthName,ReportedWeek,ReportedDayofWeekNum,ReportedDayofMonth,ReportedDayofWeek,ReportedHour,HitAndRunStatus,LightingCondition,WeatherCondition,Severity,NumKilled,NumSeriouslyInjured,NumInjuredOrKilled,Lat,Lon,DUI,AlcoholDrugSuspected,BicyclesInvolved,PedestriansInvolved,RoadDescription,Crash_Time,ESRI_OID
-105.256165,40.005302,Police Collision Report,COLLISION W/ OTHER VEH - PARKED MV,1804570,2,ADAMS CIR/E EUCLID AVE,ADAMS CIR,CITY ST/CNTY RD,28,S ,2018/04/16 00:00:00+00,2018/04/16 12:32:00+00,2018,4,April,12,2,16,Monday,12,Motorway Collision,Daylight,NONE,Property Damage Only,0,0,0,40.005302,-105.256165,0,0,0,0,NON-INTERSECTION,1231,1738
-105.246573,40.015272,Police Collision Report,COLLISION W/ OTHER VEH - PARKED MV,1804579,2,38TH ST/EXPOSITION DR,38TH ST,CITY ST/CNTY RD,99,S ,2018/04/16 00:00:00+00,2018/04/16 17:58:00+00,2018,4,April,17,2,16,Monday,17,Motorway Collision,Dawn or Dusk,NONE,Property Damage Only,0,0,0,40.015272,-105.246573,0,0,0,0,NON-INTERSECTION,1759,1739
-105.264808,40.001535,Police Collision Report,COLLISION W/ OTHER VEH - PARKED MV,1804592,2,695   BROADWAY      ,695 SOUTH BROADWAY,,     ,  ,2018/04/16 00:00:00+00,2018/04/16 18:37:00+00,2018,4,April,18,2,16,Monday,18,Motorway Collision,Daylight,NONE,Property Damage Only,0,0,0,40.001535,-105.264808,0,0,0,0,PARKING LOT,1830,1740
-105.268826,39.998183,Police Collision Report,COLLISION W/ OTHER VEH - PARKED MV,1804421,3,19TH ST/MARIPOSA AVE,MARIPOSA AVENUE,CITY ST/CNTY RD,100,W ,2018/04/13 00:00:00+00,2018/04/13 07:58:00+00,2018,4,April,7,6,13,Friday,7,Motorway Collision,Dark - Unlighted,NONE,Property Damage Only,0,0,0,39.998183,-105.268826,0,0,0,0,NON-INTERSECTION,130,1741
-105.27972,40.021223,Police Collision Report,COLLISION W/ OTHER VEH - PARKED MV,1804066,2,MAPLETON AVE/13TH ST,MAPLETON AVENUE,CITY ST/CNTY RD,135,W ,2018/04/05 00:00:00+00,2018/04/05 12:54:00+00,2018,4,April,12,5,5,Thursday,12,Motorway Collision,Daylight,NONE,Property Damage Only,0,0,0,40.021223,-105.27972,0,0,0,0,NON-INTERSECTION,1254,1742
-105.25452,40.002709,Police Collision Report,COLLISION W/ OTHER VEH - PARKED MV,1804038,2,2950  BIXBY AVE      ,2950 BIXBY,,     ,  ,2018/04/04 00:00:00+00,2018/04/04 22:34:00+00,2018,4,April,22,4,4,Wednesday,22,Motorway Collision,Dark - Unlighted,NONE,Property Damage Only,0,0,0,40.002709,-105.25452,0,0,0,0,PARKING LOT,2230,1743
-105.281326,40.013602,Police Collision Report,COLLISION W/ OTHER VEH - PARKED MV,1803929,2,1001  ARAPAHOE AVE      ,1001 ARAPAHOE,,     ,  ,2018/04/02 00:00:00+00,2018/04/02 18:21:00+00,2018,4,April,18,2,2,Monday,18,Motorway Collision,Daylight,NONE,Property Damage Only,0,0,0,40.013602,-105.281326,0,0,0,0,PARKING LOT,1830,1744
-105.236434,39.983796,Police Collision Report,COLLISION W/ OTHER VEH - PARKED MV,1803857,2,605   WALDEN CIR 202    ,PRIVATE,CITY ST/CNTY RD,     ,  ,2018/03/27 00:00:00+00,2018/03/27 00:00:00+00,2018,3,March,0,3,27,Tuesday,0,Motorway Collision,Dark - Lighted,NONE,Property Damage Only,0,0,0,39.983796,-105.236434,0,0,0,0,PARKING LOT,2000,1745
-105.260501,40.01741,Police Collision Report,COLLISION W/ OTHER VEH - PARKED MV,1803352,2,2595  CANYON BLVD      ,2595 CANYON BLVD,,     ,  ,2018/03/19 00:00:00+00,2018/03/19 14:22:00+00,2018,3,March,14,2,19,Monday,14,Motorway Collision,Daylight,NONE,Property Damage Only,0,0,0,40.01741,-105.260501,0,0,0,0,PARKING LOT,1155,1746
-105.258691,40.002495,Police Collision Report,COLLISION W/ OTHER VEH - PARKED MV,1803380,2,800   28TH ST      ,800 28TH ST FRONTAGE RD,,     ,  ,2018/03/20 00:00:00+00,2018/03/20 10:00:00+00,2018,3,March,10,3,20,Tuesday,10,Motorway Collision,Dark - Lighted,NONE,Property Damage Only,0,0,0,40.002495,-105.258691,0,0,0,0,PARKING LOT,930,1747
-105.272141,40.019498,Police Collision Report,COLLISION W/ OTHER VEH - PARKED MV,1803209,2,18TH ST/PEARL ST,PEARL STREET,CITY ST/CNTY RD,150,E ,2018/03/17 00:00:00+00,2018/03/17 08:31:00+00,2018,3,March,8,7,17,Saturday,8,Motorway Collision,Daylight,NONE,Property Damage Only,0,0,0,40.019498,-105.272141,0,0,0,0,NON-INTERSECTION,831,1748
-105.285085,40.012975,Police Collision Report,COLLISION W/ OTHER VEH - PARKED MV,1803323,3,745   ARAPAHOE AVE      ,745 ARAPAHOE,CITY ST/CNTY RD,     ,  ,2018/03/19 00:00:00+00,2018/03/19 03:11:00+00,2018,3,March,3,2,19,Monday,3,Motorway Collision,Dark - Unlighted,NONE,Property Damage Only,0,0,0,40.012975,-105.285085,0,0,0,0,PARKING LOT,311,1749
-105.275894,40.01823,Police Collision Report,COLLISION W/ OTHER VEH - PARKED MV,1803494,2,LAWRY LN/15TH ST,LAWRY LN,CITY ST/CNTY RD,30,W ,2018/03/22 00:00:00+00,2018/03/22 13:52:00+00,2018,3,March,13,5,22,Thursday,13,Motorway Collision,Daylight,NONE,Property Damage Only,0,0,0,40.01823,-105.275894,0,0,0,0,CROSSOVER-RELATED,1352,1750
-105.279931,40.009451,Police Collision Report,COLLISION W/ OTHER VEH - PARKED MV,1803416,3,10TH ST/PLEASANT ST,10TH,CITY ST/CNTY RD,30,S ,2018/03/21 00:00:00+00,2018/03/21 01:09:00+00,2018,3,March,1,4,21,Wednesday,1,Motorway Collision,Dark - Lighted,NONE,Property Damage Only,0,0,0,40.009451,-105.279931,0,0,0,0,NON-INTERSECTION,109,1751
-105.232008,39.988907,Police Collision Report,COLLISION W/ OTHER VEH - PARKED MV,1804714,2,THUNDERBIRD CIR/THUNDERBIRD DR,THUNDERBIRD CIRCLE,CITY ST/CNTY RD,200,W ,2018/04/19 00:00:00+00,2018/04/19 17:53:00+00,2018,4,April,17,5,19,Thursday,17,Motorway Collision,Daylight,NONE,Property Damage Only,0,0,0,39.988907,-105.232008,0,0,0,0,NON-INTERSECTION,1753,1752
-105.2566,39.989106,Police Collision Report,COLLISION W/ OTHER VEH - PARKED MV,1804735,2,DARTMOUTH AVE/COLGATE ST,COLGATE STREET,CITY ST/CNTY RD,215,S ,2018/04/20 00:00:00+00,2018/04/20 07:34:00+00,2018,4,April,7,6,20,Friday,7,Motorway Collision,Daylight,NONE,Property Damage Only,0,0,0,39.989106,-105.2566,0,0,0,0,NON-INTERSECTION,734,1753
-105.258504,40.018818,Police Collision Report,COLLISION W/ OTHER VEH - PARKED MV,1805098,2,1789  28TH ST      ,1789 28TH STREET,,     ,  ,2018/04/27 00:00:00+00,2018/04/27 09:25:00+00,2018,4,April,9,6,27,Friday,9,Motorway Collision,Daylight,NONE,Property Damage Only,0,0,0,40.018818,-105.258504,0,0,0,0,PARKING LOT,925,1754
-105.28236,40.02325,Police Collision Report,COLLISION W/ OTHER VEH - PARKED MV,1805041,2,1140  PORTLAND PL      ,PORTLAND PLACE,CITY ST/CNTY RD,235,W ,2018/04/26 00:00:00+00,2018/04/26 12:23:00+00,2018,4,April,12,5,26,Thursday,12,Motorway Collision,Daylight,NONE,Property Damage Only,0,0,0,40.02325,-105.28236,0,0,0,0,NON-INTERSECTION,1220,1755
-105.279826,40.061027,Police Collision Report,COLLISION W/ OTHER VEH - PARKED MV,1804988,2,14TH ST/ZAMIA AVE,14TH ST,CITY ST/CNTY RD,75,S ,2018/04/22 00:00:00+00,2018/04/25 18:14:00+00,2018,4,April,18,4,25,Wednesday,18,Motorway Collision,Daylight,NONE,Property Damage Only,0,0,0,40.061027,-105.279826,0,0,0,0,NON-INTERSECTION,1300,1756
-105.279094,40.019326,Police Collision Report,COLLISION W/ OTHER VEH - PARKED MV,1803642,2,2115  13TH ST      ,13TH ST,CITY ST/CNTY RD,61,N ,2018/03/23 00:00:00+00,2018/03/26 13:09:00+00,2018,3,March,13,2,26,Monday,13,Motorway Collision,Daylight,NONE,Property Damage Only,0,0,0,40.019326,-105.279094,0,0,0,0,NON-INTERSECTION,1500,1757
-105.246734,40.029209,Police Collision Report,COLLISION W/ OTHER VEH - PARKED MV,1802389,2,3000  CENTER GREEN DR      ,3000 CENTER GREEN DR,,     ,  ,2018/02/27 00:00:00+00,2018/02/27 14:48:00+00,2018,2,February,14,3,27,Tuesday,14,Motorway Collision,Daylight,NONE,Property Damage Only,0,0,0,40.029209,-105.246734,0,0,0,0,PARKING LOT,1448,1758
-105.25108,40.023745,Police Collision Report,COLLISION W/ OTHER VEH - PARKED MV,1802328,2,3195  PEARL PKWY      ,3195 PEARL PKWY,,     ,  ,2018/02/26 00:00:00+00,2018/02/26 06:52:00+00,2018,2,February,6,2,26,Monday,6,Motorway Collision,Dark - Lighted,NONE,Property Damage Only,0,0,0,40.023745,-105.25108,0,0,0,0,DRIVEWAY ACCESS RELATED,225,1759
-105.258498,40.017921,Police Collision Report,COLLISION W/ OTHER VEH - PARKED MV,1802438,2,1731  28TH ST      ,1731 28TH ST,,     ,  ,2018/02/28 00:00:00+00,2018/02/28 22:06:00+00,2018,2,February,22,4,28,Wednesday,22,Motorway Collision,Daylight,NONE,Property Damage Only,0,0,0,40.017921,-105.258498,0,0,0,0,PARKING LOT,2200,1760
-105.28102,40.016732,Police Collision Report,COLLISION W/ OTHER VEH - PARKED MV,1802504,2,1911  11TH ST      ,11TH STREET,CITY ST/CNTY RD,100,N ,2018/03/02 00:00:00+00,2018/03/02 12:07:00+00,2018,3,March,12,6,2,Friday,12,Motorway Collision,Daylight,NONE,Property Damage Only,0,0,0,40.016732,-105.28102,0,0,0,0,NON-INTERSECTION,1157,1761
-105.282005,40.006131,Police Collision Report,COLLISION W/ OTHER VEH - PARKED MV,1802849,2,1037  9TH ST      ,9TH STREET,CITY ST/CNTY RD,245,N ,2018/03/10 00:00:00+00,2018/03/10 07:05:00+00,2018,3,March,7,7,10,Saturday,7,Motorway Collision,Dark - Unlighted,NONE,Property Damage Only,0,0,0,40.006131,-105.282005,0,0,0,0,NON-INTERSECTION,30,1762
-105.244202,39.989148,Police Collision Report,COLLISION W/ OTHER VEH - PARKED MV,1802683,2,170   S 42ND STS      ,S. 42ND STREET,,200,N ,2018/03/07 00:00:00+00,2018/03/07 08:35:00+00,2018,3,March,8,4,7,Wednesday,8,Motorway Collision,Dark - Lighted,NONE,Property Damage Only,0,0,0,39.989148,-105.244202,0,0,0,0,NON-INTERSECTION,2345,1763
-105.258277,40.02347,Police Collision Report,COLLISION W/ OTHER VEH - PARKED MV,1802696,2,2100  28TH ST      ,2100 28TH ST,,     ,  ,2018/03/07 00:00:00+00,2018/03/07 13:50:00+00,2018,3,March,13,4,7,Wednesday,13,Motorway Collision,Daylight,NONE,Property Damage Only,0,0,0,40.02347,-105.258277,0,0,0,0,PARKING LOT,1349,1764
-105.278165,40.005433,Police Collision Report,COLLISION W/ OTHER VEH - PARKED MV,1802876,2,1140  EUCLID AVE      ,1140,CITY ST/CNTY RD,     ,  ,2018/03/10 00:00:00+00,2018/03/10 20:58:00+00,2018,3,March,20,7,10,Saturday,20,Motorway Collision,Dark - Lighted,NONE,Property Damage Only,0,0,0,40.005433,-105.278165,0,0,0,0,NON-INTERSECTION,2058,1765
-105.291572,40.031049,Police Collision Report,COLLISION W/ OTHER VEH - PARKED MV,1802928,2,4TH ST/EVERGREEN AVE,4TH ST,CITY ST/CNTY RD,32,S ,2018/03/12 00:00:00+00,2018/03/12 07:17:00+00,2018,3,March,7,2,12,Monday,7,Motorway Collision,Dark - Unlighted,NONE,Property Damage Only,0,0,0,40.031049,-105.291572,0,0,0,0,NON-INTERSECTION,300,1766
-105.283459,40.062899,Police Collision Report,COLLISION W/ OTHER VEH - PARKED MV,1802907,3,FRONT RANGE DR/FRONT RANGE AVE,4897 BROADWAY,,     ,  ,2018/03/11 18:12:00+00,2018/03/11 19:53:00+00,2018,3,March,19,1,11,Sunday,19,Motorway Collision,Daylight,NONE,Property Damage Only,0,0,0,40.062899,-105.283459,0,0,0,0,NON-INTERSECTION,1812,1767
-105.235484,40.014836,Police Collision Report,COLLISION W/ OTHER VEH - PARKED MV,1802913,2,4747  ARAPAHOE AVE      ,4747 ARAPAHOE AVENUE,CITY ST/CNTY RD,     ,  ,2018/03/11 00:00:00+00,2018/03/11 20:26:00+00,2018,3,March,20,1,11,Sunday,20,Motorway Collision,Dark - Lighted,NONE,Property Damage Only,0,0,0,40.014836,-105.235484,0,0,0,0,PARKING LOT,2026,1768
-105.272783,40.050831,Police Collision Report,COLLISION W/ OTHER VEH - PARKED MV,1802992,2,1897  SUMAC AVE      ,1777 6TH ST,,     ,  ,2018/03/13 00:00:00+00,2018/03/13 10:09:00+00,2018,3,March,10,3,13,Tuesday,10,Motorway Collision,Daylight,NONE,Property Damage Only,0,0,0,40.050831,-105.272783,0,0,0,0,PARKING LOT,1150,1769
-105.240437,40.019117,Police Collision Report,COLLISION W/ OTHER VEH - PARKED MV,1802942,2,4775  WALNUT ST      ,WALNUT STREET,CITY ST/CNTY RD,1250,E ,2018/03/12 00:00:00+00,2018/03/12 14:03:00+00,2018,3,March,14,2,12,Monday,14,Motorway Collision,Daylight,NONE,Property Damage Only,0,0,0,40.019117,-105.240437,0,0,0,0,NON-INTERSECTION,1405,1770
-105.260564,40.020338,Police Collision Report,COLLISION W/ OTHER VEH - PARKED MV,1803058,2,26TH ST/WALNUT ST,WALNUT STREET,CITY ST/CNTY RD,140,W ,2018/03/14 00:00:00+00,2018/03/14 14:14:00+00,2018,3,March,14,4,14,Wednesday,14,Motorway Collision,Daylight,NONE,Property Damage Only,0,0,0,40.020338,-105.260564,0,0,0,0,NON-INTERSECTION,1414,1771
-105.264539,40.016306,Police Collision Report,COLLISION W/ OTHER VEH - PARKED MV,1800820,2,23RD ST/GOSS ST,GOSS ST,CITY ST/CNTY RD,70,E ,2018/01/22 00:00:00+00,2018/01/22 15:24:00+00,2018,1,January,15,2,22,Monday,15,Motorway Collision,Dark - Unlighted,NONE,Property Damage Only,0,0,0,40.016306,-105.264539,0,0,0,0,DRIVEWAY ACCESS RELATED,2000,1772
-105.202131,40.070085,Police Collision Report,COLLISION W/ OTHER VEH - PARKED MV,1800831,2,GUNPARK DR/SPINE RD,GUNPARK DR,CITY ST/CNTY RD,195,W ,2018/01/22 00:00:00+00,2018/01/22 17:16:00+00,2018,1,January,17,2,22,Monday,17,Motorway Collision,Dawn or Dusk,NONE,Property Damage Only,0,0,0,40.070085,-105.202131,0,0,0,0,DRIVEWAY ACCESS RELATED,1630,1773
-105.274979,40.001833,Police Collision Report,COLLISION W/ OTHER VEH - PARKED MV,1800667,2,14TH ST/CASCADE AVE,13TH STREET,CITY ST/CNTY RD,     ,  ,2018/01/19 01:55:59+00,2018/01/19 01:56:00+00,2018,1,January,1,6,19,Friday,1,Motorway Collision,Dark - Lighted,NONE,Property Damage Only,0,0,0,40.001833,-105.274979,1,1,0,0,NON-INTERSECTION,52,1774
-105.265589,40.020837,Police Collision Report,COLLISION W/ OTHER VEH - PARKED MV,1800736,2,23RD ST/PEARL ST,23RD STREET,CITY ST/CNTY RD,142,S ,2018/01/20 00:00:00+00,2018/01/20 15:28:00+00,2018,1,January,15,7,20,Saturday,15,Motorway Collision,Daylight,NONE,Property Damage Only,0,0,0,40.020837,-105.265589,0,0,0,0,CROSSOVER-RELATED,900,1775
-105.261628,40.014585,Police Collision Report,COLLISION W/ OTHER VEH - PARKED MV,1800880,2,2525  ARAPAHOE AVE      ,2525 ARAPAHOE AVE,,     ,  ,2018/01/23 00:00:00+00,2018/01/23 18:26:00+00,2018,1,January,18,3,23,Tuesday,18,Motorway Collision,Daylight,NONE,Property Damage Only,0,0,0,40.014585,-105.261628,0,0,0,0,PARKING LOT,1630,1776
-105.195931,40.064764,Police Collision Report,COLLISION W/ OTHER VEH - PARKED MV,1800881,2,4951  TWIN LAKES RD      ,BRANDON CREEK DR,CITY ST/CNTY RD,300,E ,2018/01/23 22:06:00+00,2018/01/23 22:06:00+00,2018,1,January,22,3,23,Tuesday,22,Motorway Collision,Dark - Lighted,NONE,Possible injury,0,0,0,40.064764,-105.195931,0,0,0,0,NON-INTERSECTION,2206,1777
-105.256067,40.0147,Police Collision Report,COLLISION W/ OTHER VEH - PARKED MV,1801016,2,1600  29TH ST      ,1600 29TH ST,,     ,  ,2018/01/26 00:00:00+00,2018/01/26 15:26:00+00,2018,1,January,15,6,26,Friday,15,Motorway Collision,Daylight,NONE,Property Damage Only,0,0,0,40.0147,-105.256067,0,0,0,0,PARKING LOT,915,1778
-105.270057,40.000077,Police Collision Report,COLLISION W/ OTHER VEH - PARKED MV,1801259,2,18TH ST/BASELINE RD,BASELINE ROAD,CITY ST/CNTY RD,88,E ,2018/02/01 00:00:00+00,2018/02/01 13:35:00+00,2018,2,February,13,5,1,Thursday,13,Motorway Collision,Daylight,NONE,Property Damage Only,0,0,0,40.000077,-105.270057,0,0,0,0,NON-INTERSECTION,1335,1779
-105.253146,40.003727,Police Collision Report,COLLISION W/ OTHER VEH - PARKED MV,1801101,2,30TH ST/E AURORA AVE,E AURORA,CITY ST/CNTY RD,371,E ,2018/01/27 00:00:00+00,2018/01/27 00:00:00+00,2018,1,January,0,7,27,Saturday,0,Motorway Collision,Dark - Unlighted,NONE,Property Damage Only,0,0,0,40.003727,-105.253146,0,0,0,0,DRIVEWAY ACCESS RELATED,2300,1780
-105.272141,40.019498,Police Collision Report,COLLISION W/ OTHER VEH - PARKED MV,1801140,2,18TH ST/PEARL ST,18TH ST,CITY ST/CNTY RD,98,S ,2018/01/29 00:00:00+00,2018/01/29 16:59:00+00,2018,1,January,16,2,29,Monday,16,Motorway Collision,Dawn or Dusk,NONE,Property Damage Only,0,0,0,40.019498,-105.272141,0,0,0,0,NON-INTERSECTION,1659,1781
-105.272693,40.054643,Police Collision Report,COLLISION W/ OTHER VEH - PARKED MV,1801127,2,4500  19TH ST 392    ,ORANGE DR,CITY ST/CNTY RD,370,E ,2018/01/29 00:00:00+00,2018/01/29 09:57:00+00,2018,1,January,9,2,29,Monday,9,Motorway Collision,Dark - Unlighted,NONE,Property Damage Only,0,0,0,40.054643,-105.272693,0,0,0,0,DRIVEWAY ACCESS RELATED,900,1782
-105.249611,40.021938,Police Collision Report,COLLISION W/ OTHER VEH - PARKED MV,1801188,2,33RD ST/PRAIRIE AVE,33RD ST,CITY ST/CNTY RD,132,S ,2018/01/30 00:00:00+00,2018/01/30 17:03:00+00,2018,1,January,17,3,30,Tuesday,17,Motorway Collision,Dawn or Dusk,NONE,Property Damage Only,0,0,0,40.021938,-105.249611,0,0,0,0,NON-INTERSECTION,1703,1783
-105.247116,40.022848,Police Collision Report,COLLISION W/ OTHER VEH - PARKED MV,1801192,2,3800  PEARL PKWY      ,PEARL ST,CITY ST/CNTY RD,467,E ,2018/01/30 00:00:00+00,2018/01/30 20:07:00+00,2018,1,January,20,3,30,Tuesday,20,Motorway Collision,Dark - Lighted,NONE,Property Damage Only,0,0,0,40.022848,-105.247116,0,0,0,0,NON-INTERSECTION,2007,1784
-105.281937,40.007277,Police Collision Report,COLLISION W/ OTHER VEH - PARKED MV,1801567,5,1100  9TH ST BLOCK   ,9TH,CITY ST/CNTY RD,95,S ,2018/02/09 00:22:00+00,2018/02/09 01:53:00+00,2018,2,February,1,6,9,Friday,1,Motorway Collision,Dark - Unlighted,NONE,Property Damage Only,0,0,0,40.007277,-105.281937,1,1,0,0,NON-INTERSECTION,22,1785
-105.282092,40.059385,Police Collision Report,COLLISION W/ OTHER VEH - PARKED MV,1801633,2,4660  BROADWAY      ,BROADWAY,CITY ST/CNTY RD,85,S ,2018/02/09 00:00:00+00,2018/02/09 16:07:00+00,2018,2,February,16,6,9,Friday,16,Motorway Collision,Daylight,NONE,Property Damage Only,0,0,0,40.059385,-105.282092,0,0,0,0,NON-INTERSECTION,1535,1786
-105.272702,40.031607,Police Collision Report,COLLISION W/ OTHER VEH - PARKED MV,1801774,2,19TH ST/FLORAL DR,FOREST,CITY ST/CNTY RD,188,S ,2018/02/14 00:00:00+00,2018/02/14 05:24:00+00,2018,2,February,5,4,14,Wednesday,5,Motorway Collision,Dark - Lighted,NONE,Property Damage Only,0,0,0,40.031607,-105.272702,0,0,0,0,NON-INTERSECTION,524,1787
-105.282035,40.032341,Police Collision Report,COLLISION W/ OTHER VEH - PARKED MV,1901988,2,3170  BROADWAY      ,3170 BROADWAY,,     ,  ,2019/02/23 00:00:00+00,2019/02/23 13:18:00+00,2019,2,February,13,7,23,Saturday,13,Motorway Collision,Daylight,NONE,Property Damage Only,0,0,0,40.032341,-105.282035,0,0,0,0,PARKING LOT,1030,1788
-105.278694,40.003712,Police Collision Report,COLLISION W/ OTHER VEH - PARKED MV,1902340,2,11TH ST/AURORA AVE,11TH ST,CITY ST/CNTY RD,25,N ,2019/03/05 00:00:00+00,2019/03/06 00:00:00+00,2019,3,March,0,4,6,Wednesday,0,Motorway Collision,Daylight,NONE,Property Damage Only,0,0,0,40.003712,-105.278694,0,0,0,0,INTERSECTION RELATED,1123,1789
-105.280119,40.022482,Police Collision Report,COLLISION W/ OTHER VEH - PARKED MV,1814658,2,1301  HIGH ST      ,1301 HIGH ST,,     ,  ,2018/11/13 00:00:00+00,2018/11/13 18:02:00+00,2018,11,November,18,3,13,Tuesday,18,Motorway Collision,Dark - Unlighted,NONE,Property Damage Only,0,0,0,40.022482,-105.280119,0,0,0,0,PARKING LOT,1753,1790
-105.287271,40.011684,Police Collision Report,COLLISION W/ OTHER VEH - PARKED MV,1814523,2,6TH ST/MARINE ST,6TH STREET,CITY ST/CNTY RD,120,N ,2018/11/10 00:00:00+00,2018/11/10 10:34:00+00,2018,11,November,10,7,10,Saturday,10,Motorway Collision,Daylight,NONE,Property Damage Only,0,0,0,40.011684,-105.287271,0,0,1,0,NON-INTERSECTION,1025,1791
-105.272492,40.004703,Police Collision Report,COLLISION W/ OTHER VEH - PARKED MV,1814603,2,956   16TH ST      ,956 16TH ST,,     ,  ,2018/11/08 00:00:00+00,2018/11/12 13:23:00+00,2018,11,November,13,2,12,Monday,13,Motorway Collision,Dark - Lighted,NONE,Property Damage Only,0,0,0,40.004703,-105.272492,0,0,0,0,PARKING LOT,2200,1792
-105.278694,40.003712,Police Collision Report,COLLISION W/ OTHER VEH - PARKED MV,1814610,2,11TH ST/AURORA AVE,11TH ST,CITY ST/CNTY RD,125,N ,2018/11/12 00:00:00+00,2018/11/12 16:49:00+00,2018,11,November,16,2,12,Monday,16,Motorway Collision,Dawn or Dusk,NONE,Property Damage Only,0,0,0,40.003712,-105.278694,0,0,0,0,NON-INTERSECTION,1649,1793
-105.271263,40.001874,Police Collision Report,COLLISION W/ OTHER VEH - PARKED MV,1814777,2,CASCADE AVE/17TH ST,17TH,CITY ST/CNTY RD,45,E ,2018/11/15 00:00:00+00,2018/11/15 23:42:00+00,2018,11,November,23,5,15,Thursday,23,Motorway Collision,Dark - Unlighted,NONE,Property Damage Only,0,0,0,40.001874,-105.271263,0,0,0,0,NON-INTERSECTION,2343,1794
-105.202124,40.072235,Police Collision Report,COLLISION W/ OTHER VEH - PARKED MV,1904802,2,5320  SPINE RD      ,5320 SPINE RD,,     ,  ,2019/05/04 00:00:00+00,2019/05/04 12:12:00+00,2019,5,May,12,7,4,Saturday,12,Motorway Collision,Daylight,NONE,Possible injury,0,0,0,40.072235,-105.202124,0,0,0,0,PARKING LOT,1212,1795
-105.263985,40.000674,Police Collision Report,COLLISION W/ OTHER VEH - PARKED MV,1809517,2,637   BROADWAYS      ,637 S. BROADWAY,,     ,  ,2018/07/31 00:00:00+00,2018/07/31 11:17:00+00,2018,7,July,11,3,31,Tuesday,11,Motorway Collision,Daylight,NONE,Property Damage Only,0,0,0,40.000674,-105.263985,0,0,0,0,PARKING LOT,1117,1796
-105.291487,40.017247,Police Collision Report,COLLISION W/ OTHER VEH - PARKED MV,1806245,2,2135  4TH ST      ,4TH ST,CITY ST/CNTY RD,115,S ,2018/05/22 00:00:00+00,2018/05/22 08:07:00+00,2018,5,May,8,3,22,Tuesday,8,Motorway Collision,Dark - Unlighted,NONE,Property Damage Only,0,0,0,40.017247,-105.291487,0,0,0,0,NON-INTERSECTION,2100,1797
-105.258284,40.020627,Police Collision Report,COLLISION W/ OTHER VEH - PARKED MV,1813200,2,1906  28TH ST      ,1906 28TH ST,,     ,  ,2018/10/11 00:00:00+00,2018/10/11 14:29:00+00,2018,10,October,14,5,11,Thursday,14,Motorway Collision,Daylight,NONE,Property Damage Only,0,0,0,40.020627,-105.258284,0,0,0,0,PARKING LOT,1425,1798
-105.272553,40.016297,Police Collision Report,COLLISION W/ OTHER VEH - PARKED MV,1813214,2,1700  17TH ST      ,1700 17TH ST,CITY ST/CNTY RD,     ,  ,2018/10/11 00:00:00+00,2018/10/11 20:17:00+00,2018,10,October,20,5,11,Thursday,20,Motorway Collision,Daylight,NONE,Property Damage Only,0,0,0,40.016297,-105.272553,0,0,0,0,PARKING LOT,1,1799
-105.235491,40.014695,Police Collision Report,COLLISION W/ OTHER VEH - PARKED MV,1813122,2,4747  ARAPAHOE AVE      ,4747 ARAPAHOE AVE,,     ,  ,2018/10/09 00:00:00+00,2018/10/09 12:41:00+00,2018,10,October,12,3,9,Tuesday,12,Motorway Collision,Daylight,NONE,Property Damage Only,0,0,0,40.014695,-105.235491,0,0,0,0,PARKING LOT,1241,1800
-105.234741,40.014803,Police Collision Report,COLLISION W/ OTHER VEH - PARKED MV,1816328,2,48TH ST/ARAPAHOE AVE,4715 ARAPAHOE AVE,STATE HWY,     ,  ,2018/12/26 00:00:00+00,2018/12/26 15:28:00+00,2018,12,December,15,4,26,Wednesday,15,Motorway Collision,Daylight,NONE,Property Damage Only,0,0,0,40.014803,-105.234741,0,0,0,0,PARKING LOT,1330,1801
-105.25836,40.021501,Police Collision Report,COLLISION W/ OTHER VEH - PARKED MV,1816275,3,1955  28TH ST      ,1955 28TH ST PRIVATE PROPERTY,,     ,NE,2018/12/23 21:37:59+00,2018/12/23 21:38:00+00,2018,12,December,21,1,23,Sunday,21,Motorway Collision,Dark - Lighted,NONE,Possible injury,0,0,0,40.021501,-105.25836,1,1,0,1,PARKING LOT,2138,1802
-105.253567,40.015714,Police Collision Report,COLLISION W/ OTHER VEH - PARKED MV,1816341,2,1650  30TH ST      ,1650 30TH STREET,,     ,  ,2018/12/27 00:00:00+00,2018/12/27 07:09:00+00,2018,12,December,7,5,27,Thursday,7,Motorway Collision,Dawn or Dusk,NONE,Property Damage Only,0,0,0,40.015714,-105.253567,0,0,0,0,PARKING LOT,709,1803