X,Y,ReportType,PrmaryCollsionType,CaseNumber,UnitsInvolved,Location,OnHighway,CrossStreet,FeetFromIntersection,DirectionFromIntersection,CollisionDate,ReportedDate,ReportedYear,ReportedMonth,ReportedMonthName,ReportedWeek,ReportedDayofWeekNum,ReportedDayofMonth,ReportedDayofWeek,ReportedHour,HitAndRunStatus,LightingCondition,WeatherCondition,Severity,NumKilled,NumSeriouslyInjured,NumInjuredOrKilled,Lat,Lon,DUI,AlcoholDrugSuspected,BicyclesInvolved,PedestriansInvolved,RoadDescription,Crash_Time,ESRI_OID
-105.258534,40.014525,Police Collision Report,COLLISION W/ OTHER VEH - PARKED MV,1816125,2,2798  ARAPAHOE AVE      ,2798 ARAPAHOE AVENUE,,     ,  ,2018/12/20 00:00:00+00,2018/12/20 13:31:00+00,2018,12,December,13,5,20,Thursday,13,Motorway Collision,Daylight,NONE,Property Damage Only,0,0,0,40.014525,-105.258534,0,0,0,0,PARKING LOT,1240,1804
-105.278671,40.009478,Police Collision Report,COLLISION W/ OTHER VEH - PARKED MV,1815120,2,PLEASANT ST/11TH ST,PLEASANT ST,CITY ST/CNTY RD,120,W ,2018/11/26 00:00:00+00,2018/11/26 19:26:00+00,2018,11,November,19,2,26,Monday,19,Motorway Collision,Dark - Lighted,NONE,Property Damage Only,0,0,0,40.009478,-105.278671,0,0,0,0,NON-INTERSECTION,2003,1805
-105.235491,40.014695,Police Collision Report,COLLISION W/ OTHER VEH - PARKED MV,1814961,2,4747  ARAPAHOE AVE      ,4743 ARAPAHOE AVE,,     ,  ,2018/11/21 00:00:00+00,2018/11/21 08:48:00+00,2018,11,November,8,4,21,Wednesday,8,Motorway Collision,Daylight,NONE,Property Damage Only,0,0,0,40.014695,-105.235491,0,0,0,0,PARKING LOT,840,1806
-105.253728,40.015693,Police Collision Report,COLLISION W/ OTHER VEH - PARKED MV,1815023,2,1650  30TH ST      ,1650 30TH STREET,,     ,  ,2018/11/23 00:00:00+00,2018/11/23 11:47:00+00,2018,11,November,11,6,23,Friday,11,Motorway Collision,Daylight,NONE,Property Damage Only,0,0,0,40.015693,-105.253728,0,0,0,0,PARKING LOT,1147,1807
-105.254122,40.037857,Police Collision Report,COLLISION W/ OTHER VEH - PARKED MV,1814925,2,2960  DIAGONAL HWY      ,2960 DIAGONAL HWY,,     ,  ,2018/11/20 00:00:00+00,2018/11/20 11:36:00+00,2018,11,November,11,3,20,Tuesday,11,Motorway Collision,Daylight,NONE,Property Damage Only,0,0,0,40.037857,-105.254122,0,0,0,0,PARKING LOT,1136,1808
-105.24933,39.985074,Police Collision Report,COLLISION W/ OTHER VEH - PARKED MV,1814870,2,633   S BROADWAYS      ,633 S BROADWAY,CITY ST/CNTY RD,     ,  ,2018/11/18 00:00:00+00,2018/11/18 15:43:00+00,2018,11,November,15,1,18,Sunday,15,Motorway Collision,Daylight,NONE,Property Damage Only,0,0,0,39.985074,-105.24933,0,0,0,0,PARKING LOT,1542,1809
-105.277492,40.011567,Police Collision Report,COLLISION W/ OTHER VEH - PARKED MV,1815663,2,GRANDVIEW AVE/BROADWAY,GRANDVIEW AVE,CITY ST/CNTY RD,60,W ,2018/12/06 00:00:00+00,2018/12/09 08:30:00+00,2018,12,December,8,1,9,Sunday,8,Motorway Collision,Dark - Unlighted,NONE,Property Damage Only,0,0,0,40.011567,-105.277492,0,0,0,0,NON-INTERSECTION,700,1810
-105.259856,40.017335,Police Collision Report,COLLISION W/ OTHER VEH - PARKED MV,1815687,2,2660  CANYON BLVD      ,2660 CANYON BLVD,,     ,  ,2018/12/10 00:00:00+00,2018/12/10 11:44:00+00,2018,12,December,11,2,10,Monday,11,Motorway Collision,Daylight,NONE,Property Damage Only,0,0,0,40.017335,-105.259856,0,0,0,0,PARKING LOT,1144,1811
-105.287257,40.010445,Police Collision Report,COLLISION W/ OTHER VEH - PARKED MV,1815623,3,6TH ST/UNIVERSITY AVE,6TH STREET,CITY ST/CNTY RD,135,N ,2018/12/08 00:00:00+00,2018/12/08 08:38:00+00,2018,12,December,8,7,8,Saturday,8,Motorway Collision,Daylight,NONE,Property Damage Only,0,0,0,40.010445,-105.287257,0,0,0,0,NON-INTERSECTION,838,1812
-105.280947,40.016628,Police Collision Report,COLLISION W/ OTHER VEH - PARKED MV,1815435,2,WALNUT ST/11TH ST,WALNUT,CITY ST/CNTY RD,99,W ,2018/12/04 00:00:00+00,2018/12/04 12:26:00+00,2018,12,December,12,3,4,Tuesday,12,Motorway Collision,Daylight,NONE,Property Damage Only,0,0,0,40.016628,-105.280947,0,0,0,0,NON-INTERSECTION,1226,1813
-105.248501,39.991051,Police Collision Report,COLLISION W/ OTHER VEH - PARKED MV,1902208,2,3740  MARTIN DR      ,3740 MARTIN DRIVE,,     ,  ,2019/02/25 00:00:00+00,2019/03/01 08:57:00+00,2019,3,March,8,6,1,Friday,8,Motorway Collision,Daylight,NONE,Property Damage Only,0,0,0,39.991051,-105.248501,0,0,0,0,PARKING LOT,700,1814
-105.251107,39.988256,Police Collision Report,COLLISION W/ OTHER VEH - PARKED MV,1902195,2,S 36TH ST/FORDHAM CT,S. 36TH ST,CITY ST/CNTY RD,300,E ,2019/02/28 00:00:00+00,2019/02/28 23:20:00+00,2019,2,February,23,5,28,Thursday,23,Motorway Collision,Dark - Unlighted,NONE,Property Damage Only,0,0,0,39.988256,-105.251107,0,0,0,0,PARKING LOT,2320,1815
-105.283127,40.005475,Police Collision Report,COLLISION W/ OTHER VEH - PARKED MV,1901878,2,EUCLID AVE/GRANT PL,EUCLID AVENUE,CITY ST/CNTY RD,130,W ,2019/02/21 00:00:00+00,2019/02/21 08:00:00+00,2019,2,February,8,5,21,Thursday,8,Motorway Collision,Dark - Unlighted,NONE,Property Damage Only,0,0,0,40.005475,-105.283127,0,0,0,0,NON-INTERSECTION,200,1816
-105.258378,40.0301,Police Collision Report,COLLISION W/ OTHER VEH - PARKED MV,1901915,2,3054  28TH ST      ,3054 28TH ST,,     ,  ,2019/02/21 00:00:00+00,2019/02/21 19:12:00+00,2019,2,February,19,5,21,Thursday,19,Motorway Collision,Dark - Unlighted,NONE,Property Damage Only,0,0,0,40.0301,-105.258378,0,0,0,0,PARKING LOT,1912,1817
-105.244218,40.049589,Police Collision Report,COLLISION W/ OTHER VEH - PARKED MV,1901599,2,LONGVIEW LN/47TH ST,LONGVIEW LANE,,350,W ,2019/02/13 00:00:00+00,2019/02/13 00:00:00+00,2019,2,February,0,4,13,Wednesday,0,Motorway Collision,Dark - Lighted,NONE,Property Damage Only,0,0,0,40.049589,-105.244218,0,0,0,0,NON-INTERSECTION,2230,1818
-105.252006,40.023607,Police Collision Report,COLLISION W/ OTHER VEH - PARKED MV,1901715,2,31ST ST/PEARL PKWY,31ST ST,CITY ST/CNTY RD,500,S ,2019/02/16 00:00:00+00,2019/02/16 21:58:00+00,2019,2,February,21,7,16,Saturday,21,Motorway Collision,Dark - Unlighted,NONE,Property Damage Only,0,0,0,40.023607,-105.252006,0,0,0,0,NON-INTERSECTION,2030,1819
-105.284095,40.018147,Police Collision Report,COLLISION W/ OTHER VEH - PARKED MV,1900797,2,SPRUCE ST/9TH ST,SPRUCE ST,CITY ST/CNTY RD,538,W ,2019/01/24 00:00:00+00,2019/01/24 13:53:00+00,2019,1,January,13,5,24,Thursday,13,Motorway Collision,Daylight,NONE,Property Damage Only,0,0,0,40.018147,-105.284095,0,0,0,0,NON-INTERSECTION,1353,1820
-105.249378,40.029199,Police Collision Report,COLLISION W/ OTHER VEH - PARKED MV,1900822,2,34TH ST/VALMONT RD,34TH STREET,CITY ST/CNTY RD,1100,N ,2019/01/25 00:00:00+00,2019/01/25 06:31:00+00,2019,1,January,6,6,25,Friday,6,Motorway Collision,Dark - Lighted,NONE,Property Damage Only,0,0,0,40.029199,-105.249378,0,0,0,0,NON-INTERSECTION,600,1821
-105.264946,40.019264,Police Collision Report,COLLISION W/ OTHER VEH - PARKED MV,1900825,2,SOUTH ST/23RD ST,23RD,CITY ST/CNTY RD,     ,  ,2019/01/25 00:00:00+00,2019/01/25 09:45:00+00,2019,1,January,9,6,25,Friday,9,Motorway Collision,Daylight,NONE,Property Damage Only,0,0,0,40.019264,-105.264946,0,0,0,0,AT INTERSECTION,945,1822
-105.274022,40.022369,Police Collision Report,COLLISION W/ OTHER VEH - PARKED MV,1901228,2,1735  MAPLETON AVE      ,MAPLETON AVE,CITY ST/CNTY RD,88,W ,2019/02/04 12:03:59+00,2019/02/04 12:04:00+00,2019,2,February,12,2,4,Monday,12,Motorway Collision,Daylight,NONE,Incapacitating Injury,0,1,1,40.022369,-105.274022,0,0,1,0,NON-INTERSECTION,1204,1823
-105.255884,40.022827,Police Collision Report,COLLISION W/ OTHER VEH - PARKED MV,1901192,3,2905  PEARL ST      ,2905 PEARL ST,,     ,  ,2019/02/03 00:00:00+00,2019/02/03 12:33:00+00,2019,2,February,12,1,3,Sunday,12,Motorway Collision,Daylight,NONE,Property Damage Only,0,0,0,40.022827,-105.255884,0,0,0,0,PARKING LOT,1233,1824
-105.26007,39.968579,Police Collision Report,COLLISION W/ OTHER VEH - PARKED MV,1901194,2,LEHIGH ST/CRAGMOOR RD,LEHIGH ST,CITY ST/CNTY RD,125,S ,2019/02/03 00:00:00+00,2019/02/03 13:29:00+00,2019,2,February,13,1,3,Sunday,13,Motorway Collision,Daylight,NONE,Property Damage Only,0,0,0,39.968579,-105.26007,0,0,0,0,NON-INTERSECTION,1329,1825
-105.255334,39.999971,Police Collision Report,COLLISION W/ OTHER VEH - PARKED MV,1901071,2,2920  BASELINE RD      ,2920 BASELINE RD,,     ,  ,2019/01/31 00:00:00+00,2019/01/31 16:56:00+00,2019,1,January,16,5,31,Thursday,16,Motorway Collision,Daylight,NONE,Property Damage Only,0,0,0,39.999971,-105.255334,0,0,0,0,PARKING LOT,1656,1826
-105.25836,40.021501,Police Collision Report,COLLISION W/ OTHER VEH - PARKED MV,1901091,2,1955  28TH ST      ,1955 28TH STREET,,     ,  ,2019/01/31 00:00:00+00,2019/01/31 00:00:00+00,2019,1,January,0,5,31,Thursday,0,Motorway Collision,Dark - Lighted,NONE,Property Damage Only,0,0,0,40.021501,-105.25836,0,0,0,0,PARKING LOT,1815,1827
-105.23312,40.012434,Police Collision Report,COLLISION W/ OTHER VEH - PARKED MV,1901076,2,LANDIS CT/EISENHOWER DR,LANDIS CT,CITY ST/CNTY RD,15,E ,2019/01/31 00:00:00+00,2019/01/31 18:24:00+00,2019,1,January,18,5,31,Thursday,18,Motorway Collision,Dark - Lighted,NONE,Property Damage Only,0,0,0,40.012434,-105.23312,0,0,0,0,NON-INTERSECTION,1842,1828
-105.279019,40.019204,Police Collision Report,COLLISION W/ OTHER VEH - PARKED MV,1901435,2,SPRUCE ST/13TH ST,SPRUCE ST,CITY ST/CNTY RD,170,W ,2019/02/09 00:00:00+00,2019/02/09 21:42:00+00,2019,2,February,21,7,9,Saturday,21,Motorway Collision,Dark - Unlighted,NONE,Property Damage Only,0,0,0,40.019204,-105.279019,0,0,0,0,NON-INTERSECTION,1900,1829
-105.255982,40.001265,Police Collision Report,COLLISION W/ OTHER VEH - PARKED MV,1901388,2,29TH ST/28TH FRONTAGE RD,29TH STREET,CITY ST/CNTY RD,25,N ,2019/02/08 00:00:00+00,2019/02/08 09:08:00+00,2019,2,February,9,6,8,Friday,9,Motorway Collision,Daylight,NONE,Property Damage Only,0,0,0,40.001265,-105.255982,0,0,0,0,INTERSECTION RELATED,814,1830
-105.278704,40.008689,Police Collision Report,COLLISION W/ OTHER VEH - PARKED MV,1901414,2,11TH ST/PENNSYLVANIA AVE,13TH ST,CITY ST/CNTY RD,91,S ,2019/02/09 00:00:00+00,2019/02/09 10:11:00+00,2019,2,February,10,7,9,Saturday,10,Motorway Collision,Dark - Lighted,NONE,Property Damage Only,0,0,0,40.008689,-105.278704,0,0,0,0,NON-INTERSECTION,130,1831
-105.28216,40.063215,Police Collision Report,COLLISION W/ OTHER VEH - PARKED MV,1900212,2,4881  BROADWAY      ,4881 BROADWAY,,     ,  ,2019/01/07 00:00:00+00,2019/01/07 11:03:00+00,2019,1,January,11,2,7,Monday,11,Motorway Collision,Daylight,NONE,Property Damage Only,0,0,0,40.063215,-105.28216,0,0,0,0,PARKING LOT,1015,1832
-105.261289,40.022827,Police Collision Report,COLLISION W/ OTHER VEH - PARKED MV,1900235,2,26TH ST/SPRUCE ST,SPRUCE ST,CITY ST/CNTY RD,87,E ,2019/01/08 00:00:00+00,2019/01/08 08:30:00+00,2019,1,January,8,3,8,Tuesday,8,Motorway Collision,Daylight,NONE,Property Damage Only,0,0,0,40.022827,-105.261289,0,0,0,0,NON-INTERSECTION,830,1833
-105.259734,40.036477,Police Collision Report,COLLISION W/ OTHER VEH - PARKED MV,1900134,2,2735  IRIS AVE      ,2735 IRIS AVE,,     ,  ,2019/01/04 00:00:00+00,2019/01/04 17:53:00+00,2019,1,January,17,6,4,Friday,17,Motorway Collision,Daylight,NONE,Property Damage Only,0,0,0,40.036477,-105.259734,0,0,0,0,PARKING LOT,1630,1834
-105.253706,40.027516,Police Collision Report,COLLISION W/ OTHER VEH - PARKED MV,1900145,2,2691  30TH ST      ,2691 30TH STREET,,     ,  ,2019/01/05 00:00:00+00,2019/01/05 07:12:00+00,2019,1,January,7,7,5,Saturday,7,Motorway Collision,Dawn or Dusk,NONE,Property Damage Only,0,0,0,40.027516,-105.253706,0,0,0,0,PARKING LOT,712,1835
-105.253744,40.023387,Police Collision Report,COLLISION W/ OTHER VEH - PARKED MV,1900023,3,2999  PEARL ST      ,2999 PEARL ST PRIVATE PROPERTY,,     ,  ,2019/01/01 00:00:00+00,2019/01/01 15:55:00+00,2019,1,January,15,3,1,Tuesday,15,Motorway Collision,Daylight,NONE,Property Damage Only,0,0,0,40.023387,-105.253744,0,0,0,0,PARKING LOT,1555,1836
-105.260079,39.977084,Police Collision Report,COLLISION W/ OTHER VEH - PARKED MV,1900075,2,AVOCADO RD/ORANGE,AVOCADO ROAD,CITY ST/CNTY RD,650,E ,2019/01/01 00:00:00+00,2019/01/03 07:40:00+00,2019,1,January,7,5,3,Thursday,7,Motorway Collision,Dark - Unlighted,NONE,Property Damage Only,0,0,0,39.977084,-105.260079,0,0,0,0,NON-INTERSECTION,1930,1837
-105.276052,40.018678,Police Collision Report,COLLISION W/ OTHER VEH - PARKED MV,1900087,2,1500  PEARL ST 1ST FL  ,1500 PEARL STREET,,     ,  ,2019/01/03 00:00:00+00,2019/01/03 15:20:00+00,2019,1,January,15,5,3,Thursday,15,Motorway Collision,Daylight,NONE,Property Damage Only,0,0,0,40.018678,-105.276052,0,0,0,0,PARKING LOT,730,1838
-105.254755,40.000099,Police Collision Report,COLLISION W/ OTHER VEH - PARKED MV,1900473,2,2935  BASELINE RD      ,2935 BASELINE RD,,     ,  ,2019/01/15 00:00:00+00,2019/01/15 14:09:00+00,2019,1,January,14,3,15,Tuesday,14,Motorway Collision,Daylight,NONE,Property Damage Only,0,0,0,40.000099,-105.254755,0,0,0,0,PARKING LOT,1409,1839
-105.256117,40.015878,Police Collision Report,COLLISION W/ OTHER VEH - PARKED MV,1900529,2,1675  29TH ST      ,1675 29TH ST,,     ,  ,2019/01/16 00:00:00+00,2019/01/16 17:23:00+00,2019,1,January,17,4,16,Wednesday,17,Motorway Collision,Daylight,NONE,Property Damage Only,0,0,0,40.015878,-105.256117,0,0,0,0,PARKING LOT,1550,1840
-105.270193,40.012612,Police Collision Report,COLLISION W/ OTHER VEH - PARKED MV,1900584,3,19TH ST/ATHENS ST,ATHENS STREET,CITY ST/CNTY RD,35,W ,2019/01/18 00:00:00+00,2019/01/18 08:02:00+00,2019,1,January,8,6,18,Friday,8,Motorway Collision,Daylight,NONE,Property Damage Only,0,0,0,40.012612,-105.270193,0,0,0,0,AT INTERSECTION,802,1841
-105.216135,40.061823,Police Collision Report,COLLISION W/ OTHER VEH - PARKED MV,1813033,2,GUNBARREL AVE/SPINE RD,GUNBARREL AVE,CITY ST/CNTY RD,628,E ,2018/10/07 00:00:00+00,2018/10/07 13:10:00+00,2018,10,October,13,1,7,Sunday,13,Motorway Collision,Daylight,NONE,Property Damage Only,0,0,0,40.061823,-105.216135,0,0,0,0,NON-INTERSECTION,1310,1842
-105.280364,40.018887,Police Collision Report,COLLISION W/ OTHER VEH - PARKED MV,1901279,2,BROADWAY/SPRUCE ST,BROADWAY,CITY ST/CNTY RD,65,NW,2019/02/05 00:00:00+00,2019/02/05 17:35:00+00,2019,2,February,17,3,5,Tuesday,17,Motorway Collision,Dark - Lighted,NONE,Property Damage Only,0,0,0,40.018887,-105.280364,0,0,0,0,PARKING LOT,1735,1843
-105.268987,40.015449,Police Collision Report,COLLISION W/ OTHER VEH - PARKED MV,1901247,2,GROVE ST/20TH ST,GROVE ST,CITY ST/CNTY RD,125,E ,2019/02/04 00:00:00+00,2019/02/04 21:13:00+00,2019,2,February,21,2,4,Monday,21,Motorway Collision,Dark - Lighted,NONE,Property Damage Only,0,0,0,40.015449,-105.268987,0,0,0,0,NON-INTERSECTION,2100,1844
-105.277503,40.061055,Police Collision Report,COLLISION W/ OTHER VEH - PARKED MV,1900297,2,ZAMIA AVE/16TH ST,ZAMIA AVE,CITY ST/CNTY RD,220,E ,2019/01/09 00:00:00+00,2019/01/09 19:36:00+00,2019,1,January,19,4,9,Wednesday,19,Motorway Collision,Dark - Lighted,NONE,Property Damage Only,0,0,0,40.061055,-105.277503,0,0,0,0,NON-INTERSECTION,1830,1845
-105.270261,40.025894,Police Collision Report,COLLISION W/ OTHER VEH - PARKED MV,1900762,1,2052  ALPINE DR      ,ALPINE AVE,CITY ST/CNTY RD,880,E ,2019/01/19 12:19:00+00,2019/01/23 11:31:00+00,2019,1,January,11,4,23,Wednesday,11,Motorway Collision,Daylight,NONE,Property Damage Only,0,0,0,40.025894,-105.270261,0,0,0,0,CROSSOVER-RELATED,1219,1846
-105.276953,40.010476,Police Collision Report,COLLISION W/ OTHER VEH - PARKED MV,1712820,2,BROADWAY/UNIVERSITY AVE,UNIVERSITY AVE,CITY ST/CNTY RD,30,W ,,2017/09/28 18:14:00+00,2017,9,September,18,5,28,Thursday,18,Motorway Collision,Daylight,NONE,Property Damage Only,0,0,0,40.010476,-105.276953,0,0,0,0,NON-INTERSECTION,1814,1847
-105.252808,40.043095,Police Collision Report,COLLISION W/ OTHER VEH - PARKED MV,1710287,2,PAONIA ST/OURAY ST,PAONIA ST,CITY ST/CNTY RD,60,N ,2017/08/12 00:00:00+00,2017/08/13 14:55:00+00,2017,8,August,14,1,13,Sunday,14,Motorway Collision,Daylight,NONE,Property Damage Only,0,0,0,40.043095,-105.252808,0,0,0,0,NON-INTERSECTION,1500,1848
-105.246032,39.989651,Police Collision Report,COLLISION W/ OTHER VEH - PARKED MV,1712141,2,S 40TH ST/MARTIN DR,MARTIN DRIVE,CITY ST/CNTY RD,44.6,S ,2017/09/14 00:00:00+00,2017/09/14 20:54:00+00,2017,9,September,20,5,14,Thursday,20,Motorway Collision,Dark - Lighted,NONE,Non-Incapacitating Injury,0,0,1,39.989651,-105.246032,0,0,0,0,INTERSECTION RELATED,2052,1849
-105.283558,40.016045,Police Collision Report,COLLISION W/ OTHER VEH - PARKED MV,1711990,2,900   WALNUT ST      ,10TH,CITY ST/CNTY RD,     ,  ,2017/09/12 00:00:00+00,2017/09/12 04:50:00+00,2017,9,September,4,3,12,Tuesday,4,Motorway Collision,Dark - Lighted,NONE,Property Damage Only,0,0,0,40.016045,-105.283558,0,0,0,0,AT INTERSECTION,451,1850
-105.277431,40.008661,Police Collision Report,COLLISION W/ OTHER VEH - PARKED MV,2208396,2,PENNSYLVANIA AVE/12TH ST,PENNSYLVANIA AVE,CITY ST/CNTY RD,     ,W ,2022/08/26 00:00:00+00,2022/08/26 14:04:00+00,2022,8,August,14,6,26,Friday,14,Motorway Collision,Daylight,NONE,Property Damage Only,0,0,0,40.008661,-105.277431,0,0,0,0,NON-INTERSECTION,1358,1851
-105.263443,40.011011,Police Collision Report,COLLISION W/ OTHER VEH - PARKED MV,1711823,2,TAFT DR/FOLSOM ST,TAFT DR,CITY ST/CNTY RD,127,E ,2017/09/08 00:00:00+00,2017/09/08 14:54:00+00,2017,9,September,14,6,8,Friday,14,Motorway Collision,Daylight,NONE,Property Damage Only,0,0,0,40.011011,-105.263443,0,0,0,0,NON-INTERSECTION,1455,1852
-105.19883,40.070477,Police Collision Report,COLLISION W/ OTHER VEH - PARKED MV,1711828,2,6620  GUNPARK DR      ,6620 GUNPARK DRIVE,CITY ST/CNTY RD,     ,  ,2017/09/08 00:00:00+00,2017/09/08 15:47:00+00,2017,9,September,15,6,8,Friday,15,Motorway Collision,Daylight,NONE,Property Damage Only,0,0,0,40.070477,-105.19883,0,0,0,0,PARKING LOT,1548,1853
-105.263985,40.000674,Police Collision Report,COLLISION W/ OTHER VEH - PARKED MV,1711810,2,637   BROADWAYS      ,637 S BROADWAY,,     ,  ,2017/09/08 00:00:00+00,2017/09/08 09:09:00+00,2017,9,September,9,6,8,Friday,9,Motorway Collision,Daylight,NONE,Property Damage Only,0,0,0,40.000674,-105.263985,0,0,0,0,PARKING LOT,900,1854
-105.281326,40.013602,Police Collision Report,COLLISION W/ OTHER VEH - PARKED MV,1711961,2,1001  ARAPAHOE AVE      ,1001 ARAPAHOE AVE,,     ,  ,2017/09/11 00:00:00+00,2017/09/11 12:59:00+00,2017,9,September,12,2,11,Monday,12,Motorway Collision,Daylight,NONE,Property Damage Only,0,0,0,40.013602,-105.281326,0,0,0,0,PARKING LOT,1259,1855
-105.278699,40.007292,Police Collision Report,COLLISION W/ OTHER VEH - PARKED MV,1711878,2,11TH ST/COLLEGE AVE,COLLEGE AVE,CITY ST/CNTY RD,45,E ,2017/09/09 00:00:00+00,2017/09/09 14:33:00+00,2017,9,September,14,7,9,Saturday,14,Motorway Collision,Daylight,NONE,Property Damage Only,0,0,0,40.007292,-105.278699,0,0,0,0,NON-INTERSECTION,1433,1856
-105.261243,40.000236,Police Collision Report,COLLISION W/ OTHER VEH - PARKED MV,1711427,2,2510  BASELINE RD      ,,,     ,  ,2017/09/01 00:00:00+00,2017/09/01 11:34:00+00,2017,9,September,11,6,1,Friday,11,Motorway Collision,Daylight,NONE,Property Damage Only,0,0,0,40.000236,-105.261243,0,0,0,0,PARKING LOT,1130,1857
-105.259873,40.022111,Police Collision Report,COLLISION W/ OTHER VEH - PARKED MV,1711672,2,2685  PEARL ST      ,2685 PEARL ST,,     ,  ,2017/09/04 00:00:00+00,2017/09/05 12:49:00+00,2017,9,September,12,3,5,Tuesday,12,Motorway Collision,Daylight,NONE,Property Damage Only,0,0,0,40.022111,-105.259873,0,0,0,0,PARKING LOT,1600,1858
-105.274999,40.005452,Police Collision Report,COLLISION W/ OTHER VEH - PARKED MV,1711533,2,14TH ST/EUCLID AVE,14TH ST,CITY ST/CNTY RD,150,N ,2017/09/03 00:00:00+00,2017/09/03 23:44:00+00,2017,9,September,23,1,3,Sunday,23,Motorway Collision,Dark - Unlighted,NONE,Property Damage Only,0,0,0,40.005452,-105.274999,0,0,0,0,NON-INTERSECTION,30,1859
-105.272693,40.054643,Police Collision Report,COLLISION W/ OTHER VEH - PARKED MV,1710669,2,4500  19TH ST      ,BLUEBERRY CR,CITY ST/CNTY RD,100,W ,2017/08/21 00:00:00+00,2017/08/21 10:30:00+00,2017,8,August,10,2,21,Monday,10,Motorway Collision,Daylight,NONE,Property Damage Only,0,0,0,40.054643,-105.272693,0,0,0,0,NON-INTERSECTION,630,1860
-105.257323,40.029115,Police Collision Report,COLLISION W/ OTHER VEH - PARKED MV,1710634,2,2845  VALMONT RD      ,2845 VALMONT RD,,     ,  ,2017/08/09 00:00:00+00,2017/08/21 00:00:00+00,2017,8,August,0,2,21,Monday,0,Motorway Collision,Daylight,NONE,Property Damage Only,0,0,0,40.029115,-105.257323,0,0,0,0,PARKING LOT,1400,1861
-105.225364,40.003426,Police Collision Report,COLLISION W/ OTHER VEH - PARKED MV,1710851,2,RACQUET LN/55TH ST,RACQUET LN,CITY ST/CNTY RD,120,E ,2017/08/24 00:00:00+00,2017/08/24 10:34:00+00,2017,8,August,10,5,24,Thursday,10,Motorway Collision,Daylight,NONE,Property Damage Only,0,0,0,40.003426,-105.225364,0,0,0,0,NON-INTERSECTION,1034,1862
-105.281753,40.023219,Police Collision Report,COLLISION W/ OTHER VEH - PARKED MV,1710802,3,PORTLAND PL/BROADWAY,PORTLAND PL,CITY ST/CNTY RD,139,W ,2017/08/23 00:00:00+00,2017/08/23 14:49:00+00,2017,8,August,14,4,23,Wednesday,14,Motorway Collision,Daylight,NONE,Property Damage Only,0,0,0,40.023219,-105.281753,0,0,0,0,NON-INTERSECTION,1545,1863
-105.235671,40,Police Collision Report,COLLISION W/ OTHER VEH - PARKED MV,1711053,2,4760  BASELINE RD      ,4760 BASELINE RD,,     ,  ,2017/08/26 00:00:00+00,2017/08/26 12:07:00+00,2017,8,August,12,7,26,Saturday,12,Motorway Collision,Daylight,NONE,Property Damage Only,0,0,0,40,-105.235671,0,0,0,0,PARKING LOT,1207,1864
-105.282131,40.061857,Police Collision Report,COLLISION W/ OTHER VEH - PARKED MV,1711123,2,LEE HILL DR/BROADWAY,4777 BROADWAY,,     ,  ,,2017/08/27 08:35:00+00,2017,8,August,8,1,27,Sunday,8,Motorway Collision,Daylight,NONE,Property Damage Only,0,0,0,40.061857,-105.282131,0,0,0,0,PARKING LOT,836,1865
-105.258337,40.003707,Police Collision Report,COLLISION W/ OTHER VEH - PARKED MV,1711131,3,E AURORA AVE/28TH FRONTAGE RD,E AURORA AVE,CITY ST/CNTY RD,175,E ,2017/08/27 00:00:00+00,2017/08/27 11:54:00+00,2017,8,August,11,1,27,Sunday,11,Motorway Collision,Daylight,NONE,Property Damage Only,0,0,0,40.003707,-105.258337,0,0,0,0,NON-INTERSECTION,1154,1866
-105.279094,40.019326,Police Collision Report,COLLISION W/ OTHER VEH - PARKED MV,1709917,2,2115  13TH ST      ,1312 PINE ST,,     ,  ,,2017/08/06 14:58:00+00,2017,8,August,14,1,6,Sunday,14,Motorway Collision,Daylight,NONE,Property Damage Only,0,0,0,40.019326,-105.279094,0,0,0,0,PARKING LOT,1459,1867
-105.280828,40.012351,Police Collision Report,COLLISION W/ OTHER VEH - PARKED MV,1710011,2,10TH ST/MARINE ST,MARINE ST,CITY ST/CNTY RD,     ,  ,2017/08/08 00:00:00+00,2017/08/08 14:40:00+00,2017,8,August,14,3,8,Tuesday,14,Motorway Collision,Daylight,NONE,Property Damage Only,0,0,0,40.012351,-105.280828,0,0,0,0,NON-INTERSECTION,1440,1868
-105.263218,40.037385,Police Collision Report,COLLISION W/ OTHER VEH - PARKED MV,1710001,2,JUNIPER AVE/N 26TH ST,JUNIPER AV,CITY ST/CNTY RD,320,E ,,2017/08/08 12:14:00+00,2017,8,August,12,3,8,Tuesday,12,Motorway Collision,Daylight,NONE,Property Damage Only,0,0,0,40.037385,-105.263218,0,0,0,0,DRIVEWAY ACCESS RELATED,1,1869
-105.22748,39.985868,Police Collision Report,COLLISION W/ OTHER VEH - PARKED MV,1710144,3,SOUTH BOULDER RD/MANHATTAN CIR,MANHATTAN CIR,CITY ST/CNTY RD,514,S ,2017/08/10 14:21:00+00,2017/08/10 14:21:00+00,2017,8,August,14,5,10,Thursday,14,Motorway Collision,Daylight,NONE,Non-Incapacitating Injury,0,0,1,39.985868,-105.22748,0,0,0,0,NON-INTERSECTION,1421,1870