X,Y,ReportType,PrmaryCollsionType,CaseNumber,UnitsInvolved,Location,OnHighway,CrossStreet,FeetFromIntersection,DirectionFromIntersection,CollisionDate,ReportedDate,ReportedYear,ReportedMonth,ReportedMonthName,ReportedWeek,ReportedDayofWeekNum,ReportedDayofMonth,ReportedDayofWeek,ReportedHour,HitAndRunStatus,LightingCondition,WeatherCondition,Severity,NumKilled,NumSeriouslyInjured,NumInjuredOrKilled,Lat,Lon,DUI,AlcoholDrugSuspected,BicyclesInvolved,PedestriansInvolved,RoadDescription,Crash_Time,ESRI_OID
-105.291535,40.024622,Police Collision Report,COLLISION W/ OTHER VEH - PARKED MV,1710055,2,4TH ST/VALLEY VIEW DR,4TH ST,CITY ST/CNTY RD,119,S ,2017/08/09 05:00:00+00,2017/08/09 10:52:00+00,2017,8,August,10,4,9,Wednesday,10,Motorway Collision,Dawn or Dusk,NONE,Property Damage Only,0,0,0,40.024622,-105.291535,0,0,0,0,NON-INTERSECTION,500,1871
-105.234867,40.005991,Police Collision Report,COLLISION W/ OTHER VEH - PARKED MV,1709740,2,4765  SHOUP PL      ,SHOUP PL,CITY ST/CNTY RD,200,W ,2017/08/02 00:00:00+00,2017/08/02 12:55:00+00,2017,8,August,12,4,2,Wednesday,12,Motorway Collision,Daylight,NONE,Property Damage Only,0,0,0,40.005991,-105.234867,0,0,0,0,NON-INTERSECTION,1530,1872
-105.235207,39.994562,Police Collision Report,COLLISION W/ OTHER VEH - PARKED MV,1709742,2,PONCA PL/PAWNEE DR,PONCA PL,CITY ST/CNTY RD,215,S ,,2017/08/02 15:14:00+00,2017,8,August,15,4,2,Wednesday,15,Motorway Collision,Daylight,NONE,Property Damage Only,0,0,0,39.994562,-105.235207,0,0,0,0,NON-INTERSECTION,1514,1873
-105.199409,40.072817,Police Collision Report,COLLISION W/ OTHER VEH - PARKED MV,1709869,3,6653  LOOKOUT RD      ,6653 LOOKOUT RD,CITY ST/CNTY RD,     ,  ,2017/08/05 00:00:00+00,2017/08/05 07:27:00+00,2017,8,August,7,7,5,Saturday,7,Motorway Collision,Dawn or Dusk,NONE,Property Damage Only,0,0,0,40.072817,-105.199409,0,0,0,0,CROSSOVER-RELATED,728,1874
-105.258504,40.018818,Police Collision Report,COLLISION W/ OTHER VEH - PARKED MV,1709499,2,1789  28TH ST      ,1789 28TH STREET,CITY ST/CNTY RD,     ,  ,,2017/07/28 17:07:00+00,2017,7,July,17,6,28,Friday,17,Motorway Collision,Daylight,NONE,Property Damage Only,0,0,0,40.018818,-105.258504,0,0,0,0,PARKING LOT,1610,1875
-105.270351,40.017778,Police Collision Report,COLLISION W/ OTHER VEH - PARKED MV,1709483,2,1846  19TH ST      ,19TH STREET,,335,N ,,2017/07/28 12:12:00+00,2017,7,July,12,6,28,Friday,12,Motorway Collision,Dark - Unlighted,NONE,Property Damage Only,0,0,0,40.017778,-105.270351,0,0,0,0,DRIVEWAY ACCESS RELATED,0,1876
-105.282253,39.997212,Police Collision Report,COLLISION W/ OTHER VEH - PARKED MV,1709474,2,400   PRIMROSE RD      ,PRIMROSE RD,CITY ST/CNTY RD,75,W ,,2017/07/28 10:13:00+00,2017,7,July,10,6,28,Friday,10,Motorway Collision,Daylight,NONE,Property Damage Only,0,0,0,39.997212,-105.282253,0,0,0,0,NON-INTERSECTION,1013,1877
-105.270525,40.01721,Police Collision Report,COLLISION W/ OTHER VEH - PARKED MV,1709610,2,19TH ST/CANYON BLVD,19TH ST,CITY ST/CNTY RD,360,N ,,2017/07/31 09:46:00+00,2017,7,July,9,2,31,Monday,9,Motorway Collision,Daylight,NONE,Property Damage Only,0,0,0,40.01721,-105.270525,0,0,0,0,NON-INTERSECTION,946,1878
-105.201983,40.072787,Police Collision Report,COLLISION W/ OTHER VEH - PARKED MV,1709683,2,6510  LOOKOUT RD      ,,,     ,  ,,2017/08/01 16:25:00+00,2017,8,August,16,3,1,Tuesday,16,Motorway Collision,Daylight,NONE,Property Damage Only,0,0,0,40.072787,-105.201983,0,0,0,0,PARKING LOT,1624,1879
-105.258337,40.007186,Police Collision Report,COLLISION W/ OTHER VEH - PARKED MV,1711719,2,E COLLEGE AVE/28TH FRONTAGE RD,E COLLEGE AV,,280,E ,2017/09/05 00:00:00+00,2017/09/06 09:25:00+00,2017,9,September,9,4,6,Wednesday,9,Motorway Collision,Dark - Lighted,NONE,Property Damage Only,0,0,0,40.007186,-105.258337,0,0,0,0,NON-INTERSECTION,920,1880
-105.254421,40.00593,Police Collision Report,COLLISION W/ OTHER VEH - PARKED MV,1713563,2,KENT ST/ADAMS CIR,KENT ST,CITY ST/CNTY RD,     ,  ,2017/10/13 00:00:00+00,2017/10/14 15:36:00+00,2017,10,October,15,7,14,Saturday,15,Motorway Collision,Dark - Lighted,NONE,Property Damage Only,0,0,0,40.00593,-105.254421,0,0,0,0,AT INTERSECTION,2209,1881
-105.268206,40.020339,Police Collision Report,COLLISION W/ OTHER VEH - PARKED MV,1713461,2,PEARL ST/21ST ST,PEARL ST,CITY ST/CNTY RD,100,W ,2017/10/12 00:00:00+00,2017/10/12 13:54:00+00,2017,10,October,13,5,12,Thursday,13,Motorway Collision,Daylight,NONE,Property Damage Only,0,0,0,40.020339,-105.268206,0,0,0,0,NON-INTERSECTION,1355,1882
-105.255884,40.022827,Police Collision Report,COLLISION W/ OTHER VEH - PARKED MV,1713651,2,2905  PEARL ST      ,2905 PEARL,,     ,  ,2017/10/16 00:00:00+00,2017/10/18 00:00:00+00,2017,10,October,0,4,18,Wednesday,0,Motorway Collision,Daylight,NONE,Property Damage Only,0,0,0,40.022827,-105.255884,0,0,0,0,PARKING LOT,1614,1883
-105.228286,40.014579,Police Collision Report,COLLISION W/ OTHER VEH - PARKED MV,1713637,2,5340  ARAPAHOE AVE      ,5340 ARAPAHOE AVE,,     ,  ,2017/10/16 00:00:00+00,2017/10/16 00:00:00+00,2017,10,October,0,2,16,Monday,0,Motorway Collision,Daylight,NONE,Property Damage Only,0,0,0,40.014579,-105.228286,0,0,0,0,PARKING LOT,1408,1884
-105.285708,40.018859,Police Collision Report,COLLISION W/ OTHER VEH - PARKED MV,1713387,2,PINE ST/8TH ST,PINE ST,CITY ST/CNTY RD,306,W ,2017/10/11 00:00:00+00,2017/10/11 06:17:00+00,2017,10,October,6,4,11,Wednesday,6,Motorway Collision,Dark - Unlighted,NONE,Property Damage Only,0,0,0,40.018859,-105.285708,0,0,0,0,NON-INTERSECTION,618,1885
-105.22815,40.014579,Police Collision Report,COLLISION W/ OTHER VEH - PARKED MV,1713168,2,5350  ARAPAHOE AVE      ,5350 ARAPAHOE AVE,,     ,  ,2017/10/05 00:00:00+00,2017/10/05 13:25:00+00,2017,10,October,13,5,5,Thursday,13,Motorway Collision,Daylight,NONE,Property Damage Only,0,0,0,40.014579,-105.22815,0,0,0,0,PARKING LOT,1327,1886
-105.272693,40.054643,Police Collision Report,COLLISION W/ OTHER VEH - PARKED MV,1712954,2,4500  19TH ST 214    ,CINNAMON CIRCLE,CITY ST/CNTY RD,540,N ,2017/10/01 01:00:00+00,2017/10/01 01:00:00+00,2017,10,October,1,1,1,Sunday,1,Motorway Collision,Dark - Unlighted,NONE,Property Damage Only,0,0,0,40.054643,-105.272693,0,0,0,0,NON-INTERSECTION,100,1887
-105.263714,40.000291,Police Collision Report,COLLISION W/ OTHER VEH - PARKED MV,1713064,2,611   BROADWAYS      ,611 S. BROADWAY,,     ,  ,,2017/10/03 18:21:00+00,2017,10,October,18,3,3,Tuesday,18,Motorway Collision,Dawn or Dusk,NONE,Property Damage Only,0,0,0,40.000291,-105.263714,0,0,0,0,PARKING LOT,1810,1888
-105.276238,40.007301,Police Collision Report,COLLISION W/ OTHER VEH - PARKED MV,1714020,2,13TH ST/COLLEGE AVE,13TH,CITY ST/CNTY RD,     ,  ,2017/10/25 00:00:00+00,2017/10/25 07:43:00+00,2017,10,October,7,4,25,Wednesday,7,Motorway Collision,Dark - Lighted,NONE,Property Damage Only,0,0,0,40.007301,-105.276238,0,0,0,0,NON-INTERSECTION,645,1889
-105.253713,40.018899,Police Collision Report,COLLISION W/ OTHER VEH - PARKED MV,1713930,2,1830  30TH ST      ,1830 30TH ST,,     ,  ,2017/10/23 00:00:00+00,2017/10/23 11:59:00+00,2017,10,October,11,2,23,Monday,11,Motorway Collision,Daylight,NONE,Property Damage Only,0,0,0,40.018899,-105.253713,0,0,0,0,PARKING LOT,1200,1890
-105.235207,39.999986,Police Collision Report,COLLISION W/ OTHER VEH - PARKED MV,1713708,2,4800  BASELINE RD      ,4800 BASELINE,,     ,  ,2017/10/17 00:00:00+00,2017/10/18 00:00:00+00,2017,10,October,0,4,18,Wednesday,0,Motorway Collision,Dawn or Dusk,NONE,Property Damage Only,0,0,0,39.999986,-105.235207,0,0,0,0,PARKING LOT,1815,1891
-105.275002,40.007245,Police Collision Report,COLLISION W/ OTHER VEH - PARKED MV,1713732,2,14TH ST/COLLEGE AVE,14TH ST,CITY ST/CNTY RD,62,S ,2017/10/17 00:00:00+00,2017/10/22 00:00:00+00,2017,10,October,0,1,22,Sunday,0,Motorway Collision,Dark - Lighted,NONE,Property Damage Only,0,0,0,40.007245,-105.275002,0,0,0,0,NON-INTERSECTION,2000,1892
-105.278699,40.007292,Police Collision Report,COLLISION W/ OTHER VEH - PARKED MV,1714400,5,11TH ST/COLLEGE AVE,EUCLID AVE,CITY ST/CNTY RD,200,E ,2017/10/31 00:00:00+00,2017/10/31 23:22:00+00,2017,10,October,23,3,31,Tuesday,23,Motorway Collision,Dark - Lighted,NONE,Property Damage Only,0,0,0,40.007292,-105.278699,1,1,0,0,NON-INTERSECTION,16,1893
-105.255884,40.022827,Police Collision Report,COLLISION W/ OTHER VEH - PARKED MV,1714376,2,2905  PEARL ST      ,2905 PEARL ST,,     ,  ,2017/10/27 15:26:00+00,2017/10/27 15:26:00+00,2017,10,October,15,6,27,Friday,15,Motorway Collision,Daylight,NONE,Property Damage Only,0,0,0,40.022827,-105.255884,0,0,0,0,PARKING LOT,1526,1894
-105.253713,40.018899,Police Collision Report,COLLISION W/ OTHER VEH - PARKED MV,1714372,2,1830  30TH ST      ,1830 30TH ST,,     ,  ,2017/10/31 00:00:00+00,2017/10/31 13:02:00+00,2017,10,October,13,3,31,Tuesday,13,Motorway Collision,Daylight,NONE,Property Damage Only,0,0,0,40.018899,-105.253713,0,0,0,0,PARKING LOT,1600,1895
-105.287262,40.013835,Police Collision Report,COLLISION W/ OTHER VEH - PARKED MV,1715055,2,1777  6TH ST      ,1777 6TH ST,,     ,  ,2017/11/14 00:00:00+00,2017/11/15 00:00:00+00,2017,11,November,0,4,15,Wednesday,0,Motorway Collision,Daylight,NONE,Property Damage Only,0,0,0,40.013835,-105.287262,0,0,0,0,PARKING LOT,1720,1896
-105.229231,40.01458,Police Collision Report,COLLISION W/ OTHER VEH - PARKED MV,1714945,2,5290  ARAPAHOE AVE      ,5290 ARAPAHOE AVE,,     ,  ,2017/11/11 00:00:00+00,2017/11/19 00:00:00+00,2017,11,November,0,1,19,Sunday,0,Motorway Collision,Dark - Lighted,NONE,Property Damage Only,0,0,0,40.01458,-105.229231,0,0,0,0,PARKING LOT,2000,1897
-105.253588,40.029219,Police Collision Report,COLLISION W/ OTHER VEH - PARKED MV,1715007,2,3003  VALMONT RD 57    ,3003 VALMONT RD,,     ,  ,2017/11/13 00:00:00+00,2017/11/15 00:00:00+00,2017,11,November,0,4,15,Wednesday,0,Motorway Collision,Dawn or Dusk,NONE,Property Damage Only,0,0,0,40.029219,-105.253588,0,0,0,0,NON-INTERSECTION,1637,1898
-105.282073,40.024462,Police Collision Report,COLLISION W/ OTHER VEH - PARKED MV,1714751,2,BROADWAY/NORTH ST,NORTH ST,CITY ST/CNTY RD,282,W ,2017/11/08 00:00:00+00,2017/11/08 11:39:00+00,2017,11,November,11,4,8,Wednesday,11,Motorway Collision,Daylight,NONE,Property Damage Only,0,0,0,40.024462,-105.282073,0,0,0,0,CROSSOVER-RELATED,1138,1899
-105.272558,40.00372,Police Collision Report,COLLISION W/ OTHER VEH - PARKED MV,1714890,3,16TH ST/AURORA AVE,16TH ST,CITY ST/CNTY RD,     ,  ,2017/11/11 06:09:59+00,2017/11/11 06:10:00+00,2017,11,November,6,7,11,Saturday,6,Motorway Collision,Dark - Unlighted,NONE,Property Damage Only,0,0,0,40.00372,-105.272558,1,1,0,0,AT INTERSECTION,310,1900
-105.275703,40.018752,Police Collision Report,COLLISION W/ OTHER VEH - PARKED MV,1714568,2,1526  PEARL ST      ,1526 SPRUCE ST,,     ,  ,2017/11/04 00:00:00+00,2017/11/04 15:47:00+00,2017,11,November,15,7,4,Saturday,15,Motorway Collision,Daylight,NONE,Property Damage Only,0,0,0,40.018752,-105.275703,0,0,0,0,CROSSOVER-RELATED,1548,1901
-105.258277,40.02347,Police Collision Report,COLLISION W/ OTHER VEH - PARKED MV,1714668,2,2100  28TH ST      ,2100 28TH ST,,     ,  ,2017/11/06 00:00:00+00,2017/11/06 15:07:00+00,2017,11,November,15,2,6,Monday,15,Motorway Collision,Daylight,NONE,Property Damage Only,0,0,0,40.02347,-105.258277,0,0,0,0,PARKING LOT,1507,1902
-105.272668,40.031581,Police Collision Report,COLLISION W/ OTHER VEH - PARKED MV,1714661,2,FLORAL DR/19TH ST,FLORAL,CITY ST/CNTY RD,55,E ,2017/11/06 00:00:00+00,2017/11/06 11:31:00+00,2017,11,November,11,2,6,Monday,11,Motorway Collision,Daylight,NONE,Property Damage Only,0,0,0,40.031581,-105.272668,0,0,0,0,DRIVEWAY ACCESS RELATED,1131,1903
-105.243782,39.990754,Police Collision Report,COLLISION W/ OTHER VEH - PARKED MV,1714652,2,FULLER CT/MOORHEAD AVE,FULLER CT,CITY ST/CNTY RD,383,W ,2017/11/06 00:00:00+00,2017/11/06 08:11:00+00,2017,11,November,8,2,6,Monday,8,Motorway Collision,Dark - Unlighted,NONE,Property Damage Only,0,0,0,39.990754,-105.243782,0,0,0,0,INTERSECTION RELATED,737,1904
-105.276219,40.008709,Police Collision Report,COLLISION W/ OTHER VEH - PARKED MV,1715318,2,PENNSYLVANIA AVE/13TH ST,13TH ST,CITY ST/CNTY RD,116,S ,2017/11/19 00:00:00+00,2017/11/19 15:29:00+00,2017,11,November,15,1,19,Sunday,15,Motorway Collision,Daylight,NONE,Property Damage Only,0,0,0,40.008709,-105.276219,0,0,0,0,DRIVEWAY ACCESS RELATED,1530,1905
-105.229351,39.998614,Police Collision Report,COLLISION W/ OTHER VEH - PARKED MV,1715359,2,MANHATTAN DR/MANHATTAN PL,MANHATTAN DR,CITY ST/CNTY RD,60,N ,2017/11/20 00:00:00+00,2017/11/20 17:58:00+00,2017,11,November,17,2,20,Monday,17,Motorway Collision,Dark - Unlighted,NONE,Property Damage Only,0,0,0,39.998614,-105.229351,0,0,0,0,NON-INTERSECTION,1759,1906
-105.287685,40.062456,Police Collision Report,COLLISION W/ OTHER VEH - PARKED MV,1715349,2,6TH ST/LEE HILL DR,6TH STREET,CITY ST/CNTY RD,     ,  ,2017/11/20 00:00:00+00,2017/11/20 14:02:00+00,2017,11,November,14,2,20,Monday,14,Motorway Collision,Daylight,NONE,Property Damage Only,0,0,0,40.062456,-105.287685,0,0,0,0,NON-INTERSECTION,1330,1907
-105.266865,39.977062,Police Collision Report,COLLISION W/ OTHER VEH - PARKED MV,1715351,2,WILDWOOD CIR/WILDWOOD RD,WILDWOOD RD,CITY ST/CNTY RD,55,N ,2017/11/20 00:00:00+00,2017/11/20 13:27:00+00,2017,11,November,13,2,20,Monday,13,Motorway Collision,Dark - Unlighted,NONE,Property Damage Only,0,0,0,39.977062,-105.266865,0,0,0,0,NON-INTERSECTION,200,1908
-105.253728,40.015693,Police Collision Report,COLLISION W/ OTHER VEH - PARKED MV,1715579,2,1650  30TH ST      ,1650 30TH ST,,     ,  ,2017/11/27 00:00:00+00,2017/11/27 15:41:00+00,2017,11,November,15,2,27,Monday,15,Motorway Collision,Daylight,NONE,Property Damage Only,0,0,0,40.015693,-105.253728,0,0,0,0,PARKING LOT,1540,1909
-105.261628,40.014585,Police Collision Report,COLLISION W/ OTHER VEH - PARKED MV,1715571,2,2525  ARAPAHOE AVE      ,2525 ARAPAHOE,,     ,  ,2017/11/27 00:00:00+00,2017/11/27 12:28:00+00,2017,11,November,12,2,27,Monday,12,Motorway Collision,Daylight,NONE,Property Damage Only,0,0,0,40.014585,-105.261628,0,0,0,0,PARKING LOT,1310,1910
-105.281326,40.013602,Police Collision Report,COLLISION W/ OTHER VEH - PARKED MV,1715582,2,1001  ARAPAHOE AVE      ,1001 ARAPAHOE AVE,,     ,  ,2017/11/27 00:00:00+00,2017/11/27 16:00:00+00,2017,11,November,16,2,27,Monday,16,Motorway Collision,Daylight,NONE,Property Damage Only,0,0,0,40.013602,-105.281326,0,0,0,0,PARKING LOT,1530,1911
-105.235926,40.014694,Police Collision Report,COLLISION W/ OTHER VEH - PARKED MV,1715616,2,4715  ARAPAHOE AVE      ,4715 ARAPAHOE AVE,,     ,  ,2017/11/28 00:00:00+00,2017/11/28 13:24:00+00,2017,11,November,13,3,28,Tuesday,13,Motorway Collision,Daylight,NONE,Property Damage Only,0,0,0,40.014694,-105.235926,0,0,0,0,PARKING LOT,1324,1912
-105.24727,40.036507,Police Collision Report,COLLISION W/ OTHER VEH - PARKED MV,1715685,2,3679  IRIS AVE      ,3679 IRIS AVENUE,CITY ST/CNTY RD,     ,  ,2017/11/29 18:25:59+00,2017/11/29 18:26:00+00,2017,11,November,18,4,29,Wednesday,18,Motorway Collision,,NONE,Property Damage Only,0,0,0,40.036507,-105.24727,0,0,0,0,PARKING LOT,1330,1913
-105.259873,40.022111,Police Collision Report,COLLISION W/ OTHER VEH - PARKED MV,1715673,2,2685  PEARL ST      ,2685 PEARL ST,,     ,  ,2017/11/29 00:00:00+00,2017/11/29 14:27:00+00,2017,11,November,14,4,29,Wednesday,14,Motorway Collision,Daylight,NONE,Property Damage Only,0,0,0,40.022111,-105.259873,0,0,0,0,PARKING LOT,1428,1914
-105.282012,40.024933,Police Collision Report,COLLISION W/ OTHER VEH - PARKED MV,1715743,2,2644  BROADWAY      ,2644 BROADWAY,,     ,  ,2017/11/30 00:00:00+00,2017/11/30 17:56:00+00,2017,11,November,17,5,30,Thursday,17,Motorway Collision,Dark - Lighted,NONE,Property Damage Only,0,0,0,40.024933,-105.282012,0,0,0,0,PARKING LOT,1730,1915
-105.27591,40.007274,Police Collision Report,COLLISION W/ OTHER VEH - PARKED MV,1715759,2,1310  COLLEGE AVE      ,13TH STREET,CITY ST/CNTY RD,136,S ,2017/12/01 00:00:00+00,2017/12/01 09:17:00+00,2017,12,December,9,6,1,Friday,9,Motorway Collision,Daylight,NONE,Property Damage Only,0,0,0,40.007274,-105.27591,0,0,0,0,NON-INTERSECTION,917,1916
-105.256055,40.027359,Police Collision Report,COLLISION W/ OTHER VEH - PARKED MV,1805565,2,2700  29TH ST      ,PRIVATE PARKING LOT,,     ,  ,2018/05/07 00:00:00+00,2018/05/07 17:31:00+00,2018,5,May,17,2,7,Monday,17,Motorway Collision,Daylight,NONE,Property Damage Only,0,0,0,40.027359,-105.256055,0,0,0,0,PARKING LOT,1730,1917
-105.285685,40.023687,Police Collision Report,COLLISION W/ OTHER VEH - PARKED MV,1805549,3,9TH ST/DEWEY AVE,DEWEY AVE,CITY ST/CNTY RD,65,E ,2018/05/07 00:00:00+00,2018/05/07 12:57:00+00,2018,5,May,12,2,7,Monday,12,Motorway Collision,Daylight,NONE,Possible injury,0,0,0,40.023687,-105.285685,0,0,0,0,NON-INTERSECTION,1257,1918
-105.27591,40.007274,Police Collision Report,COLLISION W/ OTHER VEH - PARKED MV,1805505,2,1310  COLLEGE AVE      ,13TH ST,CITY ST/CNTY RD,154,S ,2018/05/06 11:32:59+00,2018/05/06 11:33:00+00,2018,5,May,11,1,6,Sunday,11,Motorway Collision,Daylight,NONE,Property Damage Only,0,0,0,40.007274,-105.27591,1,1,0,0,NON-INTERSECTION,1134,1919
-105.264403,40.022203,Police Collision Report,COLLISION W/ OTHER VEH - PARKED MV,1805532,3,2415  SPRUCE ST      ,24TH ST,CITY ST/CNTY RD,25,S ,2018/05/07 05:18:00+00,2018/05/07 05:18:00+00,2018,5,May,5,2,7,Monday,5,Motorway Collision,Dawn or Dusk,NONE,Property Damage Only,0,0,0,40.022203,-105.264403,1,1,0,0,INTERSECTION RELATED,455,1920
-105.278699,40.007292,Police Collision Report,COLLISION W/ OTHER VEH - PARKED MV,1805593,2,11TH ST/COLLEGE AVE,11TH ST,CITY ST/CNTY RD,203,S ,2018/05/08 00:00:00+00,2018/05/08 12:12:00+00,2018,5,May,12,3,8,Tuesday,12,Motorway Collision,Daylight,NONE,Property Damage Only,0,0,0,40.007292,-105.278699,0,0,0,0,NON-INTERSECTION,1220,1921
-105.244233,40.030949,Police Collision Report,COLLISION W/ OTHER VEH - PARKED MV,1805669,2,47TH ST/EDISON AVE,47TH STREET,CITY ST/CNTY RD,200,E ,2018/05/08 00:00:00+00,2018/05/09 19:58:00+00,2018,5,May,19,4,9,Wednesday,19,Motorway Collision,Daylight,NONE,Property Damage Only,0,0,0,40.030949,-105.244233,0,0,0,0,NON-INTERSECTION,1928,1922
-105.27821,40.011511,Police Collision Report,COLLISION W/ OTHER VEH - PARKED MV,1805958,2,1138  GRANDVIEW AVE      ,1138 GRANDVIEW AVENUE,CITY ST/CNTY RD,     ,  ,2018/05/15 00:00:00+00,2018/05/15 17:45:00+00,2018,5,May,17,3,15,Tuesday,17,Motorway Collision,Daylight,NONE,Property Damage Only,0,0,0,40.011511,-105.27821,0,0,0,0,NON-INTERSECTION,1030,1923
-105.282047,40.046878,Police Collision Report,COLLISION W/ OTHER VEH - PARKED MV,1805686,2,3960  BROADWAY      ,3960 BROADWAY,,     ,  ,2018/05/10 00:00:00+00,2018/05/10 08:14:00+00,2018,5,May,8,5,10,Thursday,8,Motorway Collision,Daylight,NONE,Property Damage Only,0,0,0,40.046878,-105.282047,0,0,0,0,PARKING LOT,1700,1924
-105.270725,40.023026,Police Collision Report,COLLISION W/ OTHER VEH - PARKED MV,1805201,3,20TH ST/MAPLETON AVE,20TH ST,CITY ST/CNTY RD,110,N ,2018/04/29 00:00:00+00,2018/04/29 10:21:00+00,2018,4,April,10,1,29,Sunday,10,Motorway Collision,Daylight,NONE,Property Damage Only,0,0,0,40.023026,-105.270725,0,0,0,0,NON-INTERSECTION,1021,1925
-105.263943,40.000615,Police Collision Report,COLLISION W/ OTHER VEH - PARKED MV,1805106,2,633   BROADWAYS      ,633 S BROADWAY,,     ,  ,2018/04/27 00:00:00+00,2018/04/27 12:50:00+00,2018,4,April,12,6,27,Friday,12,Motorway Collision,Daylight,NONE,Property Damage Only,0,0,0,40.000615,-105.263943,0,0,0,0,PARKING LOT,1200,1926
-105.260426,40.017483,Police Collision Report,COLLISION W/ OTHER VEH - PARKED MV,1805125,2,26TH ST/CANYON BLVD,26TH ST,,500,S ,2018/04/27 00:00:00+00,2018/04/27 18:37:00+00,2018,4,April,18,6,27,Friday,18,Motorway Collision,Daylight,NONE,Property Damage Only,0,0,0,40.017483,-105.260426,0,0,0,0,NON-INTERSECTION,1830,1927
-105.256065,40.029102,Police Collision Report,COLLISION W/ OTHER VEH - PARKED MV,1805244,2,29TH ST/VALMONT RD,29TH ST,CITY ST/CNTY RD,365,S ,2018/04/30 00:00:00+00,2018/04/30 10:20:00+00,2018,4,April,10,2,30,Monday,10,Motorway Collision,Daylight,NONE,Property Damage Only,0,0,0,40.029102,-105.256065,0,0,0,0,DRIVEWAY ACCESS RELATED,1013,1928
-105.267805,40.001847,Police Collision Report,COLLISION W/ OTHER VEH - PARKED MV,1805249,2,20TH ST/CASCADE AVE,CASCADE AVE,CITY ST/CNTY RD,35,W ,2018/04/25 00:00:00+00,2018/04/25 08:29:00+00,2018,4,April,8,4,25,Wednesday,8,Motorway Collision,Daylight,NONE,Property Damage Only,0,0,0,40.001847,-105.267805,0,0,0,0,INTERSECTION RELATED,825,1929
-105.283601,40.016063,Police Collision Report,COLLISION W/ OTHER VEH - PARKED MV,1805210,2,9TH ST/WALNUT ST,WALNUT ST,CITY ST/CNTY RD,195,E ,2018/04/29 00:00:00+00,2018/04/29 15:37:00+00,2018,4,April,15,1,29,Sunday,15,Motorway Collision,Daylight,NONE,Property Damage Only,0,0,0,40.016063,-105.283601,0,0,0,0,NON-INTERSECTION,1430,1930
-105.280364,40.018887,Police Collision Report,COLLISION W/ OTHER VEH - PARKED MV,1805241,2,BROADWAY/SPRUCE ST,BROADWAY,CITY ST/CNTY RD,151,N ,2018/04/30 00:00:00+00,2018/04/30 09:29:00+00,2018,4,April,9,2,30,Monday,9,Motorway Collision,Daylight,NONE,Property Damage Only,0,0,0,40.018887,-105.280364,0,0,0,0,CROSSOVER-RELATED,930,1931
-105.258705,40.00497,Police Collision Report,COLLISION W/ OTHER VEH - PARKED MV,1805317,2,970   28TH ST      ,EUCLID AVE,CITY ST/CNTY RD,85,E ,2018/05/02 00:00:00+00,2018/05/02 00:04:00+00,2018,5,May,0,4,2,Wednesday,0,Motorway Collision,Dark - Lighted,NONE,Property Damage Only,0,0,0,40.00497,-105.258705,0,0,0,0,NON-INTERSECTION,1930,1932
-105.227512,39.985893,Police Collision Report,COLLISION W/ OTHER VEH - PARKED MV,1805418,5,MANHATTAN CIR/SOUTH BOULDER RD,MANHATTAN CIRCLE,CITY ST/CNTY RD,44,S ,2018/05/04 00:00:00+00,2018/05/04 10:50:00+00,2018,5,May,10,6,4,Friday,10,Motorway Collision,Daylight,NONE,Property Damage Only,0,0,0,39.985893,-105.227512,0,0,0,0,NON-INTERSECTION,1050,1933
-105.228404,39.988054,Police Collision Report,COLLISION W/ OTHER VEH - PARKED MV,1805412,2,ILLINI WAY/IROQUOIS DR,ILLINI WAY,CITY ST/CNTY RD,85,E ,2018/05/04 00:00:00+00,2018/05/04 06:42:00+00,2018,5,May,6,6,4,Friday,6,Motorway Collision,Daylight,NONE,Property Damage Only,0,0,0,39.988054,-105.228404,0,0,0,0,NON-INTERSECTION,642,1934
-105.258433,40.027676,Police Collision Report,COLLISION W/ OTHER VEH - PARKED MV,1910272,2,2839  28TH ST      ,PRIVATE PROPERTY,,     ,  ,2019/09/02 00:00:00+00,2019/09/02 07:39:00+00,2019,9,September,7,2,2,Monday,7,Motorway Collision,Dark - Lighted,NONE,Property Damage Only,0,0,0,40.027676,-105.258433,0,0,0,0,PARKING LOT,800,1935
-105.264343,39.98901,Police Collision Report,COLLISION W/ OTHER VEH - PARKED MV,1910333,2,NORTON ST/DARTMOUTH AVE,NORTON ST,CITY ST/CNTY RD,194,W ,2019/09/03 00:00:00+00,2019/09/03 12:00:00+00,2019,9,September,12,3,3,Tuesday,12,Motorway Collision,Daylight,NONE,Property Damage Only,0,0,0,39.98901,-105.264343,0,0,0,0,NON-INTERSECTION,1158,1936
-105.272558,40.00372,Police Collision Report,COLLISION W/ OTHER VEH - PARKED MV,1910387,2,16TH ST/AURORA AVE,16TH ST,CITY ST/CNTY RD,103,N ,2019/09/04 00:00:00+00,2019/09/04 14:50:00+00,2019,9,September,14,4,4,Wednesday,14,Motorway Collision,Daylight,NONE,Property Damage Only,0,0,0,40.00372,-105.272558,0,0,0,0,NON-INTERSECTION,1450,1937