X,Y,ReportType,PrmaryCollsionType,CaseNumber,UnitsInvolved,Location,OnHighway,CrossStreet,FeetFromIntersection,DirectionFromIntersection,CollisionDate,ReportedDate,ReportedYear,ReportedMonth,ReportedMonthName,ReportedWeek,ReportedDayofWeekNum,ReportedDayofMonth,ReportedDayofWeek,ReportedHour,HitAndRunStatus,LightingCondition,WeatherCondition,Severity,NumKilled,NumSeriouslyInjured,NumInjuredOrKilled,Lat,Lon,DUI,AlcoholDrugSuspected,BicyclesInvolved,PedestriansInvolved,RoadDescription,Crash_Time,ESRI_OID
-105.273675,40.015437,Police Collision Report,COLLISION W/ OTHER VEH - PARKED MV,1910694,2,GROVE ST/16TH ST,GROVE ST,CITY ST/CNTY RD,140,E ,2019/09/09 00:00:00+00,2019/09/09 15:59:00+00,2019,9,September,15,2,9,Monday,15,Motorway Collision,Daylight,NONE,Property Damage Only,0,0,0,40.015437,-105.273675,0,0,0,0,NON-INTERSECTION,1559,1938
-105.282162,40.062913,Police Collision Report,COLLISION W/ OTHER VEH - PARKED MV,1910814,2,4869  BROADWAY      ,FRONT RANGE DRIVE,CITY ST/CNTY RD,309,W ,2019/09/12 00:00:00+00,2019/09/12 07:42:00+00,2019,9,September,7,5,12,Thursday,7,Motorway Collision,Daylight,NONE,Property Damage Only,0,0,0,40.062913,-105.282162,0,0,0,0,NON-INTERSECTION,742,1939
-105.274729,40.010544,Police Collision Report,COLLISION W/ OTHER VEH - PARKED MV,1910739,2,UNIVERSITY AVE/15TH ST,UNIVERSITY AVE,CITY ST/CNTY RD,120,W ,2019/09/10 00:00:00+00,2019/09/10 14:12:00+00,2019,9,September,14,3,10,Tuesday,14,Motorway Collision,Daylight,NONE,Property Damage Only,0,0,0,40.010544,-105.274729,0,0,0,0,NON-INTERSECTION,1412,1940
-105.270725,40.023026,Police Collision Report,COLLISION W/ OTHER VEH - PARKED MV,1910719,2,20TH ST/MAPLETON AVE,20TH ST,CITY ST/CNTY RD,130,S ,2019/09/10 00:00:00+00,2019/09/10 08:23:00+00,2019,9,September,8,3,10,Tuesday,8,Motorway Collision,Daylight,NONE,Incapacitating Injury,0,1,1,40.023026,-105.270725,0,0,1,0,NON-INTERSECTION,830,1941
-105.24706,39.970308,Police Collision Report,COLLISION W/ OTHER VEH - PARKED MV,1910721,2,GREENBRIAR BLVD/GILLASPIE DR,GREENBRIAR BLVD,CITY ST/CNTY RD,740,N ,2019/09/10 00:00:00+00,2019/09/10 08:49:00+00,2019,9,September,8,3,10,Tuesday,8,Motorway Collision,Daylight,NONE,Property Damage Only,0,0,0,39.970308,-105.24706,0,0,0,0,NON-INTERSECTION,845,1942
-105.277729,40.015591,Police Collision Report,COLLISION W/ OTHER VEH - PARKED MV,1911053,2,1770  13TH ST      ,1770 13TH ST,,     ,  ,2019/09/14 00:00:00+00,2019/09/14 00:00:00+00,2019,9,September,0,7,14,Saturday,0,Motorway Collision,Daylight,NONE,Property Damage Only,0,0,0,40.015591,-105.277729,0,0,0,0,PARKING LOT,1500,1943
-105.281937,40.00004,Police Collision Report,COLLISION W/ OTHER VEH - PARKED MV,1910878,2,900   BASELINE RD      ,KINNIKINIC ROAD,,225,N ,2019/09/13 00:00:00+00,2019/09/13 13:29:00+00,2019,9,September,13,6,13,Friday,13,Motorway Collision,Daylight,NONE,Property Damage Only,0,0,0,40.00004,-105.281937,0,0,0,0,NON-INTERSECTION,800,1944
-105.251909,39.984144,Police Collision Report,COLLISION W/ OTHER VEH - PARKED MV,1910881,5,3600  TABLE MESA DR      ,607 S. BROADWAY,,     ,  ,2019/09/13 16:15:59+00,2019/09/13 16:16:00+00,2019,9,September,16,6,13,Friday,16,Motorway Collision,Daylight,NONE,Property Damage Only,0,0,0,39.984144,-105.251909,1,1,0,0,PARKING LOT,1413,1945
-105.286542,40.016558,Police Collision Report,COLLISION W/ OTHER VEH - PARKED MV,1909709,2,PEARL ST/7TH ST,PEARL STREET,CITY ST/CNTY RD,     ,  ,2019/08/24 00:00:00+00,2019/08/24 07:24:00+00,2019,8,August,7,7,24,Saturday,7,Motorway Collision,Daylight,NONE,Property Damage Only,0,0,0,40.016558,-105.286542,0,0,0,0,AT INTERSECTION,1845,1946
-105.273636,40.015412,Police Collision Report,COLLISION W/ OTHER VEH - PARKED MV,1909874,3,1600  16TH ST      ,16TH ST,CITY ST/CNTY RD,145,N ,2019/08/26 00:00:00+00,2019/08/26 10:45:00+00,2019,8,August,10,2,26,Monday,10,Motorway Collision,Daylight,NONE,Property Damage Only,0,0,0,40.015412,-105.273636,0,0,0,0,NON-INTERSECTION,1050,1947
-105.268767,40.019141,Police Collision Report,COLLISION W/ OTHER VEH - PARKED MV,1909880,2,2037  WALNUT ST      ,WALNUT ST,CITY ST/CNTY RD,165,W ,2019/08/26 00:00:00+00,2019/08/26 13:17:00+00,2019,8,August,13,2,26,Monday,13,Motorway Collision,Daylight,NONE,Property Damage Only,0,0,0,40.019141,-105.268767,0,0,0,0,NON-INTERSECTION,730,1948
-105.246561,40.003731,Police Collision Report,COLLISION W/ OTHER VEH - PARKED MV,1909785,2,37TH ST/E AURORA AVE,E AURORA AVE,CITY ST/CNTY RD,10,W ,2019/08/24 22:57:00+00,2019/08/24 23:15:00+00,2019,8,August,23,7,24,Saturday,23,Motorway Collision,Dark - Lighted,NONE,Non-Incapacitating Injury,0,0,1,40.003731,-105.246561,1,1,0,0,INTERSECTION RELATED,2256,1949
-105.253719,40.018383,Police Collision Report,COLLISION W/ OTHER VEH - PARKED MV,1909979,2,1800  30TH ST      ,1800 30TH ST,,     ,  ,2019/08/27 00:00:00+00,2019/09/01 00:00:00+00,2019,9,September,0,1,1,Sunday,0,Motorway Collision,,NONE,Property Damage Only,0,0,0,40.018383,-105.253719,0,0,0,0,PARKING LOT,1035,1950
-105.287818,40.000953,Police Collision Report,COLLISION W/ OTHER VEH - PARKED MV,1909957,3,740   WILLOWBROOK RD      ,WILLOWBROOK RD,CITY ST/CNTY RD,30,S ,2019/08/28 02:54:59+00,2019/08/28 02:55:00+00,2019,8,August,2,4,28,Wednesday,2,Motorway Collision,Dark - Unlighted,NONE,Property Damage Only,0,0,0,40.000953,-105.287818,1,1,0,0,NON-INTERSECTION,156,1951
-105.235207,39.999986,Police Collision Report,COLLISION W/ OTHER VEH - PARKED MV,1909975,2,4800  BASELINE RD      ,4800 BASELINE ROAD,,     ,  ,2019/08/28 00:00:00+00,2019/08/28 11:21:00+00,2019,8,August,11,4,28,Wednesday,11,Motorway Collision,Daylight,NONE,Property Damage Only,0,0,0,39.999986,-105.235207,0,0,0,0,PARKING LOT,1121,1952
-105.253719,40.018383,Police Collision Report,COLLISION W/ OTHER VEH - PARKED MV,1909937,2,1800  30TH ST      ,1800 30TH ST,,     ,  ,2019/08/27 00:00:00+00,2019/08/27 13:56:00+00,2019,8,August,13,3,27,Tuesday,13,Motorway Collision,,NONE,Property Damage Only,0,0,0,40.018383,-105.253719,0,0,0,0,PARKING LOT,1200,1953
-105.282047,40.046878,Police Collision Report,COLLISION W/ OTHER VEH - PARKED MV,1910175,2,3960  BROADWAY      ,3960 BROADWAY,,     ,  ,2019/08/28 00:00:00+00,2019/08/28 00:00:00+00,2019,8,August,0,4,28,Wednesday,0,Motorway Collision,Daylight,NONE,Property Damage Only,0,0,0,40.046878,-105.282047,0,0,0,0,PARKING LOT,730,1954
-105.290042,40.018456,Police Collision Report,COLLISION W/ OTHER VEH - PARKED MV,1910033,2,PINE ST/5TH ST,PINE STREET,CITY ST/CNTY RD,80,W ,2019/06/12 00:00:00+00,2019/06/12 00:00:00+00,2019,6,June,0,4,12,Wednesday,0,Motorway Collision,Daylight,NONE,Property Damage Only,0,0,0,40.018456,-105.290042,0,0,0,0,NON-INTERSECTION,1530,1955
-105.273441,40.019264,Police Collision Report,COLLISION W/ OTHER VEH - PARKED MV,1910011,2,PEARL ST/17TH ST,17TH,CITY ST/CNTY RD,100,E ,2019/08/28 00:00:00+00,2019/08/28 18:19:00+00,2019,8,August,18,4,28,Wednesday,18,Motorway Collision,Daylight,NONE,Property Damage Only,0,0,0,40.019264,-105.273441,0,0,0,0,NON-INTERSECTION,1815,1956
-105.276252,40.008678,Police Collision Report,COLLISION W/ OTHER VEH - PARKED MV,1909213,2,13TH ST/PENNSYLVANIA AVE,13TH STREET,CITY ST/CNTY RD,140,S ,2019/08/15 00:00:00+00,2019/08/15 12:19:00+00,2019,8,August,12,5,15,Thursday,12,Motorway Collision,Daylight,NONE,Property Damage Only,0,0,0,40.008678,-105.276252,0,0,0,0,NON-INTERSECTION,1145,1957
-105.283464,40.016121,Police Collision Report,COLLISION W/ OTHER VEH - PARKED MV,1909324,2,909   WALNUT ST      ,WALNUT ST,CITY ST/CNTY RD,500,E ,2019/08/17 21:13:59+00,2019/08/17 21:14:00+00,2019,8,August,21,7,17,Saturday,21,Motorway Collision,Dark - Lighted,NONE,Property Damage Only,0,0,0,40.016121,-105.283464,1,1,0,0,NON-INTERSECTION,2051,1958
-105.254908,40.010299,Police Collision Report,COLLISION W/ OTHER VEH - PARKED MV,1909299,2,2932  SHADOW CREEK DR      ,2932 SHADOW CREEK DRIVE,CITY ST/CNTY RD,     ,  ,2019/08/16 00:00:00+00,2019/08/16 00:00:00+00,2019,8,August,0,6,16,Friday,0,Motorway Collision,Dark - Unlighted,NONE,Property Damage Only,0,0,0,40.010299,-105.254908,0,0,0,0,PARKING LOT,2100,1959
-105.256067,40.0147,Police Collision Report,COLLISION W/ OTHER VEH - PARKED MV,1909453,2,1600  29TH ST      ,1600 29TH ST,CITY ST/CNTY RD,     ,  ,2019/08/21 00:00:00+00,2019/08/21 00:00:00+00,2019,8,August,0,4,21,Wednesday,0,Motorway Collision,Daylight,NONE,Property Damage Only,0,0,0,40.0147,-105.256067,0,0,0,0,PARKING LOT,1339,1960
-105.274025,40.017003,Police Collision Report,COLLISION W/ OTHER VEH - PARKED MV,1909438,2,16TH ST/CANYON BLVD,16TH ST,CITY ST/CNTY RD,120,S ,2019/08/20 00:00:00+00,2019/08/20 12:53:00+00,2019,8,August,12,3,20,Tuesday,12,Motorway Collision,Daylight,NONE,Property Damage Only,0,0,0,40.017003,-105.274025,0,0,0,0,NON-INTERSECTION,1100,1961
-105.270057,40.000077,Police Collision Report,COLLISION W/ OTHER VEH - PARKED MV,1909548,2,18TH ST/BASELINE RD,18TH STREET,CITY ST/CNTY RD,265,N ,2019/08/22 00:00:00+00,2019/08/22 08:21:00+00,2019,8,August,8,5,22,Thursday,8,Motorway Collision,Daylight,NONE,Property Damage Only,0,0,0,40.000077,-105.270057,0,0,0,0,NON-INTERSECTION,821,1962
-105.234209,39.990427,Police Collision Report,COLLISION W/ OTHER VEH - PARKED MV,1908615,2,OSAGE DR/QUALLA DR,OSAGE DRIVE,CITY ST/CNTY RD,38,E ,2019/08/02 00:00:00+00,2019/08/02 08:16:00+00,2019,8,August,8,6,2,Friday,8,Motorway Collision,Daylight,NONE,Property Damage Only,0,0,0,39.990427,-105.234209,0,0,0,0,NON-INTERSECTION,816,1963
-105.275386,40.016754,Police Collision Report,COLLISION W/ OTHER VEH - PARKED MV,1908800,2,CANYON BLVD/15TH ST,15TH ST,CITY ST/CNTY RD,200,N ,2019/08/06 00:00:00+00,2019/08/06 13:42:00+00,2019,8,August,13,3,6,Tuesday,13,Motorway Collision,Daylight,NONE,Property Damage Only,0,0,0,40.016754,-105.275386,0,0,0,0,NON-INTERSECTION,1254,1964
-105.235919,40.014836,Police Collision Report,COLLISION W/ OTHER VEH - PARKED MV,1908756,2,4715  ARAPAHOE AVE      ,4715 ARAPAHOE AVE,,     ,  ,2019/08/05 00:00:00+00,2019/08/05 14:06:00+00,2019,8,August,14,2,5,Monday,14,Motorway Collision,Daylight,NONE,Property Damage Only,0,0,0,40.014836,-105.235919,0,0,0,0,PARKING LOT,1405,1965
-105.281326,40.013602,Police Collision Report,COLLISION W/ OTHER VEH - PARKED MV,1908719,2,1001  ARAPAHOE AVE      ,1001 ARAPAHOE AVE,,     ,  ,2019/08/04 00:00:00+00,2019/08/04 15:16:00+00,2019,8,August,15,1,4,Sunday,15,Motorway Collision,Daylight,NONE,Property Damage Only,0,0,0,40.013602,-105.281326,0,0,0,0,PARKING LOT,1516,1966
-105.280364,40.018887,Police Collision Report,COLLISION W/ OTHER VEH - PARKED MV,1908749,2,BROADWAY/SPRUCE ST,SPRUCE ST,CITY ST/CNTY RD,150,W ,2019/08/05 00:00:00+00,2019/08/05 10:42:00+00,2019,8,August,10,2,5,Monday,10,Motorway Collision,Daylight,NONE,Property Damage Only,0,0,0,40.018887,-105.280364,0,0,0,0,CROSSOVER-RELATED,1042,1967
-105.253588,40.029219,Police Collision Report,COLLISION W/ OTHER VEH - PARKED MV,1908750,2,3003  VALMONT RD 10    ,3003 VALMONT RD,,     ,  ,2019/08/05 00:00:00+00,2019/08/05 11:02:00+00,2019,8,August,11,2,5,Monday,11,Motorway Collision,Daylight,NONE,Property Damage Only,0,0,0,40.029219,-105.253588,0,0,0,0,PARKING LOT,1100,1968
-105.256067,40.0147,Police Collision Report,COLLISION W/ OTHER VEH - PARKED MV,1908897,2,1600  29TH ST      ,1600 29TH STREET,,     ,  ,2019/08/08 00:00:00+00,2019/08/08 13:54:00+00,2019,8,August,13,5,8,Thursday,13,Motorway Collision,Daylight,NONE,Property Damage Only,0,0,0,40.0147,-105.256067,0,0,0,0,PARKING LOT,1354,1969
-105.28724,40.011715,Police Collision Report,COLLISION W/ OTHER VEH - PARKED MV,1909072,2,MARINE ST/6TH ST,MARINE ST,CITY ST/CNTY RD,132,E ,2019/08/10 00:00:00+00,2019/08/12 11:34:00+00,2019,8,August,11,2,12,Monday,11,Motorway Collision,Daylight,NONE,Property Damage Only,0,0,0,40.011715,-105.28724,0,0,0,0,NON-INTERSECTION,930,1970
-105.258355,40.026832,Police Collision Report,COLLISION W/ OTHER VEH - PARKED MV,1909007,2,2690  28TH ST      ,2690,CITY ST/CNTY RD,     ,  ,2019/08/10 00:00:00+00,2019/08/10 20:20:00+00,2019,8,August,20,7,10,Saturday,20,Motorway Collision,Daylight,NONE,Property Damage Only,0,0,0,40.026832,-105.258355,0,0,0,0,NON-INTERSECTION,2010,1971
-105.263537,40.000155,Police Collision Report,COLLISION W/ OTHER VEH - PARKED MV,1909009,2,600   BROADWAYS      ,695 S BROADWAY,CITY ST/CNTY RD,     ,  ,2019/08/10 00:00:00+00,2019/08/11 00:00:00+00,2019,8,August,0,1,11,Sunday,0,Motorway Collision,Daylight,NONE,Property Damage Only,0,0,0,40.000155,-105.263537,0,0,0,0,PARKING LOT,2004,1972
-105.278334,40.017158,Police Collision Report,COLLISION W/ OTHER VEH - PARKED MV,1908443,2,WALNUT ST/13TH ST,13TH ST,CITY ST/CNTY RD,75,E ,2019/07/29 00:00:00+00,2019/07/29 16:25:00+00,2019,7,July,16,2,29,Monday,16,Motorway Collision,Daylight,NONE,Property Damage Only,0,0,0,40.017158,-105.278334,0,0,0,0,NON-INTERSECTION,1640,1973
-105.263007,40.018632,Police Collision Report,COLLISION W/ OTHER VEH - PARKED MV,1908246,2,1840  FOLSOM ST      ,1840 FOLSOM ST,,     ,  ,,2019/07/25 14:12:00+00,2019,7,July,14,5,25,Thursday,14,Motorway Collision,Daylight,NONE,Property Damage Only,0,0,0,40.018632,-105.263007,0,0,0,0,PARKING LOT,1410,1974
-105.283183,40.007243,Police Collision Report,COLLISION W/ OTHER VEH - PARKED MV,1908242,2,GRANT PL/COLLEGE AVE,GRANT PLACE,CITY ST/CNTY RD,130,S ,2019/07/25 00:00:00+00,2019/07/25 12:11:00+00,2019,7,July,12,5,25,Thursday,12,Motorway Collision,Daylight,NONE,Property Damage Only,0,0,0,40.007243,-105.283183,0,0,0,0,DRIVEWAY ACCESS RELATED,1211,1975
-105.248441,39.984074,Police Collision Report,COLLISION W/ OTHER VEH - PARKED MV,1908161,2,695   S BROADWAY      ,695 S BROADWAY,,     ,  ,2019/07/23 00:00:00+00,2019/07/23 17:41:00+00,2019,7,July,17,3,23,Tuesday,17,Motorway Collision,Daylight,NONE,Property Damage Only,0,0,0,39.984074,-105.248441,0,0,0,0,PARKING LOT,1741,1976
-105.253728,40.015693,Police Collision Report,COLLISION W/ OTHER VEH - PARKED MV,1907468,2,1650  30TH ST      ,1650 30TH ST,,     ,  ,2019/07/07 00:00:00+00,2019/07/07 16:38:00+00,2019,7,July,16,1,7,Sunday,16,Motorway Collision,Daylight,NONE,Property Damage Only,0,0,0,40.015693,-105.253728,0,0,0,0,PARKING LOT,1610,1977
-105.280971,40.016592,Police Collision Report,COLLISION W/ OTHER VEH - PARKED MV,1907671,2,11TH ST/WALNUT ST,WALNUT,CITY ST/CNTY RD,33,W ,2019/07/11 00:00:00+00,2019/07/11 21:06:00+00,2019,7,July,21,5,11,Thursday,21,Motorway Collision,Dark - Lighted,NONE,Property Damage Only,0,0,0,40.016592,-105.280971,0,0,0,0,NON-INTERSECTION,2106,1978
-105.289653,40.017284,Police Collision Report,COLLISION W/ OTHER VEH - PARKED MV,1907320,2,511   MOUNTAIN VIEW RD      ,MOUNTAIN VIEW RD,CITY ST/CNTY RD,99,E ,2019/07/04 03:16:59+00,2019/07/04 03:17:00+00,2019,7,July,3,5,4,Thursday,3,Motorway Collision,Dark - Unlighted,NONE,Property Damage Only,0,0,0,40.017284,-105.289653,1,1,0,0,NON-INTERSECTION,257,1979
-105.225407,40.028635,Police Collision Report,COLLISION W/ OTHER VEH - PARKED MV,1907299,2,2901  55TH ST      ,2901 55TH STREET,,     ,  ,2019/07/03 00:00:00+00,2019/07/03 13:33:00+00,2019,7,July,13,4,3,Wednesday,13,Motorway Collision,Daylight,NONE,Property Damage Only,0,0,0,40.028635,-105.225407,0,0,0,0,PARKING LOT,1333,1980
-105.255275,40.000078,Police Collision Report,COLLISION W/ OTHER VEH - PARKED MV,1907275,2,2920  BASELINE RD      ,2920 BASELINE RD,,     ,  ,2019/07/03 00:00:00+00,2019/07/03 02:45:00+00,2019,7,July,2,4,3,Wednesday,2,Motorway Collision,Dark - Unlighted,NONE,Property Damage Only,0,0,0,40.000078,-105.255275,0,0,0,0,PARKING LOT,225,1981
-105.213692,40.014709,Police Collision Report,COLLISION W/ OTHER VEH - PARKED MV,1907916,2,5995  ARAPAHOE AVE      ,5995 ARAPAHOE AVE,,     ,  ,2019/07/17 00:00:00+00,2019/07/17 11:39:00+00,2019,7,July,11,4,17,Wednesday,11,Motorway Collision,Daylight,NONE,Property Damage Only,0,0,0,40.014709,-105.213692,0,0,0,0,PARKING LOT,1207,1982
-105.279596,40.012642,Police Collision Report,COLLISION W/ OTHER VEH - PARKED MV,1907865,2,MARINE ST/11TH ST,MARINE ST,CITY ST/CNTY RD,170,W ,2019/07/16 00:00:00+00,2019/07/16 09:53:00+00,2019,7,July,9,3,16,Tuesday,9,Motorway Collision,Daylight,NONE,Property Damage Only,0,0,0,40.012642,-105.279596,0,0,0,0,NON-INTERSECTION,953,1983
-105.260202,39.997835,Police Collision Report,COLLISION W/ OTHER VEH - PARKED MV,1907631,2,505   27TH WAY      ,505 27TH WAY,,     ,  ,2019/07/10 00:00:00+00,2019/07/10 00:00:00+00,2019,7,July,0,4,10,Wednesday,0,Motorway Collision,Dark - Lighted,NONE,Property Damage Only,0,0,0,39.997835,-105.260202,0,0,0,0,PARKING LOT,2350,1984
-105.266614,40.019156,Police Collision Report,COLLISION W/ OTHER VEH - PARKED MV,1907791,2,2134  S WALNUT STS      ,PRIVATE PROPERTY,,     ,  ,2019/07/14 00:00:00+00,2019/07/14 13:34:00+00,2019,7,July,13,1,14,Sunday,13,Motorway Collision,Dark - Unlighted,NONE,Property Damage Only,0,0,0,40.019156,-105.266614,0,0,0,0,PARKING LOT,400,1985
-105.281326,40.013602,Police Collision Report,COLLISION W/ OTHER VEH - PARKED MV,1908070,2,1001  ARAPAHOE AVE      ,PRIVATE PROPERTY,,     ,  ,2019/07/21 00:00:00+00,2019/07/21 14:47:00+00,2019,7,July,14,1,21,Sunday,14,Motorway Collision,Daylight,NONE,Property Damage Only,0,0,0,40.013602,-105.281326,0,0,0,0,PARKING LOT,1540,1986
-105.25291,40.020125,Police Collision Report,COLLISION W/ OTHER VEH - PARKED MV,1908010,2,3073  WALNUT ST      ,3073 WALNUT STREET,,     ,  ,2019/07/19 00:00:00+00,2019/07/19 13:34:00+00,2019,7,July,13,6,19,Friday,13,Motorway Collision,Daylight,NONE,Property Damage Only,0,0,0,40.020125,-105.25291,0,0,0,0,PARKING LOT,1200,1987
-105.287977,40.029272,Police Collision Report,COLLISION W/ OTHER VEH - PARKED MV,1907995,2,DELLWOOD AVE/7TH ST,DELLWOOD AVENUE,CITY ST/CNTY RD,125,E ,2019/07/19 00:00:00+00,2019/07/19 08:12:00+00,2019,7,July,8,6,19,Friday,8,Motorway Collision,Daylight,NONE,Property Damage Only,0,0,0,40.029272,-105.287977,0,0,0,0,NON-INTERSECTION,812,1988
-105.254949,39.993601,Police Collision Report,COLLISION W/ OTHER VEH - PARKED MV,1908003,2,32ND ST/ASH AVE,ASH AVE,CITY ST/CNTY RD,95,W ,2019/07/19 00:00:00+00,2019/07/19 11:44:00+00,2019,7,July,11,6,19,Friday,11,Motorway Collision,Daylight,NONE,Property Damage Only,0,0,0,39.993601,-105.254949,0,0,0,0,NON-INTERSECTION,1144,1989
-105.25762,40.009265,Police Collision Report,COLLISION W/ OTHER VEH - PARKED MV,1906813,2,2851  SPRINGDALE LN      ,2851 SPRINGDALE LN,,     ,  ,2019/06/22 00:00:00+00,2019/06/22 13:51:00+00,2019,6,June,13,7,22,Saturday,13,Motorway Collision,Daylight,NONE,Property Damage Only,0,0,0,40.009265,-105.25762,0,0,0,0,PARKING LOT,1351,1990
-105.253705,40.027164,Police Collision Report,COLLISION W/ OTHER VEH - PARKED MV,1906892,2,2633  30TH ST      ,2633 30TH ST,,     ,  ,2019/06/24 00:00:00+00,2019/06/24 14:30:00+00,2019,6,June,14,2,24,Monday,14,Motorway Collision,Daylight,NONE,Property Damage Only,0,0,0,40.027164,-105.253705,0,0,0,0,PARKING LOT,1251,1991
-105.284191,40.024483,Police Collision Report,COLLISION W/ OTHER VEH - PARKED MV,1906922,3,975   NORTH ST      ,975 NORTH ST,,     ,  ,2019/06/25 00:00:00+00,2019/06/25 12:22:00+00,2019,6,June,12,3,25,Tuesday,12,Motorway Collision,Daylight,NONE,Property Damage Only,0,0,0,40.024483,-105.284191,0,0,0,0,PARKING LOT,930,1992
-105.282128,40.059553,Police Collision Report,COLLISION W/ OTHER VEH - PARKED MV,1906910,2,YELLOW PINE AVE/BROADWAY,YELLOWPINE,CITY ST/CNTY RD,30,N ,2019/06/25 00:00:00+00,2019/06/25 05:31:00+00,2019,6,June,5,3,25,Tuesday,5,Motorway Collision,Dawn or Dusk,NONE,Property Damage Only,0,0,0,40.059553,-105.282128,0,0,0,0,NON-INTERSECTION,531,1993
-105.258277,40.014693,Police Collision Report,COLLISION W/ OTHER VEH - PARKED MV,1907003,2,1600  28TH ST      ,28TH ST,,     ,  ,2019/06/26 00:00:00+00,2019/06/26 21:33:00+00,2019,6,June,21,4,26,Wednesday,21,Motorway Collision,Dark - Lighted,NONE,Property Damage Only,0,0,0,40.014693,-105.258277,0,0,0,0,PARKING LOT,2133,1994
-105.240082,39.988606,Police Collision Report,COLLISION W/ OTHER VEH - PARKED MV,1907137,2,HAMILTON CT/MOORHEAD AVE,HAMILTON CT,CITY ST/CNTY RD,155,S ,2019/06/28 00:00:00+00,2019/06/30 00:00:00+00,2019,6,June,0,1,30,Sunday,0,Motorway Collision,Dawn or Dusk,NONE,Property Damage Only,0,0,0,39.988606,-105.240082,0,0,0,0,NON-INTERSECTION,2000,1995
-105.282087,40.021798,Police Collision Report,COLLISION W/ OTHER VEH - PARKED MV,1907060,2,MAXWELL AVE/9TH ST | BROADWAY ALLEY,SOUTH ALLEY OF MAXWELL AVENUE,CITY ST/CNTY RD,250,E ,2019/06/27 00:00:00+00,2019/06/27 00:00:00+00,2019,6,June,0,5,27,Thursday,0,Motorway Collision,Daylight,NONE,Property Damage Only,0,0,0,40.021798,-105.282087,0,0,0,0,CROSSOVER-RELATED,1705,1996
-105.250079,40.017476,Police Collision Report,COLLISION W/ OTHER VEH - PARKED MV,1906647,2,1750  33RD ST      ,1750 33RD ST,,     ,  ,2019/06/18 00:00:00+00,2019/06/18 15:54:00+00,2019,6,June,15,3,18,Tuesday,15,Motorway Collision,Daylight,NONE,Property Damage Only,0,0,0,40.017476,-105.250079,0,0,0,0,PARKING LOT,1554,1997
-105.276189,40.007506,Police Collision Report,COLLISION W/ OTHER VEH - PARKED MV,1906463,2,1142  13TH ST      ,1142 13TH ST,,     ,  ,2019/06/13 00:00:00+00,2019/06/13 22:04:00+00,2019,6,June,22,5,13,Thursday,22,Motorway Collision,Dark - Lighted,NONE,Property Damage Only,0,0,0,40.007506,-105.276189,0,0,0,0,PARKING LOT,2030,1998
-105.263226,40.036463,Police Collision Report,COLLISION W/ OTHER VEH - PARKED MV,1906359,2,IRIS AVE/N 26TH ST,IRIS AVE,CITY ST/CNTY RD,86,W ,2019/06/11 00:00:00+00,2019/06/11 15:24:00+00,2019,6,June,15,3,11,Tuesday,15,Motorway Collision,Daylight,NONE,Property Damage Only,0,0,0,40.036463,-105.263226,0,0,0,0,NON-INTERSECTION,1523,1999
-105.279866,40.061877,Police Collision Report,COLLISION W/ OTHER VEH - PARKED MV,1906196,2,14TH ST/LEE HILL DR,14TH ST,CITY ST/CNTY RD,100,S ,2019/06/07 00:00:00+00,2019/06/07 11:38:00+00,2019,6,June,11,6,7,Friday,11,Motorway Collision,Daylight,NONE,Property Damage Only,0,0,0,40.061877,-105.279866,0,0,0,0,NON-INTERSECTION,1138,2000
-105.274839,40.019386,Police Collision Report,COLLISION W/ OTHER VEH - PARKED MV,1905437,2,2040  16TH ST      ,2040 16TH ST,,     ,  ,2019/05/19 00:00:00+00,2019/05/19 00:00:00+00,2019,5,May,0,1,19,Sunday,0,Motorway Collision,Daylight,NONE,Property Damage Only,0,0,0,40.019386,-105.274839,0,0,0,0,PARKING LOT,1700,2001
-105.280682,40.019937,Police Collision Report,COLLISION W/ OTHER VEH - PARKED MV,1905461,2,PINE ST/BROADWAY,PINE STREET,CITY ST/CNTY RD,15,W ,2019/05/20 00:00:00+00,2019/05/20 18:25:00+00,2019,5,May,18,2,20,Monday,18,Motorway Collision,Daylight,NONE,Property Damage Only,0,0,0,40.019937,-105.280682,0,0,0,0,NON-INTERSECTION,1825,2002
-105.261989,40.010574,Police Collision Report,COLLISION W/ OTHER VEH - PARKED MV,1905376,2,2525  TAFT DR      ,2525 TAFT DRIVE,,     ,  ,2019/05/18 00:00:00+00,2019/05/18 14:52:00+00,2019,5,May,14,7,18,Saturday,14,Motorway Collision,Daylight,NONE,Property Damage Only,0,0,0,40.010574,-105.261989,0,0,0,0,PARKING LOT,1100,2003
-105.254374,40.000033,Police Collision Report,COLLISION W/ OTHER VEH - PARKED MV,1905531,2,2950  BASELINE RD      ,2950 BASELINE RD,,     ,  ,2019/05/22 00:00:00+00,2019/05/22 08:30:00+00,2019,5,May,8,4,22,Wednesday,8,Motorway Collision,Daylight,NONE,Property Damage Only,0,0,0,40.000033,-105.254374,0,0,0,0,PARKING LOT,817,2004