X,Y,ReportType,PrmaryCollsionType,CaseNumber,UnitsInvolved,Location,OnHighway,CrossStreet,FeetFromIntersection,DirectionFromIntersection,CollisionDate,ReportedDate,ReportedYear,ReportedMonth,ReportedMonthName,ReportedWeek,ReportedDayofWeekNum,ReportedDayofMonth,ReportedDayofWeek,ReportedHour,HitAndRunStatus,LightingCondition,WeatherCondition,Severity,NumKilled,NumSeriouslyInjured,NumInjuredOrKilled,Lat,Lon,DUI,AlcoholDrugSuspected,BicyclesInvolved,PedestriansInvolved,RoadDescription,Crash_Time,ESRI_OID
-105.258306,40.022242,Police Collision Report,COLLISION W/ OTHER VEH - PARKED MV,1905533,2,2800  PEARL ST      ,2800 PEARL ST,CITY ST/CNTY RD,     ,  ,2019/05/20 00:00:00+00,2019/05/20 00:00:00+00,2019,5,May,0,2,20,Monday,0,Motorway Collision,Daylight,NONE,Property Damage Only,0,0,0,40.022242,-105.258306,0,0,0,0,PARKING LOT,1530,2005
-105.279596,40.012642,Police Collision Report,COLLISION W/ OTHER VEH - PARKED MV,1905651,2,MARINE ST/11TH ST,11TH STREET,CITY ST/CNTY RD,25,S ,2019/05/25 00:00:00+00,2019/05/25 15:15:00+00,2019,5,May,15,7,25,Saturday,15,Motorway Collision,Daylight,NONE,Property Damage Only,0,0,0,40.012642,-105.279596,0,0,0,0,NON-INTERSECTION,1515,2006
-105.256067,40.0147,Police Collision Report,COLLISION W/ OTHER VEH - PARKED MV,1905855,2,1600  29TH ST      ,1600 29TH STREET,,     ,  ,2019/05/30 00:00:00+00,2019/05/30 13:20:00+00,2019,5,May,13,5,30,Thursday,13,Motorway Collision,Daylight,NONE,Property Damage Only,0,0,0,40.0147,-105.256067,0,0,0,0,PARKING LOT,1300,2007
-105.267767,40.000107,Police Collision Report,COLLISION W/ OTHER VEH - PARKED MV,2001183,3,BASELINE RD/20TH ST,BASELINE RD,CITY ST/CNTY RD,339,N ,2020/02/02 00:00:00+00,2020/02/02 19:19:00+00,2020,2,February,19,1,2,Sunday,19,Motorway Collision,Dark - Lighted,NONE,Property Damage Only,0,0,0,40.000107,-105.267767,0,0,0,0,NON-INTERSECTION,1919,2008
-105.279904,40.04793,Police Collision Report,COLLISION W/ OTHER VEH - PARKED MV,2001328,2,1410  QUINCE AVE      ,1410 QUINCE AVE,,     ,E ,2020/02/05 00:00:00+00,2020/02/05 22:55:00+00,2020,2,February,22,4,5,Wednesday,22,Motorway Collision,Dawn or Dusk,NONE,Property Damage Only,0,0,0,40.04793,-105.279904,0,0,0,0,PARKING LOT,2255,2009
-105.254421,40.00593,Police Collision Report,COLLISION W/ OTHER VEH - PARKED MV,2001261,2,KENT ST/ADAMS CIR,KENT ST,CITY ST/CNTY RD,40,S ,2020/02/04 00:00:00+00,2020/02/04 12:58:00+00,2020,2,February,12,3,4,Tuesday,12,Motorway Collision,Daylight,NONE,Property Damage Only,0,0,0,40.00593,-105.254421,0,0,0,0,NON-INTERSECTION,1130,2010
-105.256065,40.027521,Police Collision Report,COLLISION W/ OTHER VEH - PARKED MV,2002476,2,2727  29TH ST      ,2727 29TH ST,,     ,  ,2020/03/04 00:00:00+00,2020/03/04 00:00:00+00,2020,3,March,0,4,4,Wednesday,0,Motorway Collision,Daylight,NONE,Property Damage Only,0,0,0,40.027521,-105.256065,0,0,0,0,PARKING LOT,1500,2011
-105.227512,39.985893,Police Collision Report,COLLISION W/ OTHER VEH - PARKED MV,2002635,2,MANHATTAN CIR/SOUTH BOULDER RD,MANHATTAN CIR,CITY ST/CNTY RD,304,S ,2020/03/09 00:00:00+00,2020/03/09 14:54:00+00,2020,3,March,14,2,9,Monday,14,Motorway Collision,Daylight,NONE,Property Damage Only,0,0,0,39.985893,-105.227512,0,0,0,0,NON-INTERSECTION,1454,2012
-105.273912,40.059161,Police Collision Report,COLLISION W/ OTHER VEH - PARKED MV,2002636,2,YAUPON AVE/WINTERCRESS CT,YAUPON AVE,CITY ST/CNTY RD,50,W ,2020/03/09 00:00:00+00,2020/03/09 15:30:00+00,2020,3,March,15,2,9,Monday,15,Motorway Collision,Daylight,NONE,Property Damage Only,0,0,0,40.059161,-105.273912,0,0,0,0,NON-INTERSECTION,1530,2013
-105.24379,39.989566,Police Collision Report,COLLISION W/ OTHER VEH - PARKED MV,2002512,2,110   S 42ND STS      ,110 S. 42ND STREET,,     ,  ,2020/01/17 00:00:00+00,2020/01/17 00:00:00+00,2020,1,January,0,6,17,Friday,0,Motorway Collision,Daylight,NONE,Property Damage Only,0,0,0,39.989566,-105.24379,0,0,0,0,PARKING LOT,930,2014
-105.283543,40.015889,Police Collision Report,COLLISION W/ OTHER VEH - PARKED MV,2002523,2,1881  9TH ST      ,1881 9TH ST,,     ,  ,2020/03/06 00:00:00+00,2020/03/06 13:21:00+00,2020,3,March,13,6,6,Friday,13,Motorway Collision,Daylight,NONE,Property Damage Only,0,0,0,40.015889,-105.283543,0,0,0,0,PARKING LOT,1321,2015
-105.255884,40.022827,Police Collision Report,COLLISION W/ OTHER VEH - PARKED MV,2002755,2,2905  PEARL ST      ,2905 PEARL ST,,     ,  ,2020/03/12 00:00:00+00,2020/03/12 14:45:00+00,2020,3,March,14,5,12,Thursday,14,Motorway Collision,Daylight,NONE,Property Damage Only,0,0,0,40.022827,-105.255884,0,0,0,0,PARKING LOT,1230,2016
-105.285375,40.011707,Police Collision Report,COLLISION W/ OTHER VEH - PARKED MV,2002734,2,715   MARINE ST      ,715 MARINE ST,,     ,  ,2020/03/11 20:00:00+00,2020/03/11 18:39:00+00,2020,3,March,18,4,11,Wednesday,18,Motorway Collision,Daylight,NONE,Property Damage Only,0,0,0,40.011707,-105.285375,0,0,0,0,PARKING LOT,700,2017
-105.27377,40.005455,Police Collision Report,COLLISION W/ OTHER VEH - PARKED MV,2002741,3,15TH ST/EUCLID AVE,15TH ST,CITY ST/CNTY RD,47,W ,2020/03/12 04:17:00+00,2020/03/12 04:17:00+00,2020,3,March,4,5,12,Thursday,4,Motorway Collision,Dark - Lighted,NONE,Property Damage Only,0,0,0,40.005455,-105.27377,1,1,0,0,INTERSECTION RELATED,417,2018
-105.246911,39.982472,Police Collision Report,COLLISION W/ OTHER VEH - PARKED MV,2002731,2,780   S LASHLEY LNS      ,S. LASHLEY,CITY ST/CNTY RD,262,S ,2020/03/11 00:00:00+00,2020/03/11 17:56:00+00,2020,3,March,17,4,11,Wednesday,17,Motorway Collision,Daylight,NONE,Possible injury,0,0,0,39.982472,-105.246911,0,0,0,0,NON-INTERSECTION,1756,2019
-105.260202,39.997835,Police Collision Report,COLLISION W/ OTHER VEH - PARKED MV,2002978,2,505   27TH WAY      ,505 27TH WAY,,     ,  ,2020/03/17 00:00:00+00,2020/03/17 23:39:00+00,2020,3,March,23,3,17,Tuesday,23,Motorway Collision,Dark - Lighted,NONE,Property Damage Only,0,0,0,39.997835,-105.260202,0,0,0,0,PARKING LOT,2339,2020
-105.259873,40.022111,Police Collision Report,COLLISION W/ OTHER VEH - PARKED MV,2002923,2,2685  PEARL ST      ,2685 PEARL ST,,     ,  ,2020/03/16 00:00:00+00,2020/03/16 12:23:00+00,2020,3,March,12,2,16,Monday,12,Motorway Collision,Daylight,NONE,Property Damage Only,0,0,0,40.022111,-105.259873,0,0,0,0,PARKING LOT,1222,2021
-105.252177,39.971226,Police Collision Report,COLLISION W/ OTHER VEH - PARKED MV,2002820,2,GILLASPIE DR/JUILLIARD ST,GILLASPIE DR,CITY ST/CNTY RD,335,E ,2020/03/13 00:00:00+00,2020/03/13 00:00:00+00,2020,3,March,0,6,13,Friday,0,Motorway Collision,Dark - Unlighted,NONE,Property Damage Only,0,0,0,39.971226,-105.252177,0,0,0,0,NON-INTERSECTION,2300,2022
-105.273579,40.014556,Police Collision Report,COLLISION W/ OTHER VEH - PARKED MV,2002415,2,1604  ARAPAHOE AVE      ,1604 ARAPAHOE AVENUE,,     ,  ,2020/03/04 00:00:00+00,2020/03/04 13:59:00+00,2020,3,March,13,4,4,Wednesday,13,Motorway Collision,Daylight,NONE,Property Damage Only,0,0,0,40.014556,-105.273579,0,0,0,0,PARKING LOT,820,2023
-105.251909,39.984144,Police Collision Report,COLLISION W/ OTHER VEH - PARKED MV,2002127,2,3600  TABLE MESA DR      ,3600 TABLE MESA DR,,     ,  ,2020/02/26 00:00:00+00,2020/02/26 00:00:00+00,2020,2,February,0,4,26,Wednesday,0,Motorway Collision,Daylight,NONE,Property Damage Only,0,0,0,39.984144,-105.251909,0,0,0,0,PARKING LOT,1203,2024
-105.281326,40.013602,Police Collision Report,COLLISION W/ OTHER VEH - PARKED MV,2002257,2,1001  ARAPAHOE AVE      ,1001 ARAPAHOE AVENUE,,     ,  ,2020/02/29 00:00:00+00,2020/02/29 12:11:00+00,2020,2,February,12,7,29,Saturday,12,Motorway Collision,Daylight,NONE,Property Damage Only,0,0,0,40.013602,-105.281326,0,0,0,0,PARKING LOT,1200,2025
-105.249273,39.98501,Police Collision Report,COLLISION W/ OTHER VEH - PARKED MV,2002089,2,637   S BROADWAYS      ,637 S. BROADWAY,,     ,  ,2020/02/25 00:00:00+00,2020/02/25 14:08:00+00,2020,2,February,14,3,25,Tuesday,14,Motorway Collision,Daylight,NONE,Property Damage Only,0,0,0,39.98501,-105.249273,0,0,0,0,PARKING LOT,1200,2026
-105.253588,40.029219,Police Collision Report,COLLISION W/ OTHER VEH - PARKED MV,2002062,2,3003  VALMONT RD 258    ,3003 VALMONT RD #258,,     ,  ,2020/02/24 00:00:00+00,2020/02/24 16:12:00+00,2020,2,February,16,2,24,Monday,16,Motorway Collision,Daylight,NONE,Property Damage Only,0,0,0,40.029219,-105.253588,0,0,0,0,NON-INTERSECTION,1604,2027
-105.256067,40.0147,Police Collision Report,COLLISION W/ OTHER VEH - PARKED MV,2001953,2,1600  29TH ST      ,1600 29TH STREET,,     ,  ,2020/02/21 00:00:00+00,2020/02/21 14:03:00+00,2020,2,February,14,6,21,Friday,14,Motorway Collision,Daylight,NONE,Property Damage Only,0,0,0,40.0147,-105.256067,0,0,0,0,PARKING LOT,1403,2028
-105.273091,40.01825,Police Collision Report,COLLISION W/ OTHER VEH - PARKED MV,2002021,2,WALNUT ST/17TH ST,WALNUT ST,CITY ST/CNTY RD,93,W ,2020/02/23 00:00:00+00,2020/02/23 15:36:00+00,2020,2,February,15,1,23,Sunday,15,Motorway Collision,Daylight,NONE,Property Damage Only,0,0,0,40.01825,-105.273091,0,0,0,0,NON-INTERSECTION,1536,2029
-105.258328,40.018797,Police Collision Report,COLLISION W/ OTHER VEH - PARKED MV,2002037,2,1789  28TH ST      ,1789 28TH ST,,     ,  ,2020/02/24 00:00:00+00,2020/02/24 06:55:00+00,2020,2,February,6,2,24,Monday,6,Motorway Collision,Daylight,NONE,Property Damage Only,0,0,0,40.018797,-105.258328,0,0,0,0,PARKING LOT,656,2030
-105.28543,40.003668,Police Collision Report,COLLISION W/ OTHER VEH - PARKED MV,2000331,2,700   AURORA AVE BLK    ,700 BLK AURORA AVE,CITY ST/CNTY RD,     ,  ,2020/01/10 00:00:00+00,2020/01/10 12:32:00+00,2020,1,January,12,6,10,Friday,12,Motorway Collision,Daylight,NONE,Property Damage Only,0,0,0,40.003668,-105.28543,0,0,0,0,CROSSOVER-RELATED,1130,2031
-105.26469,40.016113,Police Collision Report,COLLISION W/ OTHER VEH - PARKED MV,2000333,3,23RD ST/GOSS CIR E,23RD STREET,CITY ST/CNTY RD,128,N ,2020/01/11 00:00:00+00,2020/01/11 11:34:00+00,2020,1,January,11,7,11,Saturday,11,Motorway Collision,Daylight,NONE,Property Damage Only,0,0,0,40.016113,-105.26469,0,0,0,0,NON-INTERSECTION,1134,2032
-105.258436,40.029068,Police Collision Report,COLLISION W/ OTHER VEH - PARKED MV,2000281,2,2995  28TH ST      ,2995 28TH ST,,     ,  ,2020/01/08 00:00:00+00,2020/01/08 00:00:00+00,2020,1,January,0,4,8,Wednesday,0,Motorway Collision,Dark - Lighted,NONE,Property Damage Only,0,0,0,40.029068,-105.258436,0,0,0,0,PARKING LOT,2020,2033
-105.273423,40.019268,Police Collision Report,COLLISION W/ OTHER VEH - PARKED MV,2000302,2,1701  PEARL ST      ,PEARL ST,CITY ST/CNTY RD,150,E ,2020/01/04 00:00:00+00,2020/01/04 00:00:00+00,2020,1,January,0,7,4,Saturday,0,Motorway Collision,Daylight,NONE,Property Damage Only,0,0,0,40.019268,-105.273423,0,0,0,0,PARKING LOT,1000,2034
-105.261527,40.000212,Police Collision Report,COLLISION W/ OTHER VEH - PARKED MV,2000248,2,2486  BASELINE RD      ,2486 BASELINE RD,,     ,  ,2020/01/08 00:00:00+00,2020/01/08 16:21:00+00,2020,1,January,16,4,8,Wednesday,16,Motorway Collision,Daylight,NONE,Property Damage Only,0,0,0,40.000212,-105.261527,0,0,0,0,PARKING LOT,1621,2035
-105.258436,40.029068,Police Collision Report,COLLISION W/ OTHER VEH - PARKED MV,2000258,2,2995  28TH ST      ,2995 28TH ST,,     ,  ,2020/01/08 00:00:00+00,2020/01/08 19:53:00+00,2020,1,January,19,4,8,Wednesday,19,Motorway Collision,Dark - Lighted,NONE,Property Damage Only,0,0,0,40.029068,-105.258436,0,0,0,0,NON-INTERSECTION,1953,2036
-105.281947,40.003681,Police Collision Report,COLLISION W/ OTHER VEH - PARKED MV,2000098,2,AURORA AVE/9TH ST,AURORA,CITY ST/CNTY RD,150,S ,2020/01/04 00:00:00+00,2020/01/04 07:03:00+00,2020,1,January,7,7,4,Saturday,7,Motorway Collision,Daylight,NONE,Property Damage Only,0,0,0,40.003681,-105.281947,0,0,0,0,NON-INTERSECTION,700,2037
-105.243501,40.030982,Police Collision Report,COLLISION W/ OTHER VEH - PARKED MV,2000500,2,EDISON AVE/EDISON LN,EDISON AVE,CITY ST/CNTY RD,100,S ,2020/01/15 00:00:00+00,2020/01/15 20:21:00+00,2020,1,January,20,4,15,Wednesday,20,Motorway Collision,Dark - Lighted,NONE,Property Damage Only,0,0,0,40.030982,-105.243501,0,0,0,0,NON-INTERSECTION,2100,2038
-105.269767,40.005948,Police Collision Report,COLLISION W/ OTHER VEH - PARKED MV,2000534,2,18TH ST/EUCLID AVE,18TH ST,CITY ST/CNTY RD,155,S ,2020/01/16 00:00:00+00,2020/01/16 17:23:00+00,2020,1,January,17,5,16,Thursday,17,Motorway Collision,Dark - Lighted,NONE,Property Damage Only,0,0,0,40.005948,-105.269767,0,0,0,0,NON-INTERSECTION,1723,2039
-105.20219,40.073639,Police Collision Report,COLLISION W/ OTHER VEH - PARKED MV,2000560,2,ODELL PL/SPINE RD,ODELL PLACE,CITY ST/CNTY RD,390,E ,2020/01/17 20:00:00+00,2020/01/17 08:17:00+00,2020,1,January,8,6,17,Friday,8,Motorway Collision,Daylight,NONE,Property Damage Only,0,0,0,40.073639,-105.20219,0,0,0,0,NON-INTERSECTION,817,2040
-105.255884,40.022827,Police Collision Report,COLLISION W/ OTHER VEH - PARKED MV,2000429,2,2905  PEARL ST      ,2905 PEARL ST,,     ,  ,2020/01/14 00:00:00+00,2020/01/14 07:24:00+00,2020,1,January,7,3,14,Tuesday,7,Motorway Collision,Dark - Unlighted,NONE,Property Damage Only,0,0,0,40.022827,-105.255884,0,0,0,0,PARKING LOT,430,2041
-105.291442,40.020565,Police Collision Report,COLLISION W/ OTHER VEH - PARKED MV,2000853,2,4TH ST/MAPLETON AVE,4TH STREET,CITY ST/CNTY RD,123,S ,2020/01/25 00:00:00+00,2020/01/25 14:54:00+00,2020,1,January,14,7,25,Saturday,14,Motorway Collision,Daylight,NONE,Property Damage Only,0,0,0,40.020565,-105.291442,0,0,0,0,NON-INTERSECTION,1454,2042
-105.271753,40.018525,Police Collision Report,COLLISION W/ OTHER VEH - PARKED MV,2000925,2,WALNUT ST/18TH ST,WALNUT ST,CITY ST/CNTY RD,72,W ,2020/01/27 00:00:00+00,2020/01/27 17:41:00+00,2020,1,January,17,2,27,Monday,17,Motorway Collision,Dark - Unlighted,NONE,Property Damage Only,0,0,0,40.018525,-105.271753,0,0,0,0,NON-INTERSECTION,1721,2043
-105.258373,40.00721,Police Collision Report,COLLISION W/ OTHER VEH - PARKED MV,1914318,2,28TH FRONTAGE RD/E COLLEGE AVE,E. COLLEGE AVE,CITY ST/CNTY RD,98,E ,2019/12/06 15:41:00+00,2019/12/06 19:34:00+00,2019,12,December,19,6,6,Friday,19,Motorway Collision,Dark - Lighted,NONE,Property Damage Only,0,0,0,40.00721,-105.258373,1,1,0,0,NON-INTERSECTION,1740,2044
-105.250079,40.017476,Police Collision Report,COLLISION W/ OTHER VEH - PARKED MV,1914521,2,1750  33RD ST      ,1750 33RD ST,,     ,  ,2019/12/11 00:00:00+00,2019/12/11 16:23:00+00,2019,12,December,16,4,11,Wednesday,16,Motorway Collision,Dawn or Dusk,NONE,Property Damage Only,0,0,0,40.017476,-105.250079,0,0,0,0,PARKING LOT,1620,2045
-105.253565,40.018916,Police Collision Report,COLLISION W/ OTHER VEH - PARKED MV,1914716,2,1830  30TH ST      ,PRIVATE PROPERTY,,     ,  ,2019/12/17 00:00:00+00,2019/12/17 11:48:00+00,2019,12,December,11,3,17,Tuesday,11,Motorway Collision,Daylight,NONE,Property Damage Only,0,0,0,40.018916,-105.253565,0,0,0,0,PARKING LOT,930,2046
-105.270262,40.013608,Police Collision Report,COLLISION W/ OTHER VEH - PARKED MV,1914537,2,19TH ST/MARINE ST,19TH ST,CITY ST/CNTY RD,     ,  ,2019/12/11 00:00:00+00,2019/12/11 21:20:00+00,2019,12,December,21,4,11,Wednesday,21,Motorway Collision,Dark - Unlighted,NONE,Property Damage Only,0,0,0,40.013608,-105.270262,0,0,0,0,NON-INTERSECTION,1130,2047
-105.247488,39.992902,Police Collision Report,COLLISION W/ OTHER VEH - PARKED MV,1914588,2,CHASE CT/MOORHEAD AVE,CHASE COURT,CITY ST/CNTY RD,380,W ,2019/12/13 00:00:00+00,2019/12/13 09:10:00+00,2019,12,December,9,6,13,Friday,9,Motorway Collision,Daylight,NONE,Property Damage Only,0,0,0,39.992902,-105.247488,0,0,0,0,NON-INTERSECTION,910,2048
-105.253457,40.003757,Police Collision Report,COLLISION W/ OTHER VEH - PARKED MV,2011213,2,2985  E AURORA AVEE      ,2985 E AURORA AVE,,     ,  ,2020/11/19 00:00:00+00,2020/11/19 00:00:00+00,2020,11,November,0,5,19,Thursday,0,Motorway Collision,Dark - Unlighted,NONE,Property Damage Only,0,0,0,40.003757,-105.253457,0,0,0,0,PARKING LOT,1840,2049
-105.258476,40.03511,Police Collision Report,COLLISION W/ OTHER VEH - PARKED MV,2011125,2,3325  28TH ST      ,3325 28TH ST.,,     ,  ,2020/11/23 00:00:00+00,2020/11/23 13:55:00+00,2020,11,November,13,2,23,Monday,13,Motorway Collision,Daylight,NONE,Property Damage Only,0,0,0,40.03511,-105.258476,0,0,0,0,PARKING LOT,1355,2050
-105.255432,40.03642,Police Collision Report,COLLISION W/ OTHER VEH - PARKED MV,2011144,2,2900  IRIS AVE      ,2900 IRIS AVE,,     ,  ,2020/11/23 00:00:00+00,2020/11/23 22:51:00+00,2020,11,November,22,2,23,Monday,22,Motorway Collision,Dark - Lighted,NONE,Property Damage Only,0,0,0,40.03642,-105.255432,0,0,0,0,PARKING LOT,2251,2051
-105.258306,40.022242,Police Collision Report,COLLISION W/ OTHER VEH - PARKED MV,2010909,2,2800  PEARL ST      ,2800 PEARL ST,,     ,  ,2020/11/16 00:00:00+00,2020/11/16 15:10:00+00,2020,11,November,15,2,16,Monday,15,Motorway Collision,Daylight,NONE,Property Damage Only,0,0,0,40.022242,-105.258306,0,0,0,0,PARKING LOT,1428,2052
-105.233216,39.988885,Police Collision Report,COLLISION W/ OTHER VEH - PARKED MV,2010842,2,4825  THUNDERBIRD CIR      ,4825 THUNDERBIRD CIR,,     ,  ,2020/11/13 00:00:00+00,2020/11/13 20:10:00+00,2020,11,November,20,6,13,Friday,20,Motorway Collision,Dark - Lighted,NONE,Property Damage Only,0,0,0,39.988885,-105.233216,0,0,0,0,PARKING LOT,1930,2053
-105.202131,40.070085,Police Collision Report,COLLISION W/ OTHER VEH - PARKED MV,2010650,2,GUNPARK DR/SPINE RD,SPINE ROAD,CITY ST/CNTY RD,300,E ,2020/11/06 00:00:00+00,2020/11/06 00:00:00+00,2020,11,November,0,6,6,Friday,0,Motorway Collision,Dark - Unlighted,NONE,Property Damage Only,0,0,0,40.070085,-105.202131,0,0,0,0,NON-INTERSECTION,2220,2054
-105.276233,40.005449,Police Collision Report,COLLISION W/ OTHER VEH - PARKED MV,2010651,2,13TH ST/EUCLID AVE,EUCLID AVE,CITY ST/CNTY RD,135,W ,2020/11/06 23:36:00+00,2020/11/06 23:36:00+00,2020,11,November,23,6,6,Friday,23,Motorway Collision,Dark - Unlighted,NONE,Property Damage Only,0,0,0,40.005449,-105.276233,1,1,0,0,NON-INTERSECTION,2336,2055
-105.225528,40.014632,Police Collision Report,COLLISION W/ OTHER VEH - PARKED MV,2001922,2,5495  ARAPAHOE AVE      ,5495 ARAPAHOE ROAD,,     ,  ,2020/02/20 00:00:00+00,2020/02/20 11:07:00+00,2020,2,February,11,5,20,Thursday,11,Motorway Collision,Daylight,NONE,Property Damage Only,0,0,0,40.014632,-105.225528,0,0,0,0,PARKING LOT,925,2056
-105.234105,40.034206,Police Collision Report,COLLISION W/ OTHER VEH - PARKED MV,2001902,2,5475  AIRPORT RD      ,5475 AIRPORT RD,,     ,  ,2020/02/20 00:00:00+00,2020/02/20 11:30:00+00,2020,2,February,11,5,20,Thursday,11,Motorway Collision,Daylight,NONE,Property Damage Only,0,0,0,40.034206,-105.234105,0,0,0,0,PARKING LOT,1125,2057
-105.258306,40.022242,Police Collision Report,COLLISION W/ OTHER VEH - PARKED MV,2001742,2,2800  PEARL ST      ,2800 PEARL ST,,     ,  ,2020/02/15 00:00:00+00,2020/02/15 23:10:00+00,2020,2,February,23,7,15,Saturday,23,Motorway Collision,Dark - Lighted,NONE,Property Damage Only,0,0,0,40.022242,-105.258306,0,0,0,0,PARKING LOT,2310,2058
-105.275425,40.010544,Police Collision Report,COLLISION W/ OTHER VEH - PARKED MV,2001765,2,1333  UNIVERSITY AVE      ,PRIVATE PROPERTY,,     ,  ,2020/02/16 00:00:00+00,2020/02/16 15:14:00+00,2020,2,February,15,1,16,Sunday,15,Motorway Collision,Daylight,NONE,Property Damage Only,0,0,0,40.010544,-105.275425,0,0,0,0,PARKING LOT,1450,2059
-105.281326,40.013602,Police Collision Report,COLLISION W/ OTHER VEH - PARKED MV,2001563,2,1001  ARAPAHOE AVE      ,1001 ARAPAHOE AVE,,     ,  ,2020/02/11 00:00:00+00,2020/02/11 11:18:00+00,2020,2,February,11,3,11,Tuesday,11,Motorway Collision,Daylight,NONE,Property Damage Only,0,0,0,40.013602,-105.281326,0,0,0,0,PARKING LOT,1035,2060
-105.268758,40.002981,Police Collision Report,COLLISION W/ OTHER VEH - PARKED MV,2001456,2,862   19TH ST      ,AURORA AVE,CITY ST/CNTY RD,335,S ,2020/02/08 20:52:59+00,2020/02/08 20:53:00+00,2020,2,February,20,7,8,Saturday,20,Motorway Collision,Dark - Unlighted,NONE,Property Damage Only,0,0,0,40.002981,-105.268758,1,1,0,0,NON-INTERSECTION,2040,2061
-105.279924,40.004822,Police Collision Report,COLLISION W/ OTHER VEH - PARKED MV,2001470,4,963   10TH ST      ,10TH STREET,CITY ST/CNTY RD,200,S ,2020/02/09 04:29:59+00,2020/02/09 04:30:00+00,2020,2,February,4,1,9,Sunday,4,Motorway Collision,Dark - Lighted,NONE,Property Damage Only,0,0,0,40.004822,-105.279924,1,1,0,0,NON-INTERSECTION,411,2062
-105.272693,40.054643,Police Collision Report,COLLISION W/ OTHER VEH - PARKED MV,2101112,2,4500  19TH ST 622    ,4500 19TH ST.,CITY ST/CNTY RD,15,S ,2021/02/05 00:00:00+00,2021/02/05 19:32:00+00,2021,2,February,19,6,5,Friday,19,Motorway Collision,Dark - Unlighted,NONE,Property Damage Only,0,0,0,40.054643,-105.272693,0,0,0,0,DRIVEWAY ACCESS RELATED,1930,2063
-105.235491,40.014695,Police Collision Report,COLLISION W/ OTHER VEH - PARKED MV,2101204,2,4747  ARAPAHOE AVE      ,4747 ARAPAHOE RD,,     ,  ,2021/02/09 00:00:00+00,2021/02/09 10:07:00+00,2021,2,February,10,3,9,Tuesday,10,Motorway Collision,Daylight,NONE,Property Damage Only,0,0,0,40.014695,-105.235491,0,0,0,0,PARKING LOT,1007,2064
-105.249701,39.985495,Police Collision Report,COLLISION W/ OTHER VEH - PARKED MV,2011082,2,607   S BROADWAYS      ,607 S. BROADWAY,,     ,  ,2020/11/21 00:00:00+00,2020/11/21 14:44:00+00,2020,11,November,14,7,21,Saturday,14,Motorway Collision,Daylight,NONE,Property Damage Only,0,0,0,39.985495,-105.249701,0,0,0,0,PARKING LOT,1445,2065
-105.261289,40.022827,Police Collision Report,COLLISION W/ OTHER VEH - PARKED MV,2011056,2,26TH ST/SPRUCE ST,26TH STREET,CITY ST/CNTY RD,160,N ,2020/11/20 00:00:00+00,2020/11/20 16:33:00+00,2020,11,November,16,6,20,Friday,16,Motorway Collision,Daylight,NONE,Property Damage Only,0,0,0,40.022827,-105.261289,0,0,0,0,CROSSOVER-RELATED,1633,2066
-105.289293,40.011684,Police Collision Report,COLLISION W/ OTHER VEH - PARKED MV,1914553,2,5TH ST/MARINE ST,5TH ST,CITY ST/CNTY RD,75,N ,2019/12/12 00:00:00+00,2019/12/12 13:12:00+00,2019,12,December,13,5,12,Thursday,13,Motorway Collision,Daylight,NONE,Property Damage Only,0,0,0,40.011684,-105.289293,0,0,0,0,INTERSECTION RELATED,1310,2067
-105.234912,39.995658,Police Collision Report,COLLISION W/ OTHER VEH - PARKED MV,1915087,2,PAWNEE DR/THUNDERBIRD DR,PAWNEE DR,CITY ST/CNTY RD,120,S ,2019/12/29 00:00:00+00,2019/12/29 00:00:00+00,2019,12,December,0,1,29,Sunday,0,Motorway Collision,Daylight,NONE,Property Damage Only,0,0,0,39.995658,-105.234912,0,0,0,0,NON-INTERSECTION,1100,2068
-105.272495,40.02051,Police Collision Report,COLLISION W/ OTHER VEH - PARKED MV,1914815,2,18TH ST/SPRUCE ST,18TH STREET,CITY ST/CNTY RD,150,N ,2019/12/19 00:00:00+00,2019/12/19 12:32:00+00,2019,12,December,12,5,19,Thursday,12,Motorway Collision,Daylight,NONE,Property Damage Only,0,0,0,40.02051,-105.272495,0,0,0,0,DRIVEWAY ACCESS RELATED,1115,2069
-105.258697,40.011756,Police Collision Report,COLLISION W/ OTHER VEH - PARKED MV,1914777,3,1440  28TH ST      ,1440 28TH ST,,     ,  ,2019/12/18 00:00:00+00,2019/12/18 15:16:00+00,2019,12,December,15,4,18,Wednesday,15,Motorway Collision,Daylight,NONE,Property Damage Only,0,0,0,40.011756,-105.258697,0,0,0,1,PARKING LOT,1516,2070
-105.283578,40.016098,Police Collision Report,COLLISION W/ OTHER VEH - PARKED MV,1915016,2,WALNUT ST/9TH ST,WALNUT STREET,CITY ST/CNTY RD,350,E ,2019/12/21 00:00:00+00,2019/12/21 00:00:00+00,2019,12,December,0,7,21,Saturday,0,Motorway Collision,Daylight,NONE,Property Damage Only,0,0,0,40.016098,-105.283578,0,0,0,0,NON-INTERSECTION,1300,2071