X,Y,ReportType,PrmaryCollsionType,CaseNumber,UnitsInvolved,Location,OnHighway,CrossStreet,FeetFromIntersection,DirectionFromIntersection,CollisionDate,ReportedDate,ReportedYear,ReportedMonth,ReportedMonthName,ReportedWeek,ReportedDayofWeekNum,ReportedDayofMonth,ReportedDayofWeek,ReportedHour,HitAndRunStatus,LightingCondition,WeatherCondition,Severity,NumKilled,NumSeriouslyInjured,NumInjuredOrKilled,Lat,Lon,DUI,AlcoholDrugSuspected,BicyclesInvolved,PedestriansInvolved,RoadDescription,Crash_Time,ESRI_OID
-105.253565,40.018916,Police Collision Report,COLLISION W/ OTHER VEH - PARKED MV,1906031,2,1830  30TH ST      ,1830 30TH ST,,     ,  ,2019/06/03 00:00:00+00,2019/06/03 16:33:00+00,2019,6,June,16,2,3,Monday,16,Motorway Collision,Daylight,NONE,Property Damage Only,0,0,0,40.018916,-105.253565,0,0,0,0,PARKING LOT,1633,2072
-105.226879,40.014712,Police Collision Report,COLLISION W/ OTHER VEH - PARKED MV,1906080,2,5420  ARAPAHOE AVE      ,5420 ARAPAHOE AVE,,     ,  ,2019/06/04 00:00:00+00,2019/06/04 13:19:00+00,2019,6,June,13,3,4,Tuesday,13,Motorway Collision,Daylight,NONE,Property Damage Only,0,0,0,40.014712,-105.226879,0,0,0,0,PARKING LOT,1319,2073
-105.235207,39.999986,Police Collision Report,COLLISION W/ OTHER VEH - PARKED MV,1906086,2,4800  BASELINE RD      ,4800 BASELINE RD,,     ,  ,2019/06/04 00:00:00+00,2019/06/04 18:02:00+00,2019,6,June,18,3,4,Tuesday,18,Motorway Collision,Daylight,NONE,Property Damage Only,0,0,0,39.999986,-105.235207,0,0,0,0,PARKING LOT,1759,2074
-105.276468,40.024645,Police Collision Report,COLLISION W/ OTHER VEH - PARKED MV,1906061,2,1557  NORTH ST      ,,,     ,  ,2019/06/04 00:00:00+00,2019/06/04 11:34:00+00,2019,6,June,11,3,4,Tuesday,11,Motorway Collision,Daylight,NONE,Property Damage Only,0,0,0,40.024645,-105.276468,0,0,0,0,NON-INTERSECTION,1145,2075
-105.238795,40.033019,Police Collision Report,COLLISION W/ OTHER VEH - PARKED MV,1903540,2,3315  WRIGHT CIR      ,3315 WRIGHT CIRCLE,,     ,  ,2019/04/04 07:42:59+00,2019/04/04 07:43:00+00,2019,4,April,7,5,4,Thursday,7,Motorway Collision,Daylight,NONE,Property Damage Only,0,0,0,40.033019,-105.238795,0,0,0,0,PARKING LOT,740,2076
-105.272492,40.004703,Police Collision Report,COLLISION W/ OTHER VEH - PARKED MV,1903514,2,956   16TH ST      ,956 16TH ST,,     ,  ,2019/04/03 00:00:00+00,2019/04/03 15:45:00+00,2019,4,April,15,4,3,Wednesday,15,Motorway Collision,Daylight,NONE,Property Damage Only,0,0,0,40.004703,-105.272492,0,0,0,0,PARKING LOT,1535,2077
-105.282073,40.04166,Police Collision Report,COLLISION W/ OTHER VEH - PARKED MV,1903457,2,MEADOW AVE/BROADWAY,MEADOW AVE,CITY ST/CNTY RD,264,E ,2019/04/02 00:00:00+00,2019/04/02 09:42:00+00,2019,4,April,9,3,2,Tuesday,9,Motorway Collision,Daylight,NONE,Property Damage Only,0,0,0,40.04166,-105.282073,0,0,0,0,NON-INTERSECTION,942,2078
-105.234826,40.013098,Police Collision Report,COLLISION W/ OTHER VEH - PARKED MV,1903404,2,1501  48TH ST      ,MCKINLEY DR,CITY ST/CNTY RD,204,N ,2019/03/31 23:08:00+00,2019/03/31 23:40:00+00,2019,3,March,23,1,31,Sunday,23,Motorway Collision,Dark - Unlighted,NONE,Property Damage Only,0,0,0,40.013098,-105.234826,1,1,0,0,NON-INTERSECTION,2308,2079
-105.261989,40.010574,Police Collision Report,COLLISION W/ OTHER VEH - PARKED MV,1903777,2,2525  TAFT DR      ,2525 TAFT DR,,     ,  ,2019/04/09 00:00:00+00,2019/04/09 11:16:00+00,2019,4,April,11,3,9,Tuesday,11,Motorway Collision,Daylight,NONE,Property Damage Only,0,0,0,40.010574,-105.261989,0,0,0,0,PARKING LOT,1116,2080
-105.278451,40.021443,Police Collision Report,COLLISION W/ OTHER VEH - PARKED MV,1903686,2,14TH ST/MAPLETON AVE,14TH,CITY ST/CNTY RD,     ,  ,2019/04/07 00:00:00+00,2019/04/07 14:29:00+00,2019,4,April,14,1,7,Sunday,14,Motorway Collision,Daylight,NONE,Property Damage Only,0,0,0,40.021443,-105.278451,0,0,0,0,AT INTERSECTION,1430,2081
-105.258798,40.022281,Police Collision Report,COLLISION W/ OTHER VEH - PARKED MV,1904115,2,2770  PEARL ST      ,2770 PEARL STREET,,     ,  ,2019/04/17 00:00:00+00,2019/04/17 10:27:00+00,2019,4,April,10,4,17,Wednesday,10,Motorway Collision,Daylight,NONE,Property Damage Only,0,0,0,40.022281,-105.258798,0,0,0,0,PARKING LOT,837,2082
-105.240138,39.998783,Police Collision Report,COLLISION W/ OTHER VEH - PARKED MV,2010286,2,INCA PKWY/COMANCHE DR,INCA PKWY,CITY ST/CNTY RD,73,N ,2020/10/27 00:00:00+00,2020/10/27 12:17:00+00,2020,10,October,12,3,27,Tuesday,12,Motorway Collision,Daylight,NONE,Property Damage Only,0,0,0,39.998783,-105.240138,0,0,0,0,NON-INTERSECTION,1217,2083
-105.266103,40.022375,Police Collision Report,COLLISION W/ OTHER VEH - PARKED MV,1904167,2,23RD ST/SPRUCE | PINE ALLEY,23RD ST,CITY ST/CNTY RD,162,E ,2019/04/18 00:00:00+00,2019/04/18 17:57:00+00,2019,4,April,17,5,18,Thursday,17,Motorway Collision,Dark - Unlighted,NONE,Property Damage Only,0,0,0,40.022375,-105.266103,0,0,0,0,CROSSOVER-RELATED,1757,2084
-105.255286,40.022917,Police Collision Report,COLLISION W/ OTHER VEH - PARKED MV,1904963,2,2930  PEARL ST      ,2930 PEARL STREET,,     ,  ,2019/05/08 00:00:00+00,2019/05/08 13:11:00+00,2019,5,May,13,4,8,Wednesday,13,Motorway Collision,Daylight,NONE,Property Damage Only,0,0,0,40.022917,-105.255286,0,0,0,0,PARKING LOT,1311,2085
-105.253103,40.004426,Police Collision Report,COLLISION W/ OTHER VEH - PARKED MV,1905061,2,DENTON AVE/30TH ST,DENTON AVENUE,CITY ST/CNTY RD,100,E ,2019/05/10 00:00:00+00,2019/05/10 00:00:00+00,2019,5,May,0,6,10,Friday,0,Motorway Collision,Dark - Unlighted,NONE,Property Damage Only,0,0,0,40.004426,-105.253103,0,0,0,0,DRIVEWAY ACCESS RELATED,2200,2086
-105.25101,40.026365,Police Collision Report,COLLISION W/ OTHER VEH - PARKED MV,1905044,2,JUNCTION PL/CARBON PL,JUNCTION PL,CITY ST/CNTY RD,64,S ,2019/05/10 00:00:00+00,2019/05/10 15:48:00+00,2019,5,May,15,6,10,Friday,15,Motorway Collision,Daylight,NONE,Property Damage Only,0,0,0,40.026365,-105.25101,0,0,0,0,NON-INTERSECTION,1548,2087
-105.278499,40.013504,Police Collision Report,COLLISION W/ OTHER VEH - PARKED MV,1905004,2,1651  BROADWAY      ,ALFALPHA`S PARKING LOT,,     ,  ,2019/05/06 00:00:00+00,2019/05/06 13:17:00+00,2019,5,May,13,2,6,Monday,13,Motorway Collision,Daylight,NONE,Property Damage Only,0,0,0,40.013504,-105.278499,0,0,0,0,PARKING LOT,1300,2088
-105.258534,40.014525,Police Collision Report,COLLISION W/ OTHER VEH - PARKED MV,1905276,2,2798  ARAPAHOE AVE      ,2798 ARAPAHOE AVE,,     ,  ,2019/05/15 00:00:00+00,2019/05/15 22:05:00+00,2019,5,May,22,4,15,Wednesday,22,Motorway Collision,Dark - Lighted,NONE,Property Damage Only,0,0,0,40.014525,-105.258534,0,0,0,0,PARKING LOT,2155,2089
-105.282001,40.00947,Police Collision Report,COLLISION W/ OTHER VEH - PARKED MV,1905158,2,PLEASANT ST/9TH ST,PLEASANT ST,CITY ST/CNTY RD,188,E ,2019/05/10 00:00:00+00,2019/05/10 00:00:00+00,2019,5,May,0,6,10,Friday,0,Motorway Collision,Daylight,NONE,Property Damage Only,0,0,0,40.00947,-105.282001,0,0,0,0,NON-INTERSECTION,1000,2090
-105.25439,40.005961,Police Collision Report,COLLISION W/ OTHER VEH - PARKED MV,1905164,2,ADAMS CIR/KENT ST,ADAMS CIR,CITY ST/CNTY RD,65,W ,2019/05/13 00:00:00+00,2019/05/13 15:47:00+00,2019,5,May,15,2,13,Monday,15,Motorway Collision,Daylight,NONE,Property Damage Only,0,0,0,40.005961,-105.25439,0,0,0,0,NON-INTERSECTION,1547,2091
-105.249349,40.000285,Police Collision Report,COLLISION W/ OTHER VEH - PARKED MV,1904459,2,34TH ST/BASELINE FRONTAGE RD,34TH STREET,CITY ST/CNTY RD,200,N ,2019/04/25 00:00:00+00,2019/04/25 13:43:00+00,2019,4,April,13,5,25,Thursday,13,Motorway Collision,Daylight,NONE,Property Damage Only,0,0,0,40.000285,-105.249349,0,0,0,0,NON-INTERSECTION,740,2092
-105.272141,40.019498,Police Collision Report,COLLISION W/ OTHER VEH - PARKED MV,1904501,2,18TH ST/PEARL ST,18TH STREET,CITY ST/CNTY RD,200,S ,2019/04/26 00:00:00+00,2019/04/26 12:38:00+00,2019,4,April,12,6,26,Friday,12,Motorway Collision,Daylight,NONE,Property Damage Only,0,0,0,40.019498,-105.272141,0,0,0,0,NON-INTERSECTION,1238,2093
-105.260427,40.017382,Police Collision Report,COLLISION W/ OTHER VEH - PARKED MV,1904524,3,26TH ST/CANYON BLVD,26TH,CITY ST/CNTY RD,100,N ,2019/04/27 00:13:59+00,2019/04/27 00:14:00+00,2019,4,April,0,7,27,Saturday,0,Motorway Collision,Dark - Unlighted,NONE,Property Damage Only,0,0,0,40.017382,-105.260427,0,0,0,0,NON-INTERSECTION,16,2094
-105.253713,40.018899,Police Collision Report,COLLISION W/ OTHER VEH - PARKED MV,1904609,2,1830  30TH ST      ,,CITY ST/CNTY RD,     ,  ,2019/04/29 00:00:00+00,2019/04/29 09:31:00+00,2019,4,April,9,2,29,Monday,9,Motorway Collision,Daylight,NONE,Property Damage Only,0,0,0,40.018899,-105.253713,0,0,0,0,PARKING LOT,925,2095
-105.252669,40.026954,Police Collision Report,COLLISION W/ OTHER VEH - PARKED MV,1904614,2,31ST ST/STEEL WORKS DR,31ST STREET,CITY ST/CNTY RD,     ,  ,2019/04/29 00:00:00+00,2019/04/29 13:17:00+00,2019,4,April,13,2,29,Monday,13,Motorway Collision,Daylight,NONE,Property Damage Only,0,0,0,40.026954,-105.252669,0,0,0,0,AT INTERSECTION,1330,2096
-105.272558,40.00372,Police Collision Report,COLLISION W/ OTHER VEH - PARKED MV,1904660,3,16TH ST/AURORA AVE,16TH ST,CITY ST/CNTY RD,487,N ,2019/04/30 00:00:00+00,2019/04/30 14:03:00+00,2019,4,April,14,3,30,Tuesday,14,Motorway Collision,Daylight,NONE,Property Damage Only,0,0,0,40.00372,-105.272558,0,0,0,0,NON-INTERSECTION,1403,2097
-105.283578,40.01717,Police Collision Report,COLLISION W/ OTHER VEH - PARKED MV,1904673,2,919   PEARL ST      ,919 PEARL ST NORTH ALLEY PARKING LOT,CITY ST/CNTY RD,130,E ,2019/04/30 00:00:00+00,2019/04/30 22:03:00+00,2019,4,April,22,3,30,Tuesday,22,Motorway Collision,Dark - Lighted,NONE,Property Damage Only,0,0,0,40.01717,-105.283578,0,0,0,0,PARKING LOT,1755,2098
-105.277058,40.017413,Police Collision Report,COLLISION W/ OTHER VEH - PARKED MV,1904777,2,14TH ST/WALNUT ST,14TH STREET,CITY ST/CNTY RD,50,N ,2019/05/03 00:00:00+00,2019/05/03 14:45:00+00,2019,5,May,14,6,3,Friday,14,Motorway Collision,Daylight,NONE,Property Damage Only,0,0,0,40.017413,-105.277058,0,0,0,0,NON-INTERSECTION,1445,2099
-105.235207,39.999986,Police Collision Report,COLLISION W/ OTHER VEH - PARKED MV,1808310,2,4800  BASELINE RD      ,4800 BASELINE ROAD,,     ,  ,2018/07/06 00:00:00+00,2018/07/06 11:10:00+00,2018,7,July,11,6,6,Friday,11,Motorway Collision,Daylight,NONE,Property Damage Only,0,0,0,39.999986,-105.235207,0,0,0,0,PARKING LOT,1030,2100
-105.25074,40.0333,Police Collision Report,COLLISION W/ OTHER VEH - PARKED MV,1808239,2,3250  ONEAL CIR      ,ONEAL CR,CITY ST/CNTY RD,300,E ,2018/07/05 00:11:59+00,2018/07/05 00:12:00+00,2018,7,July,0,5,5,Thursday,0,Motorway Collision,Dark - Unlighted,NONE,Possible injury,0,0,0,40.0333,-105.25074,1,1,0,0,NON-INTERSECTION,1,2101
-105.253146,40.003727,Police Collision Report,COLLISION W/ OTHER VEH - PARKED MV,1808439,2,30TH ST/E AURORA AVE,AURORA,CITY ST/CNTY RD,150,W ,2018/07/08 00:00:00+00,2018/07/08 20:17:00+00,2018,7,July,20,1,8,Sunday,20,Motorway Collision,,NONE,Property Damage Only,0,0,0,40.003727,-105.253146,0,0,0,0,NON-INTERSECTION,2000,2102
-105.258373,40.003731,Police Collision Report,COLLISION W/ OTHER VEH - PARKED MV,1808722,2,28TH FRONTAGE RD/E AURORA AVE,AURORA AVENUE,CITY ST/CNTY RD,40,E ,2018/07/14 00:00:00+00,2018/07/14 10:31:00+00,2018,7,July,10,7,14,Saturday,10,Motorway Collision,Dark - Unlighted,NONE,Property Damage Only,0,0,0,40.003731,-105.258373,0,0,0,0,NON-INTERSECTION,200,2103
-105.281326,40.013602,Police Collision Report,COLLISION W/ OTHER VEH - PARKED MV,1808623,2,1001  ARAPAHOE AVE      ,PRIVATE PROPERTY,,     ,  ,2018/07/12 00:00:00+00,2018/07/12 12:39:00+00,2018,7,July,12,5,12,Thursday,12,Motorway Collision,Daylight,NONE,Property Damage Only,0,0,0,40.013602,-105.281326,0,0,0,0,PARKING LOT,1145,2104
-105.281326,40.013602,Police Collision Report,COLLISION W/ OTHER VEH - PARKED MV,1808169,2,1001  ARAPAHOE AVE      ,1001 ARAPAHOE AVE,,     ,  ,2018/07/03 00:00:00+00,2018/07/03 15:16:00+00,2018,7,July,15,3,3,Tuesday,15,Motorway Collision,Daylight,NONE,Property Damage Only,0,0,0,40.013602,-105.281326,0,0,0,0,PARKING LOT,1515,2105
-105.273441,40.019264,Police Collision Report,COLLISION W/ OTHER VEH - PARKED MV,1808126,2,PEARL ST/17TH ST,PEARL ST,CITY ST/CNTY RD,76,W ,2018/07/01 00:00:00+00,2018/07/01 17:24:00+00,2018,7,July,17,1,1,Sunday,17,Motorway Collision,Daylight,NONE,Property Damage Only,0,0,0,40.019264,-105.273441,0,0,0,0,NON-INTERSECTION,1724,2106
-105.256332,40.020624,Police Collision Report,COLLISION W/ OTHER VEH - PARKED MV,1808123,2,1900  29TH ST      ,PRIVATE PROPERTY,,     ,  ,2018/07/02 00:00:00+00,2018/07/02 12:10:00+00,2018,7,July,12,2,2,Monday,12,Motorway Collision,Daylight,NONE,Property Damage Only,0,0,0,40.020624,-105.256332,0,0,0,0,PARKING LOT,1210,2107
-105.269267,40.019011,Police Collision Report,COLLISION W/ OTHER VEH - PARKED MV,1807922,2,20TH ST/WALNUT ST,             WALNUT STREET,CITY ST/CNTY RD,     ,  ,2018/06/27 00:00:00+00,2018/06/28 00:00:00+00,2018,6,June,0,5,28,Thursday,0,Motorway Collision,Daylight,NONE,Property Damage Only,0,0,0,40.019011,-105.269267,0,0,0,0,NON-INTERSECTION,1908,2108
-105.276074,40.01873,Police Collision Report,COLLISION W/ OTHER VEH - PARKED MV,1807660,2,PEARL ST/15TH ST,15TH STREET,CITY ST/CNTY RD,50,N ,2018/06/21 00:00:00+00,2018/06/21 18:44:00+00,2018,6,June,18,5,21,Thursday,18,Motorway Collision,Dawn or Dusk,NONE,Property Damage Only,0,0,0,40.01873,-105.276074,0,0,0,0,NON-INTERSECTION,1835,2109
-105.282035,40.032341,Police Collision Report,COLLISION W/ OTHER VEH - PARKED MV,1807803,2,3170  BROADWAY      ,3170 BROADWAY,,     ,  ,2018/06/25 00:00:00+00,2018/06/25 08:58:00+00,2018,6,June,8,2,25,Monday,8,Motorway Collision,Dark - Lighted,NONE,Property Damage Only,0,0,0,40.032341,-105.282035,0,0,0,0,PARKING LOT,730,2110
-105.260464,40.017354,Police Collision Report,COLLISION W/ OTHER VEH - PARKED MV,1808725,2,2600  CANYON BLVD      ,2600 CANYON BOULEVARD,,     ,  ,2018/07/14 00:00:00+00,2018/07/14 12:41:00+00,2018,7,July,12,7,14,Saturday,12,Motorway Collision,Daylight,NONE,Property Damage Only,0,0,0,40.017354,-105.260464,0,0,0,0,PARKING LOT,1044,2111
-105.283213,40.026723,Police Collision Report,COLLISION W/ OTHER VEH - PARKED MV,1808785,2,11TH ST/BALSAM AVE,11TH ST,CITY ST/CNTY RD,     ,  ,2018/07/16 00:00:00+00,2018/07/16 00:49:00+00,2018,7,July,0,2,16,Monday,0,Motorway Collision,Dark - Unlighted,NONE,Property Damage Only,0,0,0,40.026723,-105.283213,0,0,0,0,NON-INTERSECTION,138,2112
-105.267763,40.003446,Police Collision Report,COLLISION W/ OTHER VEH - PARKED MV,1808788,3,20TH ST/BROADWAY,20TH ST,CITY ST/CNTY RD,138,S ,2018/07/16 00:00:00+00,2018/07/16 07:19:00+00,2018,7,July,7,2,16,Monday,7,Motorway Collision,Daylight,NONE,Non-Incapacitating Injury,0,0,1,40.003446,-105.267763,0,0,0,0,NON-INTERSECTION,719,2113
-105.234822,40.007769,Police Collision Report,COLLISION W/ OTHER VEH - PARKED MV,1808789,2,EISENHOWER DR/HANCOCK DR,EISENHOWER DR,CITY ST/CNTY RD,60,S ,2018/07/16 00:00:00+00,2018/07/16 08:26:00+00,2018,7,July,8,2,16,Monday,8,Motorway Collision,Daylight,NONE,Property Damage Only,0,0,0,40.007769,-105.234822,0,0,0,0,DRIVEWAY ACCESS RELATED,826,2114
-105.273113,40.018215,Police Collision Report,COLLISION W/ OTHER VEH - PARKED MV,1808851,2,17TH ST/WALNUT ST,17TH ST,CITY ST/CNTY RD,120,N ,2018/07/17 00:00:00+00,2018/07/17 10:45:00+00,2018,7,July,10,3,17,Tuesday,10,Motorway Collision,Daylight,NONE,Property Damage Only,0,0,0,40.018215,-105.273113,0,0,0,0,NON-INTERSECTION,1045,2115
-105.258337,40.003707,Police Collision Report,COLLISION W/ OTHER VEH - PARKED MV,1809056,2,E AURORA AVE/28TH FRONTAGE RD,AURORA AVENUE,CITY ST/CNTY RD,200,E ,2018/07/21 00:00:00+00,2018/07/21 14:56:00+00,2018,7,July,14,7,21,Saturday,14,Motorway Collision,Daylight,NONE,Property Damage Only,0,0,0,40.003707,-105.258337,0,0,0,0,NON-INTERSECTION,1456,2116
-105.258686,40.001912,Police Collision Report,COLLISION W/ OTHER VEH - PARKED MV,1809220,2,770   28TH ST      ,770 28TH ST,CITY ST/CNTY RD,     ,  ,2018/07/25 00:00:00+00,2018/07/25 09:47:00+00,2018,7,July,9,4,25,Wednesday,9,Motorway Collision,Daylight,NONE,Property Damage Only,0,0,0,40.001912,-105.258686,0,0,0,0,PARKING LOT,1024,2117
-105.280947,40.016628,Police Collision Report,COLLISION W/ OTHER VEH - PARKED MV,1809343,2,WALNUT ST/11TH ST,WALNUT,CITY ST/CNTY RD,247,W ,2018/07/26 00:00:00+00,2018/07/27 12:32:00+00,2018,7,July,12,6,27,Friday,12,Motorway Collision,Dark - Lighted,NONE,Property Damage Only,0,0,0,40.016628,-105.280947,0,0,0,0,NON-INTERSECTION,2100,2118
-105.280947,40.016628,Police Collision Report,COLLISION W/ OTHER VEH - PARKED MV,1809570,2,WALNUT ST/11TH ST,WALNUT ST,CITY ST/CNTY RD,     ,  ,2018/07/26 00:00:00+00,2018/08/01 10:05:00+00,2018,8,August,10,4,1,Wednesday,10,Motorway Collision,Daylight,NONE,Property Damage Only,0,0,0,40.016628,-105.280947,0,0,0,0,NON-INTERSECTION,1530,2119
-105.225402,40.004239,Police Collision Report,COLLISION W/ OTHER VEH - PARKED MV,1806035,2,55TH ST/FRIENDS PL,55TH STREET,CITY ST/CNTY RD,167,N ,2018/05/17 00:00:00+00,2018/05/17 09:23:00+00,2018,5,May,9,5,17,Thursday,9,Motorway Collision,Daylight,NONE,Property Damage Only,0,0,0,40.004239,-105.225402,0,0,0,0,NON-INTERSECTION,923,2120
-105.235537,40.014836,Police Collision Report,COLLISION W/ OTHER VEH - PARKED MV,1806047,2,4743  ARAPAHOE AVE      ,4743 ARAPAHOE AVENUE,,     ,  ,2018/05/16 00:00:00+00,2018/05/17 12:58:00+00,2018,5,May,12,5,17,Thursday,12,Motorway Collision,Daylight,NONE,Property Damage Only,0,0,0,40.014836,-105.235537,0,0,0,0,PARKING LOT,1515,2121
-105.235766,39.980658,Police Collision Report,COLLISION W/ OTHER VEH - PARKED MV,1806396,2,933   E MOORHEAD CIRE      ,933 E. MOORHEAD CIR,,     ,  ,2018/05/24 00:00:00+00,2018/05/24 00:00:00+00,2018,5,May,0,5,24,Thursday,0,Motorway Collision,Dark - Lighted,NONE,Property Damage Only,0,0,0,39.980658,-105.235766,0,0,0,0,PARKING LOT,2359,2122
-105.261527,40.000212,Police Collision Report,COLLISION W/ OTHER VEH - PARKED MV,1806369,2,2486  BASELINE RD      ,2480 BASELINE RD,,     ,  ,2018/05/24 00:00:00+00,2018/05/24 17:58:00+00,2018,5,May,17,5,24,Thursday,17,Motorway Collision,Daylight,NONE,Property Damage Only,0,0,0,40.000212,-105.261527,0,0,0,0,PARKING LOT,1758,2123
-105.268206,40.020339,Police Collision Report,COLLISION W/ OTHER VEH - PARKED MV,1806447,2,PEARL ST/21ST ST,PEARL,CITY ST/CNTY RD,42,W ,2018/05/25 00:00:00+00,2018/05/25 20:58:00+00,2018,5,May,20,6,25,Friday,20,Motorway Collision,Dark - Lighted,NONE,Property Damage Only,0,0,0,40.020339,-105.268206,0,0,0,0,NON-INTERSECTION,2057,2124
-105.262322,40.021487,Police Collision Report,COLLISION W/ OTHER VEH - PARKED MV,1806462,2,2535  PEARL ST      ,2535 PEARL STREET,,     ,  ,2018/05/26 00:00:00+00,2018/05/26 09:56:00+00,2018,5,May,9,7,26,Saturday,9,Motorway Collision,Daylight,NONE,Property Damage Only,0,0,0,40.021487,-105.262322,0,0,0,0,PARKING LOT,956,2125
-105.258499,40.018075,Police Collision Report,COLLISION W/ OTHER VEH - PARKED MV,1806273,2,1741  28TH ST      ,1741 28TH ST,,     ,  ,2018/05/22 00:00:00+00,2018/05/22 19:50:00+00,2018,5,May,19,3,22,Tuesday,19,Motorway Collision,Dark - Lighted,NONE,Property Damage Only,0,0,0,40.018075,-105.258499,0,0,0,0,PARKING LOT,1945,2126
-105.202131,40.070085,Police Collision Report,COLLISION W/ OTHER VEH - PARKED MV,1806686,2,GUNPARK DR/SPINE RD,GUNPARK DR,CITY ST/CNTY RD,110,E ,2018/05/31 00:00:00+00,2018/05/31 22:37:00+00,2018,5,May,22,5,31,Thursday,22,Motorway Collision,Dark - Lighted,NONE,Property Damage Only,0,0,0,40.070085,-105.202131,0,0,0,0,NON-INTERSECTION,2237,2127
-105.287262,40.013835,Police Collision Report,COLLISION W/ OTHER VEH - PARKED MV,1806706,2,1777  6TH ST      ,1777 6TH STREET,,     ,  ,2018/06/01 00:00:00+00,2018/06/01 12:53:00+00,2018,6,June,12,6,1,Friday,12,Motorway Collision,Daylight,NONE,Property Damage Only,0,0,0,40.013835,-105.287262,0,0,0,0,PARKING LOT,1253,2128
-105.259856,40.017335,Police Collision Report,COLLISION W/ OTHER VEH - PARKED MV,1806512,2,2660  CANYON BLVD      ,,,     ,  ,2018/05/27 00:00:00+00,2018/05/27 16:08:00+00,2018,5,May,16,1,27,Sunday,16,Motorway Collision,Daylight,NONE,Property Damage Only,0,0,0,40.017335,-105.259856,0,0,0,0,PARKING LOT,805,2129
-105.250361,40.000876,Police Collision Report,COLLISION W/ OTHER VEH - PARKED MV,1806521,2,735   33RD ST      ,,CITY ST/CNTY RD,     ,  ,2018/05/27 00:00:00+00,2018/05/27 20:37:00+00,2018,5,May,20,1,27,Sunday,20,Motorway Collision,Daylight,NONE,Property Damage Only,0,0,0,40.000876,-105.250361,0,0,0,0,PARKING LOT,2037,2130
-105.253163,39.985363,Police Collision Report,COLLISION W/ OTHER VEH - PARKED MV,1806804,2,STANFORD AVE/STANFORD CT,STANFORD AVE,CITY ST/CNTY RD,     ,  ,2018/06/04 00:00:00+00,2018/06/04 15:33:00+00,2018,6,June,15,2,4,Monday,15,Motorway Collision,Daylight,NONE,Property Damage Only,0,0,0,39.985363,-105.253163,0,0,0,0,AT INTERSECTION,1533,2131
-105.280573,40.046445,Police Collision Report,COLLISION W/ OTHER VEH - PARKED MV,1806836,2,OAKLEAF CIR/PERIWINKLE DR,PERIWINKLE DR,CITY ST/CNTY RD,225,S ,2018/06/05 00:00:00+00,2018/06/05 06:31:00+00,2018,6,June,6,3,5,Tuesday,6,Motorway Collision,Dawn or Dusk,NONE,Property Damage Only,0,0,0,40.046445,-105.280573,0,0,0,0,NON-INTERSECTION,630,2132
-105.249231,39.966219,Police Collision Report,COLLISION W/ OTHER VEH - PARKED MV,1806737,2,TELLURIDE CIR/TELLURIDE LN,TELLURIDE CIRCLE,CITY ST/CNTY RD,350,W ,2018/06/01 00:00:00+00,2018/06/02 08:15:00+00,2018,6,June,8,7,2,Saturday,8,Motorway Collision,Daylight,NONE,Property Damage Only,0,0,0,39.966219,-105.249231,0,0,0,0,NON-INTERSECTION,900,2133
-105.259886,40.028603,Police Collision Report,COLLISION W/ OTHER VEH - PARKED MV,1806745,3,2951  SHADY HOLLOW E      ,2951 SHADY HOLLOW EAST,,     ,  ,2018/06/02 00:00:00+00,2018/06/02 13:23:00+00,2018,6,June,13,7,2,Saturday,13,Motorway Collision,Daylight,NONE,Property Damage Only,0,0,0,40.028603,-105.259886,0,0,0,0,PARKING LOT,1300,2134
-105.280433,40.025532,Police Collision Report,COLLISION W/ OTHER VEH - PARKED MV,1806779,2,13TH ST/ALPINE AVE,13TH ST,CITY ST/CNTY RD,48,S ,2018/06/03 00:00:00+00,2018/06/03 13:35:00+00,2018,6,June,13,1,3,Sunday,13,Motorway Collision,Daylight,NONE,Property Damage Only,0,0,0,40.025532,-105.280433,0,0,0,0,NON-INTERSECTION,1337,2135
-105.25074,40.0333,Police Collision Report,COLLISION W/ OTHER VEH - PARKED MV,1807267,2,3250  ONEAL CIR      ,ONEAL CIRCLE,CITY ST/CNTY RD,250,W ,2018/06/13 00:00:00+00,2018/06/13 19:31:00+00,2018,6,June,19,4,13,Wednesday,19,Motorway Collision,Daylight,NONE,Property Damage Only,0,0,0,40.0333,-105.25074,0,0,0,0,NON-INTERSECTION,1941,2136
-105.256163,40.005691,Police Collision Report,COLLISION W/ OTHER VEH - PARKED MV,1807041,2,1030  ADAMS CIR      ,ADAMS CIRCLE,CITY ST/CNTY RD,     ,  ,2018/06/08 19:40:00+00,2018/06/08 19:40:00+00,2018,6,June,19,6,8,Friday,19,Motorway Collision,Dawn or Dusk,NONE,Property Damage Only,0,0,0,40.005691,-105.256163,0,0,0,0,NON-INTERSECTION,1940,2137
-105.276216,40.00183,Police Collision Report,COLLISION W/ OTHER VEH - PARKED MV,1807424,2,13TH ST/CASCADE AVE,13TH ST,CITY ST/CNTY RD,217,N ,2018/06/16 00:00:00+00,2018/06/16 17:10:00+00,2018,6,June,17,7,16,Saturday,17,Motorway Collision,Daylight,NONE,Property Damage Only,0,0,0,40.00183,-105.276216,0,0,0,0,NON-INTERSECTION,1710,2138