X,Y,ReportType,PrmaryCollsionType,CaseNumber,UnitsInvolved,Location,OnHighway,CrossStreet,FeetFromIntersection,DirectionFromIntersection,CollisionDate,ReportedDate,ReportedYear,ReportedMonth,ReportedMonthName,ReportedWeek,ReportedDayofWeekNum,ReportedDayofMonth,ReportedDayofWeek,ReportedHour,HitAndRunStatus,LightingCondition,WeatherCondition,Severity,NumKilled,NumSeriouslyInjured,NumInjuredOrKilled,Lat,Lon,DUI,AlcoholDrugSuspected,BicyclesInvolved,PedestriansInvolved,RoadDescription,Crash_Time,ESRI_OID
-105.258482,40.016697,Police Collision Report,COLLISION W/ OTHER VEH - PARKED MV,2011485,2,1675  28TH ST      ,1675 28TH ST,,     ,  ,1929/12/07 00:00:00+00,2020/12/07 12:46:00+00,2020,12,December,12,2,7,Monday,12,Motorway Collision,Daylight,NONE,Property Damage Only,0,0,0,40.016697,-105.258482,0,0,0,0,PARKING LOT,900,2272
-105.280512,40.019433,Police Collision Report,COLLISION W/ OTHER VEH - PARKED MV,2011429,2,SPRUCE | PINE ALLEY/BROADWAY,S. ALLEY OF SPRUCE ST,CITY ST/CNTY RD,     ,  ,2020/12/05 00:00:00+00,2020/12/05 13:42:00+00,2020,12,December,13,7,5,Saturday,13,Motorway Collision,Daylight,NONE,Property Damage Only,0,0,0,40.019433,-105.280512,0,0,0,0,CROSSOVER-RELATED,1342,2273
-105.227964,40.03163,Police Collision Report,COLLISION W/ OTHER VEH - PARKED MV,2011682,3,3125  STERLING CIR      ,3125 STERLING CIR,,     ,  ,2020/12/14 00:00:00+00,2020/12/14 15:59:00+00,2020,12,December,15,2,14,Monday,15,Motorway Collision,Daylight,NONE,Property Damage Only,0,0,0,40.03163,-105.227964,0,0,0,0,PARKING LOT,1022,2274
-105.264946,40.019264,Police Collision Report,COLLISION W/ OTHER VEH - PARKED MV,2011671,2,SOUTH ST/23RD ST,SOUTH ST,CITY ST/CNTY RD,180,E ,2020/12/14 00:00:00+00,2020/12/14 09:36:00+00,2020,12,December,9,2,14,Monday,9,Motorway Collision,Daylight,NONE,Property Damage Only,0,0,0,40.019264,-105.264946,0,0,0,0,NON-INTERSECTION,936,2275
-105.27126,39.997263,Police Collision Report,COLLISION W/ OTHER VEH - PARKED MV,2011664,2,BLUEBELL AVE/17TH ST,17TH ST,CITY ST/CNTY RD,10,N ,2020/12/13 00:00:00+00,2020/12/13 21:05:00+00,2020,12,December,21,1,13,Sunday,21,Motorway Collision,Dark - Lighted,NONE,Property Damage Only,0,0,0,39.997263,-105.27126,0,0,0,0,INTERSECTION RELATED,2100,2276
-105.236273,40.02925,Police Collision Report,COLLISION W/ OTHER VEH - PARKED MV,2109330,3,5031  VALMONT RD      ,,OTHER RDWY,     ,N ,2021/10/01 01:16:00+00,2021/10/01 01:16:00+00,2021,10,October,1,6,1,Friday,1,Motorway Collision,Dark - Lighted,NONE,Property Damage Only,0,0,0,40.02925,-105.236273,1,1,0,0,DRIVEWAY ACCESS RELATED,100,2277
-105.258277,40.014693,Police Collision Report,COLLISION W/ OTHER VEH - PARKED MV,2109108,2,1600  28TH ST      ,1600 28TH STREET,,     ,  ,2021/09/24 00:00:00+00,2021/09/24 12:07:00+00,2021,9,September,12,6,24,Friday,12,Motorway Collision,Daylight,NONE,Property Damage Only,0,0,0,40.014693,-105.258277,0,0,0,0,PARKING LOT,1045,2278
-105.264961,40.020943,Police Collision Report,COLLISION W/ OTHER VEH - PARKED MV,2109137,2,2344  PEARL ST      ,PEARL ST,CITY ST/CNTY RD,     ,W ,2021/09/25 00:00:00+00,2021/09/25 00:36:00+00,2021,9,September,0,7,25,Saturday,0,Motorway Collision,Dark - Lighted,NONE,Property Damage Only,0,0,0,40.020943,-105.264961,0,0,0,0,NON-INTERSECTION,36,2279
-105.24264,39.985829,Police Collision Report,COLLISION W/ OTHER VEH - PARKED MV,2109021,2,S 45TH ST/TABLE MESA DR,S. 45TH STREET,CITY ST/CNTY RD,     ,S ,2021/09/22 00:00:00+00,2021/09/22 09:03:00+00,2021,9,September,9,4,22,Wednesday,9,Motorway Collision,Daylight,NONE,Property Damage Only,0,0,0,39.985829,-105.24264,0,0,0,0,NON-INTERSECTION,826,2280
-105.276238,40.007301,Police Collision Report,COLLISION W/ OTHER VEH - PARKED MV,2109003,2,13TH ST/COLLEGE AVE,13TH ST,CITY ST/CNTY RD,     ,N ,2021/09/21 00:00:00+00,2021/09/21 17:28:00+00,2021,9,September,17,3,21,Tuesday,17,Motorway Collision,Daylight,NONE,Property Damage Only,0,0,0,40.007301,-105.276238,0,0,0,0,NON-INTERSECTION,1700,2281
-105.276238,40.007301,Police Collision Report,COLLISION W/ OTHER VEH - PARKED MV,2109004,2,13TH ST/COLLEGE AVE,13TH ST,CITY ST/CNTY RD,     ,N ,2021/09/21 00:00:00+00,2021/09/21 17:28:00+00,2021,9,September,17,3,21,Tuesday,17,Motorway Collision,Daylight,NONE,Property Damage Only,0,0,0,40.007301,-105.276238,0,0,0,0,NON-INTERSECTION,1728,2282
-105.249385,40.030806,Police Collision Report,COLLISION W/ OTHER VEH - PARKED MV,2006494,2,3100  34TH ST      ,34TH ST,CITY ST/CNTY RD,450,N ,2020/07/13 00:00:00+00,2020/07/13 18:51:00+00,2020,7,July,18,2,13,Monday,18,Motorway Collision,Daylight,NONE,Property Damage Only,0,0,0,40.030806,-105.249385,0,0,0,0,NON-INTERSECTION,1851,2283
-105.277396,40.008717,Police Collision Report,COLLISION W/ OTHER VEH - PARKED MV,2006345,2,1203  PENNSYLVANIA AVE      ,PENNSYLVANIA,CITY ST/CNTY RD,45,E ,2020/07/09 00:50:59+00,2020/07/09 00:51:00+00,2020,7,July,0,5,9,Thursday,0,Motorway Collision,Dark - Lighted,NONE,Property Damage Only,0,0,0,40.008717,-105.277396,1,1,0,0,NON-INTERSECTION,51,2284
-105.281332,40.005422,Police Collision Report,COLLISION W/ OTHER VEH - PARKED MV,2006014,3,940   EUCLID AVE      ,EUCLID AVE,CITY ST/CNTY RD,300,E ,2020/06/28 02:44:59+00,2020/06/28 02:45:00+00,2020,6,June,2,1,28,Sunday,2,Motorway Collision,Dark - Unlighted,NONE,Property Damage Only,0,0,0,40.005422,-105.281332,0,0,0,0,NON-INTERSECTION,246,2285
-105.285787,40.044692,Police Collision Report,COLLISION W/ OTHER VEH - PARKED MV,2005639,2,WONDERLAND HILL AVE/ORION CT,WONDERLAND HILL AVE,CITY ST/CNTY RD,500,S ,2020/06/17 00:00:00+00,2020/06/17 00:22:00+00,2020,6,June,0,4,17,Wednesday,0,Motorway Collision,Dark - Unlighted,NONE,Property Damage Only,0,0,0,40.044692,-105.285787,0,0,0,0,NON-INTERSECTION,22,2286
-105.283404,40.013195,Police Collision Report,COLLISION W/ OTHER VEH - PARKED MV,2005942,2,ARAPAHOE AVE/9TH ST,ARAPAHOE AVE,CITY ST/CNTY RD,302,E ,2020/06/25 00:00:00+00,2020/06/25 13:53:00+00,2020,6,June,13,5,25,Thursday,13,Motorway Collision,Daylight,NONE,Property Damage Only,0,0,0,40.013195,-105.283404,0,0,1,0,DRIVEWAY ACCESS RELATED,1353,2287
-105.190884,40.088565,Police Collision Report,COLLISION W/ OTHER VEH - PARKED MV,2005234,2,6300  DIAGONAL HWY      ,6300 DIAGONAL HWY,,     ,  ,2020/06/04 00:00:00+00,2020/06/04 13:51:00+00,2020,6,June,13,5,4,Thursday,13,Motorway Collision,Daylight,NONE,Property Damage Only,0,0,0,40.088565,-105.190884,0,0,0,0,PARKING LOT,1351,2288
-105.271292,40.00367,Police Collision Report,COLLISION W/ OTHER VEH - PARKED MV,2005353,2,17TH ST/AURORA AVE,17TH ST,CITY ST/CNTY RD,75,N ,2020/06/08 00:00:00+00,2020/06/08 07:49:00+00,2020,6,June,7,2,8,Monday,7,Motorway Collision,Daylight,NONE,Property Damage Only,0,0,0,40.00367,-105.271292,0,0,0,0,NON-INTERSECTION,749,2289
-105.276207,40.00733,Police Collision Report,COLLISION W/ OTHER VEH - PARKED MV,2005429,2,COLLEGE AVE/13TH ST,COLLEGE AVE,CITY ST/CNTY RD,82,W ,2020/06/10 00:00:00+00,2020/06/10 10:43:00+00,2020,6,June,10,4,10,Wednesday,10,Motorway Collision,Daylight,NONE,Property Damage Only,0,0,0,40.00733,-105.276207,0,0,0,0,PARKING LOT,1043,2290
-105.288443,40.065469,Police Collision Report,COLLISION W/ OTHER VEH - PARKED MV,2003951,2,5TH ST/DAKOTA BLVD,5TH ST,CITY ST/CNTY RD,30,N ,2020/04/26 00:00:00+00,2020/04/26 13:57:00+00,2020,4,April,13,1,26,Sunday,13,Motorway Collision,Daylight,NONE,Property Damage Only,0,0,0,40.065469,-105.288443,0,0,0,0,NON-INTERSECTION,1357,2291
-105.26202,40.030022,Police Collision Report,COLLISION W/ OTHER VEH - PARKED MV,2003795,2,ARNETT ST/RED OAK PL,ARNETT ST,CITY ST/CNTY RD,10,S ,2020/04/21 00:00:00+00,2020/04/21 08:01:00+00,2020,4,April,8,3,21,Tuesday,8,Motorway Collision,Daylight,NONE,Property Damage Only,0,0,0,40.030022,-105.26202,0,0,0,0,INTERSECTION RELATED,803,2292
-105.284884,40.020611,Police Collision Report,COLLISION W/ OTHER VEH - PARKED MV,2003097,2,MAPLETON AVE/9TH ST,MAPLETON AVE,CITY ST/CNTY RD,130,W ,2020/03/23 00:00:00+00,2020/03/23 07:17:00+00,2020,3,March,7,2,23,Monday,7,Motorway Collision,Daylight,NONE,Property Damage Only,0,0,0,40.020611,-105.284884,0,0,0,0,NON-INTERSECTION,716,2293
-105.256055,40.02736,Police Collision Report,COLLISION W/ OTHER VEH - PARKED MV,2003251,2,29TH ST/BLUFF ST,29TH ST,CITY ST/CNTY RD,110,N ,2020/03/26 00:00:00+00,2020/03/26 00:00:00+00,2020,3,March,0,5,26,Thursday,0,Motorway Collision,Daylight,NONE,Property Damage Only,0,0,0,40.02736,-105.256055,0,0,0,0,NON-INTERSECTION,1400,2294
-105.253537,40.033716,Police Collision Report,COLLISION W/ OTHER VEH - PARKED MV,2003474,3,3030  ONEAL PKWY M     ,3030 ONEAL PARKWAY BUILDING M,,     ,  ,2020/04/07 20:00:00+00,2020/04/07 22:10:00+00,2020,4,April,22,3,7,Tuesday,22,Motorway Collision,Dark - Lighted,NONE,Property Damage Only,0,0,0,40.033716,-105.253537,1,1,0,0,NON-INTERSECTION,2205,2295
-105.248369,40.005991,Police Collision Report,COLLISION W/ OTHER VEH - PARKED MV,2004336,2,MADISON AVE/35TH ST,MADISON AVENUE,CITY ST/CNTY RD,550,W ,2020/05/08 20:00:00+00,2020/05/08 20:00:00+00,2020,5,May,20,6,8,Friday,20,Motorway Collision,Dark - Unlighted,NONE,Property Damage Only,0,0,0,40.005991,-105.248369,0,0,0,0,NON-INTERSECTION,1930,2296
-105.256067,40.0147,Police Collision Report,COLLISION W/ OTHER VEH - PARKED MV,2004151,2,1600  29TH ST      ,1600 29TH ST,,     ,  ,2020/05/03 00:00:00+00,2020/05/03 10:10:00+00,2020,5,May,10,1,3,Sunday,10,Motorway Collision,Daylight,NONE,Property Damage Only,0,0,0,40.0147,-105.256067,0,0,0,0,PARKING LOT,1010,2297
-105.253114,40.003757,Police Collision Report,COLLISION W/ OTHER VEH - PARKED MV,2004600,3,E AURORA AVE/30TH ST,E AURORA AVE,CITY ST/CNTY RD,560,W ,2020/05/18 00:00:00+00,2020/05/18 07:35:00+00,2020,5,May,7,2,18,Monday,7,Motorway Collision,Daylight,NONE,Property Damage Only,0,0,0,40.003757,-105.253114,0,0,0,0,NON-INTERSECTION,736,2298
-105.277638,40.058276,Police Collision Report,COLLISION W/ OTHER VEH - PARKED MV,2004893,2,1575  YARMOUTH AVE      ,1575 YARMOUTH AVE,,     ,  ,2020/05/26 00:00:00+00,2020/05/26 12:43:00+00,2020,5,May,12,3,26,Tuesday,12,Motorway Collision,Daylight,NONE,Property Damage Only,0,0,0,40.058276,-105.277638,0,0,0,0,PARKING LOT,1243,2299
-105.25836,40.021501,Police Collision Report,COLLISION W/ OTHER VEH - PARKED MV,2005122,2,1955  28TH ST      ,1955 28TH ST,,     ,  ,2020/06/01 00:00:00+00,2020/06/01 13:05:00+00,2020,6,June,13,2,1,Monday,13,Motorway Collision,Daylight,NONE,Property Damage Only,0,0,0,40.021501,-105.25836,0,0,0,0,PARKING LOT,1305,2300
-105.255571,39.978746,Police Collision Report,COLLISION W/ OTHER VEH - PARKED MV,2008715,3,HARTFORD DR/DARLEY AVE,HARTFORD DR,CITY ST/CNTY RD,408,S ,2020/09/12 00:00:00+00,2020/09/12 07:37:00+00,2020,9,September,7,7,12,Saturday,7,Motorway Collision,Daylight,NONE,Property Damage Only,0,0,0,39.978746,-105.255571,0,0,0,0,NON-INTERSECTION,735,2301
-105.269911,40.056272,Police Collision Report,COLLISION W/ OTHER VEH - PARKED MV,2008750,3,CINNAMON CIR/BLUEBERRY CIR,BLUEBERRY CIRCLE,,400,E ,2020/09/12 00:00:00+00,2020/09/12 22:49:00+00,2020,9,September,22,7,12,Saturday,22,Motorway Collision,Dark - Lighted,NONE,Property Damage Only,0,0,0,40.056272,-105.269911,0,0,0,0,NON-INTERSECTION,2300,2302
-105.252177,39.971226,Police Collision Report,COLLISION W/ OTHER VEH - PARKED MV,2008755,2,GILLASPIE DR/JUILLIARD ST,GILLASPIE,CITY ST/CNTY RD,130,E ,2020/09/13 00:00:00+00,2020/09/13 02:30:00+00,2020,9,September,2,1,13,Sunday,2,Motorway Collision,Dark - Lighted,NONE,Property Damage Only,0,0,0,39.971226,-105.252177,0,0,0,0,NON-INTERSECTION,227,2303
-105.261628,40.014585,Police Collision Report,COLLISION W/ OTHER VEH - PARKED MV,2008514,2,2525  ARAPAHOE AVE      ,2525 ARAPAHOE AVE,,     ,  ,2020/09/06 00:00:00+00,2020/09/06 11:14:00+00,2020,9,September,11,1,6,Sunday,11,Motorway Collision,Daylight,NONE,Property Damage Only,0,0,0,40.014585,-105.261628,0,0,0,0,PARKING LOT,1114,2304
-105.271256,40.000105,Police Collision Report,COLLISION W/ OTHER VEH - PARKED MV,2008686,2,BASELINE RD/17TH ST,BASELINE RD,CITY ST/CNTY RD,170,W ,2020/09/11 00:00:00+00,2020/09/11 11:17:00+00,2020,9,September,11,6,11,Friday,11,Motorway Collision,Daylight,NONE,Property Damage Only,0,0,0,40.000105,-105.271256,0,0,0,0,NON-INTERSECTION,1117,2305
-105.256067,40.0147,Police Collision Report,COLLISION W/ OTHER VEH - PARKED MV,2008687,2,1600  29TH ST      ,1600 29TH STREET,,     ,  ,2020/09/11 00:00:00+00,2020/09/11 11:57:00+00,2020,9,September,11,6,11,Friday,11,Motorway Collision,Daylight,NONE,Property Damage Only,0,0,0,40.0147,-105.256067,0,0,0,0,PARKING LOT,1211,2306
-105.285667,40.025543,Police Collision Report,COLLISION W/ OTHER VEH - PARKED MV,2007764,2,ALPINE AVE/9TH ST,ALPINE AVE,CITY ST/CNTY RD,107,E ,2020/08/19 00:00:00+00,2020/08/19 13:54:00+00,2020,8,August,13,4,19,Wednesday,13,Motorway Collision,Daylight,NONE,Property Damage Only,0,0,0,40.025543,-105.285667,0,0,0,0,NON-INTERSECTION,1354,2307
-105.276207,40.00733,Police Collision Report,COLLISION W/ OTHER VEH - PARKED MV,2007739,2,COLLEGE AVE/13TH ST,13TH ST,CITY ST/CNTY RD,150,S ,2020/08/18 00:00:00+00,2020/08/18 15:06:00+00,2020,8,August,15,3,18,Tuesday,15,Motorway Collision,Daylight,NONE,Property Damage Only,0,0,0,40.00733,-105.276207,0,0,0,0,NON-INTERSECTION,1415,2308
-105.202163,40.070057,Police Collision Report,COLLISION W/ OTHER VEH - PARKED MV,2007747,3,SPINE RD/GUNPARK DR,SPINE RD.,CITY ST/CNTY RD,60,S ,2020/08/18 00:00:00+00,2020/08/18 22:36:00+00,2020,8,August,22,3,18,Tuesday,22,Motorway Collision,Dark - Unlighted,NONE,Property Damage Only,0,0,0,40.070057,-105.202163,0,0,0,0,NON-INTERSECTION,2237,2309
-105.251014,40.027569,Police Collision Report,COLLISION W/ OTHER VEH - PARKED MV,2007796,3,JUNCTION PL/BLUFF ST,JUNCTION PLACE,CITY ST/CNTY RD,107,N ,2020/08/20 13:19:59+00,2020/08/20 13:20:00+00,2020,8,August,13,5,20,Thursday,13,Motorway Collision,Daylight,NONE,Incapacitating Injury,0,1,1,40.027569,-105.251014,0,0,1,0,NON-INTERSECTION,1320,2310
-105.278671,40.009478,Police Collision Report,COLLISION W/ OTHER VEH - PARKED MV,2007861,2,PLEASANT ST/11TH ST,PLEASANT STREET,CITY ST/CNTY RD,65,E ,2020/08/21 00:00:00+00,2020/08/21 13:59:00+00,2020,8,August,13,6,21,Friday,13,Motorway Collision,Daylight,NONE,Property Damage Only,0,0,0,40.009478,-105.278671,0,0,0,0,NON-INTERSECTION,1315,2311
-105.254392,40.006702,Police Collision Report,COLLISION W/ OTHER VEH - PARKED MV,2007907,3,2995  E COLLEGE AVEE      ,E. COLLEGE AVE.,CITY ST/CNTY RD,     ,  ,2020/08/22 06:58:59+00,2020/08/22 06:59:00+00,2020,8,August,6,7,22,Saturday,6,Motorway Collision,Daylight,NONE,Property Damage Only,0,0,0,40.006702,-105.254392,1,1,0,0,INTERSECTION RELATED,659,2312
-105.27867,40.010518,Police Collision Report,COLLISION W/ OTHER VEH - PARKED MV,2007908,2,UNIVERSITY AVE/11TH ST,UNIVERSITY AVE,CITY ST/CNTY RD,76,W ,2020/08/21 00:00:00+00,2020/08/21 00:00:00+00,2020,8,August,0,6,21,Friday,0,Motorway Collision,Dawn or Dusk,NONE,Property Damage Only,0,0,0,40.010518,-105.27867,0,0,0,0,NON-INTERSECTION,2000,2313
-105.25836,40.021501,Police Collision Report,COLLISION W/ OTHER VEH - PARKED MV,2007867,2,1955  28TH ST      ,1955 28TH STREET,,     ,  ,2020/08/21 00:00:00+00,2020/08/21 15:26:00+00,2020,8,August,15,6,21,Friday,15,Motorway Collision,Daylight,NONE,Property Damage Only,0,0,0,40.021501,-105.25836,0,0,0,0,PARKING LOT,1526,2314
-105.282012,40.024933,Police Collision Report,COLLISION W/ OTHER VEH - PARKED MV,2008068,2,2644  BROADWAY      ,2644 BROADWAY,,     ,  ,2020/08/26 00:00:00+00,2020/08/26 13:46:00+00,2020,8,August,13,4,26,Wednesday,13,Motorway Collision,Daylight,NONE,Property Damage Only,0,0,0,40.024933,-105.282012,0,0,0,0,PARKING LOT,1313,2315
-105.250152,40.018236,Police Collision Report,COLLISION W/ OTHER VEH - PARKED MV,2008133,2,1805  33RD ST      ,1805 33RD STREET,,     ,  ,2020/08/28 00:00:00+00,2020/08/28 09:34:00+00,2020,8,August,9,6,28,Friday,9,Motorway Collision,Daylight,NONE,Property Damage Only,0,0,0,40.018236,-105.250152,0,0,0,0,PARKING LOT,934,2316
-105.258476,40.03511,Police Collision Report,COLLISION W/ OTHER VEH - PARKED MV,2008148,2,3325  28TH ST      ,3325 28TH ST,,     ,  ,2020/08/28 00:00:00+00,2020/08/28 13:05:00+00,2020,8,August,13,6,28,Friday,13,Motorway Collision,Daylight,NONE,Property Damage Only,0,0,0,40.03511,-105.258476,0,0,0,0,PARKING LOT,1305,2317
-105.280496,39.997482,Police Collision Report,COLLISION W/ OTHER VEH - PARKED MV,2012010,2,298   MORNING GLORY DR      ,298 MORNING GLORY DR,,     ,  ,2020/12/27 00:00:00+00,2020/12/27 13:56:00+00,2020,12,December,13,1,27,Sunday,13,Motorway Collision,Daylight,NONE,Property Damage Only,0,0,0,39.997482,-105.280496,0,0,0,0,PARKING LOT,1357,2318
-105.263228,40.039389,Police Collision Report,COLLISION W/ OTHER VEH - PARKED MV,2011745,2,KALMIA AVE/N 26TH ST,KALMIA AVE,CITY ST/CNTY RD,165,W ,2020/12/16 00:00:00+00,2020/12/16 15:14:00+00,2020,12,December,15,4,16,Wednesday,15,Motorway Collision,Daylight,NONE,Possible injury,0,0,0,40.039389,-105.263228,0,0,0,0,NON-INTERSECTION,1514,2319
-105.239559,40.030979,Police Collision Report,COLLISION W/ OTHER VEH - PARKED MV,2011825,2,KINGS RIDGE BLVD/EDISON AVE,KINGS RIDGE BLVD,CITY ST/CNTY RD,50,N ,2020/12/18 00:00:00+00,2020/12/18 19:47:00+00,2020,12,December,19,6,18,Friday,19,Motorway Collision,Dark - Unlighted,NONE,Property Damage Only,0,0,0,40.030979,-105.239559,0,0,0,0,NON-INTERSECTION,1940,2320
-105.280433,40.025532,Police Collision Report,COLLISION W/ OTHER VEH - PARKED MV,2011863,2,13TH ST/ALPINE AVE,13TH ST,CITY ST/CNTY RD,50,N ,2020/12/20 00:00:00+00,2020/12/20 16:12:00+00,2020,12,December,16,1,20,Sunday,16,Motorway Collision,Daylight,NONE,Incapacitating Injury,0,1,2,40.025532,-105.280433,0,0,0,0,NON-INTERSECTION,1612,2321
-105.232437,40.012706,Police Collision Report,COLLISION W/ OTHER VEH - PARKED MV,2011847,2,4989  EISENHOWER DR      ,4989 EISENHOWER DR,,     ,  ,2020/12/19 00:00:00+00,2020/12/19 00:00:00+00,2020,12,December,0,7,19,Saturday,0,Motorway Collision,Dark - Unlighted,NONE,Property Damage Only,0,0,0,40.012706,-105.232437,0,0,0,0,PARKING LOT,6,2322
-105.267753,40.003418,Police Collision Report,COLLISION W/ OTHER VEH - PARKED MV,2011848,2,BROADWAY/REGENT DR,20TH ST,CITY ST/CNTY RD,100,N ,2020/12/20 00:00:00+00,2020/12/20 01:44:00+00,2020,12,December,1,1,20,Sunday,1,Motorway Collision,Dark - Lighted,NONE,Property Damage Only,0,0,0,40.003418,-105.267753,1,1,0,0,NON-INTERSECTION,143,2323
-105.198816,40.075787,Police Collision Report,COLLISION W/ OTHER VEH - PARKED MV,2011783,2,BEAN MOUNTAIN LN/LEFTHAND CIR,BEAN MOUNTAIN LN,CITY ST/CNTY RD,300,W ,2020/12/15 00:00:00+00,2020/12/17 12:18:00+00,2020,12,December,12,5,17,Thursday,12,Motorway Collision,Daylight,NONE,Property Damage Only,0,0,0,40.075787,-105.198816,0,0,0,0,NON-INTERSECTION,1600,2324
-105.223843,40.014596,Police Collision Report,COLLISION W/ OTHER VEH - PARKED MV,2011784,2,5565  ARAPAHOE AVE      ,5565 ARAPAHOE,,     ,  ,2020/12/17 00:00:00+00,2020/12/17 13:37:00+00,2020,12,December,13,5,17,Thursday,13,Motorway Collision,Daylight,NONE,Property Damage Only,0,0,0,40.014596,-105.223843,0,0,0,0,PARKING LOT,930,2325
-105.282032,40.008678,Police Collision Report,COLLISION W/ OTHER VEH - PARKED MV,2100495,4,9TH ST/PENNSYLVANIA AVE,PENNSYLVANIA AVE,CITY ST/CNTY RD,300,E ,2021/01/17 00:35:59+00,2021/01/17 00:36:00+00,2021,1,January,0,1,17,Sunday,0,Motorway Collision,Dark - Unlighted,NONE,Non-Incapacitating Injury,0,0,1,40.008678,-105.282032,1,1,0,0,NON-INTERSECTION,35,2326
-105.263012,40.017308,Police Collision Report,COLLISION W/ OTHER VEH - PARKED MV,2100421,2,1795  FOLSOM ST      ,1795 FOLSOM ST.,,     ,  ,2021/01/14 00:00:00+00,2021/01/14 18:09:00+00,2021,1,January,18,5,14,Thursday,18,Motorway Collision,Daylight,NONE,Possible injury,0,0,0,40.017308,-105.263012,0,0,0,0,PARKING LOT,1630,2327
-105.272412,40.025544,Police Collision Report,COLLISION W/ OTHER VEH - PARKED MV,2100297,2,ALPINE AVE/19TH ST,ALPINE AVE,CITY ST/CNTY RD,80,W ,2021/01/11 00:00:00+00,2021/01/11 14:48:00+00,2021,1,January,14,2,11,Monday,14,Motorway Collision,Daylight,NONE,Property Damage Only,0,0,0,40.025544,-105.272412,0,0,0,0,NON-INTERSECTION,1430,2328
-105.279607,40.012596,Police Collision Report,COLLISION W/ OTHER VEH - PARKED MV,2100270,2,11TH ST/MARINE ST,11TH ST,CITY ST/CNTY RD,58,S ,2021/01/10 00:00:00+00,2021/01/10 14:12:00+00,2021,1,January,14,1,10,Sunday,14,Motorway Collision,Daylight,NONE,Property Damage Only,0,0,0,40.012596,-105.279607,0,0,0,0,INTERSECTION RELATED,1412,2329
-105.278042,40.010518,Police Collision Report,COLLISION W/ OTHER VEH - PARKED MV,2100984,2,1131  UNIVERSITY AVE      ,1131 UNIVERSITY,,     ,  ,2021/02/01 00:00:00+00,2021/02/01 12:55:00+00,2021,2,February,12,2,1,Monday,12,Motorway Collision,Daylight,NONE,Property Damage Only,0,0,0,40.010518,-105.278042,0,0,0,0,CROSSOVER-RELATED,1254,2330
-105.278704,40.008689,Police Collision Report,COLLISION W/ OTHER VEH - PARKED MV,2100995,2,11TH ST/PENNSYLVANIA AVE, PENNSYLVANIA AVE,CITY ST/CNTY RD,45,E ,2021/02/01 00:00:00+00,2021/02/01 19:40:00+00,2021,2,February,19,2,1,Monday,19,Motorway Collision,Dark - Lighted,NONE,Property Damage Only,0,0,0,40.008689,-105.278704,0,0,0,0,NON-INTERSECTION,1941,2331
-105.265098,39.997243,Police Collision Report,COLLISION W/ OTHER VEH - PARKED MV,2101014,2,22ND ST/BLUEBELL AVE,22ND ST,CITY ST/CNTY RD,170,S ,2021/02/02 00:00:00+00,2021/02/02 13:40:00+00,2021,2,February,13,3,2,Tuesday,13,Motorway Collision,Daylight,NONE,Property Damage Only,0,0,0,39.997243,-105.265098,0,0,0,0,NON-INTERSECTION,1340,2332
-105.21167,40.061841,Police Collision Report,COLLISION W/ OTHER VEH - PARKED MV,2101028,3,GUNBARREL AVE/WHITE ROCK CIR,GUNBARREL AVE,CITY ST/CNTY RD,130,E ,2021/02/02 00:00:00+00,2021/02/02 18:12:00+00,2021,2,February,18,3,2,Tuesday,18,Motorway Collision,Dark - Lighted,NONE,Property Damage Only,0,0,0,40.061841,-105.21167,0,0,0,0,NON-INTERSECTION,1812,2333
-105.285592,40.012971,Police Collision Report,COLLISION W/ OTHER VEH - PARKED MV,2100918,4,ARAPAHOE AVE/7TH ST,ARAPAHOE AVE.,CITY ST/CNTY RD,211,E ,2021/01/30 00:00:00+00,2021/01/30 01:57:00+00,2021,1,January,1,7,30,Saturday,1,Motorway Collision,Dark - Lighted,NONE,Property Damage Only,0,0,0,40.012971,-105.285592,0,0,0,0,NON-INTERSECTION,157,2334
-105.282038,40.045307,Police Collision Report,COLLISION W/ OTHER VEH - PARKED MV,2100947,2,3860  BROADWAY      ,3860 BROADWAY,,     ,  ,2021/01/31 00:19:59+00,2021/01/31 00:20:00+00,2021,1,January,0,1,31,Sunday,0,Motorway Collision,Dark - Unlighted,NONE,Property Damage Only,0,0,0,40.045307,-105.282038,0,0,0,0,PARKING LOT,5,2335
-105.235207,39.999986,Police Collision Report,COLLISION W/ OTHER VEH - PARKED MV,2101271,2,4800  BASELINE RD      ,4800 BASELINE ROAD,,     ,  ,2021/02/10 00:00:00+00,2021/02/10 00:00:00+00,2021,2,February,0,4,10,Wednesday,0,Motorway Collision,Dark - Lighted,NONE,Property Damage Only,0,0,0,39.999986,-105.235207,0,0,0,0,PARKING LOT,2200,2336
-105.226879,40.014712,Police Collision Report,COLLISION W/ OTHER VEH - PARKED MV,2101306,2,5420  ARAPAHOE AVE      ,5420 ARAPAHOE AVENUE,,     ,  ,2021/02/12 00:00:00+00,2021/02/12 12:35:00+00,2021,2,February,12,6,12,Friday,12,Motorway Collision,Daylight,NONE,Property Damage Only,0,0,0,40.014712,-105.226879,0,0,0,0,PARKING LOT,1235,2337