X,Y,ReportType,PrmaryCollsionType,CaseNumber,UnitsInvolved,Location,OnHighway,CrossStreet,FeetFromIntersection,DirectionFromIntersection,CollisionDate,ReportedDate,ReportedYear,ReportedMonth,ReportedMonthName,ReportedWeek,ReportedDayofWeekNum,ReportedDayofMonth,ReportedDayofWeek,ReportedHour,HitAndRunStatus,LightingCondition,WeatherCondition,Severity,NumKilled,NumSeriouslyInjured,NumInjuredOrKilled,Lat,Lon,DUI,AlcoholDrugSuspected,BicyclesInvolved,PedestriansInvolved,RoadDescription,Crash_Time,ESRI_OID
-105.280971,40.016592,Police Collision Report,COLLISION W/ OTHER VEH - PARKED MV,1911382,2,11TH ST/WALNUT ST,WALNUT ST,CITY ST/CNTY RD,130,W ,2019/09/24 00:00:00+00,2019/09/24 08:25:00+00,2019,9,September,8,3,24,Tuesday,8,Motorway Collision,Daylight,NONE,Property Damage Only,0,0,0,40.016592,-105.280971,0,0,0,0,NON-INTERSECTION,825,2404
-105.266333,40.000056,Police Collision Report,COLLISION W/ OTHER VEH - PARKED MV,1911180,4,2110  BASELINE RD      ,BASELINE RD,CITY ST/CNTY RD,40,  ,2019/09/20 00:00:00+00,2019/09/20 00:29:00+00,2019,9,September,0,6,20,Friday,0,Motorway Collision,Dark - Unlighted,NONE,Possible injury,0,0,0,40.000056,-105.266333,0,0,0,0,NON-INTERSECTION,29,2405
-105.261527,40.000212,Police Collision Report,COLLISION W/ OTHER VEH - PARKED MV,1910946,2,2486  BASELINE RD      ,2486 BASELINE RD,,     ,  ,2019/09/07 00:00:00+00,2019/09/07 00:00:00+00,2019,9,September,0,7,7,Saturday,0,Motorway Collision,Daylight,NONE,Property Damage Only,0,0,0,40.000212,-105.261527,0,0,0,0,PARKING LOT,1430,2406
-105.279922,40.005454,Police Collision Report,COLLISION W/ OTHER VEH - PARKED MV,1911279,3,10TH ST/EUCLID AVE,10TH STREET,CITY ST/CNTY RD,20,N ,2019/09/21 00:00:00+00,2019/09/21 20:04:00+00,2019,9,September,20,7,21,Saturday,20,Motorway Collision,Dawn or Dusk,NONE,Property Damage Only,0,0,0,40.005454,-105.279922,0,0,0,0,NON-INTERSECTION,2000,2407
-105.276462,40.030071,Police Collision Report,COLLISION W/ OTHER VEH - PARKED MV,2108616,2,15TH ST/ELDER AVE,15TH ST,CITY ST/CNTY RD,     ,N ,2021/09/13 00:00:00+00,2021/09/13 01:39:00+00,2021,9,September,1,2,13,Monday,1,Motorway Collision,Dark - Unlighted,NONE,Property Damage Only,0,0,0,40.030071,-105.276462,0,0,0,0,NON-INTERSECTION,140,2408
-105.251195,40.025164,Police Collision Report,COLLISION W/ OTHER VEH - PARKED MV,2107942,2,2280  JUNCTION PL      ,2280 JUNCTION PLACE,,     ,  ,2021/08/28 00:00:00+00,2021/08/28 14:38:00+00,2021,8,August,14,7,28,Saturday,14,Motorway Collision,Daylight,NONE,Property Damage Only,0,0,0,40.025164,-105.251195,0,0,0,0,PARKING LOT,1438,2409
-105.272756,40.058281,Police Collision Report,COLLISION W/ OTHER VEH - PARKED MV,2107949,2,19TH ST/YARMOUTH AVE,19TH STREET,CITY ST/CNTY RD,     ,S ,2021/08/28 00:00:00+00,2021/08/28 16:48:00+00,2021,8,August,16,7,28,Saturday,16,Motorway Collision,Dark - Lighted,NONE,Property Damage Only,0,0,0,40.058281,-105.272756,0,0,0,0,NON-INTERSECTION,153,2410
-105.286565,40.016524,Police Collision Report,COLLISION W/ OTHER VEH - PARKED MV,2108068,2,7TH ST/PEARL ST,PEARL ST,CITY ST/CNTY RD,     ,W ,2021/08/30 00:00:00+00,2021/08/30 20:50:00+00,2021,8,August,20,2,30,Monday,20,Motorway Collision,Dark - Lighted,NONE,Non-Incapacitating Injury,0,0,1,40.016524,-105.286565,0,0,0,0,NON-INTERSECTION,2050,2411
-105.28578,40.064113,Police Collision Report,COLLISION W/ OTHER VEH - PARKED MV,2108078,2,DAKOTA BLVD/LYKINS AVE,DAKOTA BLVD,CITY ST/CNTY RD,     ,S ,2021/08/31 00:00:00+00,2021/08/31 10:50:00+00,2021,8,August,10,3,31,Tuesday,10,Motorway Collision,Daylight,NONE,Property Damage Only,0,0,0,40.064113,-105.28578,0,0,0,0,NON-INTERSECTION,703,2412
-105.259841,40.021992,Police Collision Report,COLLISION W/ OTHER VEH - PARKED MV,2108114,2,2685  PEARL ST      ,2685 PEARL ST,,     ,  ,2021/09/01 00:00:00+00,2021/09/01 12:20:00+00,2021,9,September,12,4,1,Wednesday,12,Motorway Collision,,NONE,Property Damage Only,0,0,0,40.021992,-105.259841,0,0,0,0,PARKING LOT,1220,2413
-105.283692,40.017088,Police Collision Report,COLLISION W/ OTHER VEH - PARKED MV,1802349,2,908   PEARL ST      ,REDWOOD AVE,CITY ST/CNTY RD,253,W ,2018/03/01 23:25:00+00,2018/03/01 23:25:00+00,2018,3,March,23,5,1,Thursday,23,Motorway Collision,Daylight,NONE,Property Damage Only,0,0,0,40.017088,-105.283692,0,0,0,0,NON-INTERSECTION,1343,2414
-105.27441,40.017948,Police Collision Report,COLLISION W/ OTHER VEH - PARKED MV,2108354,2,16TH ST/WALNUT ST,16TH ST,CITY ST/CNTY RD,     ,N ,2021/09/05 00:00:00+00,2021/09/05 11:22:00+00,2021,9,September,11,1,5,Sunday,11,Motorway Collision,Daylight,NONE,Property Damage Only,0,0,0,40.017948,-105.27441,0,0,0,0,NON-INTERSECTION,1118,2415
-105.261628,40.014585,Police Collision Report,COLLISION W/ OTHER VEH - PARKED MV,2108364,2,2525  ARAPAHOE AVE      ,2525 ARAPAHOE AVE,,     ,  ,2021/09/06 00:00:00+00,2021/09/06 13:36:00+00,2021,9,September,13,2,6,Monday,13,Motorway Collision,Daylight,NONE,Property Damage Only,0,0,0,40.014585,-105.261628,0,0,0,0,PARKING LOT,1200,2416
-105.291268,40.01558,Police Collision Report,COLLISION W/ OTHER VEH - PARKED MV,2108454,2,333   PEARL ST      ,333 PEARL ST,,     ,  ,2021/09/07 00:00:00+00,2021/09/07 00:00:00+00,2021,9,September,0,3,7,Tuesday,0,Motorway Collision,,NONE,Property Damage Only,0,0,0,40.01558,-105.291268,0,0,0,0,PARKING LOT,1100,2417
-105.274025,40.017003,Police Collision Report,COLLISION W/ OTHER VEH - PARKED MV,2108236,2,16TH ST/CANYON BLVD,16TH ST,CITY ST/CNTY RD,     ,S ,2021/09/03 00:00:00+00,2021/09/03 16:13:00+00,2021,9,September,16,6,3,Friday,16,Motorway Collision,Daylight,NONE,Property Damage Only,0,0,0,40.017003,-105.274025,0,0,0,0,NON-INTERSECTION,1210,2418
-105.200031,40.069946,Police Collision Report,COLLISION W/ OTHER VEH - PARKED MV,1710687,2,6565  GUNPARK DR      ,6565 GUNPARK DR,,     ,  ,2017/08/21 16:12:00+00,2017/08/21 16:12:00+00,2017,8,August,16,2,21,Monday,16,Motorway Collision,Daylight,NONE,Property Damage Only,0,0,0,40.069946,-105.200031,0,0,0,0,NON-INTERSECTION,1612,2419
-105.258459,40.031619,Police Collision Report,COLLISION W/ OTHER VEH - PARKED MV,2108415,2,3135  28TH ST      ,3135 28TH ST,,     ,  ,2021/09/07 00:00:00+00,2021/09/07 16:37:00+00,2021,9,September,16,3,7,Tuesday,16,Motorway Collision,,NONE,Property Damage Only,0,0,0,40.031619,-105.258459,0,0,0,0,PARKING LOT,1637,2420
-105.278704,40.008689,Police Collision Report,COLLISION W/ OTHER VEH - PARKED MV,2109704,4,11TH ST/PENNSYLVANIA AVE,PENNSYLVANIA AVE.,CITY ST/CNTY RD,     ,W ,2021/10/10 00:01:59+00,2021/10/10 00:02:00+00,2021,10,October,0,1,10,Sunday,0,Motorway Collision,Dark - Lighted,NONE,Property Damage Only,0,0,0,40.008689,-105.278704,1,1,0,0,INTERSECTION RELATED,3,2421
-105.280364,40.018887,Police Collision Report,COLLISION W/ OTHER VEH - PARKED MV,2109387,2,BROADWAY/SPRUCE ST,SPRUCE ST,CITY ST/CNTY RD,     ,E ,2021/10/02 00:00:00+00,2021/10/02 12:38:00+00,2021,10,October,12,7,2,Saturday,12,Motorway Collision,Daylight,NONE,Property Damage Only,0,0,0,40.018887,-105.280364,0,0,0,0,NON-INTERSECTION,1238,2422
-105.281336,40.017609,Police Collision Report,COLLISION W/ OTHER VEH - PARKED MV,2109562,2,11TH ST/PEARL ST,11TH ST,CITY ST/CNTY RD,     ,N ,2021/10/06 00:00:00+00,2021/10/06 17:54:00+00,2021,10,October,17,4,6,Wednesday,17,Motorway Collision,Dawn or Dusk,NONE,Property Damage Only,0,0,0,40.017609,-105.281336,0,0,0,0,NON-INTERSECTION,1754,2423
-105.251133,40.029174,Police Collision Report,COLLISION W/ OTHER VEH - PARKED MV,2109501,2,3200  VALMONT RD      ,3200 VALMONT RD,,     ,  ,2021/10/05 00:00:00+00,2021/10/05 12:00:00+00,2021,10,October,12,3,5,Tuesday,12,Motorway Collision,Daylight,NONE,Property Damage Only,0,0,0,40.029174,-105.251133,0,0,0,0,PARKING LOT,1130,2424
-105.255884,40.022827,Police Collision Report,COLLISION W/ OTHER VEH - PARKED MV,2109214,2,2905  PEARL ST      ,2905 PEARL STREET,OTHER RDWY,     ,  ,2021/09/27 00:00:00+00,2021/09/27 15:14:00+00,2021,9,September,15,2,27,Monday,15,Motorway Collision,Daylight,NONE,Property Damage Only,0,0,0,40.022827,-105.255884,0,0,0,0,PARKING LOT,1514,2425
-105.280977,40.017664,Police Collision Report,COLLISION W/ OTHER VEH - PARKED MV,2109252,2,1124  PEARL ST      ,1125 WALNUT ST,,     ,  ,2021/09/28 00:00:00+00,2021/09/28 19:55:00+00,2021,9,September,19,3,28,Tuesday,19,Motorway Collision,,NONE,Property Damage Only,0,0,0,40.017664,-105.280977,0,0,0,0,PARKING LOT,1955,2426
-105.237938,40.030698,Police Collision Report,COLLISION W/ OTHER VEH - PARKED MV,2104557,2,NOBLE CT/WRIGHT AVE,NOBLE CT,CITY ST/CNTY RD,     ,S ,2021/05/31 00:00:00+00,2021/05/31 19:24:00+00,2021,5,May,19,2,31,Monday,19,Motorway Collision,Dawn or Dusk,NONE,Property Damage Only,0,0,0,40.030698,-105.237938,0,0,0,0,AT INTERSECTION,1920,2427
-105.282047,40.046959,Police Collision Report,COLLISION W/ OTHER VEH - PARKED MV,2104559,2,3970  BROADWAY      ,3970 BROADWAY,,     ,  ,2021/05/31 00:00:00+00,2021/05/31 22:00:00+00,2021,5,May,22,2,31,Monday,22,Motorway Collision,Daylight,NONE,Property Damage Only,0,0,0,40.046959,-105.282047,0,0,0,0,PARKING LOT,1530,2428
-105.27904,40.019171,Police Collision Report,COLLISION W/ OTHER VEH - PARKED MV,2105099,2,13TH ST/SPRUCE ST,13TH STREET,CITY ST/CNTY RD,     ,S ,2021/06/16 00:00:00+00,2021/06/16 10:47:00+00,2021,6,June,10,4,16,Wednesday,10,Motorway Collision,Daylight,NONE,Property Damage Only,0,0,0,40.019171,-105.27904,0,0,0,0,NON-INTERSECTION,1047,2429
-105.235207,39.999986,Police Collision Report,COLLISION W/ OTHER VEH - PARKED MV,2105055,2,4800  BASELINE RD      ,4800 BASELINE RD,,     ,  ,2021/06/14 00:00:00+00,2021/06/14 19:03:00+00,2021,6,June,19,2,14,Monday,19,Motorway Collision,,NONE,Property Damage Only,0,0,0,39.999986,-105.235207,0,0,0,0,PARKING LOT,1903,2430
-105.282164,40.060146,Police Collision Report,COLLISION W/ OTHER VEH - PARKED MV,2105050,2,4715  BROADWAY      ,4715 BROADWAY,,     ,  ,2021/06/14 00:00:00+00,2021/06/14 15:08:00+00,2021,6,June,15,2,14,Monday,15,Motorway Collision,Daylight,NONE,Property Damage Only,0,0,0,40.060146,-105.282164,0,0,0,0,PARKING LOT,1508,2431
-105.284406,40.065738,Police Collision Report,COLLISION W/ OTHER VEH - PARKED MV,2104904,2,LARAMIE BLVD/CHINLE AVE,LARAMIE BLVD,CITY ST/CNTY RD,120,W ,2021/06/10 00:00:00+00,2021/06/10 19:23:00+00,2021,6,June,19,5,10,Thursday,19,Motorway Collision,Daylight,NONE,Property Damage Only,0,0,0,40.065738,-105.284406,0,0,0,0,NON-INTERSECTION,1910,2432
-105.271289,40.000076,Police Collision Report,COLLISION W/ OTHER VEH - PARKED MV,2104340,2,17TH ST/BASELINE RD,BASELINE ROAD,CITY ST/CNTY RD,     ,W ,2021/05/24 00:00:00+00,2021/05/25 00:00:00+00,2021,5,May,0,3,25,Tuesday,0,Motorway Collision,Dark - Unlighted,NONE,Property Damage Only,0,0,0,40.000076,-105.271289,0,0,0,0,NON-INTERSECTION,2350,2433
-105.286611,40.000061,Police Collision Report,COLLISION W/ OTHER VEH - PARKED MV,2104365,2,6TH ST/BASELINE RD,6TH ST,CITY ST/CNTY RD,     ,N ,2021/05/25 00:00:00+00,2021/05/25 15:11:00+00,2021,5,May,15,3,25,Tuesday,15,Motorway Collision,Daylight,NONE,Property Damage Only,0,0,0,40.000061,-105.286611,0,0,0,0,NON-INTERSECTION,1511,2434
-105.249273,39.98501,Police Collision Report,COLLISION W/ OTHER VEH - PARKED MV,2104432,2,637   S BROADWAYS      ,637 SOUTH BROADWAY,,     ,  ,2021/05/27 00:00:00+00,2021/05/27 15:10:00+00,2021,5,May,15,5,27,Thursday,15,Motorway Collision,Daylight,NONE,Property Damage Only,0,0,0,39.98501,-105.249273,0,0,0,0,PARKING LOT,1510,2435
-105.261628,40.014585,Police Collision Report,COLLISION W/ OTHER VEH - PARKED MV,2104616,2,2525  ARAPAHOE AVE      ,2525 ARAPAHOE AVE,,     ,  ,2021/06/01 00:00:00+00,2021/06/01 18:29:00+00,2021,6,June,18,3,1,Tuesday,18,Motorway Collision,Dawn or Dusk,NONE,Property Damage Only,0,0,0,40.014585,-105.261628,0,0,0,0,PARKING LOT,1829,2436
-105.280971,40.016592,Police Collision Report,COLLISION W/ OTHER VEH - PARKED MV,2104679,2,11TH ST/WALNUT ST,WALNUT ST,CITY ST/CNTY RD,     ,W ,2021/06/04 00:00:00+00,2021/06/04 02:28:00+00,2021,6,June,2,6,4,Friday,2,Motorway Collision,Dark - Lighted,NONE,Property Damage Only,0,0,0,40.016592,-105.280971,0,0,0,0,NON-INTERSECTION,227,2437
-105.281657,40.018652,Police Collision Report,COLLISION W/ OTHER VEH - PARKED MV,2104827,4,SPRUCE ST/11TH ST,SPRUCE ST,CITY ST/CNTY RD,     ,W ,2021/06/08 00:00:00+00,2021/06/08 16:42:00+00,2021,6,June,16,3,8,Tuesday,16,Motorway Collision,Daylight,NONE,Property Damage Only,0,0,0,40.018652,-105.281657,0,0,0,0,NON-INTERSECTION,1642,2438
-105.282038,40.026132,Police Collision Report,COLLISION W/ OTHER VEH - PARKED MV,2104837,2,2750  BROADWAY      ,2750 BROADWAY,,     ,  ,2021/06/08 00:00:00+00,2021/06/08 00:00:00+00,2021,6,June,0,3,8,Tuesday,0,Motorway Collision,Daylight,NONE,Property Damage Only,0,0,0,40.026132,-105.282038,0,0,0,0,PARKING LOT,1523,2439
-105.253114,40.003757,Police Collision Report,COLLISION W/ OTHER VEH - PARKED MV,2104822,5,E AURORA AVE/30TH ST,E AURORA AVE,CITY ST/CNTY RD,     ,W ,2021/06/08 00:00:00+00,2021/06/08 14:41:00+00,2021,6,June,14,3,8,Tuesday,14,Motorway Collision,Daylight,NONE,Property Damage Only,0,0,0,40.003757,-105.253114,0,0,0,0,DRIVEWAY ACCESS RELATED,1441,2440
-105.259515,40.022,Police Collision Report,COLLISION W/ OTHER VEH - PARKED MV,2105614,2,2710  PEARL ST      ,2710 PEARL ST,,     ,  ,2021/07/01 00:00:00+00,2021/07/01 10:48:00+00,2021,7,July,10,5,1,Thursday,10,Motorway Collision,Daylight,NONE,Property Damage Only,0,0,0,40.022,-105.259515,0,0,0,0,PARKING LOT,700,2441
-105.202225,40.073609,Police Collision Report,COLLISION W/ OTHER VEH - PARKED MV,2105618,2,SPINE RD/ODELL PL,SPINE RD,CITY ST/CNTY RD,     ,N ,2021/07/01 00:00:00+00,2021/07/01 12:14:00+00,2021,7,July,12,5,1,Thursday,12,Motorway Collision,Daylight,NONE,Property Damage Only,0,0,0,40.073609,-105.202225,0,0,0,0,DRIVEWAY ACCESS RELATED,1214,2442
-105.289838,40.053406,Police Collision Report,COLLISION W/ OTHER VEH - PARKED MV,2105275,2,541   LOCUST PL      ,LOCUST PLACE,CITY ST/CNTY RD,     ,W ,2021/06/21 22:26:59+00,2021/06/21 22:27:00+00,2021,6,June,22,2,21,Monday,22,Motorway Collision,Dark - Unlighted,NONE,Property Damage Only,0,0,0,40.053406,-105.289838,1,1,0,0,DRIVEWAY ACCESS RELATED,2227,2443
-105.270402,40.018776,Police Collision Report,COLLISION W/ OTHER VEH - PARKED MV,2105324,3,19TH ST/WALNUT ST,WALNUT ST,CITY ST/CNTY RD,     ,W ,2021/06/23 00:00:00+00,2021/06/23 11:42:00+00,2021,6,June,11,4,23,Wednesday,11,Motorway Collision,Daylight,NONE,Possible injury,0,0,0,40.018776,-105.270402,0,0,0,0,NON-INTERSECTION,1142,2444
-105.282008,40.024764,Police Collision Report,COLLISION W/ OTHER VEH - PARKED MV,2105374,2,2628  BROADWAY      ,2628 BROADWAY,,     ,  ,2021/06/24 00:00:00+00,2021/06/24 13:24:00+00,2021,6,June,13,5,24,Thursday,13,Motorway Collision,Daylight,NONE,Property Damage Only,0,0,0,40.024764,-105.282008,0,0,0,0,PARKING LOT,1323,2445
-105.25203,40.027565,Police Collision Report,COLLISION W/ OTHER VEH - PARKED MV,2105408,2,32ND ST/BLUFF ST,BLUFF ST,CITY ST/CNTY RD,     ,E ,2021/06/25 00:00:00+00,2021/06/25 11:21:00+00,2021,6,June,11,6,25,Friday,11,Motorway Collision,Daylight,NONE,Property Damage Only,0,0,0,40.027565,-105.25203,0,0,0,0,NON-INTERSECTION,1121,2446
-105.282161,40.061389,Police Collision Report,COLLISION W/ OTHER VEH - PARKED MV,2105175,2,4777  BROADWAY      ,4777 BROADWAY,,     ,  ,2021/06/18 00:00:00+00,2021/06/18 11:55:00+00,2021,6,June,11,6,18,Friday,11,Motorway Collision,Daylight,NONE,Property Damage Only,0,0,0,40.061389,-105.282161,0,0,0,0,PARKING LOT,1130,2447
-105.278721,40.018161,Police Collision Report,COLLISION W/ OTHER VEH - PARKED MV,2105178,2,13TH ST/PEARL ST,13TH STREET,CITY ST/CNTY RD,     ,N ,2021/06/18 00:00:00+00,2021/06/18 14:09:00+00,2021,6,June,14,6,18,Friday,14,Motorway Collision,Daylight,NONE,Property Damage Only,0,0,0,40.018161,-105.278721,0,0,0,0,NON-INTERSECTION,1409,2448
-105.236618,39.989168,Police Collision Report,COLLISION W/ OTHER VEH - PARKED MV,2106035,3,PAWNEE DR/PAWNEE PL,MOHAWK DR,CITY ST/CNTY RD,     ,N ,2021/07/12 00:00:00+00,2021/07/12 16:09:00+00,2021,7,July,16,2,12,Monday,16,Motorway Collision,Daylight,NONE,Property Damage Only,0,0,0,39.989168,-105.236618,0,1,0,0,NON-INTERSECTION,1609,2449
-105.275604,40.008414,Police Collision Report,COLLISION W/ OTHER VEH - PARKED MV,2105996,2,1165  BROADWAY      ,1165 BROADWAY,,     ,  ,2021/07/11 00:00:00+00,2021/07/11 13:37:00+00,2021,7,July,13,1,11,Sunday,13,Motorway Collision,,NONE,Property Damage Only,0,0,0,40.008414,-105.275604,0,0,0,0,PARKING LOT,1311,2450
-105.261256,40.037594,Police Collision Report,COLLISION W/ OTHER VEH - PARKED MV,2106192,2,2739  JUNIPER AVE      ,2739 JUNIPER AVENUE,,     ,  ,2021/07/17 00:00:00+00,2021/07/17 14:10:00+00,2021,7,July,14,7,17,Saturday,14,Motorway Collision,Daylight,NONE,Property Damage Only,0,0,0,40.037594,-105.261256,0,0,0,0,PARKING LOT,1410,2451
-105.261372,40.024981,Police Collision Report,COLLISION W/ OTHER VEH - PARKED MV,2106094,2,2635  MAPLETON AVE      ,2635 MAPLETON AVE,,     ,  ,2021/07/12 00:00:00+00,2021/07/12 00:00:00+00,2021,7,July,0,2,12,Monday,0,Motorway Collision,Dark - Unlighted,NONE,Property Damage Only,0,0,0,40.024981,-105.261372,0,0,0,0,PARKING LOT,2138,2452
-105.233492,40.000133,Police Collision Report,COLLISION W/ OTHER VEH - PARKED MV,2106106,2,4950  BASELINE RD      ,4950 BASELINE RD,,     ,  ,2021/07/14 00:00:00+00,2021/07/14 17:29:00+00,2021,7,July,17,4,14,Wednesday,17,Motorway Collision,,NONE,Property Damage Only,0,0,0,40.000133,-105.233492,0,0,0,0,PARKING LOT,800,2453
-105.200666,40.069872,Police Collision Report,COLLISION W/ OTHER VEH - PARKED MV,2106129,2,6545  GUNPARK DR      ,6545 GUNPARK DR,CITY ST/CNTY RD,     ,E ,2021/07/15 00:00:00+00,2021/07/15 12:39:00+00,2021,7,July,12,5,15,Thursday,12,Motorway Collision,Daylight,NONE,Property Damage Only,0,0,0,40.069872,-105.200666,0,0,0,0,PARKING LOT,1239,2454
-105.280582,40.016644,Police Collision Report,COLLISION W/ OTHER VEH - PARKED MV,2106141,2,1126  WALNUT ST      ,1126 WALNUT ST GARAGE,,     ,  ,2021/07/15 00:00:00+00,2021/07/15 19:24:00+00,2021,7,July,19,5,15,Thursday,19,Motorway Collision,Dark - Lighted,NONE,Property Damage Only,0,0,0,40.016644,-105.280582,0,0,0,0,PARKING LOT,1922,2455
-105.206844,40.06181,Police Collision Report,COLLISION W/ OTHER VEH - PARKED MV,2106145,2,GUNBARREL AVE/63RD ST,GUNBARREL AVENUE,CITY ST/CNTY RD,     ,E ,2021/07/15 00:00:00+00,2021/07/15 23:16:00+00,2021,7,July,23,5,15,Thursday,23,Motorway Collision,Dark - Unlighted,NONE,Property Damage Only,0,0,0,40.06181,-105.206844,0,0,0,0,NON-INTERSECTION,2315,2456
-105.280039,40.013853,Police Collision Report,COLLISION W/ OTHER VEH - PARKED MV,2105853,2,ARAPAHOE AVE/11TH ST,ARAPAHOE AVENUE,CITY ST/CNTY RD,     ,W ,2021/07/08 00:00:00+00,2021/07/08 09:29:00+00,2021,7,July,9,5,8,Thursday,9,Motorway Collision,Daylight,NONE,Property Damage Only,0,0,0,40.013853,-105.280039,0,0,0,0,DRIVEWAY ACCESS RELATED,929,2457
-105.266538,40.00008,Police Collision Report,COLLISION W/ OTHER VEH - PARKED MV,2105935,2,21ST ST/BASELINE RD,COLUMBINE,CITY ST/CNTY RD,     ,E ,2021/07/10 01:15:00+00,2021/07/10 01:24:00+00,2021,7,July,1,7,10,Saturday,1,Motorway Collision,Dark - Lighted,NONE,Property Damage Only,0,0,0,40.00008,-105.266538,1,1,0,0,NON-INTERSECTION,124,2458
-105.269013,40.016263,Police Collision Report,COLLISION W/ OTHER VEH - PARKED MV,2105972,4,GOSS ST/20TH ST,GOSS ST,CITY ST/CNTY RD,     ,E ,2021/07/10 00:00:00+00,2021/07/10 21:30:00+00,2021,7,July,21,7,10,Saturday,21,Motorway Collision,Dark - Unlighted,NONE,Property Damage Only,0,0,0,40.016263,-105.269013,0,0,0,0,NON-INTERSECTION,2150,2459
-105.269472,40.028029,Police Collision Report,COLLISION W/ OTHER VEH - PARKED MV,2105679,2,EDGEWOOD DR/NICHOLL ST,EDGEWOOD DRIVE,CITY ST/CNTY RD,     ,W ,2021/07/03 00:00:00+00,2021/07/03 08:21:00+00,2021,7,July,8,7,3,Saturday,8,Motorway Collision,Daylight,NONE,Property Damage Only,0,0,0,40.028029,-105.269472,0,0,0,0,NON-INTERSECTION,821,2460
-105.255889,40.000147,Police Collision Report,COLLISION W/ OTHER VEH - PARKED MV,2105816,3,29TH ST/BASELINE RD,29TH STREET,CITY ST/CNTY RD,     ,N ,2021/07/07 00:00:00+00,2021/07/07 06:48:00+00,2021,7,July,6,4,7,Wednesday,6,Motorway Collision,Dark - Lighted,NONE,Property Damage Only,0,0,0,40.000147,-105.255889,0,0,0,0,NON-INTERSECTION,115,2461
-105.254122,40.037857,Police Collision Report,COLLISION W/ OTHER VEH - PARKED MV,2172528,2,2960  DIAGONAL HWY      ,2960 DIAGONAL HWY,,     ,  ,2021/07/14 14:00:00+00,2021/07/14 16:59:06+00,2021,7,July,16,4,14,Wednesday,16,Motorway Collision,Daylight,NONE,Property Damage Only,0,0,0,40.037857,-105.254122,0,0,0,0,PARKING LOT,1353,2462
-105.23201,40.01463,Police Collision Report,COLLISION W/ OTHER VEH - PARKED MV,2106335,2,EISENHOWER DR/ARAPAHOE AVE,EISENHOWER DRIVE,CITY ST/CNTY RD,     ,S ,2021/07/21 00:00:00+00,2021/07/21 13:12:00+00,2021,7,July,13,4,21,Wednesday,13,Motorway Collision,Daylight,NONE,Property Damage Only,0,0,0,40.01463,-105.23201,0,0,0,0,NON-INTERSECTION,830,2463
-105.232375,40.012746,Police Collision Report,COLLISION W/ OTHER VEH - PARKED MV,2106343,2,EISENHOWER DR/MERRITT DR,EISENHOWER DR,CITY ST/CNTY RD,     ,E ,2021/07/19 00:00:00+00,2021/08/03 00:00:00+00,2021,8,August,0,3,3,Tuesday,0,Motorway Collision,Daylight,NONE,Property Damage Only,0,0,0,40.012746,-105.232375,0,0,0,0,NON-INTERSECTION,1130,2464
-105.20673,40.017337,Police Collision Report,COLLISION W/ OTHER VEH - PARKED MV,2106328,2,1901  63RD ST      ,1901 63RD ST,,     ,  ,2021/07/21 00:00:00+00,2021/07/21 10:11:00+00,2021,7,July,10,4,21,Wednesday,10,Motorway Collision,Daylight,NONE,Property Damage Only,0,0,0,40.017337,-105.20673,0,0,0,0,PARKING LOT,1011,2465
-105.25392,40.014002,Police Collision Report,COLLISION W/ OTHER VEH - PARKED MV,2106290,2,1575  30TH ST      ,1575 30TH ST,,     ,  ,2021/07/20 00:00:00+00,2021/07/20 07:50:00+00,2021,7,July,7,3,20,Tuesday,7,Motorway Collision,Daylight,NONE,Property Damage Only,0,0,0,40.014002,-105.25392,0,0,0,0,PARKING LOT,701,2466
-105.276238,40.007301,Police Collision Report,COLLISION W/ OTHER VEH - PARKED MV,2106228,2,13TH ST/COLLEGE AVE,13TH ST,CITY ST/CNTY RD,     ,N ,2021/07/18 00:00:00+00,2021/07/18 20:26:00+00,2021,7,July,20,1,18,Sunday,20,Motorway Collision,Daylight,NONE,Property Damage Only,0,0,0,40.007301,-105.276238,0,0,0,0,NON-INTERSECTION,1830,2467
-105.253114,40.003757,Police Collision Report,COLLISION W/ OTHER VEH - PARKED MV,2106707,2,E AURORA AVE/30TH ST,EAST AURORA AVE,CITY ST/CNTY RD,     ,W ,2021/07/30 00:00:00+00,2021/07/30 18:35:00+00,2021,7,July,18,6,30,Friday,18,Motorway Collision,Daylight,NONE,Property Damage Only,0,0,0,40.003757,-105.253114,0,0,0,0,DRIVEWAY ACCESS RELATED,1830,2468
-105.260202,39.997835,Police Collision Report,COLLISION W/ OTHER VEH - PARKED MV,2106166,2,505   27TH WAY      ,505 27TH WAY,,     ,  ,2021/07/16 14:21:59+00,2021/07/16 14:22:00+00,2021,7,July,14,6,16,Friday,14,Motorway Collision,Daylight,NONE,Property Damage Only,0,0,0,39.997835,-105.260202,0,0,0,0,PARKING LOT,1422,2469
-105.285708,40.018859,Police Collision Report,COLLISION W/ OTHER VEH - PARKED MV,2106608,2,PINE ST/8TH ST,PINE STREET,CITY ST/CNTY RD,     ,E ,2021/07/28 00:00:00+00,2021/07/28 10:41:00+00,2021,7,July,10,4,28,Wednesday,10,Motorway Collision,Dark - Unlighted,NONE,Property Damage Only,0,0,0,40.018859,-105.285708,0,0,0,0,NON-INTERSECTION,1130,2470