X,Y,ReportType,PrmaryCollsionType,CaseNumber,UnitsInvolved,Location,OnHighway,CrossStreet,FeetFromIntersection,DirectionFromIntersection,CollisionDate,ReportedDate,ReportedYear,ReportedMonth,ReportedMonthName,ReportedWeek,ReportedDayofWeekNum,ReportedDayofMonth,ReportedDayofWeek,ReportedHour,HitAndRunStatus,LightingCondition,WeatherCondition,Severity,NumKilled,NumSeriouslyInjured,NumInjuredOrKilled,Lat,Lon,DUI,AlcoholDrugSuspected,BicyclesInvolved,PedestriansInvolved,RoadDescription,Crash_Time,ESRI_OID
-105.253654,40.02549,Police Collision Report,COLLISION W/ MV - SIDE TO SIDE-OPPOSITE DIREC,2001848,2,2400  30TH ST      ,2400 30TH ST,,     ,  ,2020/02/18 00:00:00+00,2020/02/18 18:03:00+00,2020,2,February,18,3,18,Tuesday,18,Motorway Collision,Dark - Unlighted,NONE,Property Damage Only,0,0,0,40.02549,-105.253654,0,0,0,0,PARKING LOT,1803,2537
-105.281326,40.013602,Police Collision Report,COLLISION W/ MV - SIDE TO SIDE-OPPOSITE DIREC,1911537,2,1001  ARAPAHOE AVE      ,1001 ARAPAHOE AVENUE,,     ,  ,2019/09/27 00:00:00+00,2019/09/27 10:55:00+00,2019,9,September,10,6,27,Friday,10,Motorway Collision,Daylight,NONE,Property Damage Only,0,0,0,40.013602,-105.281326,0,0,0,0,PARKING LOT,1055,2538
-105.253722,40.025501,Police Collision Report,COLLISION W/ MV - SIDE TO SIDE-OPPOSITE DIREC,1715054,2,30TH ST/MAPLETON AVE,30TH ST,CITY ST/CNTY RD,     ,  ,2017/11/14 00:00:00+00,2017/11/14 17:51:00+00,2017,11,November,17,3,14,Tuesday,17,Motorway Collision,Dark - Lighted,NONE,Property Damage Only,0,0,0,40.025501,-105.253722,0,0,0,0,AT INTERSECTION,1752,2539
-105.225382,40.013624,Police Collision Report,COLLISION W/ MV - SIDE TO SIDE-OPPOSITE DIREC,1715197,2,1534  55TH ST      ,1534 55TH ST,,     ,  ,2017/11/16 00:00:00+00,2017/11/16 20:16:00+00,2017,11,November,20,5,16,Thursday,20,Motorway Collision,Dark - Unlighted,NONE,Property Damage Only,0,0,0,40.013624,-105.225382,0,0,0,0,PARKING LOT,1803,2540
-105.258534,40.043574,Police Collision Report,COLLISION W/ MV - SIDE TO SIDE-OPPOSITE DIREC,1715123,2,PALO PKWY/28TH ST,28TH ST,STATE HWY,25,S ,2017/11/15 00:00:00+00,2017/11/15 19:51:00+00,2017,11,November,19,4,15,Wednesday,19,Motorway Collision,Dark - Lighted,NONE,Property Damage Only,0,0,0,40.043574,-105.258534,0,0,0,0,NON-INTERSECTION,1952,2541
-105.280971,40.016592,Police Collision Report,COLLISION W/ MV - SIDE TO SIDE-OPPOSITE DIREC,1713181,2,11TH ST/WALNUT ST,WALNUT STREET,CITY ST/CNTY RD,     ,  ,2017/10/06 00:00:00+00,2017/10/06 14:27:00+00,2017,10,October,14,6,6,Friday,14,Motorway Collision,Daylight,NONE,Property Damage Only,0,0,0,40.016592,-105.280971,0,0,0,0,PARKING LOT,1250,2542
-105.249862,39.98558,Police Collision Report,COLLISION W/ MV - SIDE TO SIDE-OPPOSITE DIREC,1713559,2,S BROADWAY/TABLE MESA DR,STANFORD AVE,CITY ST/CNTY RD,     ,  ,2017/10/14 00:00:00+00,2017/10/14 10:14:00+00,2017,10,October,10,7,14,Saturday,10,Motorway Collision,Daylight,NONE,Property Damage Only,0,0,0,39.98558,-105.249862,0,0,0,0,AT INTERSECTION,1015,2543
-105.270063,40.001841,Police Collision Report,COLLISION W/ OTHER VEH - PARKED MV,2101711,2,18TH ST/CASCADE AVE,CASCADE AVE,CITY ST/CNTY RD,     ,  ,2021/02/27 00:00:00+00,2021/02/27 03:43:00+00,2021,2,February,3,7,27,Saturday,3,Motorway Collision,Dark - Lighted,NONE,Property Damage Only,0,0,0,40.001841,-105.270063,0,0,0,0,INTERSECTION RELATED,343,2544
-105.248991,40.033219,Police Collision Report,COLLISION W/ OTHER VEH - PARKED MV,2101348,2,34TH ST/ONEAL PKWY,ONEAL PKWY,CITY ST/CNTY RD,40,W ,2021/02/14 00:00:00+00,2021/02/14 12:37:00+00,2021,2,February,12,1,14,Sunday,12,Motorway Collision,Daylight,NONE,Property Damage Only,0,0,0,40.033219,-105.248991,0,0,0,0,INTERSECTION RELATED,1237,2545
-105.276465,40.009722,Police Collision Report,COLLISION W/ OTHER VEH - PARKED MV,2102249,2,1325  BROADWAY      ,1325 BROADWAY,,     ,  ,2021/03/17 00:00:00+00,2021/03/17 22:40:00+00,2021,3,March,22,4,17,Wednesday,22,Motorway Collision,Dark - Lighted,NONE,Property Damage Only,0,0,0,40.009722,-105.276465,0,0,0,0,PARKING LOT,2243,2546
-105.253572,40.017367,Police Collision Report,COLLISION W/ OTHER VEH - PARKED MV,2102417,2,1740  30TH ST      ,PRIVATE PROPERTY,,     ,  ,2021/03/22 00:00:00+00,2021/03/22 11:23:00+00,2021,3,March,11,2,22,Monday,11,Motorway Collision,Daylight,NONE,Property Damage Only,0,0,0,40.017367,-105.253572,0,0,0,0,PARKING LOT,1121,2547
-105.25015,40.017254,Police Collision Report,COLLISION W/ OTHER VEH - PARKED MV,2102418,5,33RD ST/FISHER DR,33RD ST,CITY ST/CNTY RD,194,N ,2021/03/22 00:00:00+00,2021/03/22 11:47:00+00,2021,3,March,11,2,22,Monday,11,Motorway Collision,Daylight,NONE,Property Damage Only,0,0,0,40.017254,-105.25015,0,0,0,0,NON-INTERSECTION,1147,2548
-105.277469,40.007301,Police Collision Report,COLLISION W/ OTHER VEH - PARKED MV,2102368,3,12TH ST/COLLEGE AVE,12TH ST,CITY ST/CNTY RD,45,N ,2021/03/20 00:00:00+00,2021/03/20 21:35:00+00,2021,3,March,21,7,20,Saturday,21,Motorway Collision,Dark - Lighted,NONE,Property Damage Only,0,0,0,40.007301,-105.277469,0,0,0,0,NON-INTERSECTION,2030,2549
-105.267721,40.003464,Police Collision Report,COLLISION W/ OTHER VEH - PARKED MV,2102335,2,BROADWAY/20TH ST,20TH ST,CITY ST/CNTY RD,40,S ,2021/03/20 00:00:00+00,2021/03/20 03:20:00+00,2021,3,March,3,7,20,Saturday,3,Motorway Collision,Dark - Unlighted,NONE,Property Damage Only,0,0,0,40.003464,-105.267721,0,0,0,0,NON-INTERSECTION,300,2550
-105.253259,39.999908,Police Collision Report,COLLISION W/ OTHER VEH - PARKED MV,2102108,2,2990  BASELINE RD      ,2990 BASELINE ROAD,,     ,  ,2021/03/12 00:00:00+00,2021/03/12 13:25:00+00,2021,3,March,13,6,12,Friday,13,Motorway Collision,Daylight,NONE,Property Damage Only,0,0,0,39.999908,-105.253259,0,0,0,0,PARKING LOT,1325,2551
-105.258277,40.014693,Police Collision Report,COLLISION W/ OTHER VEH - PARKED MV,2101964,2,1600  28TH ST      ,1600 28TH ST,,     ,  ,2021/03/08 00:00:00+00,2021/03/08 09:08:00+00,2021,3,March,9,2,8,Monday,9,Motorway Collision,Daylight,NONE,Property Damage Only,0,0,0,40.014693,-105.258277,0,0,0,0,PARKING LOT,850,2552
-105.266241,40.016277,Police Collision Report,COLLISION W/ OTHER VEH - PARKED MV,2102059,2,GOSS CIR W/22ND ST,GOSS CIRCLE,CITY ST/CNTY RD,200,W ,2021/03/11 00:00:00+00,2021/03/11 08:50:00+00,2021,3,March,8,5,11,Thursday,8,Motorway Collision,Daylight,NONE,Property Damage Only,0,0,0,40.016277,-105.266241,0,0,0,0,NON-INTERSECTION,850,2553
-105.277469,40.007301,Police Collision Report,COLLISION W/ MV - SIDE TO SIDE-OPPOSITE DIREC,2205707,2,12TH ST/COLLEGE AVE,12TH STREET,CITY ST/CNTY RD,     ,N ,2022/06/16 00:00:00+00,2022/06/16 00:00:00+00,2022,6,June,0,5,16,Thursday,0,Motorway Collision,Dark - Lighted,NONE,Property Damage Only,0,0,0,40.007301,-105.277469,0,0,0,0,NON-INTERSECTION,2200,2554
-105.206674,40.014677,Police Collision Report,COLLISION W/ MV - SIDE TO SIDE-OPPOSITE DIREC,2204937,2,ARAPAHOE AVE/63RD ST,ARAPAHOE AVE,STATE HWY,     ,S ,2022/05/25 00:00:00+00,2022/05/25 16:00:00+00,2022,5,May,16,4,25,Wednesday,16,Motorway Collision,Daylight,NONE,Property Damage Only,0,0,0,40.014677,-105.206674,0,0,0,0,INTERSECTION RELATED,1600,2555
-105.262256,40.032741,Police Collision Report,COLLISION W/ MV - SIDE TO SIDE-OPPOSITE DIREC,2110557,2,3195  ARNETT ST      ,3195 ARNETT ST,,     ,  ,2021/11/01 00:00:00+00,2021/11/01 00:00:00+00,2021,11,November,0,2,1,Monday,0,Motorway Collision,Dark - Lighted,NONE,Property Damage Only,0,0,0,40.032741,-105.262256,0,0,0,0,NON-INTERSECTION,120,2556
-105.235484,40.014836,Police Collision Report,COLLISION W/ MV - SIDE TO SIDE-OPPOSITE DIREC,1714528,2,4747  ARAPAHOE AVE      ,4747 ARAPAHOE AVE,CITY ST/CNTY RD,     ,  ,2017/11/03 00:00:00+00,2017/11/04 18:58:00+00,2017,11,November,18,7,4,Saturday,18,Motorway Collision,Dawn or Dusk,NONE,Property Damage Only,0,0,0,40.014836,-105.235484,0,0,0,0,PARKING LOT,640,2557
-105.249385,40.030806,Police Collision Report,COLLISION W/ MV - SIDE TO SIDE-OPPOSITE DIREC,2201436,2,3100  34TH ST      ,3100 34TH ST,,     ,  ,2022/02/14 00:00:00+00,2022/02/14 08:19:00+00,2022,2,February,8,2,14,Monday,8,Motorway Collision,Daylight,NONE,Property Damage Only,0,0,0,40.030806,-105.249385,0,0,0,0,PARKING LOT,819,2558
-105.282312,40.010471,Police Collision Report,COLLISION W/ MV - SIDE TO SIDE-OPPOSITE DIREC,2201182,3,9TH ST/UNIVERSITY AVE,9TH ST,CITY ST/CNTY RD,     ,S ,2022/02/07 00:00:00+00,2022/02/07 10:20:00+00,2022,2,February,10,2,7,Monday,10,Motorway Collision,Daylight,NONE,Property Damage Only,0,0,0,40.010471,-105.282312,0,0,0,0,NON-INTERSECTION,1015,2559
-105.240437,40.019117,Police Collision Report,COLLISION W/ MV - SIDE TO SIDE-OPPOSITE DIREC,1800039,2,4775  WALNUT ST      ,4775 WALNUT,CITY ST/CNTY RD,     ,  ,2018/01/02 00:00:00+00,2018/01/02 09:49:00+00,2018,1,January,9,3,2,Tuesday,9,Motorway Collision,Daylight,NONE,Property Damage Only,0,0,0,40.019117,-105.240437,0,0,0,0,PARKING LOT,949,2560
-105.263226,40.036463,Police Collision Report,COLLISION W/ MV - SIDE TO SIDE-OPPOSITE DIREC,1800135,2,IRIS AVE/N 26TH ST,N. 26TH,CITY ST/CNTY RD,     ,  ,2018/01/04 00:00:00+00,2018/01/04 17:46:00+00,2018,1,January,17,5,4,Thursday,17,Motorway Collision,Dark - Lighted,NONE,Incapacitating Injury,0,1,1,40.036463,-105.263226,0,0,1,0,AT INTERSECTION,1746,2561
-105.263297,40.043226,Police Collision Report,COLLISION W/ MV - SIDE TO SIDE-OPPOSITE DIREC,1801751,2,N 26TH ST/KELLER FARM DR,26TH ST.,CITY ST/CNTY RD,75,S ,2018/02/13 00:00:00+00,2018/02/13 00:00:00+00,2018,2,February,0,3,13,Tuesday,0,Motorway Collision,Daylight,NONE,Property Damage Only,0,0,0,40.043226,-105.263297,0,0,0,0,DRIVEWAY ACCESS RELATED,1255,2562
-105.232877,39.986946,Police Collision Report,COLLISION W/ MV - SIDE TO SIDE-OPPOSITE DIREC,1800998,2,5170  TABLE MESA DR      ,5170 TABLE MESA DR,,     ,  ,2018/01/24 23:59:59+00,2018/01/25 00:00:00+00,2018,1,January,0,5,25,Thursday,0,Motorway Collision,Daylight,NONE,Property Damage Only,0,0,0,39.986946,-105.232877,0,0,0,0,INTERSECTION RELATED,1710,2563
-105.258504,40.020518,Police Collision Report,COLLISION W/ MV - SIDE TO SIDE-OPPOSITE DIREC,1800848,2,28TH ST/WALNUT ST,WALNUT STREET,STATE HWY,35,S ,2018/01/23 00:00:00+00,2018/01/23 08:26:00+00,2018,1,January,8,3,23,Tuesday,8,Motorway Collision,Daylight,NONE,Property Damage Only,0,0,0,40.020518,-105.258504,0,0,0,0,AT INTERSECTION,826,2564
-105.258306,40.022242,Police Collision Report,COLLISION W/ MV - SIDE TO SIDE-OPPOSITE DIREC,1803928,2,2800  PEARL ST      ,2800 PEARL ST,,     ,  ,2018/04/02 00:00:00+00,2018/04/02 18:07:00+00,2018,4,April,18,2,2,Monday,18,Motorway Collision,Dawn or Dusk,NONE,Property Damage Only,0,0,0,40.022242,-105.258306,0,0,0,0,PARKING LOT,1807,2565
-105.276197,40.005425,Police Collision Report,COLLISION W/ MV - SIDE TO SIDE-OPPOSITE DIREC,1804100,2,EUCLID AVE/13TH ST,EUCLID AVENUE,CITY ST/CNTY RD,200,W ,2018/04/06 00:00:00+00,2018/04/06 08:27:00+00,2018,4,April,8,6,6,Friday,8,Motorway Collision,Daylight,NONE,Property Damage Only,0,0,0,40.005425,-105.276197,0,0,0,0,NON-INTERSECTION,827,2566
-105.267786,40.014608,Police Collision Report,COLLISION W/ MV - SIDE TO SIDE-OPPOSITE DIREC,1804344,3,21ST ST/ARAPAHOE AVE,ARAPHOE,CITY ST/CNTY RD,150,E ,2018/04/11 00:00:00+00,2018/04/11 16:21:00+00,2018,4,April,16,4,11,Wednesday,16,Motorway Collision,Daylight,NONE,Possible injury,0,0,0,40.014608,-105.267786,0,0,0,0,NON-INTERSECTION,1620,2567
-105.258282,40.014544,Police Collision Report,COLLISION W/ MV - SIDE TO SIDE-OPPOSITE DIREC,1804743,2,28TH ST/ARAPAHOE AVE,ARAPAHOE AVE,CITY ST/CNTY RD,     ,  ,2018/04/20 11:40:00+00,2018/04/20 11:42:00+00,2018,4,April,11,6,20,Friday,11,Motorway Collision,Daylight,NONE,Property Damage Only,0,0,0,40.014544,-105.258282,0,0,0,0,AT INTERSECTION,1143,2568
-105.253729,40.032823,Police Collision Report,COLLISION W/ MV - SIDE TO SIDE-OPPOSITE DIREC,1804638,2,30TH ST/GLENWOOD DR,30TH ST,CITY ST/CNTY RD,140,S ,2018/04/18 00:00:00+00,2018/04/18 06:21:00+00,2018,4,April,6,4,18,Wednesday,6,Motorway Collision,Dawn or Dusk,NONE,Non-Incapacitating Injury,0,0,1,40.032823,-105.253729,0,0,0,0,NON-INTERSECTION,620,2569
-105.247396,40.005789,Police Collision Report,COLLISION W/ MV - SIDE TO SIDE-OPPOSITE DIREC,1805560,2,36TH ST/MADISON AVE,35TH ST,CITY ST/CNTY RD,200,N ,2018/05/07 00:00:00+00,2018/05/07 15:32:00+00,2018,5,May,15,2,7,Monday,15,Motorway Collision,Daylight,NONE,Property Damage Only,0,0,0,40.005789,-105.247396,0,0,0,0,NON-INTERSECTION,1532,2570
-105.267763,40.003446,Police Collision Report,COLLISION W/ MV - SIDE TO SIDE-OPPOSITE DIREC,1900706,2,20TH ST/BROADWAY,20TH ST,CITY ST/CNTY RD,30,S ,2019/01/21 00:00:00+00,2019/01/21 12:16:00+00,2019,1,January,12,2,21,Monday,12,Motorway Collision,Daylight,NONE,Property Damage Only,0,0,0,40.003446,-105.267763,0,0,0,0,INTERSECTION RELATED,1215,2571
-105.258504,40.020518,Police Collision Report,COLLISION W/ MV - SIDE TO SIDE-OPPOSITE DIREC,1900773,2,28TH ST/WALNUT ST,1906 28TH ST,,     ,  ,2019/01/23 00:00:00+00,2019/01/23 15:28:00+00,2019,1,January,15,4,23,Wednesday,15,Motorway Collision,Daylight,NONE,Property Damage Only,0,0,0,40.020518,-105.258504,0,0,0,0,PARKING LOT,1528,2572
-105.256426,40.020761,Police Collision Report,COLLISION W/ MV - SIDE TO SIDE-OPPOSITE DIREC,1900625,2,WALNUT ST/29TH ST,WALNUT,CITY ST/CNTY RD,     ,  ,2019/01/18 00:00:00+00,2019/01/18 19:40:00+00,2019,1,January,19,6,18,Friday,19,Motorway Collision,Dark - Lighted,NONE,Property Damage Only,0,0,0,40.020761,-105.256426,0,0,0,0,NON-INTERSECTION,1944,2573
-105.279826,40.061027,Police Collision Report,COLLISION W/ MV - SIDE TO SIDE-OPPOSITE DIREC,1900433,2,14TH ST/ZAMIA AVE,ZAMIA AVE,CITY ST/CNTY RD,52,E ,2019/01/14 00:00:00+00,2019/01/14 11:19:00+00,2019,1,January,11,2,14,Monday,11,Motorway Collision,Daylight,NONE,Property Damage Only,0,0,0,40.061027,-105.279826,0,0,0,0,NON-INTERSECTION,1119,2574
-105.281753,40.023219,Police Collision Report,COLLISION W/ MV - SIDE TO SIDE-OPPOSITE DIREC,1900089,2,PORTLAND PL/BROADWAY,BROADWAY,CITY ST/CNTY RD,     ,  ,2019/01/03 00:00:00+00,2019/01/03 15:23:00+00,2019,1,January,15,5,3,Thursday,15,Motorway Collision,Dawn or Dusk,NONE,Property Damage Only,0,0,0,40.023219,-105.281753,0,0,0,0,NON-INTERSECTION,1523,2575
-105.256138,40.014716,Police Collision Report,COLLISION W/ MV - SIDE TO SIDE-OPPOSITE DIREC,1900157,2,1601  29TH ST      ,1601 29TH ST,,     ,  ,2019/01/05 00:00:00+00,2019/01/05 17:13:00+00,2019,1,January,17,7,5,Saturday,17,Motorway Collision,Dawn or Dusk,NONE,Property Damage Only,0,0,0,40.014716,-105.256138,0,0,0,0,PARKING LOT,1713,2576
-105.251185,40.000056,Police Collision Report,COLLISION W/ MV - SIDE TO SIDE-OPPOSITE DIREC,1900332,2,32ND ST/BASELINE RD,BASELINE RD,CITY ST/CNTY RD,500,N ,2019/01/10 00:00:00+00,2019/01/10 18:29:00+00,2019,1,January,18,5,10,Thursday,18,Motorway Collision,Dark - Unlighted,NONE,Property Damage Only,0,0,0,40.000056,-105.251185,0,0,0,0,NON-INTERSECTION,1825,2577
-105.276236,40.058261,Police Collision Report,COLLISION W/ MV - SIDE TO SIDE-OPPOSITE DIREC,1901416,2,AVACADO/PERSIMON,PERSIMON,CITY ST/CNTY RD,195,S ,2019/02/09 00:00:00+00,2019/02/09 11:17:00+00,2019,2,February,11,7,9,Saturday,11,Motorway Collision,Daylight,NONE,Property Damage Only,0,0,0,40.058261,-105.276236,0,0,0,0,NON-INTERSECTION,1117,2578
-105.270864,40.031218,Police Collision Report,COLLISION W/ MV - SIDE TO SIDE-OPPOSITE DIREC,1902856,2,REPPLIER ST/FLORAL DR,FLORAL,CITY ST/CNTY RD,     ,  ,2019/03/18 00:00:00+00,2019/03/18 08:15:00+00,2019,3,March,8,2,18,Monday,8,Motorway Collision,Daylight,NONE,Property Damage Only,0,0,0,40.031218,-105.270864,0,0,0,0,INTERSECTION RELATED,815,2579
-105.284898,40.015828,Police Collision Report,COLLISION W/ MV - SIDE TO SIDE-OPPOSITE DIREC,1813837,2,WALNUT ST/8TH ST,WALNUT ST,CITY ST/CNTY RD,60,E ,2018/10/25 00:00:00+00,2018/10/25 15:13:00+00,2018,10,October,15,5,25,Thursday,15,Motorway Collision,Daylight,NONE,Property Damage Only,0,0,0,40.015828,-105.284898,0,0,0,0,PARKING LOT,1513,2580
-105.259841,40.021992,Police Collision Report,COLLISION W/ MV - SIDE TO SIDE-OPPOSITE DIREC,1814278,2,2685  PEARL ST      ,2685 PEARL ST,,     ,  ,2018/11/03 00:00:00+00,2018/11/03 15:18:00+00,2018,11,November,15,7,3,Saturday,15,Motorway Collision,Daylight,NONE,Property Damage Only,0,0,0,40.021992,-105.259841,0,0,0,0,PARKING LOT,1518,2581
-105.256979,40.009265,Police Collision Report,COLLISION W/ MV - SIDE TO SIDE-OPPOSITE DIREC,1814641,2,2895  SPRINGDALE LN      ,2895 SPRINGDALE LN,,     ,  ,2018/11/13 00:00:00+00,2018/11/13 14:29:00+00,2018,11,November,14,3,13,Tuesday,14,Motorway Collision,Daylight,NONE,Property Damage Only,0,0,0,40.009265,-105.256979,0,0,0,0,PARKING LOT,1429,2582
-105.238547,39.979685,Police Collision Report,COLLISION W/ MV - SIDE TO SIDE-OPPOSITE DIREC,1815549,2,TANTRA PARK CIR/W MOORHEAD CIR,W. MOORHEAD CIR,CITY ST/CNTY RD,200,SW,2018/12/06 00:00:00+00,2018/12/06 15:59:00+00,2018,12,December,15,5,6,Thursday,15,Motorway Collision,Dawn or Dusk,NONE,Property Damage Only,0,0,0,39.979685,-105.238547,0,0,0,0,NON-INTERSECTION,1559,2583
-105.273638,40.040606,Police Collision Report,COLLISION W/ MV - SIDE TO SIDE-OPPOSITE DIREC,1815720,2,3650  CATALPA WAY      ,3650 CATALPA WAY,CITY ST/CNTY RD,     ,  ,2018/12/11 00:00:00+00,2018/12/11 06:50:00+00,2018,12,December,6,3,11,Tuesday,6,Motorway Collision,Daylight,NONE,Property Damage Only,0,0,0,40.040606,-105.273638,0,0,0,0,NON-INTERSECTION,650,2584
-105.282812,40.017833,Police Collision Report,COLLISION W/ MV - SIDE TO SIDE-OPPOSITE DIREC,1815293,2,10TH ST/PEARL | SPRUCE ALLEY,10TH ST (ALLEY),,160,E ,2018/11/30 00:00:00+00,2018/11/30 10:36:00+00,2018,11,November,10,6,30,Friday,10,Motorway Collision,Daylight,NONE,Property Damage Only,0,0,0,40.017833,-105.282812,0,0,0,0,PARKING LOT,1036,2585
-105.281804,40.023186,Police Collision Report,COLLISION W/ MV - SIDE TO SIDE-OPPOSITE DIREC,1815900,2,BROADWAY/PORTLAND PL,BROADWAY,CITY ST/CNTY RD,25,N ,2018/12/14 00:00:00+00,2018/12/14 22:21:00+00,2018,12,December,22,6,14,Friday,22,Motorway Collision,Dark - Lighted,NONE,Property Damage Only,0,0,0,40.023186,-105.281804,0,0,0,0,NON-INTERSECTION,2222,2586
-105.251909,39.984144,Police Collision Report,COLLISION W/ MV - SIDE TO SIDE-OPPOSITE DIREC,1809829,2,TABLE MESA DR/STANFORD AVE,STANFORD AVE,CITY ST/CNTY RD,     ,  ,2018/08/06 00:00:00+00,2018/08/06 15:26:00+00,2018,8,August,15,2,6,Monday,15,Motorway Collision,Daylight,NONE,Property Damage Only,0,0,0,39.984144,-105.251909,0,0,0,0,AT INTERSECTION,1526,2587
-105.258484,40.040133,Police Collision Report,COLLISION W/ MV - SIDE TO SIDE-OPPOSITE DIREC,1912519,2,KALMIA AVE/28TH ST,KALMIA AVE,CITY ST/CNTY RD,50,E ,2019/10/20 00:00:00+00,2019/10/20 12:02:00+00,2019,10,October,12,1,20,Sunday,12,Motorway Collision,Daylight,NONE,Property Damage Only,0,0,0,40.040133,-105.258484,0,0,0,0,INTERSECTION RELATED,1201,2588
-105.25371,40.029189,Police Collision Report,COLLISION W/ MV - SIDE TO SIDE-OPPOSITE DIREC,1912691,2,30TH ST/VALMONT RD,30TH,CITY ST/CNTY RD,100,E ,2019/10/24 00:00:00+00,2019/10/24 18:00:00+00,2019,10,October,18,5,24,Thursday,18,Motorway Collision,Dawn or Dusk,NONE,Property Damage Only,0,0,0,40.029189,-105.25371,0,0,0,0,NON-INTERSECTION,1800,2589
-105.201245,40.072777,Police Collision Report,COLLISION W/ MV - SIDE TO SIDE-OPPOSITE DIREC,1913696,2,6550  LOOKOUT RD      ,6550 LOOKOUT ROAD,CITY ST/CNTY RD,     ,  ,2019/11/18 00:00:00+00,2019/11/18 00:00:00+00,2019,11,November,0,2,18,Monday,0,Motorway Collision,Daylight,NONE,Property Damage Only,0,0,0,40.072777,-105.201245,0,0,0,0,PARKING LOT,1430,2590
-105.256445,40.020724,Police Collision Report,COLLISION W/ MV - SIDE TO SIDE-OPPOSITE DIREC,2009958,2,29TH ST/WALNUT ST,WALNUT STREET,,     ,  ,2020/10/17 00:00:00+00,2020/10/17 15:17:00+00,2020,10,October,15,7,17,Saturday,15,Motorway Collision,Daylight,NONE,Property Damage Only,0,0,0,40.020724,-105.256445,0,0,0,0,DRIVEWAY ACCESS RELATED,1500,2591
-105.286604,40.005419,Police Collision Report,COLLISION W/ MV - SIDE TO SIDE-OPPOSITE DIREC,2010919,2,ROSE HILL DR/EUCLID AVE,EUCLID AVE,CITY ST/CNTY RD,36,N ,2020/11/16 00:00:00+00,2020/11/16 23:15:00+00,2020,11,November,23,2,16,Monday,23,Motorway Collision,Dark - Unlighted,NONE,Property Damage Only,0,0,0,40.005419,-105.286604,0,0,0,0,NON-INTERSECTION,2315,2592
-105.252409,39.997143,Police Collision Report,COLLISION W/ MV - SIDE TO SIDE-OPPOSITE DIREC,2100911,2,500   30TH ST      ,BASELINE RD,CITY ST/CNTY RD,810,S ,2021/01/29 22:50:00+00,2021/01/29 22:50:00+00,2021,1,January,22,6,29,Friday,22,Motorway Collision,Dark - Lighted,NONE,Possible injury,0,0,0,39.997143,-105.252409,1,1,0,0,NON-INTERSECTION,2250,2593
-105.28219,40.010458,Police Collision Report,COLLISION W/ MV - SIDE TO SIDE-OPPOSITE DIREC,2100483,2,904   UNIVERSITY AVE      ,CHAMPION ALLEY,CITY ST/CNTY RD,25,E ,2021/01/16 00:00:00+00,2021/01/16 17:40:00+00,2021,1,January,17,7,16,Saturday,17,Motorway Collision,Dark - Unlighted,NONE,Property Damage Only,0,0,0,40.010458,-105.28219,0,0,0,0,CROSSOVER-RELATED,1740,2594
-105.282158,40.056301,Police Collision Report,COLLISION W/ MV - SIDE TO SIDE-OPPOSITE DIREC,2012067,2,BROADWAY/ROSEWOOD AVE,ROSEWOOD AVE,CITY ST/CNTY RD,     ,  ,2020/12/29 00:00:00+00,2020/12/29 16:18:00+00,2020,12,December,16,3,29,Tuesday,16,Motorway Collision,Dawn or Dusk,NONE,Property Damage Only,0,0,0,40.056301,-105.282158,0,0,0,0,AT INTERSECTION,1618,2595
-105.25836,40.021501,Police Collision Report,COLLISION W/ MV - SIDE TO SIDE-OPPOSITE DIREC,2011835,2,1955  28TH ST      ,1955 28TH ST PARKING LOT,,     ,  ,2020/12/18 00:00:00+00,2020/12/19 00:00:00+00,2020,12,December,0,7,19,Saturday,0,Motorway Collision,Dark - Lighted,NONE,Property Damage Only,0,0,0,40.021501,-105.25836,0,0,0,0,PARKING LOT,1623,2596
-105.251133,40.029174,Police Collision Report,COLLISION W/ MV - SIDE TO SIDE-OPPOSITE DIREC,2011410,2,3200  VALMONT RD BLK    ,VALMONT RD,CITY ST/CNTY RD,450,E ,2020/12/04 17:57:59+00,2020/12/04 17:58:00+00,2020,12,December,17,6,4,Friday,17,Motorway Collision,Dark - Lighted,NONE,Property Damage Only,0,0,0,40.029174,-105.251133,1,1,0,0,NON-INTERSECTION,1757,2597
-105.281985,40.007299,Police Collision Report,COLLISION W/ MV - SIDE TO SIDE-OPPOSITE DIREC,2007049,2,COLLEGE AVE/9TH ST,9TH STREET,CITY ST/CNTY RD,     ,  ,2020/07/29 00:00:00+00,2020/07/29 14:43:00+00,2020,7,July,14,4,29,Wednesday,14,Motorway Collision,Daylight,NONE,Property Damage Only,0,0,0,40.007299,-105.281985,0,0,0,0,AT INTERSECTION,1443,2598
-105.263243,40.033153,Police Collision Report,COLLISION W/ MV - SIDE TO SIDE-OPPOSITE DIREC,2008444,2,FOLSOM ST/GLENWOOD DR,GLENWOOD DR,CITY ST/CNTY RD,15,E ,2020/09/04 00:00:00+00,2020/09/04 16:18:00+00,2020,9,September,16,6,4,Friday,16,Motorway Collision,Daylight,NONE,Property Damage Only,0,0,0,40.033153,-105.263243,0,0,0,0,INTERSECTION RELATED,1620,2599
-105.275002,40.007245,Police Collision Report,COLLISION W/ MV - SIDE TO SIDE-OPPOSITE DIREC,2008449,2,14TH ST/COLLEGE AVE,14TH ST,CITY ST/CNTY RD,119,S ,2020/09/04 00:00:00+00,2020/09/04 15:47:00+00,2020,9,September,15,6,4,Friday,15,Motorway Collision,Dark - Unlighted,NONE,Property Damage Only,0,0,0,40.007245,-105.275002,0,0,0,0,NON-INTERSECTION,336,2600