X,Y,ReportType,PrmaryCollsionType,CaseNumber,UnitsInvolved,Location,OnHighway,CrossStreet,FeetFromIntersection,DirectionFromIntersection,CollisionDate,ReportedDate,ReportedYear,ReportedMonth,ReportedMonthName,ReportedWeek,ReportedDayofWeekNum,ReportedDayofMonth,ReportedDayofWeek,ReportedHour,HitAndRunStatus,LightingCondition,WeatherCondition,Severity,NumKilled,NumSeriouslyInjured,NumInjuredOrKilled,Lat,Lon,DUI,AlcoholDrugSuspected,BicyclesInvolved,PedestriansInvolved,RoadDescription,Crash_Time,ESRI_OID
-105.216135,40.061823,Police Collision Report,COLLISION W/ MV - SIDE TO SIDE-OPPOSITE DIREC,2008804,2,GUNBARREL AVE/SPINE RD,GUNBARREL AVE,CITY ST/CNTY RD,269,E ,2020/09/14 00:00:00+00,2020/09/14 17:44:00+00,2020,9,September,17,2,14,Monday,17,Motorway Collision,Daylight,NONE,Property Damage Only,0,0,0,40.061823,-105.216135,0,0,0,0,INTERSECTION RELATED,1745,2601
-105.282097,40.025514,Police Collision Report,COLLISION W/ MV - SIDE TO SIDE-OPPOSITE DIREC,2005121,2,BROADWAY/ALPINE AVE,ALPINE AVE,CITY ST/CNTY RD,15,W ,2020/06/01 00:00:00+00,2020/06/01 12:24:00+00,2020,6,June,12,2,1,Monday,12,Motorway Collision,Daylight,NONE,Property Damage Only,0,0,0,40.025514,-105.282097,0,0,0,0,INTERSECTION RELATED,1224,2602
-105.251865,39.972689,Police Collision Report,COLLISION W/ MV - SIDE TO SIDE-OPPOSITE DIREC,2004813,2,GILLASPIE DR/HEIDELBERG DR,GILLASPIE DR,,33,S ,2020/05/23 00:00:00+00,2020/05/23 23:59:00+00,2020,5,May,23,7,23,Saturday,23,Motorway Collision,Dark - Unlighted,NONE,Property Damage Only,0,0,0,39.972689,-105.251865,0,0,0,0,NON-INTERSECTION,2359,2603
-105.279866,40.061877,Police Collision Report,COLLISION W/ MV - SIDE TO SIDE-OPPOSITE DIREC,2004346,2,14TH ST/LEE HILL DR,14TH ST,CITY ST/CNTY RD,56,S ,2020/05/09 00:00:00+00,2020/05/09 17:43:00+00,2020,5,May,17,7,9,Saturday,17,Motorway Collision,Daylight,NONE,Property Damage Only,0,0,0,40.061877,-105.279866,0,0,0,0,NON-INTERSECTION,1730,2604
-105.258482,40.036463,Police Collision Report,COLLISION W/ MV - SIDE TO SIDE-OPPOSITE DIREC,2003089,2,28TH ST/IRIS AVE,28TH STREET,STATE HWY,     ,  ,2020/03/22 00:00:00+00,2020/03/22 21:20:00+00,2020,3,March,21,1,22,Sunday,21,Motorway Collision,Dark - Lighted,NONE,Property Damage Only,0,0,0,40.036463,-105.258482,0,0,0,0,AT INTERSECTION,2132,2605
-105.235207,39.999986,Police Collision Report,COLLISION W/ MV - SIDE TO SIDE-OPPOSITE DIREC,2003942,2,4800  BASELINE RD      ,,,     ,  ,2020/04/26 00:00:00+00,2020/04/26 08:43:00+00,2020,4,April,8,1,26,Sunday,8,Motorway Collision,Daylight,NONE,Property Damage Only,0,0,0,39.999986,-105.235207,0,0,0,0,PARKING LOT,824,2606
-105.279657,40.016862,Police Collision Report,COLLISION W/ MV - SIDE TO SIDE-OPPOSITE DIREC,2006302,2,BROADWAY/WALNUT ST,BROADWAY ST.,CITY ST/CNTY RD,30,N ,2020/07/07 00:00:00+00,2020/07/07 10:20:00+00,2020,7,July,10,3,7,Tuesday,10,Motorway Collision,Daylight,NONE,Property Damage Only,0,0,0,40.016862,-105.279657,0,0,0,0,INTERSECTION RELATED,1022,2607
-105.2445,39.985824,Police Collision Report,COLLISION W/ MV - SIDE TO SIDE-OPPOSITE DIREC,2006456,2,S 43RD ST/TABLE MESA DR,TABLE MESA,CITY ST/CNTY RD,78,W ,2020/07/12 00:00:00+00,2020/07/12 15:03:00+00,2020,7,July,15,1,12,Sunday,15,Motorway Collision,Daylight,NONE,Incapacitating Injury,0,1,1,39.985824,-105.2445,0,0,0,0,NON-INTERSECTION,1503,2608
-105.28387,40.020544,Police Collision Report,COLLISION W/ MV - SIDE TO SIDE-OPPOSITE DIREC,2108978,2,1020  MAPLETON AVE      ,MAPLETON AVE,CITY ST/CNTY RD,     ,E ,2021/09/21 00:00:00+00,2021/09/21 08:54:00+00,2021,9,September,8,3,21,Tuesday,8,Motorway Collision,Daylight,NONE,Property Damage Only,0,0,0,40.020544,-105.28387,1,1,0,0,NON-INTERSECTION,855,2609
-105.261628,40.014585,Police Collision Report,COLLISION W/ MV - SIDE TO SIDE-OPPOSITE DIREC,2106074,2,2525  ARAPAHOE AVE      ,2525 ARAPAHOE AVE,,     ,  ,2021/07/13 00:00:00+00,2021/07/13 17:53:00+00,2021,7,July,17,3,13,Tuesday,17,Motorway Collision,,NONE,Property Damage Only,0,0,0,40.014585,-105.261628,0,0,0,0,PARKING LOT,1753,2610
-105.250003,40.028314,Police Collision Report,COLLISION W/ MV - SIDE TO SIDE-OPPOSITE DIREC,2105079,2,34TH ST/MEREDITH ST,34TH ST,CITY ST/CNTY RD,     ,N ,2021/06/15 00:00:00+00,2021/06/15 13:48:00+00,2021,6,June,13,3,15,Tuesday,13,Motorway Collision,Daylight,NONE,Property Damage Only,0,0,0,40.028314,-105.250003,0,0,0,0,INTERSECTION RELATED,1348,2611
-105.277469,40.009438,Police Collision Report,COLLISION W/ MV - SIDE TO SIDE-OPPOSITE DIREC,2103664,3,12TH ST/PLEASANT ST,PLEASANT ST,CITY ST/CNTY RD,     ,  ,2021/05/05 00:00:00+00,2021/05/05 20:10:00+00,2021,5,May,20,4,5,Wednesday,20,Motorway Collision,Dark - Lighted,NONE,Property Damage Only,0,0,0,40.009438,-105.277469,0,0,0,0,AT INTERSECTION,2009,2612
-105.285515,40.011704,Police Collision Report,COLLISION W/ MV - SIDE TO SIDE-OPPOSITE DIREC,2103284,3,705   MARINE ST      ,7TH ST,CITY ST/CNTY RD,     ,N ,2021/04/24 01:58:00+00,2021/04/24 01:58:00+00,2021,4,April,1,7,24,Saturday,1,Motorway Collision,Dark - Unlighted,NONE,Property Damage Only,0,0,0,40.011704,-105.285515,1,1,0,0,NON-INTERSECTION,158,2613
-105.274999,40.005452,Police Collision Report,COLLISION W/ MV - SIDE TO SIDE-OPPOSITE DIREC,2102646,2,14TH ST/EUCLID AVE,EUCLID,CITY ST/CNTY RD,     ,W ,2021/04/01 22:43:59+00,2021/04/01 22:44:00+00,2021,4,April,22,5,1,Thursday,22,Motorway Collision,Dark - Lighted,NONE,Property Damage Only,0,0,0,40.005452,-105.274999,1,1,0,0,NON-INTERSECTION,2244,2614
-105.271292,40.00367,Police Collision Report,COLLISION W/ MV - SIDE TO SIDE-OPPOSITE DIREC,2101430,2,17TH ST/AURORA AVE,17TH STREET,CITY ST/CNTY RD,80,N ,2021/02/01 00:00:00+00,2021/02/18 08:18:00+00,2021,2,February,8,5,18,Thursday,8,Motorway Collision,Daylight,NONE,Property Damage Only,0,0,0,40.00367,-105.271292,0,0,0,0,NON-INTERSECTION,818,2615
-105.26379,40.000067,Police Collision Report,COLLISION W/ MV - SIDE TO SIDE-OPPOSITE DIREC,2101772,2,BROADWAY/BASELINE RD,BASELINE RD,CITY ST/CNTY RD,     ,  ,2021/03/01 00:00:00+00,2021/03/01 20:44:00+00,2021,3,March,20,2,1,Monday,20,Motorway Collision,Dark - Lighted,NONE,Property Damage Only,0,0,0,40.000067,-105.26379,0,0,0,0,AT INTERSECTION,2044,2616
-105.281937,40.00004,Police Collision Report,COLLISION W/ OTHER VEH - PARKED MV,2101737,4,900   BASELINE RD      ,900 BASELINE RD,,     ,  ,2021/02/28 10:06:59+00,2021/02/28 10:07:00+00,2021,2,February,10,1,28,Sunday,10,Motorway Collision,Daylight,NONE,Property Damage Only,0,0,0,40.00004,-105.281937,1,1,0,0,PARKING LOT,1007,2617
-105.281092,40.000095,Police Collision Report,COLLISION W/ OTHER VEH - PARKED MV,2101739,2,BASELINE RD/LINCOLN PL,BASELINE RD,CITY ST/CNTY RD,50,W ,2021/02/28 00:00:00+00,2021/02/28 14:49:00+00,2021,2,February,14,1,28,Sunday,14,Motorway Collision,Daylight,NONE,Property Damage Only,0,0,0,40.000095,-105.281092,0,0,0,0,NON-INTERSECTION,1449,2618
-105.282122,40.048009,Police Collision Report,COLLISION W/ MV - SIDE TO SIDE-SAME DIRECTION,2206638,2,BROADWAY/QUINCE AVE,BROADWAY,CITY ST/CNTY RD,     ,S ,2022/07/13 00:00:00+00,2022/07/13 13:45:00+00,2022,7,July,13,4,13,Wednesday,13,Motorway Collision,Daylight,NONE,Property Damage Only,0,0,0,40.048009,-105.282122,0,0,0,0,INTERSECTION RELATED,1317,2619
-105.283202,40.015101,Police Collision Report,COLLISION W/ MV - SIDE TO SIDE-SAME DIRECTION,2206548,2,9TH ST/CANYON BLVD,9TH ST,CITY ST/CNTY RD,     ,N ,2022/07/11 00:00:00+00,2022/07/11 13:32:00+00,2022,7,July,13,2,11,Monday,13,Motorway Collision,Daylight,NONE,Property Damage Only,0,0,0,40.015101,-105.283202,0,0,0,0,NON-INTERSECTION,1332,2620
-105.24066,40.014698,Police Collision Report,COLLISION W/ MV - SIDE TO SIDE-SAME DIRECTION,2206944,2,FOOTHILLS PKWY/ARAPAHOE AVE,ARAPAHOE AVE,STATE HWY,     ,  ,2022/07/21 00:00:00+00,2022/07/22 00:00:00+00,2022,7,July,0,6,22,Friday,0,Motorway Collision,Daylight,NONE,Property Damage Only,0,0,0,40.014698,-105.24066,0,0,0,0,AT INTERSECTION,1713,2621
-105.258436,40.029101,Police Collision Report,COLLISION W/ MV - SIDE TO SIDE-SAME DIRECTION,2206856,2,28TH ST/VALMONT RD,28TH ST,CITY ST/CNTY RD,     ,N ,2022/07/19 00:00:00+00,2022/07/19 18:24:00+00,2022,7,July,18,3,19,Tuesday,18,Motorway Collision,Daylight,NONE,Property Damage Only,0,0,0,40.029101,-105.258436,0,0,0,0,DRIVEWAY ACCESS RELATED,1824,2622
-105.282131,40.061857,Police Collision Report,COLLISION W/ MV - SIDE TO SIDE-SAME DIRECTION,2206897,2,LEE HILL DR/BROADWAY,LEE HILL DR,CITY ST/CNTY RD,     ,W ,2022/07/20 00:00:00+00,2022/07/20 13:44:00+00,2022,7,July,13,4,20,Wednesday,13,Motorway Collision,Daylight,NONE,Property Damage Only,0,0,0,40.061857,-105.282131,0,0,0,0,NON-INTERSECTION,1344,2623
-105.25505,39.981565,Police Collision Report,COLLISION W/ MV - SIDE TO SIDE-SAME DIRECTION,2207083,2,YALE RD/TABLE MESA DR,YALE RD,CITY ST/CNTY RD,     ,  ,2022/07/26 00:00:00+00,2022/07/26 11:50:00+00,2022,7,July,11,3,26,Tuesday,11,Motorway Collision,Daylight,NONE,Property Damage Only,0,0,0,39.981565,-105.25505,0,0,0,0,AT INTERSECTION,1150,2624
-105.280971,40.016592,Police Collision Report,COLLISION W/ MV - SIDE TO SIDE-SAME DIRECTION,2207008,2,11TH ST/WALNUT ST,WALNUT ST,CITY ST/CNTY RD,     ,W ,2022/07/23 00:00:00+00,2022/07/27 00:00:00+00,2022,7,July,0,4,27,Wednesday,0,Motorway Collision,Daylight,NONE,Property Damage Only,0,0,0,40.016592,-105.280971,0,0,0,0,NON-INTERSECTION,1430,2625
-105.258322,40.020492,Police Collision Report,COLLISION W/ MV - SIDE TO SIDE-SAME DIRECTION,2206968,2,WALNUT ST/28TH ST,28TH STREET,STATE HWY,     ,N ,2022/07/22 00:00:00+00,2022/07/22 13:45:00+00,2022,7,July,13,6,22,Friday,13,Motorway Collision,Daylight,NONE,Property Damage Only,0,0,0,40.020492,-105.258322,0,0,0,0,INTERSECTION RELATED,1345,2626
-105.248441,39.984074,Police Collision Report,COLLISION W/ MV - SIDE TO SIDE-SAME DIRECTION,2206970,2,695   S BROADWAYS      ,695 S. BROADWAY,,     ,  ,2022/07/22 00:00:00+00,2022/07/22 14:20:00+00,2022,7,July,14,6,22,Friday,14,Motorway Collision,Daylight,NONE,Property Damage Only,0,0,0,39.984074,-105.248441,0,0,0,0,PARKING LOT,1420,2627
-105.225389,40.00011,Police Collision Report,COLLISION W/ MV - SIDE TO SIDE-SAME DIRECTION,2210233,2,55TH ST/BASELINE RD,55TH ST,CITY ST/CNTY RD,     ,S ,2022/10/12 00:00:00+00,2022/10/12 06:02:00+00,2022,10,October,6,4,12,Wednesday,6,Motorway Collision,Dawn or Dusk,NONE,Property Damage Only,0,0,0,40.00011,-105.225389,0,0,0,0,NON-INTERSECTION,600,2628
-105.238763,39.980162,Police Collision Report,COLLISION W/ MV - SIDE TO SIDE-SAME DIRECTION,2208670,2,W MOORHEAD CIR/TANTRA PARK CIR,W MOORHEAD CIR,CITY ST/CNTY RD,     ,S ,2022/09/01 00:00:00+00,2022/09/01 10:32:00+00,2022,9,September,10,5,1,Thursday,10,Motorway Collision,Daylight,NONE,Property Damage Only,0,0,0,39.980162,-105.238763,0,0,0,0,NON-INTERSECTION,1032,2629
-105.244815,40.02287,Police Collision Report,COLLISION W/ MV - SIDE TO SIDE-SAME DIRECTION,2208727,2,FOOTHILLS PKWY/PEARL PKWY,FOOTHILLS PARKWAY,STATE HWY,     ,  ,2022/09/02 00:00:00+00,2022/09/02 10:51:00+00,2022,9,September,10,6,2,Friday,10,Motorway Collision,Daylight,NONE,Property Damage Only,0,0,0,40.02287,-105.244815,0,0,0,0,CROSSOVER-RELATED,1051,2630
-105.27169,40.014591,Police Collision Report,COLLISION W/ MV - SIDE TO SIDE-SAME DIRECTION,2208588,3,18TH ST/ARAPAHOE AVE,18TH STREET,CITY ST/CNTY RD,     ,N ,2022/08/30 00:00:00+00,2022/08/30 12:44:00+00,2022,8,August,12,3,30,Tuesday,12,Motorway Collision,Daylight,NONE,Property Damage Only,0,0,0,40.014591,-105.27169,0,0,0,0,INTERSECTION RELATED,1244,2631
-105.259245,40.000404,Police Collision Report,COLLISION W/ MV - SIDE TO SIDE-SAME DIRECTION,2208634,2,2690  BASELINE RD      ,2690 BASELINE ROAD,,     ,  ,2022/08/31 00:00:00+00,2022/08/31 11:58:00+00,2022,8,August,11,4,31,Wednesday,11,Motorway Collision,Daylight,NONE,Property Damage Only,0,0,0,40.000404,-105.259245,0,0,0,0,PARKING LOT,1158,2632
-105.282164,40.057843,Police Collision Report,COLLISION W/ MV - SIDE TO SIDE-SAME DIRECTION,2208458,2,4593  BROADWAY      ,4593 BROADWAY,,     ,  ,2022/08/27 00:00:00+00,2022/08/27 14:23:00+00,2022,8,August,14,7,27,Saturday,14,Motorway Collision,Daylight,NONE,Property Damage Only,0,0,0,40.057843,-105.282164,0,0,0,0,PARKING LOT,1423,2633
-105.274674,40.007207,Police Collision Report,COLLISION W/ MV - SIDE TO SIDE-SAME DIRECTION,2207266,2,BROADWAY/COLLEGE AVE,BROADWAY,STATE HWY,     ,S ,2022/07/31 00:00:00+00,2022/07/31 13:11:00+00,2022,7,July,13,1,31,Sunday,13,Motorway Collision,Daylight,NONE,Property Damage Only,0,0,0,40.007207,-105.274674,0,0,0,0,INTERSECTION RELATED,1311,2634
-105.274674,40.007207,Police Collision Report,COLLISION W/ MV - SIDE TO SIDE-SAME DIRECTION,2207322,2,BROADWAY/COLLEGE AVE,BROADWAY,STATE HWY,     ,N ,2022/08/02 00:00:00+00,2022/08/02 08:09:00+00,2022,8,August,8,3,2,Tuesday,8,Motorway Collision,Daylight,NONE,Property Damage Only,0,0,0,40.007207,-105.274674,0,0,0,0,NON-INTERSECTION,809,2635
-105.274674,40.007207,Police Collision Report,COLLISION W/ MV - SIDE TO SIDE-SAME DIRECTION,2207209,2,BROADWAY/COLLEGE AVE,BROADWAY,STATE HWY,     ,  ,2022/07/29 00:00:00+00,2022/07/29 16:32:00+00,2022,7,July,16,6,29,Friday,16,Motorway Collision,Daylight,NONE,Property Damage Only,0,0,0,40.007207,-105.274674,0,0,0,0,INTERSECTION RELATED,1629,2636
-105.259159,39.99378,Police Collision Report,COLLISION W/ MV - SIDE TO SIDE-SAME DIRECTION,2207391,2,S BROADWAY/RAYLEIGH RD,BROADWAY,STATE HWY,     ,N ,2022/08/03 00:00:00+00,2022/08/03 15:08:00+00,2022,8,August,15,4,3,Wednesday,15,Motorway Collision,Daylight,NONE,Property Damage Only,0,0,0,39.99378,-105.259159,0,0,0,0,INTERSECTION RELATED,1500,2637
-105.258468,40.032817,Police Collision Report,COLLISION W/ MV - SIDE TO SIDE-SAME DIRECTION,2207431,2,28TH ST/GLENWOOD DR,28TH ST,STATE HWY,     ,  ,2022/08/04 00:00:00+00,2022/08/04 17:33:00+00,2022,8,August,17,5,4,Thursday,17,Motorway Collision,Daylight,NONE,Property Damage Only,0,0,0,40.032817,-105.258468,0,0,0,0,AT INTERSECTION,1730,2638
-105.258574,40.044903,Police Collision Report,COLLISION W/ MV - SIDE TO SIDE-SAME DIRECTION,2207497,2,3875  28TH ST      ,3875 28TH ST,,     ,  ,2022/08/06 00:00:00+00,2022/08/06 11:32:00+00,2022,8,August,11,7,6,Saturday,11,Motorway Collision,Daylight,NONE,Property Damage Only,0,0,0,40.044903,-105.258574,0,0,0,0,PARKING LOT,1133,2639
-105.253122,40.000893,Police Collision Report,COLLISION W/ MV - SIDE TO SIDE-SAME DIRECTION,2208036,2,30TH ST/CANYON CREEK RD,30TH ST,CITY ST/CNTY RD,     ,S ,2022/08/19 00:00:00+00,2022/08/19 15:01:00+00,2022,8,August,15,6,19,Friday,15,Motorway Collision,Daylight,NONE,Property Damage Only,0,0,0,40.000893,-105.253122,0,0,0,0,INTERSECTION RELATED,1500,2640
-105.249911,39.985461,Police Collision Report,COLLISION W/ MV - SIDE TO SIDE-SAME DIRECTION,2207976,2,TABLE MESA DR/S BROADWAY,TABLE MESA,STATE HWY,     ,E ,2022/08/18 00:00:00+00,2022/08/18 15:35:00+00,2022,8,August,15,5,18,Thursday,15,Motorway Collision,Daylight,NONE,Property Damage Only,0,0,0,39.985461,-105.249911,0,0,0,0,AT INTERSECTION,1534,2641
-105.291912,40.016474,Police Collision Report,COLLISION W/ MV - SIDE TO SIDE-SAME DIRECTION,2208173,2,300   SPRUCE ST      ,30TH ST,CITY ST/CNTY RD,     ,S ,2022/08/22 00:00:00+00,2022/08/22 07:53:00+00,2022,8,August,7,2,22,Monday,7,Motorway Collision,Daylight,NONE,Property Damage Only,0,0,0,40.016474,-105.291912,0,0,0,0,INTERSECTION RELATED,753,2642
-105.246518,40.014484,Police Collision Report,COLLISION W/ MV - SIDE TO SIDE-SAME DIRECTION,2208278,2,ARAPAHOE AVE/MARINE ST,ARAPAHOE AVE,STATE HWY,     ,E ,2022/08/24 00:00:00+00,2022/08/24 12:28:00+00,2022,8,August,12,4,24,Wednesday,12,Motorway Collision,Daylight,NONE,Property Damage Only,0,0,0,40.014484,-105.246518,0,0,0,0,NON-INTERSECTION,1228,2643
-105.261674,40.029203,Police Collision Report,COLLISION W/ MV - SIDE TO SIDE-SAME DIRECTION,2207834,2,VALMONT RD/LITTLELEAF LN,VALMONT RD,CITY ST/CNTY RD,     ,E ,2022/08/15 00:00:00+00,2022/08/15 12:56:00+00,2022,8,August,12,2,15,Monday,12,Motorway Collision,Daylight,NONE,Possible injury,0,0,0,40.029203,-105.261674,0,0,0,1,NON-INTERSECTION,1256,2644
-105.244862,40.029223,Police Collision Report,COLLISION W/ MV - SIDE TO SIDE-SAME DIRECTION,2207643,2,FOOTHILLS PKWY/VALMONT RD,FOOTHILLS PARKWAY,STATE HWY,     ,S ,2022/08/10 00:00:00+00,2022/08/10 11:54:00+00,2022,8,August,11,4,10,Wednesday,11,Motorway Collision,Daylight,NONE,Property Damage Only,0,0,0,40.029223,-105.244862,0,0,0,0,NON-INTERSECTION,1154,2645
-105.284852,40.015809,Police Collision Report,COLLISION W/ MV - SIDE TO SIDE-SAME DIRECTION,2207664,2,8TH ST/WALNUT ST,8TH ST,CITY ST/CNTY RD,     ,N ,2022/08/10 00:00:00+00,2022/08/10 18:55:00+00,2022,8,August,18,4,10,Wednesday,18,Motorway Collision,Daylight,NONE,Property Damage Only,0,0,0,40.015809,-105.284852,0,0,0,0,NON-INTERSECTION,1830,2646
-105.199488,40.072818,Police Collision Report,COLLISION W/ MV - SIDE TO SIDE-SAME DIRECTION,2207245,2,LOOKOUT RD/GUNBARREL CENTER CT,LOOK OUT RD,INTERSTATE,     ,  ,2022/07/30 00:00:00+00,2022/07/30 00:00:00+00,2022,7,July,0,7,30,Saturday,0,Motorway Collision,Dawn or Dusk,NONE,Property Damage Only,0,0,0,40.072818,-105.199488,0,1,0,0,NON-INTERSECTION,2100,2647
-105.215716,40.014636,Police Collision Report,COLLISION W/ MV - SIDE TO SIDE-OPPOSITE DIREC,2207227,2,ARAPAHOE AVE/OLD TALE RD,ARAPAHOE RD,STATE HWY,     ,  ,2022/07/30 00:00:00+00,2022/07/30 07:53:00+00,2022,7,July,7,7,30,Saturday,7,Motorway Collision,Daylight,NONE,Non-Incapacitating Injury,0,0,1,40.014636,-105.215716,0,0,0,0,AT INTERSECTION,753,2648
-105.250152,40.018236,Police Collision Report,COLLISION W/ MV - SIDE TO SIDE-OPPOSITE DIREC,2207132,2,1805  33RD ST      ,1805 33RD ST,,     ,  ,2022/07/27 00:00:00+00,2022/07/27 10:54:00+00,2022,7,July,10,4,27,Wednesday,10,Motorway Collision,Daylight,NONE,Property Damage Only,0,0,0,40.018236,-105.250152,0,0,0,0,PARKING LOT,1050,2649
-105.258373,40.003731,Police Collision Report,COLLISION W/ MV - SIDE TO SIDE-OPPOSITE DIREC,2209005,2,899   28TH FRONTAGE RD/E AURORA AVE      ,E AURORA AVE,CITY ST/CNTY RD,     ,E ,2022/09/08 00:00:00+00,2022/09/08 00:00:00+00,2022,9,September,0,5,8,Thursday,0,Motorway Collision,Daylight,NONE,Possible injury,0,0,0,40.003731,-105.258373,0,0,0,0,DRIVEWAY ACCESS RELATED,1648,2650
-105.277436,40.00733,Police Collision Report,COLLISION W/ MV - SIDE TO SIDE-OPPOSITE DIREC,2208369,2,COLLEGE AVE/12TH ST,COLLEGE AVE,CITY ST/CNTY RD,     ,  ,2022/08/26 01:51:59+00,2022/08/26 01:52:00+00,2022,8,August,1,6,26,Friday,1,Motorway Collision,Dark - Unlighted,NONE,Non-Incapacitating Injury,0,0,1,40.00733,-105.277436,1,1,0,0,AT INTERSECTION,152,2651
-105.229072,39.985905,Police Collision Report,COLLISION W/ MV - SIDE TO SIDE-OPPOSITE DIREC,2209354,2,SOUTH BOULDER CIR/MANHATTAN CIR,S BOULDER RD,CITY ST/CNTY RD,     ,  ,2022/09/17 00:00:00+00,2022/09/17 16:58:00+00,2022,9,September,16,7,17,Saturday,16,Motorway Collision,Daylight,NONE,Incapacitating Injury,0,1,2,39.985905,-105.229072,0,0,0,0,AT INTERSECTION,1648,2652
-105.270864,40.031218,Police Collision Report,COLLISION W/ MV - SIDE TO SIDE-OPPOSITE DIREC,2209474,2,REPPLIER ST/FLORAL DR,REPPLIER STREET,CITY ST/CNTY RD,     ,N ,2022/09/21 00:00:00+00,2022/09/21 09:14:00+00,2022,9,September,9,4,21,Wednesday,9,Motorway Collision,Daylight,NONE,Property Damage Only,0,0,0,40.031218,-105.270864,0,0,0,0,DRIVEWAY ACCESS RELATED,904,2653
-105.274647,40.014608,Police Collision Report,COLLISION W/ MV - SIDE TO SIDE-OPPOSITE DIREC,2204280,2,ARAPAHOE AVE/15TH ST,ARAPAHOE,CITY ST/CNTY RD,     ,  ,2022/05/07 00:00:00+00,2022/05/07 12:16:00+00,2022,5,May,12,7,7,Saturday,12,Motorway Collision,Daylight,NONE,Property Damage Only,0,0,0,40.014608,-105.274647,0,0,0,0,AT INTERSECTION,1216,2654
-105.283214,40.014969,Police Collision Report,COLLISION W/ MV - SIDE TO SIDE-SAME DIRECTION,2209826,2,CANYON BLVD/9TH ST,CANYON BLVD,STATE HWY,     ,E ,2022/09/30 00:00:00+00,2022/09/30 12:39:00+00,2022,9,September,12,6,30,Friday,12,Motorway Collision,Daylight,NONE,Property Damage Only,0,0,0,40.014969,-105.283214,0,0,0,0,INTERSECTION RELATED,1239,2655
-105.281804,40.023186,Police Collision Report,COLLISION W/ MV - SIDE TO SIDE-SAME DIRECTION,2209889,2,BROADWAY/PORTLAND PL,BROADWAY,CITY ST/CNTY RD,     ,  ,2022/10/02 00:00:00+00,2022/10/02 12:58:00+00,2022,10,October,12,1,2,Sunday,12,Motorway Collision,Daylight,NONE,Possible injury,0,0,0,40.023186,-105.281804,0,0,0,0,NON-INTERSECTION,1258,2656
-105.256668,40.000069,Police Collision Report,COLLISION W/ MV - SIDE TO SIDE-SAME DIRECTION,2209614,3,HWY 36 WB ON RP @ BASELINE EB/BASELINE RD,US 36,STATE HWY,     ,W ,2022/09/24 00:00:00+00,2022/09/24 15:24:00+00,2022,9,September,15,7,24,Saturday,15,Motorway Collision,Daylight,NONE,Incapacitating Injury,0,1,1,40.000069,-105.256668,0,0,0,0,NON-INTERSECTION,1524,2657
-105.258272,40.017365,Police Collision Report,COLLISION W/ MV - SIDE TO SIDE-SAME DIRECTION,2209714,2,CANYON BLVD/28TH ST,28TH ST,STATE HWY,     ,N ,2022/09/27 00:00:00+00,2022/09/27 17:29:00+00,2022,9,September,17,3,27,Tuesday,17,Motorway Collision,Daylight,NONE,Property Damage Only,0,0,0,40.017365,-105.258272,0,0,0,0,NON-INTERSECTION,1729,2658
-105.273586,40.014585,Police Collision Report,COLLISION W/ MV - SIDE TO SIDE-SAME DIRECTION,2209217,2,1500  16TH ST      ,16TH ST,CITY ST/CNTY RD,     ,S ,2022/09/14 00:00:00+00,2022/09/14 10:27:00+00,2022,9,September,10,4,14,Wednesday,10,Motorway Collision,Daylight,NONE,Property Damage Only,0,0,0,40.014585,-105.273586,0,0,0,0,ALLEY RELATED,1213,2659
-105.274674,40.007207,Police Collision Report,COLLISION W/ MV - SIDE TO SIDE-SAME DIRECTION,2209741,2,BROADWAY/COLLEGE AVE,BROADWAY,STATE HWY,     ,N ,,2022/09/28 12:30:00+00,2022,9,September,12,4,28,Wednesday,12,Motorway Collision,Daylight,NONE,Property Damage Only,0,0,0,40.007207,-105.274674,0,0,0,0,INTERSECTION RELATED,1229,2660
-105.277058,40.017413,Police Collision Report,COLLISION W/ MV - SIDE TO SIDE-SAME DIRECTION,2209676,2,14TH ST/WALNUT ST,WALNUT ST,CITY ST/CNTY RD,     ,W ,2022/09/26 00:00:00+00,2022/09/26 13:12:00+00,2022,9,September,13,2,26,Monday,13,Motorway Collision,Daylight,NONE,Property Damage Only,0,0,0,40.017413,-105.277058,0,0,0,0,NON-INTERSECTION,1312,2661
-105.26462,40.014613,Police Collision Report,COLLISION W/ MV - SIDE TO SIDE-SAME DIRECTION,2209352,2,23RD ST/ARAPAHOE AVE,ARAPAHOE AVENUE,CITY ST/CNTY RD,     ,E ,2022/09/17 00:00:00+00,2022/09/17 14:47:00+00,2022,9,September,14,7,17,Saturday,14,Motorway Collision,Daylight,NONE,Property Damage Only,0,0,0,40.014613,-105.26462,0,0,0,0,NON-INTERSECTION,1447,2662
-105.279019,40.019204,Police Collision Report,COLLISION W/ MV - SIDE TO SIDE-SAME DIRECTION,2209990,2,SPRUCE ST/13TH ST,SPRUCE STREET,CITY ST/CNTY RD,     ,W ,2022/10/05 00:00:00+00,2022/10/05 11:17:00+00,2022,10,October,11,4,5,Wednesday,11,Motorway Collision,Daylight,NONE,Property Damage Only,0,0,0,40.019204,-105.279019,0,0,0,0,NON-INTERSECTION,1117,2663
-105.263661,40.023399,Police Collision Report,COLLISION W/ MV - SIDE TO SIDE-SAME DIRECTION,2210043,2,FOLSOM ST/PINE ST,FOLSOM STREET,CITY ST/CNTY RD,     ,S ,2022/10/06 00:00:00+00,2022/10/06 13:34:00+00,2022,10,October,13,5,6,Thursday,13,Motorway Collision,Daylight,NONE,Possible injury,0,0,0,40.023399,-105.263661,0,0,0,0,INTERSECTION RELATED,1334,2664