X,Y,ReportType,PrmaryCollsionType,CaseNumber,UnitsInvolved,Location,OnHighway,CrossStreet,FeetFromIntersection,DirectionFromIntersection,CollisionDate,ReportedDate,ReportedYear,ReportedMonth,ReportedMonthName,ReportedWeek,ReportedDayofWeekNum,ReportedDayofMonth,ReportedDayofWeek,ReportedHour,HitAndRunStatus,LightingCondition,WeatherCondition,Severity,NumKilled,NumSeriouslyInjured,NumInjuredOrKilled,Lat,Lon,DUI,AlcoholDrugSuspected,BicyclesInvolved,PedestriansInvolved,RoadDescription,Crash_Time,ESRI_OID
-105.258492,40.017345,Police Collision Report,COLLISION W/ MV - SIDE TO SIDE-SAME DIRECTION,2209962,2,28TH ST/CANYON BLVD,28TH STREET,STATE HWY,     ,N ,2022/10/04 00:00:00+00,2022/10/04 17:07:00+00,2022,10,October,17,3,4,Tuesday,17,Motorway Collision,Daylight,NONE,Property Damage Only,0,0,0,40.017345,-105.258492,0,0,0,0,INTERSECTION RELATED,1708,2665
-105.258357,40.000215,Police Collision Report,COLLISION W/ MV - SIDE TO SIDE-SAME DIRECTION,2210011,2,US HIGHWAY 36/BASELINE RD,HWY 36 OFF RAMP,STATE HWY,     ,N ,2022/10/05 00:00:00+00,2022/10/05 16:17:00+00,2022,10,October,16,4,5,Wednesday,16,Motorway Collision,Daylight,NONE,Property Damage Only,0,0,0,40.000215,-105.258357,0,0,0,0,DRIVEWAY ACCESS RELATED,1617,2666
-105.274674,40.007207,Police Collision Report,COLLISION W/ MV - SIDE TO SIDE-SAME DIRECTION,2210031,2,BROADWAY/COLLEGE AVE,BROADWAY,STATE HWY,     ,N ,2022/10/06 00:00:00+00,2022/10/06 10:34:00+00,2022,10,October,10,5,6,Thursday,10,Motorway Collision,Daylight,NONE,Property Damage Only,0,0,0,40.007207,-105.274674,0,0,0,0,NON-INTERSECTION,1034,2667
-105.229112,39.985866,Police Collision Report,COLLISION W/ MV - SIDE TO SIDE-SAME DIRECTION,2210040,2,SOUTH BOULDER RD/SOUTH BOULDER CIR,S. BOULDER RD,CITY ST/CNTY RD,     ,W ,2022/10/06 00:00:00+00,2022/10/06 13:05:00+00,2022,10,October,13,5,6,Thursday,13,Motorway Collision,Daylight,NONE,Property Damage Only,0,0,0,39.985866,-105.229112,0,0,0,0,INTERSECTION RELATED,1305,2668
-105.261365,40.00819,Police Collision Report,COLLISION W/ MV - SIDE TO SIDE-SAME DIRECTION,2210053,2,COLORADO AVE/REGENT DR,COLORADO AVE,CITY ST/CNTY RD,     ,N ,2022/10/06 00:00:00+00,2022/10/06 17:03:00+00,2022,10,October,17,5,6,Thursday,17,Motorway Collision,Daylight,NONE,Property Damage Only,0,0,0,40.00819,-105.261365,0,0,0,0,INTERSECTION RELATED,1630,2669
-105.253425,40.00742,Police Collision Report,COLLISION W/ MV - SIDE TO SIDE-SAME DIRECTION,2210500,2,30TH ST/COLORADO AVE,30TH STREET,CITY ST/CNTY RD,     ,  ,2022/10/19 00:00:00+00,2022/10/19 08:57:00+00,2022,10,October,8,4,19,Wednesday,8,Motorway Collision,Daylight,NONE,Property Damage Only,0,0,0,40.00742,-105.253425,0,0,0,0,AT INTERSECTION,857,2670
-105.280295,40.018904,Police Collision Report,COLLISION W/ MV - SIDE TO SIDE-SAME DIRECTION,2210466,2,2100  BROADWAY BLK    ,30TH ST,CITY ST/CNTY RD,     ,S ,2022/10/15 12:20:00+00,2022/10/18 12:22:01+00,2022,10,October,12,3,18,Tuesday,12,Motorway Collision,Daylight,NONE,Property Damage Only,0,0,0,40.018904,-105.280295,0,0,0,0,NON-INTERSECTION,1530,2671
-105.253059,39.999933,Police Collision Report,COLLISION W/ MV - SIDE TO SIDE-SAME DIRECTION,2208196,2,30TH ST/BASELINE RD,BASELINE RD,CITY ST/CNTY RD,     ,W ,2022/08/22 00:00:00+00,2022/08/22 12:49:00+00,2022,8,August,12,2,22,Monday,12,Motorway Collision,Daylight,NONE,Property Damage Only,0,0,0,39.999933,-105.253059,0,0,0,0,AT INTERSECTION,1200,2672
-105.260198,40.000304,Police Collision Report,COLLISION W/ MV - SIDE TO SIDE-SAME DIRECTION,2208746,2,BASELINE RD/27TH WAY,BASELINE ROAD,STATE HWY,     ,W ,2022/09/02 00:00:00+00,2022/09/02 15:20:00+00,2022,9,September,15,6,2,Friday,15,Motorway Collision,Daylight,NONE,Property Damage Only,0,0,0,40.000304,-105.260198,0,0,0,0,NON-INTERSECTION,1520,2673
-105.258492,40.017345,Police Collision Report,COLLISION W/ MV - SIDE TO SIDE-SAME DIRECTION,2208980,2,28TH ST/CANYON BLVD,28TH ST,STATE HWY,     ,  ,2022/09/08 00:00:00+00,2022/09/08 10:59:00+00,2022,9,September,10,5,8,Thursday,10,Motorway Collision,Daylight,NONE,Property Damage Only,0,0,0,40.017345,-105.258492,0,0,0,0,AT INTERSECTION,1059,2674
-105.272587,40.014585,Police Collision Report,COLLISION W/ MV - SIDE TO SIDE-SAME DIRECTION,2208748,2,17TH ST/ARAPAHOE AVE,17TH ST,CITY ST/CNTY RD,     ,  ,2022/09/02 00:00:00+00,2022/09/02 16:38:00+00,2022,9,September,16,6,2,Friday,16,Motorway Collision,Daylight,NONE,Property Damage Only,0,0,0,40.014585,-105.272587,0,0,0,0,AT INTERSECTION,1637,2675
-105.258282,40.014544,Police Collision Report,COLLISION W/ MV - SIDE TO SIDE-SAME DIRECTION,2208909,2,28TH ST/ARAPAHOE AVE,28TH ST,STATE HWY,     ,N ,2011/09/05 00:00:00+00,2022/09/06 13:42:00+00,2022,9,September,13,3,6,Tuesday,13,Motorway Collision,Daylight,NONE,Property Damage Only,0,0,0,40.014544,-105.258282,0,0,0,0,INTERSECTION RELATED,1154,2676
-105.258504,40.020518,Police Collision Report,COLLISION W/ MV - SIDE TO SIDE-SAME DIRECTION,2208866,2,28TH ST/WALNUT ST,28TH ST,STATE HWY,     ,S ,2022/09/05 00:00:00+00,2022/09/05 14:26:00+00,2022,9,September,14,2,5,Monday,14,Motorway Collision,Daylight,NONE,Property Damage Only,0,0,0,40.020518,-105.258504,0,0,0,0,AT INTERSECTION,1426,2677
-105.253688,40.014535,Police Collision Report,COLLISION W/ MV - SIDE TO SIDE-SAME DIRECTION,2208805,2,ARAPAHOE AVE/30TH ST,ARAPAHOE RD,STATE HWY,     ,E ,2022/09/03 00:00:00+00,2022/09/03 00:00:00+00,2022,9,September,0,7,3,Saturday,0,Motorway Collision,Daylight,NONE,Property Damage Only,0,0,0,40.014535,-105.253688,0,0,0,0,NON-INTERSECTION,1227,2678
-105.277459,40.00546,Police Collision Report,COLLISION W/ MV - SIDE TO SIDE-SAME DIRECTION,2208764,2,12TH ST/EUCLID AVE,EUCLID AVE,CITY ST/CNTY RD,     ,W ,2022/08/28 00:00:00+00,2022/08/28 00:00:00+00,2022,8,August,0,1,28,Sunday,0,Motorway Collision,Daylight,NONE,Property Damage Only,0,0,0,40.00546,-105.277459,0,0,0,0,NON-INTERSECTION,1745,2679
-105.206949,40.067233,Police Collision Report,COLLISION W/ MV - SIDE TO SIDE-SAME DIRECTION,2209279,2,63RD ST/SPINE RD,63RD STREET,CITY ST/CNTY RD,     ,  ,2022/09/15 00:00:00+00,2022/09/15 14:31:00+00,2022,9,September,14,5,15,Thursday,14,Motorway Collision,Daylight,NONE,Property Damage Only,0,0,0,40.067233,-105.206949,0,0,0,0,AT INTERSECTION,1431,2680
-105.246519,40.014636,Police Collision Report,COLLISION W/ MV - SIDE TO SIDE-SAME DIRECTION,2209267,2,ARAPAHOE AVE/38TH ST,ARAPAHOE AVENUE,STATE HWY,     ,  ,2022/09/15 00:00:00+00,2022/09/15 11:19:00+00,2022,9,September,11,5,15,Thursday,11,Motorway Collision,Daylight,NONE,Property Damage Only,0,0,0,40.014636,-105.246519,0,0,0,0,AT INTERSECTION,1118,2681
-105.280932,40.016631,Police Collision Report,COLLISION W/ MV - SIDE TO SIDE-SAME DIRECTION,2208981,2,1101  WALNUT ST      ,11TH STREET,CITY ST/CNTY RD,     ,N ,2022/09/08 00:00:00+00,2022/09/08 10:54:00+00,2022,9,September,10,5,8,Thursday,10,Motorway Collision,Daylight,NONE,Property Damage Only,0,0,0,40.016631,-105.280932,0,0,0,0,NON-INTERSECTION,1054,2682
-105.253595,40.023261,Police Collision Report,COLLISION W/ MV - SIDE TO SIDE-SAME DIRECTION,2206366,2,PEARL ST/30TH ST,PEARL PKWY,CITY ST/CNTY RD,     ,E ,2022/07/06 00:00:00+00,2022/07/06 07:31:00+00,2022,7,July,7,4,6,Wednesday,7,Motorway Collision,Daylight,NONE,Property Damage Only,0,0,0,40.023261,-105.253595,0,0,0,0,AT INTERSECTION,731,2683
-105.258482,40.036463,Police Collision Report,COLLISION W/ MV - SIDE TO SIDE-SAME DIRECTION,2206216,2,28TH ST/IRIS AVE,IRIS AVE,STATE HWY,     ,W ,2022/07/01 00:00:00+00,2022/07/01 13:14:00+00,2022,7,July,13,6,1,Friday,13,Motorway Collision,Daylight,NONE,Property Damage Only,0,0,0,40.036463,-105.258482,0,0,0,0,DRIVEWAY ACCESS RELATED,1315,2684
-105.258407,40.022375,Police Collision Report,COLLISION W/ MV - SIDE TO SIDE-SAME DIRECTION,2206173,2,28TH ST/PEARL ST,PEARL ST,STATE HWY,     ,  ,2022/06/30 00:00:00+00,2022/06/30 09:42:00+00,2022,6,June,9,5,30,Thursday,9,Motorway Collision,Daylight,NONE,Property Damage Only,0,0,0,40.022375,-105.258407,0,0,0,0,INTERSECTION RELATED,930,2685
-105.26509,40.000084,Police Collision Report,COLLISION W/ MV - SIDE TO SIDE-SAME DIRECTION,2206185,2,22ND ST/BASELINE RD,BASELINE ROAD,CITY ST/CNTY RD,     ,E ,2022/06/30 00:00:00+00,2022/06/30 16:10:00+00,2022,6,June,16,5,30,Thursday,16,Motorway Collision,Daylight,NONE,Property Damage Only,0,0,0,40.000084,-105.26509,0,0,0,0,DRIVEWAY ACCESS RELATED,1606,2686
-105.258504,40.020518,Police Collision Report,COLLISION W/ MV - SIDE TO SIDE-SAME DIRECTION,2206317,2,28TH ST/WALNUT ST,28TH ST,STATE HWY,     ,N ,2022/07/04 00:00:00+00,2022/07/04 17:05:00+00,2022,7,July,17,2,4,Monday,17,Motorway Collision,Daylight,NONE,Property Damage Only,0,0,0,40.020518,-105.258504,0,0,0,0,DRIVEWAY ACCESS RELATED,1700,2687
-105.244815,40.02287,Police Collision Report,COLLISION W/ MV - SIDE TO SIDE-SAME DIRECTION,2206124,2,FOOTHILLS PKWY/PEARL PKWY,FOOTHILLS PKWY,STATE HWY,     ,S ,2022/06/29 00:00:00+00,2022/06/29 07:27:00+00,2022,6,June,7,4,29,Wednesday,7,Motorway Collision,Daylight,NONE,Property Damage Only,0,0,0,40.02287,-105.244815,0,0,0,0,NON-INTERSECTION,727,2688
-105.276238,40.007301,Police Collision Report,COLLISION W/ MV - SIDE TO SIDE-SAME DIRECTION,2206088,2,13TH ST/COLLEGE AVE,COLLEGE AVE,CITY ST/CNTY RD,     ,W ,2022/06/28 00:00:00+00,2022/06/28 12:32:00+00,2022,6,June,12,3,28,Tuesday,12,Motorway Collision,Daylight,NONE,Property Damage Only,0,0,0,40.007301,-105.276238,0,0,0,0,NON-INTERSECTION,1225,2689
-105.257148,39.980597,Police Collision Report,COLLISION W/ MV - SIDE TO SIDE-SAME DIRECTION,2206024,2,TABLE MESA DR/ITHACA DR,TABLE MESA DR,CITY ST/CNTY RD,     ,E ,2022/06/26 00:00:00+00,2022/06/26 13:28:00+00,2022,6,June,13,1,26,Sunday,13,Motorway Collision,Daylight,NONE,Property Damage Only,0,0,0,39.980597,-105.257148,0,1,0,0,AT INTERSECTION,1328,2690
-105.253059,39.999933,Police Collision Report,COLLISION W/ MV - SIDE TO SIDE-SAME DIRECTION,2206653,2,30TH ST/BASELINE RD,BASELINE RD,CITY ST/CNTY RD,     ,W ,2022/07/13 23:45:59+00,2022/07/13 23:46:00+00,2022,7,July,23,4,13,Wednesday,23,Motorway Collision,Dark - Lighted,NONE,Non-Incapacitating Injury,0,0,1,39.999933,-105.253059,0,0,0,0,INTERSECTION RELATED,2246,2691
-105.267759,40.002658,Police Collision Report,COLLISION W/ MV - SIDE TO SIDE-SAME DIRECTION,2206688,2,850   20TH ST      ,20TH STREET,CITY ST/CNTY RD,     ,S ,2022/07/14 00:00:00+00,2022/07/14 13:36:00+00,2022,7,July,13,5,14,Thursday,13,Motorway Collision,Daylight,NONE,Property Damage Only,0,0,0,40.002658,-105.267759,0,0,0,0,NON-INTERSECTION,1245,2692
-105.277058,40.017413,Police Collision Report,COLLISION W/ MV - SIDE TO SIDE-SAME DIRECTION,2206527,3,14TH ST/WALNUT ST,WALNUT ST,CITY ST/CNTY RD,     ,W ,2022/07/10 00:00:00+00,2022/07/10 15:17:00+00,2022,7,July,15,1,10,Sunday,15,Motorway Collision,Daylight,NONE,Non-Incapacitating Injury,0,0,1,40.017413,-105.277058,0,0,0,0,NON-INTERSECTION,1517,2693
-105.257829,40.000354,Police Collision Report,COLLISION W/ MV - SIDE TO SIDE-SAME DIRECTION,2206484,2,BASELINE RD/28TH ST,BASELINE RD,CITY ST/CNTY RD,     ,  ,2022/07/09 00:00:00+00,2022/07/09 09:58:00+00,2022,7,July,9,7,9,Saturday,9,Motorway Collision,Daylight,NONE,Property Damage Only,0,0,0,40.000354,-105.257829,0,0,0,0,AT INTERSECTION,1000,2694
-105.262985,40.017486,Police Collision Report,COLLISION W/ MV - SIDE TO SIDE-SAME DIRECTION,2204998,2,CANYON BLVD/FOLSOM ST,CANYON BLVD,STATE HWY,     ,W ,2022/05/27 00:00:00+00,2022/05/27 13:53:00+00,2022,5,May,13,6,27,Friday,13,Motorway Collision,Daylight,NONE,Property Damage Only,0,0,0,40.017486,-105.262985,0,0,0,0,INTERSECTION RELATED,1353,2695
-105.243166,40.029221,Police Collision Report,COLLISION W/ MV - SIDE TO SIDE-SAME DIRECTION,2204992,2,47TH ST/VALMONT RD,47TH STREET,CITY ST/CNTY RD,     ,S ,2022/05/27 00:00:00+00,2022/05/27 10:46:00+00,2022,5,May,10,6,27,Friday,10,Motorway Collision,Daylight,NONE,Property Damage Only,0,0,0,40.029221,-105.243166,0,0,0,0,INTERSECTION RELATED,1046,2696
-105.263243,40.033153,Police Collision Report,COLLISION W/ MV - SIDE TO SIDE-SAME DIRECTION,2201844,2,FOLSOM ST/GLENWOOD DR,FOLSOM ST,CITY ST/CNTY RD,     ,  ,2022/02/26 00:00:00+00,2022/02/26 10:09:00+00,2022,2,February,10,7,26,Saturday,10,Motorway Collision,Daylight,NONE,Property Damage Only,0,0,0,40.033153,-105.263243,0,0,0,0,AT INTERSECTION,1009,2697
-105.261391,40.007961,Police Collision Report,COLLISION W/ MV - SIDE TO SIDE-SAME DIRECTION,2270507,3,1095  REGENT DR      ,REGENT DR,CITY ST/CNTY RD,     ,S ,2022/02/16 17:15:00+00,2022/02/16 17:45:05+00,2022,2,February,17,4,16,Wednesday,17,Motorway Collision,Daylight,NONE,Property Damage Only,0,0,0,40.007961,-105.261391,0,0,0,0,NON-INTERSECTION,1659,2698
-105.250152,40.018236,Police Collision Report,COLLISION W/ MV - SIDE TO SIDE-SAME DIRECTION,2201489,2,1805  33RD ST      ,1805 33RD ST,,     ,  ,2022/02/15 00:00:00+00,2022/02/15 16:53:00+00,2022,2,February,16,3,15,Tuesday,16,Motorway Collision,Daylight,NONE,Property Damage Only,0,0,0,40.018236,-105.250152,0,0,0,0,PARKING LOT,700,2699
-105.269561,40.00444,Police Collision Report,COLLISION W/ MV - SIDE TO SIDE-SAME DIRECTION,2201479,2,18TH ST/BROADWAY,BROADWAY,STATE HWY,     ,S ,2022/02/15 00:00:00+00,2022/02/15 12:32:00+00,2022,2,February,12,3,15,Tuesday,12,Motorway Collision,Daylight,NONE,Property Damage Only,0,0,0,40.00444,-105.269561,0,0,0,0,INTERSECTION RELATED,1231,2700
-105.282097,40.025514,Police Collision Report,COLLISION W/ MV - SIDE TO SIDE-SAME DIRECTION,2200392,2,BROADWAY/ALPINE AVE,BROADWAY,CITY ST/CNTY RD,     ,  ,2022/01/15 00:00:00+00,2022/01/15 10:05:00+00,2022,1,January,10,7,15,Saturday,10,Motorway Collision,Daylight,NONE,Property Damage Only,0,0,0,40.025514,-105.282097,0,0,0,0,AT INTERSECTION,1005,2701
-105.279657,40.016862,Police Collision Report,COLLISION W/ MV - SIDE TO SIDE-SAME DIRECTION,1901242,2,BROADWAY/WALNUT ST,BROADWAY,CITY ST/CNTY RD,92,N ,2019/02/04 00:00:00+00,2019/02/04 17:23:00+00,2019,2,February,17,2,4,Monday,17,Motorway Collision,Dark - Lighted,NONE,Property Damage Only,0,0,0,40.016862,-105.279657,0,0,0,0,NON-INTERSECTION,1723,2702
-105.244862,40.029223,Police Collision Report,COLLISION W/ MV - SIDE TO SIDE-SAME DIRECTION,1901258,2,FOOTHILLS PKWY/VALMONT RD,VALMONT,CITY ST/CNTY RD,     ,  ,2019/02/05 00:00:00+00,2019/02/05 08:58:00+00,2019,2,February,8,3,5,Tuesday,8,Motorway Collision,Daylight,NONE,Property Damage Only,0,0,0,40.029223,-105.244862,0,0,0,0,NON-INTERSECTION,858,2703
-105.253634,40.014706,Police Collision Report,COLLISION W/ MV - SIDE TO SIDE-SAME DIRECTION,2200106,2,30TH ST/ARAPAHOE AVE,ARAPAHOE AVE,STATE HWY,     ,W ,2022/01/05 00:00:00+00,2022/01/05 11:40:00+00,2022,1,January,11,4,5,Wednesday,11,Motorway Collision,Daylight,NONE,Property Damage Only,0,0,0,40.014706,-105.253634,0,0,0,0,NON-INTERSECTION,1138,2704
-105.239567,40.008522,Police Collision Report,COLLISION W/ MV - SIDE TO SIDE-SAME DIRECTION,2200045,2,FOOTHILLS PKWY/COLORADO AVE,FOOTHILLS PKWY,STATE HWY,     ,N ,2022/01/03 00:00:00+00,2022/01/03 13:05:00+00,2022,1,January,13,2,3,Monday,13,Motorway Collision,Daylight,NONE,Possible injury,0,0,0,40.008522,-105.239567,0,0,0,0,NON-INTERSECTION,1305,2705
-105.225388,40.029208,Police Collision Report,COLLISION W/ MV - SIDE TO SIDE-SAME DIRECTION,2201602,2,VALMONT RD/55TH ST,VALMONT ROAD,CITY ST/CNTY RD,     ,W ,2022/02/18 00:00:00+00,2022/02/18 16:22:00+00,2022,2,February,16,6,18,Friday,16,Motorway Collision,Daylight,NONE,Property Damage Only,0,0,0,40.029208,-105.225388,0,0,0,0,NON-INTERSECTION,1621,2706
-105.246635,40.014655,Police Collision Report,COLLISION W/ MV - SIDE TO SIDE-SAME DIRECTION,2201548,2,38TH ST/ARAPAHOE AVE,ARAPAHOE AVE,STATE HWY,     ,E ,2022/02/17 00:00:00+00,2022/02/17 13:53:00+00,2022,2,February,13,5,17,Thursday,13,Motorway Collision,Daylight,NONE,Property Damage Only,0,0,0,40.014655,-105.246635,0,0,0,0,NON-INTERSECTION,1342,2707
-105.257829,40.000354,Police Collision Report,COLLISION W/ MV - SIDE TO SIDE-SAME DIRECTION,2201449,3,BASELINE RD/28TH ST,BASELINE RD,CITY ST/CNTY RD,     ,W ,2022/02/14 00:00:00+00,2022/02/14 13:52:00+00,2022,2,February,13,2,14,Monday,13,Motorway Collision,Daylight,NONE,Property Damage Only,0,0,0,40.000354,-105.257829,0,0,0,0,NON-INTERSECTION,1350,2708
-105.25833,40.000198,Police Collision Report,COLLISION W/ MV - SIDE TO SIDE-SAME DIRECTION,2201500,2,BASELINE RD/US HIGHWAY 36,BASELINE ROAD,STATE HWY,     ,  ,2022/02/15 00:00:00+00,2022/02/15 22:32:00+00,2022,2,February,22,3,15,Tuesday,22,Motorway Collision,Dark - Lighted,NONE,Property Damage Only,0,0,0,40.000198,-105.25833,0,0,0,0,AT INTERSECTION,2232,2709
-105.253059,39.999933,Police Collision Report,COLLISION W/ MV - SIDE TO SIDE-SAME DIRECTION,2203733,2,30TH ST/BASELINE RD,30TH STREET,CITY ST/CNTY RD,     ,S ,2022/04/22 00:00:00+00,2022/04/22 20:40:00+00,2022,4,April,20,6,22,Friday,20,Motorway Collision,Dark - Lighted,NONE,Property Damage Only,0,0,0,39.999933,-105.253059,0,0,0,0,AT INTERSECTION,2240,2710
-105.249911,39.985461,Police Collision Report,COLLISION W/ MV - SIDE TO SIDE-SAME DIRECTION,2203492,2,TABLE MESA DR/S BROADWAY,TABLE MESA DRIVE,STATE HWY,     ,E ,2022/04/15 00:00:00+00,2022/04/15 16:36:00+00,2022,4,April,16,6,15,Friday,16,Motorway Collision,Daylight,NONE,Property Damage Only,0,0,0,39.985461,-105.249911,0,0,0,0,AT INTERSECTION,1436,2711
-105.263226,40.036463,Police Collision Report,COLLISION W/ MV - SIDE TO SIDE-SAME DIRECTION,2203520,2,IRIS AVE/FOLSOM ST,IRIS AVENUE,CITY ST/CNTY RD,     ,E ,2022/04/16 00:00:00+00,2022/04/16 18:16:00+00,2022,4,April,18,7,16,Saturday,18,Motorway Collision,Daylight,NONE,Property Damage Only,0,0,0,40.036463,-105.263226,0,0,0,0,NON-INTERSECTION,1815,2712
-105.263012,40.017354,Police Collision Report,COLLISION W/ MV - SIDE TO SIDE-SAME DIRECTION,2203642,2,FOLSOM ST/CANYON BLVD,FOLSOM,CITY ST/CNTY RD,     ,  ,2022/04/20 00:00:00+00,2022/04/20 13:07:00+00,2022,4,April,13,4,20,Wednesday,13,Motorway Collision,Daylight,NONE,Property Damage Only,0,0,0,40.017354,-105.263012,0,0,0,0,AT INTERSECTION,1307,2713
-105.261328,40.008161,Police Collision Report,COLLISION W/ MV - SIDE TO SIDE-SAME DIRECTION,2203602,2,REGENT DR/COLORADO AVE,COLORADO AVE,CITY ST/CNTY RD,     ,E ,2022/04/19 00:00:00+00,2022/04/19 13:58:00+00,2022,4,April,13,3,19,Tuesday,13,Motorway Collision,Daylight,NONE,Property Damage Only,0,0,0,40.008161,-105.261328,0,0,0,0,INTERSECTION RELATED,1358,2714
-105.275725,40.017676,Police Collision Report,COLLISION W/ MV - SIDE TO SIDE-SAME DIRECTION,2203211,2,15TH ST/WALNUT ST,WALNUT STREET,CITY ST/CNTY RD,     ,W ,2022/04/07 00:00:00+00,2022/04/07 00:00:00+00,2022,4,April,0,5,7,Thursday,0,Motorway Collision,Daylight,NONE,Property Damage Only,0,0,0,40.017676,-105.275725,0,0,0,0,INTERSECTION RELATED,1626,2715
-105.264551,40.022144,Police Collision Report,COLLISION W/ MV - SIDE TO SIDE-SAME DIRECTION,2203239,3,24TH ST/SPRUCE ST,SPRUCE ST,CITY ST/CNTY RD,     ,E ,2022/04/08 00:00:00+00,2022/04/08 12:42:00+00,2022,4,April,12,6,8,Friday,12,Motorway Collision,Daylight,NONE,Property Damage Only,0,0,0,40.022144,-105.264551,0,0,0,0,NON-INTERSECTION,1242,2716
-105.245721,39.980965,Police Collision Report,COLLISION W/ MV - SIDE TO SIDE-SAME DIRECTION,2203143,2,DARLEY AVE/S BROADWAY,S. BROADWAY,STATE HWY,     ,E ,2022/04/05 00:00:00+00,2022/04/05 17:07:00+00,2022,4,April,17,3,5,Tuesday,17,Motorway Collision,Daylight,NONE,Non-Incapacitating Injury,0,0,1,39.980965,-105.245721,0,0,0,0,AT INTERSECTION,1707,2717
-105.271672,40.005527,Police Collision Report,COLLISION W/ MV - SIDE TO SIDE-SAME DIRECTION,2203180,2,EUCLID AVE/BROADWAY,BROADWAY,STATE HWY,     ,  ,2022/04/06 00:00:00+00,2022/04/06 16:39:00+00,2022,4,April,16,4,6,Wednesday,16,Motorway Collision,Daylight,NONE,Non-Incapacitating Injury,0,0,1,40.005527,-105.271672,0,0,0,0,AT INTERSECTION,1639,2718
-105.258504,40.020518,Police Collision Report,COLLISION W/ MV - SIDE TO SIDE-SAME DIRECTION,2202507,2,28TH ST/WALNUT ST,28TH ST,STATE HWY,     ,S ,2022/03/18 00:00:00+00,2022/03/18 10:37:00+00,2022,3,March,10,6,18,Friday,10,Motorway Collision,Daylight,NONE,Property Damage Only,0,0,0,40.020518,-105.258504,0,0,0,0,DRIVEWAY ACCESS RELATED,1037,2719
-105.253634,40.014706,Police Collision Report,COLLISION W/ MV - SIDE TO SIDE-SAME DIRECTION,2202577,2,30TH ST/ARAPAHOE AVE,30TH STREET,CITY ST/CNTY RD,     ,S ,2022/03/20 00:00:00+00,2022/03/20 12:45:00+00,2022,3,March,12,1,20,Sunday,12,Motorway Collision,Daylight,NONE,Property Damage Only,0,0,0,40.014706,-105.253634,0,0,0,0,NON-INTERSECTION,1245,2720
-105.262985,40.017486,Police Collision Report,COLLISION W/ MV - SIDE TO SIDE-SAME DIRECTION,2202452,2,CANYON BLVD/FOLSOM ST,FOLSOM ST,CITY ST/CNTY RD,     ,S ,2022/03/16 00:00:00+00,2022/03/16 13:59:00+00,2022,3,March,13,4,16,Wednesday,13,Motorway Collision,Daylight,NONE,Property Damage Only,0,0,0,40.017486,-105.262985,0,0,0,0,NON-INTERSECTION,1359,2721
-105.277039,40.017449,Police Collision Report,COLLISION W/ MV - SIDE TO SIDE-SAME DIRECTION,2202307,2,WALNUT ST/14TH ST,WALNUT STREET,CITY ST/CNTY RD,     ,E ,2022/03/12 00:00:00+00,2022/03/12 15:45:00+00,2022,3,March,15,7,12,Saturday,15,Motorway Collision,Daylight,NONE,Property Damage Only,0,0,0,40.017449,-105.277039,0,0,0,0,INTERSECTION RELATED,1545,2722
-105.246518,40.014484,Police Collision Report,COLLISION W/ MV - SIDE TO SIDE-SAME DIRECTION,2202827,2,ARAPAHOE AVE/MARINE ST,ARAPAHOE AVE,STATE HWY,     ,E ,2022/03/28 00:00:00+00,2022/03/28 16:33:00+00,2022,3,March,16,2,28,Monday,16,Motorway Collision,Daylight,NONE,Property Damage Only,0,0,0,40.014484,-105.246518,0,0,0,0,NON-INTERSECTION,1630,2723
-105.253772,40.020084,Police Collision Report,COLLISION W/ MV - SIDE TO SIDE-SAME DIRECTION,2202946,2,30TH ST/WALNUT ST,30TH ST,CITY ST/CNTY RD,     ,S ,2022/03/31 00:00:00+00,2022/03/31 17:10:00+00,2022,3,March,17,5,31,Thursday,17,Motorway Collision,Daylight,NONE,Property Damage Only,0,0,0,40.020084,-105.253772,0,0,0,0,NON-INTERSECTION,1710,2724
-105.253688,40.014535,Police Collision Report,COLLISION W/ MV - SIDE TO SIDE-SAME DIRECTION,2205089,2,ARAPAHOE AVE/30TH ST,ARAPAHOE AVE,STATE HWY,     ,  ,2022/05/30 00:00:00+00,2022/05/30 10:31:00+00,2022,5,May,10,2,30,Monday,10,Motorway Collision,Daylight,NONE,Property Damage Only,0,0,0,40.014535,-105.253688,0,0,0,0,AT INTERSECTION,1031,2725
,,Police Collision Report,COLLISION W/ MV - SIDE TO SIDE-SAME DIRECTION,2205156,2,68THST/SOUTH BOULDER RD,ARAPAHOE AVENUE,STATE HWY,     ,W ,2022/06/01 11:17:00+00,2022/06/01 11:17:00+00,2022,6,June,11,4,1,Wednesday,11,Motorway Collision,Daylight,NONE,Property Damage Only,0,0,0,,,0,1,0,0,NON-INTERSECTION,1152,2726
-105.2774,40.018439,Police Collision Report,COLLISION W/ MV - SIDE TO SIDE-SAME DIRECTION,2205050,2,14TH ST/PEARL ST,14TH ST,CITY ST/CNTY RD,     ,  ,2022/05/28 00:00:00+00,2022/06/02 00:00:00+00,2022,6,June,0,5,2,Thursday,0,Motorway Collision,Daylight,NONE,Property Damage Only,0,0,0,40.018439,-105.2774,0,0,0,0,AT INTERSECTION,1430,2727
-105.255817,39.989251,Police Collision Report,COLLISION W/ MV - SIDE TO SIDE-SAME DIRECTION,2205277,2,DARTMOUTH AVE/S BROADWAY,DARTMOUTH AVENUE,CITY ST/CNTY RD,     ,  ,2022/06/04 00:00:00+00,2022/06/04 07:27:00+00,2022,6,June,7,7,4,Saturday,7,Motorway Collision,Daylight,NONE,Property Damage Only,0,0,0,39.989251,-105.255817,0,0,0,0,AT INTERSECTION,727,2728