X,Y,ReportType,PrmaryCollsionType,CaseNumber,UnitsInvolved,Location,OnHighway,CrossStreet,FeetFromIntersection,DirectionFromIntersection,CollisionDate,ReportedDate,ReportedYear,ReportedMonth,ReportedMonthName,ReportedWeek,ReportedDayofWeekNum,ReportedDayofMonth,ReportedDayofWeek,ReportedHour,HitAndRunStatus,LightingCondition,WeatherCondition,Severity,NumKilled,NumSeriouslyInjured,NumInjuredOrKilled,Lat,Lon,DUI,AlcoholDrugSuspected,BicyclesInvolved,PedestriansInvolved,RoadDescription,Crash_Time,ESRI_OID
-105.253049,39.999112,Police Collision Report,COLLISION W/ MV - SIDE TO SIDE-SAME DIRECTION,1802754,2,645   30TH ST      ,30TH,CITY ST/CNTY RD,100,S ,2018/03/08 00:00:00+00,2018/03/08 14:59:00+00,2018,3,March,14,5,8,Thursday,14,Motorway Collision,Daylight,NONE,Property Damage Only,0,0,0,39.999112,-105.253049,0,0,0,0,NON-INTERSECTION,1459,2793
-105.258468,40.032817,Police Collision Report,COLLISION W/ MV - SIDE TO SIDE-SAME DIRECTION,1802519,2,28TH ST/GLENWOOD DR,GELNWOOD DR,CITY ST/CNTY RD,85,W ,2018/03/02 00:00:00+00,2018/03/02 17:14:00+00,2018,3,March,17,6,2,Friday,17,Motorway Collision,Dawn or Dusk,NONE,Property Damage Only,0,0,0,40.032817,-105.258468,0,0,0,0,DRIVEWAY ACCESS RELATED,1714,2794
-105.253595,40.023261,Police Collision Report,COLLISION W/ MV - SIDE TO SIDE-SAME DIRECTION,1802471,2,PEARL ST/30TH ST,PEARL PARKWAY,CITY ST/CNTY RD,     ,  ,2018/03/01 00:00:00+00,2018/03/01 19:45:00+00,2018,3,March,19,5,1,Thursday,19,Motorway Collision,Dark - Lighted,NONE,Property Damage Only,0,0,0,40.023261,-105.253595,0,0,0,0,AT INTERSECTION,1945,2795
-105.250152,40.018236,Police Collision Report,COLLISION W/ MV - SIDE TO SIDE-SAME DIRECTION,1802433,2,1805  33RD ST      ,33RD STREET,CITY ST/CNTY RD,50,N ,2018/02/28 00:00:00+00,2018/02/28 19:14:00+00,2018,2,February,19,4,28,Wednesday,19,Motorway Collision,Daylight,NONE,Property Damage Only,0,0,0,40.018236,-105.250152,0,0,0,0,NON-INTERSECTION,1315,2796
-105.281677,40.018617,Police Collision Report,COLLISION W/ MV - SIDE TO SIDE-SAME DIRECTION,1802429,2,11TH ST/SPRUCE ST,SPRUCE ST,CITY ST/CNTY RD,105,E ,2018/02/28 00:00:00+00,2018/02/28 17:40:00+00,2018,2,February,17,4,28,Wednesday,17,Motorway Collision,Dark - Lighted,NONE,Property Damage Only,0,0,0,40.018617,-105.281677,0,0,0,0,INTERSECTION RELATED,1740,2797
-105.244815,40.02287,Police Collision Report,COLLISION W/ MV - SIDE TO SIDE-SAME DIRECTION,1802552,2,FOOTHILLS PKWY/PEARL PKWY,FOOTHILLS PARKWAY,STATE HWY,1000,S ,2018/03/03 00:00:00+00,2018/03/03 08:39:00+00,2018,3,March,8,7,3,Saturday,8,Motorway Collision,Daylight,NONE,Property Damage Only,0,0,0,40.02287,-105.244815,0,0,0,0,NON-INTERSECTION,835,2798
-105.258403,40.029131,Police Collision Report,COLLISION W/ MV - SIDE TO SIDE-SAME DIRECTION,1802561,2,VALMONT RD/28TH ST,VALMONT RD,CITY ST/CNTY RD,250,E ,2018/03/03 00:00:00+00,2018/03/03 13:05:00+00,2018,3,March,13,7,3,Saturday,13,Motorway Collision,Daylight,NONE,Property Damage Only,0,0,0,40.029131,-105.258403,0,0,0,0,INTERSECTION RELATED,1305,2799
-105.281753,40.023219,Police Collision Report,COLLISION W/ MV - SIDE TO SIDE-SAME DIRECTION,1712966,2,PORTLAND PL/BROADWAY,BROADWAY,CITY ST/CNTY RD,30,S ,2017/10/01 00:00:00+00,2017/10/01 12:39:00+00,2017,10,October,12,1,1,Sunday,12,Motorway Collision,Daylight,NONE,Property Damage Only,0,0,0,40.023219,-105.281753,0,0,0,0,NON-INTERSECTION,1239,2800
-105.27469,40.010517,Police Collision Report,COLLISION W/ MV - SIDE TO SIDE-SAME DIRECTION,1715104,2,15TH ST/UNIVERSITY AVE,UNIVERSITY,CITY ST/CNTY RD,200,E ,2017/11/15 00:00:00+00,2017/11/15 15:52:00+00,2017,11,November,15,4,15,Wednesday,15,Motorway Collision,Daylight,NONE,Property Damage Only,0,0,0,40.010517,-105.27469,0,0,0,0,NON-INTERSECTION,1553,2801
-105.253634,40.014706,Police Collision Report,COLLISION W/ MV - SIDE TO SIDE-SAME DIRECTION,1715056,2,30TH ST/ARAPAHOE AVE,ARAPAHOE RD,STATE HWY,     ,  ,2017/11/14 00:00:00+00,2017/11/14 17:36:00+00,2017,11,November,17,3,14,Tuesday,17,Motorway Collision,Dawn or Dusk,NONE,Property Damage Only,0,0,0,40.014706,-105.253634,0,0,0,0,AT INTERSECTION,1629,2802
-105.258571,40.043598,Police Collision Report,COLLISION W/ MV - SIDE TO SIDE-SAME DIRECTION,1715010,2,28TH ST/WINDING TRAIL DR,28TH ST,STATE HWY,984,S ,2017/11/13 00:00:00+00,2017/11/13 18:06:00+00,2017,11,November,18,2,13,Monday,18,Motorway Collision,Dark - Unlighted,NONE,Property Damage Only,0,0,0,40.043598,-105.258571,0,0,0,0,NON-INTERSECTION,1807,2803
-105.278701,40.010489,Police Collision Report,COLLISION W/ MV - SIDE TO SIDE-SAME DIRECTION,1714962,3,11TH ST/UNIVERSITY AVE,UNIVERSITY AVE,CITY ST/CNTY RD,     ,  ,2017/11/12 00:00:00+00,2017/11/12 15:55:00+00,2017,11,November,15,1,12,Sunday,15,Motorway Collision,Daylight,NONE,Possible injury,0,0,0,40.010489,-105.278701,0,0,0,0,AT INTERSECTION,1554,2804
-105.257829,40.000354,Police Collision Report,COLLISION W/ MV - SIDE TO SIDE-SAME DIRECTION,2201038,2,BASELINE RD/28TH ST,BASELINE ROAD,STATE HWY,     ,  ,2022/02/03 00:00:00+00,2022/02/03 09:57:00+00,2022,2,February,9,5,3,Thursday,9,Motorway Collision,Daylight,NONE,Property Damage Only,0,0,0,40.000354,-105.257829,0,0,0,0,CROSSOVER-RELATED,957,2805
-105.258482,40.036463,Police Collision Report,COLLISION W/ MV - SIDE TO SIDE-SAME DIRECTION,2201046,2,28TH ST/IRIS AVE,IRIS AVENUE,CITY ST/CNTY RD,     ,W ,2022/02/03 00:00:00+00,2022/02/03 11:36:00+00,2022,2,February,11,5,3,Thursday,11,Motorway Collision,Daylight,NONE,Property Damage Only,0,0,0,40.036463,-105.258482,0,0,0,0,DRIVEWAY ACCESS RELATED,1136,2806
-105.258492,40.017345,Police Collision Report,COLLISION W/ MV - SIDE TO SIDE-SAME DIRECTION,2201094,2,28TH ST/CANYON BLVD,28TH ST,STATE HWY,     ,S ,2022/02/04 00:00:00+00,2022/02/04 15:43:00+00,2022,2,February,15,6,4,Friday,15,Motorway Collision,Daylight,NONE,Property Damage Only,0,0,0,40.017345,-105.258492,0,0,0,0,NON-INTERSECTION,1543,2807
-105.267721,40.003464,Police Collision Report,COLLISION W/ MV - SIDE TO SIDE-SAME DIRECTION,2201124,2,BROADWAY/20TH ST,BROADWAY,STATE HWY,     ,S ,2022/02/04 00:00:00+00,2022/02/04 00:00:00+00,2022,2,February,0,6,4,Friday,0,Motorway Collision,Dark - Unlighted,NONE,Property Damage Only,0,0,0,40.003464,-105.267721,0,0,0,0,NON-INTERSECTION,2230,2808
-105.267763,40.003446,Police Collision Report,COLLISION W/ MV - SIDE TO SIDE-SAME DIRECTION,2201210,2,20TH ST/BROADWAY,BROADWAY,STATE HWY,     ,  ,2022/02/07 00:00:00+00,2022/02/07 19:46:00+00,2022,2,February,19,2,7,Monday,19,Motorway Collision,Dark - Lighted,NONE,Property Damage Only,0,0,0,40.003446,-105.267763,0,0,0,0,AT INTERSECTION,1945,2809
-105.267699,40.003423,Police Collision Report,COLLISION W/ MV - SIDE TO SIDE-SAME DIRECTION,2200246,2,REGENT DR/BROADWAY,BROADWAY,STATE HWY,     ,N ,2022/01/10 00:00:00+00,2022/01/10 09:58:00+00,2022,1,January,9,2,10,Monday,9,Motorway Collision,Daylight,NONE,Property Damage Only,0,0,0,40.003423,-105.267699,0,0,0,0,NON-INTERSECTION,958,2810
-105.24066,40.014698,Police Collision Report,COLLISION W/ MV - SIDE TO SIDE-SAME DIRECTION,2200139,2,FOOTHILLS PKWY/ARAPAHOE AVE,FOOTHILLS PKY,STATE HWY,     ,N ,2022/01/06 00:00:00+00,2022/01/06 15:32:00+00,2022,1,January,15,5,6,Thursday,15,Hit-and-Run Collision,Daylight,NONE,Property Damage Only,0,0,0,40.014698,-105.24066,0,0,0,0,NON-INTERSECTION,1038,2811
-105.26379,40.000067,Police Collision Report,COLLISION W/ MV - SIDE TO SIDE-SAME DIRECTION,2112103,2,BROADWAY/BASELINE RD,BROADWAY,STATE HWY,     ,S ,2021/12/19 00:00:00+00,2021/12/19 14:15:00+00,2021,12,December,14,1,19,Sunday,14,Motorway Collision,Daylight,NONE,Property Damage Only,0,0,0,40.000067,-105.26379,0,0,0,0,NON-INTERSECTION,1400,2812
-105.229163,40.01477,Police Collision Report,COLLISION W/ MV - SIDE TO SIDE-SAME DIRECTION,2112049,2,ARAPAHOE AVE/PATTON DR,ARAPAHOE AVE,STATE HWY,     ,W ,2021/12/17 00:00:00+00,2021/12/17 17:19:00+00,2021,12,December,17,6,17,Friday,17,Motorway Collision,Dark - Lighted,NONE,Property Damage Only,0,0,0,40.01477,-105.229163,0,0,0,0,NON-INTERSECTION,1719,2813
-105.260198,40.000304,Police Collision Report,COLLISION W/ MV - SIDE TO SIDE-SAME DIRECTION,2111924,2,BASELINE RD/27TH WAY,BASELINE RD,STATE HWY,     ,E ,2021/12/14 00:00:00+00,2021/12/14 11:19:00+00,2021,12,December,11,3,14,Tuesday,11,Motorway Collision,Daylight,NONE,Possible injury,0,0,0,40.000304,-105.260198,0,0,0,0,NON-INTERSECTION,1119,2814
-105.260198,40.000304,Police Collision Report,COLLISION W/ MV - SIDE TO SIDE-SAME DIRECTION,2111933,2,BASELINE RD/27TH WAY,BASELINE RD,STATE HWY,     ,  ,2021/12/14 00:00:00+00,2021/12/14 13:27:00+00,2021,12,December,13,3,14,Tuesday,13,Motorway Collision,Daylight,NONE,Property Damage Only,0,0,0,40.000304,-105.260198,0,0,0,0,AT INTERSECTION,1327,2815
-105.263563,40.000114,Police Collision Report,COLLISION W/ MV - SIDE TO SIDE-SAME DIRECTION,2111884,2,BASELINE RD/BROADWAY,BASELINE RD,STATE HWY,     ,W ,2021/12/13 00:00:00+00,2021/12/13 10:51:00+00,2021,12,December,10,2,13,Monday,10,Motorway Collision,Daylight,NONE,Property Damage Only,0,0,0,40.000114,-105.263563,0,0,0,0,NON-INTERSECTION,1051,2816
-105.263108,40.020368,Police Collision Report,COLLISION W/ MV - SIDE TO SIDE-SAME DIRECTION,2112337,2,WALNUT ST/FOLSOM ST,WALNUT ST,CITY ST/CNTY RD,     ,E ,2021/12/28 00:00:00+00,2021/12/28 09:08:00+00,2021,12,December,9,3,28,Tuesday,9,Motorway Collision,Daylight,NONE,Property Damage Only,0,0,0,40.020368,-105.263108,0,0,0,0,DRIVEWAY ACCESS RELATED,908,2817
-105.231955,40.014795,Police Collision Report,COLLISION W/ MV - SIDE TO SIDE-SAME DIRECTION,2112321,2,ARAPAHOE AVE/COMMERCE ST,ARAPAHOE AVE,STATE HWY,     ,E ,2021/12/27 00:00:00+00,2021/12/27 17:05:00+00,2021,12,December,17,2,27,Monday,17,Motorway Collision,Dark - Lighted,NONE,Property Damage Only,0,0,0,40.014795,-105.231955,0,0,0,0,NON-INTERSECTION,1705,2818
-105.23281,39.999988,Police Collision Report,COLLISION W/ MV - SIDE TO SIDE-SAME DIRECTION,2110101,2,BASELINE RD/FOOTHILLS PKWY,FOOTHILLS PKWY,STATE HWY,     ,  ,2021/10/21 00:00:00+00,2021/10/21 16:52:00+00,2021,10,October,16,5,21,Thursday,16,Motorway Collision,Daylight,NONE,Property Damage Only,0,0,0,39.999988,-105.23281,0,0,0,0,AT INTERSECTION,1650,2819
-105.261073,40.01736,Police Collision Report,COLLISION W/ MV - SIDE TO SIDE-SAME DIRECTION,2109959,2,2550  CANYON BLVD      ,2550 CANYON BLVD,,     ,  ,2021/10/17 00:00:00+00,2021/10/17 13:00:00+00,2021,10,October,13,1,17,Sunday,13,Motorway Collision,Daylight,NONE,Property Damage Only,0,0,0,40.01736,-105.261073,0,0,0,0,PARKING LOT,1030,2820
-105.254622,39.988553,Police Collision Report,COLLISION W/ MV - SIDE TO SIDE-SAME DIRECTION,2110069,2,S BROADWAY/EASTMAN AVE,BROADWAY,STATE HWY,     ,  ,2021/10/20 00:00:00+00,2021/10/20 13:29:00+00,2021,10,October,13,4,20,Wednesday,13,Motorway Collision,Daylight,NONE,Property Damage Only,0,0,0,39.988553,-105.254622,0,0,0,0,AT INTERSECTION,1329,2821
-105.24895,40.038008,Police Collision Report,COLLISION W/ MV - SIDE TO SIDE-SAME DIRECTION,2109971,2,DIAGONAL HWY/34TH ST,DIAGONAL HWY,STATE HWY,     ,E ,2021/10/17 00:00:00+00,2021/10/17 19:16:00+00,2021,10,October,19,1,17,Sunday,19,Motorway Collision,Dark - Lighted,NONE,Property Damage Only,0,0,0,40.038008,-105.24895,0,0,0,0,NON-INTERSECTION,1914,2822
-105.261236,39.9965,Police Collision Report,COLLISION W/ MV - SIDE TO SIDE-SAME DIRECTION,2110246,2,BROADWAY/27TH WAY,BROADWAY,STATE HWY,     ,N ,2021/10/25 00:00:00+00,2021/10/25 20:47:00+00,2021,10,October,20,2,25,Monday,20,Motorway Collision,Dark - Lighted,NONE,Property Damage Only,0,0,0,39.9965,-105.261236,0,0,0,0,NON-INTERSECTION,2057,2823
-105.263033,40.014644,Police Collision Report,COLLISION W/ MV - SIDE TO SIDE-SAME DIRECTION,2110239,2,ARAPAHOE AVE/FOLSOM ST,ARAPAHOE AVE,CITY ST/CNTY RD,     ,E ,2021/10/25 00:00:00+00,2021/10/25 17:20:00+00,2021,10,October,17,2,25,Monday,17,Motorway Collision,Daylight,NONE,Property Damage Only,0,0,0,40.014644,-105.263033,0,0,0,0,DRIVEWAY ACCESS RELATED,1720,2824
-105.277039,40.017449,Police Collision Report,COLLISION W/ MV - SIDE TO SIDE-SAME DIRECTION,2110301,2,WALNUT ST/14TH ST,14TH ST,CITY ST/CNTY RD,     ,N ,2021/10/27 00:00:00+00,2021/10/27 15:15:00+00,2021,10,October,15,4,27,Wednesday,15,Motorway Collision,Daylight,NONE,Property Damage Only,0,0,0,40.017449,-105.277039,0,0,0,0,NON-INTERSECTION,1515,2825
-105.260159,40.000452,Police Collision Report,COLLISION W/ MV - SIDE TO SIDE-SAME DIRECTION,2110304,2,27TH WAY/BASELINE RD,BASELINE RD,STATE HWY,     ,W ,2021/10/27 00:00:00+00,2021/10/27 17:31:00+00,2021,10,October,17,4,27,Wednesday,17,Motorway Collision,Dawn or Dusk,NONE,Property Damage Only,0,0,0,40.000452,-105.260159,0,0,0,0,NON-INTERSECTION,1731,2826
-105.249911,39.985461,Police Collision Report,COLLISION W/ MV - SIDE TO SIDE-SAME DIRECTION,2110140,2,TABLE MESA DR/S BROADWAY,TABLE MESA DRIVE,CITY ST/CNTY RD,     ,  ,2021/10/22 00:00:00+00,2021/10/22 13:32:00+00,2021,10,October,13,6,22,Friday,13,Motorway Collision,Daylight,NONE,Property Damage Only,0,0,0,39.985461,-105.249911,0,0,0,0,AT INTERSECTION,1332,2827
-105.271664,40.005572,Police Collision Report,COLLISION W/ MV - SIDE TO SIDE-SAME DIRECTION,2110169,2,BROADWAY/EUCLID AVE,BROADWAY,STATE HWY,     ,  ,2021/10/23 00:00:00+00,2021/10/23 10:24:00+00,2021,10,October,10,7,23,Saturday,10,Motorway Collision,Daylight,NONE,Property Damage Only,0,0,0,40.005572,-105.271664,0,0,0,0,AT INTERSECTION,1015,2828
-105.258407,40.022375,Police Collision Report,COLLISION W/ MV - SIDE TO SIDE-SAME DIRECTION,2110610,2,28TH ST/PEARL ST,PEARL STREET,CITY ST/CNTY RD,     ,E ,2021/11/05 00:00:00+00,2021/11/05 08:57:00+00,2021,11,November,8,6,5,Friday,8,Motorway Collision,Daylight,NONE,Property Damage Only,0,0,0,40.022375,-105.258407,0,0,0,0,NON-INTERSECTION,857,2829
-105.263226,40.036463,Police Collision Report,COLLISION W/ MV - SIDE TO SIDE-SAME DIRECTION,2110724,2,IRIS AVE/N 26TH ST,IRIS,CITY ST/CNTY RD,     ,E ,2021/11/08 00:00:00+00,2021/11/08 10:26:00+00,2021,11,November,10,2,8,Monday,10,Motorway Collision,Daylight,NONE,Property Damage Only,0,0,0,40.036463,-105.263226,0,0,0,0,NON-INTERSECTION,1020,2830
-105.246519,40.014636,Police Collision Report,COLLISION W/ MV - SIDE TO SIDE-SAME DIRECTION,2110726,2,ARAPAHOE AVE/38TH ST,ARAPAHOE AVE,STATE HWY,     ,  ,2021/11/08 00:00:00+00,2021/11/08 10:57:00+00,2021,11,November,10,2,8,Monday,10,Motorway Collision,Daylight,NONE,Property Damage Only,0,0,0,40.014636,-105.246519,0,0,0,0,AT INTERSECTION,1056,2831
-105.277058,40.017413,Police Collision Report,COLLISION W/ MV - SIDE TO SIDE-SAME DIRECTION,2110614,2,14TH ST/WALNUT ST,WALNUT ST,CITY ST/CNTY RD,     ,W ,2021/11/05 00:00:00+00,2021/11/05 11:07:00+00,2021,11,November,11,6,5,Friday,11,Motorway Collision,Daylight,NONE,Property Damage Only,0,0,0,40.017413,-105.277058,0,0,0,0,INTERSECTION RELATED,1108,2832
-105.258357,40.000215,Police Collision Report,COLLISION W/ MV - SIDE TO SIDE-SAME DIRECTION,2110649,2,US HIGHWAY 36/BASELINE RD,HWY 36,STATE HWY,     ,E ,2021/11/06 00:00:00+00,2021/11/06 11:03:00+00,2021,11,November,11,7,6,Saturday,11,Hit-and-Run Collision,Daylight,NONE,Property Damage Only,0,0,0,40.000215,-105.258357,0,0,0,0,NON-INTERSECTION,1103,2833
-105.257225,39.998548,Police Collision Report,COLLISION W/ MV - SIDE TO SIDE-SAME DIRECTION,2110530,2,ELM AVE/MOORHEAD AVE,ELM AVENUE,CITY ST/CNTY RD,     ,  ,2021/11/03 00:00:00+00,2021/11/03 08:18:00+00,2021,11,November,8,4,3,Wednesday,8,Motorway Collision,Daylight,NONE,Property Damage Only,0,0,0,39.998548,-105.257225,0,0,0,0,AT INTERSECTION,818,2834
-105.232572,40.000025,Police Collision Report,COLLISION W/ MV - SIDE TO SIDE-SAME DIRECTION,2110454,2,FOOTHILLS PKWY/BASELINE RD,FOOTHILLS PKWY,STATE HWY,     ,N ,2021/10/31 00:00:00+00,2021/10/31 16:46:00+00,2021,10,October,16,1,31,Sunday,16,Motorway Collision,Daylight,NONE,Property Damage Only,0,0,0,40.000025,-105.232572,0,0,0,0,NON-INTERSECTION,1646,2835
-105.273461,40.019228,Police Collision Report,COLLISION W/ MV - SIDE TO SIDE-SAME DIRECTION,2110381,2,17TH ST/PEARL ST,17TH ST,CITY ST/CNTY RD,     ,  ,2021/10/29 00:00:00+00,2021/10/29 14:43:00+00,2021,10,October,14,6,29,Friday,14,Motorway Collision,Daylight,NONE,Property Damage Only,0,0,0,40.019228,-105.273461,0,0,0,0,AT INTERSECTION,1443,2836
-105.235919,40.014836,Police Collision Report,COLLISION W/ MV - SIDE TO SIDE-SAME DIRECTION,2110321,2,4715  ARAPAHOE AVE      ,4715 ARAPAHOE AVENUE,,     ,  ,2021/10/28 00:00:00+00,2021/10/28 09:03:00+00,2021,10,October,9,5,28,Thursday,9,Motorway Collision,Daylight,NONE,Property Damage Only,0,0,0,40.014836,-105.235919,0,0,0,0,PARKING LOT,903,2837
-105.282063,40.025544,Police Collision Report,COLLISION W/ MV - SIDE TO SIDE-SAME DIRECTION,2110816,2,ALPINE AVE/BROADWAY,ALPINE AVE,CITY ST/CNTY RD,     ,W ,2021/11/11 00:00:00+00,2021/11/11 11:06:00+00,2021,11,November,11,5,11,Thursday,11,Motorway Collision,Daylight,NONE,Property Damage Only,0,0,0,40.025544,-105.282063,0,0,0,0,INTERSECTION RELATED,1125,2838
-105.257829,40.000354,Police Collision Report,COLLISION W/ MV - SIDE TO SIDE-SAME DIRECTION,2111026,2,BASELINE RD/28TH ST,BASELINE RD,STATE HWY,     ,  ,2021/11/17 00:00:00+00,2021/11/17 00:00:00+00,2021,11,November,0,4,17,Wednesday,0,Motorway Collision,Dark - Lighted,NONE,Property Damage Only,0,0,0,40.000354,-105.257829,0,0,0,0,NON-INTERSECTION,1725,2839
-105.249862,39.98558,Police Collision Report,COLLISION W/ MV - SIDE TO SIDE-SAME DIRECTION,2111030,2,S BROADWAY/TABLE MESA DR,S BROADWAY,STATE HWY,     ,S ,2021/11/17 00:00:00+00,2021/11/29 00:00:00+00,2021,11,November,0,2,29,Monday,0,Motorway Collision,Dark - Lighted,NONE,Property Damage Only,0,0,0,39.98558,-105.249862,0,0,0,0,NON-INTERSECTION,1818,2840
-105.256066,40.014529,Police Collision Report,COLLISION W/ MV - SIDE TO SIDE-SAME DIRECTION,2110959,2,ARAPAHOE AVE/29TH ST,ARAPAHOE AVE,STATE HWY,     ,W ,2021/11/15 00:00:00+00,2021/11/15 16:43:00+00,2021,11,November,16,2,15,Monday,16,Motorway Collision,Dawn or Dusk,NONE,Property Damage Only,0,0,0,40.014529,-105.256066,0,0,0,0,INTERSECTION RELATED,1643,2841
-105.274968,40.007531,Police Collision Report,COLLISION W/ MV - SIDE TO SIDE-SAME DIRECTION,2110881,2,1111  BROADWAY      ,BROADWAY,STATE HWY,     ,  ,2021/11/12 23:53:00+00,2021/11/12 23:53:00+00,2021,11,November,23,6,12,Friday,23,Motorway Collision,Dark - Lighted,NONE,Property Damage Only,0,0,0,40.007531,-105.274968,0,0,0,0,AT INTERSECTION,2352,2842
-105.253797,40.016675,Police Collision Report,COLLISION W/ MV - SIDE TO SIDE-SAME DIRECTION,2110861,2,30TH ST/CANYON BLVD,30TH STREET,CITY ST/CNTY RD,     ,  ,2021/11/12 00:00:00+00,2021/11/12 13:02:00+00,2021,11,November,13,6,12,Friday,13,Motorway Collision,Daylight,NONE,Property Damage Only,0,0,0,40.016675,-105.253797,0,0,0,0,AT INTERSECTION,1302,2843
-105.234743,39.986514,Police Collision Report,COLLISION W/ MV - SIDE TO SIDE-SAME DIRECTION,2111122,2,US HIGHWAY 36/TABLE MESA DR,US HWY 36,STATE HWY,     ,E ,2021/11/20 00:00:00+00,2021/11/20 17:42:00+00,2021,11,November,17,7,20,Saturday,17,Motorway Collision,Dawn or Dusk,NONE,Property Damage Only,0,0,0,39.986514,-105.234743,0,0,0,0,RAMP-RELATED,1700,2844
-105.278239,40.012914,Police Collision Report,COLLISION W/ MV - SIDE TO SIDE-SAME DIRECTION,2111115,2,MARINE ST/BROADWAY,BROADWAY,STATE HWY,     ,  ,2021/11/20 00:00:00+00,2021/11/20 08:53:00+00,2021,11,November,8,7,20,Saturday,8,Motorway Collision,Daylight,NONE,Property Damage Only,0,0,0,40.012914,-105.278239,0,0,0,0,AT INTERSECTION,853,2845
-105.228304,39.984299,Police Collision Report,COLLISION W/ MV - SIDE TO SIDE-SAME DIRECTION,2111303,2,5200  MANHATTAN CIR      ,S BOULDER CIR,CITY ST/CNTY RD,     ,N ,2021/11/26 14:29:59+00,2021/11/26 14:30:00+00,2021,11,November,14,6,26,Friday,14,Motorway Collision,Daylight,NONE,Property Damage Only,0,0,0,39.984299,-105.228304,0,0,0,0,NON-INTERSECTION,1504,2846
-105.275916,40.018194,Police Collision Report,COLLISION W/ MV - SIDE TO SIDE-SAME DIRECTION,2111808,2,15TH ST/LAWRY LN,15TH ST,CITY ST/CNTY RD,     ,S ,2021/12/10 00:00:00+00,2021/12/10 20:12:00+00,2021,12,December,20,6,10,Friday,20,Motorway Collision,Dark - Lighted,NONE,Property Damage Only,0,0,0,40.018194,-105.275916,0,0,0,0,NON-INTERSECTION,2012,2847
-105.234612,40.029256,Police Collision Report,COLLISION W/ MV - SIDE TO SIDE-SAME DIRECTION,2111906,2,VALMONT RD/AIRPORT RD,VALMONT RD,CITY ST/CNTY RD,     ,W ,2021/12/13 00:00:00+00,2022/01/18 00:00:00+00,2022,1,January,0,3,18,Tuesday,0,Motorway Collision,Dawn or Dusk,NONE,Property Damage Only,0,0,0,40.029256,-105.234612,0,0,0,0,NON-INTERSECTION,1658,2848
-105.2131,40.014835,Police Collision Report,COLLISION W/ MV - SIDE TO SIDE-SAME DIRECTION,2111451,2,ARAPAHOE AVE/CHERRYVALE RD,ARAPAHOE AVE,STATE HWY,     ,  ,2021/12/01 00:00:00+00,2021/12/01 07:57:00+00,2021,12,December,7,4,1,Wednesday,7,Motorway Collision,Daylight,NONE,Possible injury,0,0,0,40.014835,-105.2131,0,0,0,0,AT INTERSECTION,755,2849
-105.257694,40.025552,Police Collision Report,COLLISION W/ MV - SIDE TO SIDE-SAME DIRECTION,2111562,2,2829  MAPLETON AVE      , MAPLETON AVE,CITY ST/CNTY RD,     ,E ,2021/12/04 00:00:00+00,2021/12/04 00:44:00+00,2021,12,December,0,7,4,Saturday,0,Motorway Collision,Dark - Lighted,NONE,Property Damage Only,0,0,0,40.025552,-105.257694,1,1,0,0,NON-INTERSECTION,43,2850
-105.258456,40.036493,Police Collision Report,COLLISION W/ MV - SIDE TO SIDE-SAME DIRECTION,2111580,2,IRIS AVE/28TH ST,28TH ST,STATE HWY,     ,N ,2021/12/04 00:00:00+00,2021/12/04 14:01:00+00,2021,12,December,14,7,4,Saturday,14,Motorway Collision,Daylight,NONE,Property Damage Only,0,0,0,40.036493,-105.258456,0,0,0,0,INTERSECTION RELATED,1401,2851
-105.236404,40.000161,Police Collision Report,COLLISION W/ MV - SIDE TO SIDE-SAME DIRECTION,2111585,2,MOHAWK DR/BASELINE RD,LAGUNA PL,CITY ST/CNTY RD,     ,  ,2021/12/04 00:00:00+00,2021/12/04 15:36:00+00,2021,12,December,15,7,4,Saturday,15,Motorway Collision,Daylight,NONE,Property Damage Only,0,0,0,40.000161,-105.236404,0,0,0,0,AT INTERSECTION,1536,2852
-105.251014,40.027569,Police Collision Report,COLLISION W/ MV - SIDE TO SIDE-SAME DIRECTION,2111457,2,JUNCTION PL/BLUFF ST,JUNCTION PLACE,CITY ST/CNTY RD,     ,N ,2021/12/01 00:00:00+00,2021/12/01 10:25:00+00,2021,12,December,10,4,1,Wednesday,10,Motorway Collision,Daylight,NONE,Property Damage Only,0,0,0,40.027569,-105.251014,0,0,0,0,INTERSECTION RELATED,1030,2853
-105.253729,40.032823,Police Collision Report,COLLISION W/ MV - SIDE TO SIDE-SAME DIRECTION,2111460,2,30TH ST/GLENWOOD DR,GLENWOOD DR.,CITY ST/CNTY RD,     ,  ,2021/12/01 00:00:00+00,2021/12/01 11:21:00+00,2021,12,December,11,4,1,Wednesday,11,Motorway Collision,Daylight,NONE,Property Damage Only,0,0,0,40.032823,-105.253729,0,0,0,0,AT INTERSECTION,1121,2854
-105.261328,40.008161,Police Collision Report,COLLISION W/ MV - SIDE TO SIDE-SAME DIRECTION,2201994,2,REGENT DR/COLORADO AVE,REGENT DR,CITY ST/CNTY RD,     ,S ,2022/03/02 00:00:00+00,2022/03/02 15:35:00+00,2022,3,March,15,4,2,Wednesday,15,Motorway Collision,Daylight,NONE,Property Damage Only,0,0,0,40.008161,-105.261328,0,0,0,0,NON-INTERSECTION,1535,2855