X,Y,ReportType,PrmaryCollsionType,CaseNumber,UnitsInvolved,Location,OnHighway,CrossStreet,FeetFromIntersection,DirectionFromIntersection,CollisionDate,ReportedDate,ReportedYear,ReportedMonth,ReportedMonthName,ReportedWeek,ReportedDayofWeekNum,ReportedDayofMonth,ReportedDayofWeek,ReportedHour,HitAndRunStatus,LightingCondition,WeatherCondition,Severity,NumKilled,NumSeriouslyInjured,NumInjuredOrKilled,Lat,Lon,DUI,AlcoholDrugSuspected,BicyclesInvolved,PedestriansInvolved,RoadDescription,Crash_Time,ESRI_OID
-105.256894,39.979891,Police Collision Report,COLLISION W/ MV - SIDE TO SIDE-SAME DIRECTION,1909273,3,COLBY DR/ITHACA DR,COLBY DRIVE,,275,W ,2019/08/16 00:00:00+00,2019/08/16 15:16:00+00,2019,8,August,15,6,16,Friday,15,Motorway Collision,Daylight,NONE,Possible injury,0,0,0,39.979891,-105.256894,0,0,0,0,NON-INTERSECTION,1510,3049
-105.258322,40.020492,Police Collision Report,COLLISION W/ MV - SIDE TO SIDE-SAME DIRECTION,1908837,2,WALNUT ST/28TH ST,28TH ST,STATE HWY,15,S ,2019/08/07 00:00:00+00,2019/08/07 09:05:00+00,2019,8,August,9,4,7,Wednesday,9,Motorway Collision,Daylight,NONE,Property Damage Only,0,0,0,40.020492,-105.258322,0,0,0,0,AT INTERSECTION,905,3050
-105.276658,40.016326,Police Collision Report,COLLISION W/ MV - SIDE TO SIDE-SAME DIRECTION,1908619,2,CANYON BLVD/14TH ST,CANYON BOULEVARD,STATE HWY,160,E ,2019/08/02 00:00:00+00,2019/08/02 09:21:00+00,2019,8,August,9,6,2,Friday,9,Motorway Collision,Daylight,NONE,Property Damage Only,0,0,0,40.016326,-105.276658,0,0,0,0,NON-INTERSECTION,921,3051
-105.258504,40.020518,Police Collision Report,COLLISION W/ MV - SIDE TO SIDE-SAME DIRECTION,1909091,2,28TH ST/WALNUT ST,28TH ST,STATE HWY,50,N ,2019/08/13 00:00:00+00,2019/08/13 00:00:00+00,2019,8,August,0,3,13,Tuesday,0,Motorway Collision,Daylight,NONE,Possible injury,0,0,0,40.020518,-105.258504,0,0,0,0,NON-INTERSECTION,1050,3052
-105.253425,40.00742,Police Collision Report,COLLISION W/ MV - SIDE TO SIDE-SAME DIRECTION,1908907,2,30TH ST/COLORADO AVE,30TH ST,CITY ST/CNTY RD,15,S ,2019/08/08 00:00:00+00,2019/08/08 16:32:00+00,2019,8,August,16,5,8,Thursday,16,Motorway Collision,Daylight,NONE,Property Damage Only,0,0,0,40.00742,-105.253425,0,0,0,0,INTERSECTION RELATED,1632,3053
-105.258284,40.020627,Police Collision Report,COLLISION W/ MV - SIDE TO SIDE-SAME DIRECTION,1908490,2,1906  28TH ST      ,1906 28TH ST,CITY ST/CNTY RD,     ,  ,2019/07/30 00:00:00+00,2019/07/30 15:32:00+00,2019,7,July,15,3,30,Tuesday,15,Motorway Collision,Daylight,NONE,Property Damage Only,0,0,0,40.020627,-105.258284,0,0,0,0,PARKING LOT,1439,3054
-105.265444,39.970975,Police Collision Report,COLLISION W/ MV - SIDE TO SIDE-SAME DIRECTION,1908395,2,VIEW POINT RD,ARAPAHOE AVE,CITY ST/CNTY RD,600,W ,2019/07/28 00:00:00+00,2019/07/28 14:52:00+00,2019,7,July,14,1,28,Sunday,14,Motorway Collision,Daylight,NONE,Property Damage Only,0,0,0,39.970975,-105.265444,0,0,0,0,NON-INTERSECTION,1505,3055
-105.258482,40.036463,Police Collision Report,COLLISION W/ MV - SIDE TO SIDE-SAME DIRECTION,1908400,2,28TH ST/IRIS AVE,GLENWOOD CT,CITY ST/CNTY RD,425,N ,2019/07/28 00:00:00+00,2019/07/28 17:08:00+00,2019,7,July,17,1,28,Sunday,17,Motorway Collision,Daylight,NONE,Property Damage Only,0,0,0,40.036463,-105.258482,0,0,0,0,NON-INTERSECTION,1708,3056
-105.285545,40.055488,Police Collision Report,COLLISION W/ MV - SIDE TO SIDE-SAME DIRECTION,1908462,2,9TH ST/CHERRY AVE,CHERRY ST,CITY ST/CNTY RD,139,E ,2019/07/30 00:00:00+00,2019/07/30 07:09:00+00,2019,7,July,7,3,30,Tuesday,7,Motorway Collision,Dark - Unlighted,NONE,Property Damage Only,0,0,0,40.055488,-105.285545,0,0,0,0,NON-INTERSECTION,707,3057
-105.240833,40.014503,Police Collision Report,COLLISION W/ MV - SIDE TO SIDE-SAME DIRECTION,1908477,2,ARAPAHOE AVE/FOOTHILLS PKWY,ARAPAHOE AVE,STATE HWY,     ,  ,2019/07/30 00:00:00+00,2019/07/30 13:04:00+00,2019,7,July,13,3,30,Tuesday,13,Motorway Collision,Daylight,NONE,Property Damage Only,0,0,0,40.014503,-105.240833,0,0,0,0,AT INTERSECTION,1304,3058
-105.240861,40.022239,Police Collision Report,COLLISION W/ MV - SIDE TO SIDE-SAME DIRECTION,1908345,2,48TH CT/PEARL PKWY,PEARL PKY,CITY ST/CNTY RD,55,W ,2019/07/27 00:00:00+00,2019/07/27 14:42:00+00,2019,7,July,14,7,27,Saturday,14,Motorway Collision,Daylight,NONE,Property Damage Only,0,0,0,40.022239,-105.240861,0,0,0,0,INTERSECTION RELATED,1442,3059
-105.28209,40.030076,Police Collision Report,COLLISION W/ MV - SIDE TO SIDE-SAME DIRECTION,1908328,2,ELDER AVE/BROADWAY,ELDER AVE,CITY ST/CNTY RD,213,E ,2019/07/27 00:00:00+00,2019/07/27 10:01:00+00,2019,7,July,10,7,27,Saturday,10,Motorway Collision,Daylight,NONE,Property Damage Only,0,0,0,40.030076,-105.28209,0,0,0,0,NON-INTERSECTION,1001,3060
-105.28381,40.01712,Police Collision Report,COLLISION W/ MV - SIDE TO SIDE-SAME DIRECTION,1908298,2,PEARL ST/9TH ST,PEARL ST,CITY ST/CNTY RD,123,E ,2019/07/26 00:00:00+00,2019/07/26 15:49:00+00,2019,7,July,15,6,26,Friday,15,Motorway Collision,Daylight,NONE,Property Damage Only,0,0,0,40.01712,-105.28381,0,0,0,0,NON-INTERSECTION,1549,3061
-105.258407,40.022375,Police Collision Report,COLLISION W/ MV - SIDE TO SIDE-SAME DIRECTION,1908210,4,28TH ST/PEARL ST,28TH ST,STATE HWY,     ,  ,2019/07/24 00:00:00+00,2019/07/24 18:35:00+00,2019,7,July,18,4,24,Wednesday,18,Motorway Collision,Daylight,NONE,Possible injury,0,0,0,40.022375,-105.258407,0,0,0,0,INTERSECTION RELATED,1835,3062
-105.249862,39.98558,Police Collision Report,COLLISION W/ MV - SIDE TO SIDE-SAME DIRECTION,1908258,2,S BROADWAY/TABLE MESA DR,S BROADWAY,STATE HWY,60,S ,2019/07/25 00:00:00+00,2019/07/25 20:02:00+00,2019,7,July,20,5,25,Thursday,20,Motorway Collision,Daylight,NONE,Property Damage Only,0,0,0,39.98558,-105.249862,0,0,0,0,NON-INTERSECTION,2000,3063
-105.253797,40.016675,Police Collision Report,COLLISION W/ MV - SIDE TO SIDE-SAME DIRECTION,1908144,2,30TH ST/CANYON BLVD,30TH ST,CITY ST/CNTY RD,     ,  ,2019/07/23 00:00:00+00,2019/07/23 13:29:00+00,2019,7,July,13,3,23,Tuesday,13,Motorway Collision,Daylight,NONE,Property Damage Only,0,0,0,40.016675,-105.253797,0,0,0,0,AT INTERSECTION,1329,3064
-105.249862,39.98558,Police Collision Report,COLLISION W/ MV - SIDE TO SIDE-SAME DIRECTION,1908180,2,S BROADWAY/TABLE MESA DR,S BROADWAY,STATE HWY,     ,  ,2019/07/24 00:00:00+00,2019/07/24 08:06:00+00,2019,7,July,8,4,24,Wednesday,8,Motorway Collision,Daylight,NONE,Property Damage Only,0,0,0,39.98558,-105.249862,0,0,0,0,AT INTERSECTION,807,3065
-105.231998,39.986966,Police Collision Report,COLLISION W/ MV - SIDE TO SIDE-SAME DIRECTION,1908186,2,FOOTHILLS PKWY/TABLE MESA DR,TABLE MESA DRIVE,STATE HWY,     ,  ,2019/07/24 00:00:00+00,2019/07/24 09:38:00+00,2019,7,July,9,4,24,Wednesday,9,Motorway Collision,Daylight,NONE,Property Damage Only,0,0,0,39.986966,-105.231998,0,0,0,0,AT INTERSECTION,937,3066
-105.258355,40.020608,Police Collision Report,COLLISION W/ MV - SIDE TO SIDE-SAME DIRECTION,1908151,2,1905  28TH ST      ,1905 28TH ST,CITY ST/CNTY RD,     ,  ,2019/07/23 00:00:00+00,2019/07/23 15:16:00+00,2019,7,July,15,3,23,Tuesday,15,Motorway Collision,Daylight,NONE,Property Damage Only,0,0,0,40.020608,-105.258355,0,0,0,0,PARKING LOT,1222,3067
-105.26379,40.000067,Police Collision Report,COLLISION W/ MV - SIDE TO SIDE-SAME DIRECTION,1907979,2,BROADWAY/BASELINE RD,BROADWAY,STATE HWY,305,N ,2019/07/18 00:00:00+00,2019/07/18 16:13:00+00,2019,7,July,16,5,18,Thursday,16,Motorway Collision,Daylight,NONE,Property Damage Only,0,0,0,40.000067,-105.26379,0,0,0,0,NON-INTERSECTION,1613,3068
-105.284252,40.000092,Police Collision Report,COLLISION W/ MV - SIDE TO SIDE-SAME DIRECTION,1908069,2,BASELINE RD/8TH ST,BASELINE RD,CITY ST/CNTY RD,65,E ,2019/07/21 00:00:00+00,2019/07/21 14:30:00+00,2019,7,July,14,1,21,Sunday,14,Motorway Collision,Daylight,NONE,Property Damage Only,0,0,0,40.000092,-105.284252,0,0,0,0,NON-INTERSECTION,1430,3069
-105.258282,40.014544,Police Collision Report,COLLISION W/ MV - SIDE TO SIDE-SAME DIRECTION,1907732,2,28TH ST/ARAPAHOE AVE,28TH ST,STATE HWY,538,S ,2019/07/13 00:00:00+00,2019/07/13 11:00:00+00,2019,7,July,11,7,13,Saturday,11,Motorway Collision,Daylight,NONE,Property Damage Only,0,0,0,40.014544,-105.258282,0,0,0,0,INTERSECTION RELATED,1059,3070
-105.263563,40.000114,Police Collision Report,COLLISION W/ MV - SIDE TO SIDE-SAME DIRECTION,1907703,2,BASELINE RD/BROADWAY,BASELINE RD,STATE HWY,60,E ,2019/07/12 00:00:00+00,2019/07/12 14:45:00+00,2019,7,July,14,6,12,Friday,14,Motorway Collision,Daylight,NONE,Property Damage Only,0,0,0,40.000114,-105.263563,0,0,0,0,INTERSECTION RELATED,1445,3071
-105.282121,40.026732,Police Collision Report,COLLISION W/ MV - SIDE TO SIDE-SAME DIRECTION,1907684,2,BROADWAY/BALSAM AVE,BALSAM AVE,CITY ST/CNTY RD,     ,  ,2019/07/12 00:00:00+00,2019/07/12 08:52:00+00,2019,7,July,8,6,12,Friday,8,Motorway Collision,Daylight,NONE,Property Damage Only,0,0,0,40.026732,-105.282121,0,0,0,0,AT INTERSECTION,852,3072
-105.249862,39.98558,Police Collision Report,COLLISION W/ MV - SIDE TO SIDE-SAME DIRECTION,1907907,2,S BROADWAY/TABLE MESA DR,BROADWAY,STATE HWY,25,S ,2019/07/17 00:00:00+00,2019/07/17 07:46:00+00,2019,7,July,7,4,17,Wednesday,7,Motorway Collision,Daylight,NONE,Property Damage Only,0,0,0,39.98558,-105.249862,0,0,0,0,INTERSECTION RELATED,746,3073
-105.258407,40.022375,Police Collision Report,COLLISION W/ MV - SIDE TO SIDE-SAME DIRECTION,1907871,2,28TH ST/PEARL ST,28TH ST,STATE HWY,500,S ,2019/07/16 00:00:00+00,2019/07/16 11:32:00+00,2019,7,July,11,3,16,Tuesday,11,Motorway Collision,Daylight,NONE,Property Damage Only,0,0,0,40.022375,-105.258407,0,0,0,0,NON-INTERSECTION,1123,3074
-105.285227,40.066306,Police Collision Report,COLLISION W/ MV - SIDE TO SIDE-SAME DIRECTION,1907919,2,850   LARAMIE BLVD      ,850 LARAMIE,,     ,  ,2019/07/12 00:00:00+00,2019/07/12 00:00:00+00,2019,7,July,0,6,12,Friday,0,Motorway Collision,Daylight,NONE,Property Damage Only,0,0,0,40.066306,-105.285227,0,0,0,0,PARKING LOT,1900,3075
-105.277468,40.008687,Police Collision Report,COLLISION W/ MV - SIDE TO SIDE-SAME DIRECTION,1907160,2,12TH ST/PENNSYLVANIA AVE,PENNSYLVANIA AVE,CITY ST/CNTY RD,125,E ,2019/06/30 00:00:00+00,2019/06/30 11:05:00+00,2019,6,June,11,1,30,Sunday,11,Motorway Collision,Daylight,NONE,Property Damage Only,0,0,0,40.008687,-105.277468,0,0,0,0,NON-INTERSECTION,1050,3076
-105.283315,40.031057,Police Collision Report,COLLISION W/ MV - SIDE TO SIDE-SAME DIRECTION,2001942,2,11TH ST/EVERGREEN AVE,PEARL STREET,CITY ST/CNTY RD,     ,  ,2020/02/20 00:00:00+00,2020/02/20 00:00:00+00,2020,2,February,0,5,20,Thursday,0,Motorway Collision,Daylight,NONE,Property Damage Only,0,0,0,40.031057,-105.283315,0,0,0,0,AT INTERSECTION,1008,3077
-105.275041,40.015882,Police Collision Report,COLLISION W/ MV - SIDE TO SIDE-SAME DIRECTION,2001570,2,1750  15TH ST      ,1750 15TH ST,,     ,  ,2020/02/11 00:00:00+00,2020/02/11 14:01:00+00,2020,2,February,14,3,11,Tuesday,14,Motorway Collision,Daylight,NONE,Property Damage Only,0,0,0,40.015882,-105.275041,0,0,0,0,PARKING LOT,1403,3078
-105.280039,40.013853,Police Collision Report,COLLISION W/ MV - SIDE TO SIDE-SAME DIRECTION,2001794,2,ARAPAHOE AVE/11TH ST,ARAPAHOE,CITY ST/CNTY RD,300,W ,2020/02/16 00:00:00+00,2020/02/16 00:00:00+00,2020,2,February,0,1,16,Sunday,0,Motorway Collision,Dark - Lighted,NONE,Property Damage Only,0,0,0,40.013853,-105.280039,0,0,0,0,NON-INTERSECTION,1730,3079
-105.225448,40.014598,Police Collision Report,COLLISION W/ MV - SIDE TO SIDE-SAME DIRECTION,2001654,2,55TH ST/ARAPAHOE AVE,55TH,CITY ST/CNTY RD,350,N ,2020/02/13 00:00:00+00,2020/02/13 15:39:00+00,2020,2,February,15,5,13,Thursday,15,Motorway Collision,Daylight,NONE,Property Damage Only,0,0,0,40.014598,-105.225448,0,0,0,0,DRIVEWAY ACCESS RELATED,1539,3080
-105.239567,40.008522,Police Collision Report,COLLISION W/ MV - SIDE TO SIDE-SAME DIRECTION,2002973,2,FOOTHILLS PKWY/COLORADO AVE,FOOTHILLS PKWY,STATE HWY,400,S ,2020/03/17 00:00:00+00,2020/03/17 19:16:00+00,2020,3,March,19,3,17,Tuesday,19,Motorway Collision,Dawn or Dusk,NONE,Property Damage Only,0,0,0,40.008522,-105.239567,0,0,0,0,NON-INTERSECTION,1915,3081
-105.234743,39.986514,Police Collision Report,COLLISION W/ MV - SIDE TO SIDE-SAME DIRECTION,2002683,2,US HIGHWAY 36/TABLE MESA DR,28TH ST,STATE HWY,650,S ,2020/03/10 00:00:00+00,2020/03/10 14:35:00+00,2020,3,March,14,3,10,Tuesday,14,Motorway Collision,Daylight,NONE,Property Damage Only,0,0,0,39.986514,-105.234743,0,0,0,0,NON-INTERSECTION,1435,3082
-105.284252,40.000092,Police Collision Report,COLLISION W/ MV - SIDE TO SIDE-SAME DIRECTION,2002722,2,BASELINE RD/8TH ST,BASELINE RD,CITY ST/CNTY RD,     ,  ,2020/03/08 00:00:00+00,2020/03/08 00:00:00+00,2020,3,March,0,1,8,Sunday,0,Motorway Collision,Daylight,NONE,Property Damage Only,0,0,0,40.000092,-105.284252,0,0,0,0,NON-INTERSECTION,1830,3083
-105.258492,40.017345,Police Collision Report,COLLISION W/ MV - SIDE TO SIDE-SAME DIRECTION,2002751,2,28TH ST/CANYON BLVD,28TH ST,STATE HWY,283,S ,2020/03/12 00:00:00+00,2020/03/12 11:59:00+00,2020,3,March,11,5,12,Thursday,11,Motorway Collision,Daylight,NONE,Property Damage Only,0,0,0,40.017345,-105.258492,0,0,0,0,INTERSECTION RELATED,1055,3084
-105.28381,40.01712,Police Collision Report,COLLISION W/ MV - SIDE TO SIDE-SAME DIRECTION,2002588,2,PEARL ST/9TH ST,PEARL ST,CITY ST/CNTY RD,50,E ,2020/03/08 00:00:00+00,2020/03/08 00:56:00+00,2020,3,March,0,1,8,Sunday,0,Motorway Collision,Dark - Lighted,NONE,Property Damage Only,0,0,0,40.01712,-105.28381,0,0,0,0,NON-INTERSECTION,55,3085
-105.278453,40.025533,Police Collision Report,COLLISION W/ MV - SIDE TO SIDE-SAME DIRECTION,2002628,2,ALPINE AVE/14TH ST,14TH ST,CITY ST/CNTY RD,206,E ,2020/03/09 00:00:00+00,2020/03/09 11:48:00+00,2020,3,March,11,2,9,Monday,11,Motorway Collision,Daylight,NONE,Property Damage Only,0,0,0,40.025533,-105.278453,0,0,0,0,NON-INTERSECTION,1148,3086
-105.25015,40.016844,Police Collision Report,COLLISION W/ MV - SIDE TO SIDE-SAME DIRECTION,2002527,2,1701  33RD ST      ,1701 33RD ST,,     ,  ,2020/03/06 00:00:00+00,2020/03/06 15:15:00+00,2020,3,March,15,6,6,Friday,15,Motorway Collision,Daylight,NONE,Property Damage Only,0,0,0,40.016844,-105.25015,0,0,0,0,PARKING LOT,1515,3087
-105.270571,40.004887,Police Collision Report,COLLISION W/ MV - SIDE TO SIDE-SAME DIRECTION,2002562,2,BROADWAY/17TH ST,BROADWAY,STATE HWY,93,N ,2020/03/07 13:15:59+00,2020/03/07 13:16:00+00,2020,3,March,13,7,7,Saturday,13,Motorway Collision,Daylight,NONE,Property Damage Only,0,0,0,40.004887,-105.270571,0,0,0,0,NON-INTERSECTION,1316,3088
-105.244714,40.022961,Police Collision Report,COLLISION W/ MV - SIDE TO SIDE-SAME DIRECTION,2002461,2,PEARL PKWY/FOOTHILLS PKWY,FOOTHILLS PARKWAY,STATE HWY,     ,  ,2020/03/06 00:00:00+00,2020/03/06 00:00:00+00,2020,3,March,0,6,6,Friday,0,Motorway Collision,Daylight,NONE,Property Damage Only,0,0,0,40.022961,-105.244714,0,0,0,0,AT INTERSECTION,1137,3089
-105.253425,40.00742,Police Collision Report,COLLISION W/ MV - SIDE TO SIDE-SAME DIRECTION,2002427,2,30TH ST/COLORADO AVE,30TH ST,CITY ST/CNTY RD,23,W ,2020/03/04 00:00:00+00,2020/03/04 17:13:00+00,2020,3,March,17,4,4,Wednesday,17,Motorway Collision,Daylight,NONE,Property Damage Only,0,0,0,40.00742,-105.253425,0,0,0,0,NON-INTERSECTION,1713,3090
-105.25371,40.029189,Police Collision Report,COLLISION W/ MV - SIDE TO SIDE-SAME DIRECTION,2002479,2,30TH ST/VALMONT RD,30TH ST,CITY ST/CNTY RD,520,S ,2020/03/05 00:00:00+00,2020/03/05 16:24:00+00,2020,3,March,16,5,5,Thursday,16,Motorway Collision,Daylight,NONE,Property Damage Only,0,0,0,40.029189,-105.25371,0,0,0,0,NON-INTERSECTION,1624,3091
-105.282286,40.010513,Police Collision Report,COLLISION W/ MV - SIDE TO SIDE-SAME DIRECTION,2002480,2,UNIVERSITY AVE/9TH ST,UNIVERSITY AVE,CITY ST/CNTY RD,478,E ,2020/03/05 00:00:00+00,2020/03/05 16:29:00+00,2020,3,March,16,5,5,Thursday,16,Motorway Collision,Daylight,NONE,Property Damage Only,0,0,0,40.010513,-105.282286,0,0,0,0,NON-INTERSECTION,1629,3092
-105.244862,40.029223,Police Collision Report,COLLISION W/ MV - SIDE TO SIDE-SAME DIRECTION,2002048,2,FOOTHILLS PKWY/VALMONT RD,VALMONT ROAD,CITY ST/CNTY RD,50,W ,2020/02/24 00:00:00+00,2020/02/24 12:15:00+00,2020,2,February,12,2,24,Monday,12,Motorway Collision,Daylight,NONE,Property Damage Only,0,0,0,40.029223,-105.244862,0,0,0,0,NON-INTERSECTION,1215,3093
-105.277915,40.016069,Police Collision Report,COLLISION W/ MV - SIDE TO SIDE-SAME DIRECTION,2002017,2,CANYON BLVD/13TH ST,13TH ST,STATE HWY,     ,  ,2020/02/23 00:00:00+00,2020/02/23 13:29:00+00,2020,2,February,13,1,23,Sunday,13,Motorway Collision,Daylight,NONE,Property Damage Only,0,0,0,40.016069,-105.277915,0,0,0,0,INTERSECTION RELATED,1329,3094
-105.261527,40.000212,Police Collision Report,COLLISION W/ MV - SIDE TO SIDE-SAME DIRECTION,2001963,2,2486  BASELINE RD      ,BROADWAY,STATE HWY,327,N ,2020/02/21 00:00:00+00,2020/02/21 17:20:00+00,2020,2,February,17,6,21,Friday,17,Motorway Collision,Dawn or Dusk,NONE,Property Damage Only,0,0,0,40.000212,-105.261527,0,0,0,0,INTERSECTION RELATED,1720,3095
-105.235073,39.986667,Police Collision Report,COLLISION W/ MV - SIDE TO SIDE-SAME DIRECTION,2002038,2,39000  US HIGHWAY 36      ,US HWY 36,STATE HWY,     ,  ,2020/02/24 00:00:00+00,2020/02/24 07:27:00+00,2020,2,February,7,2,24,Monday,7,Motorway Collision,Daylight,NONE,Property Damage Only,0,0,0,39.986667,-105.235073,0,0,0,0,PARKING LOT,728,3096
-105.244862,40.029223,Police Collision Report,COLLISION W/ MV - SIDE TO SIDE-SAME DIRECTION,2002080,2,FOOTHILLS PKWY/VALMONT RD,VALMONT ROAD,STATE HWY,329,N ,2020/02/25 00:00:00+00,2020/02/25 09:03:00+00,2020,2,February,9,3,25,Tuesday,9,Motorway Collision,Daylight,NONE,Property Damage Only,0,0,0,40.029223,-105.244862,0,0,0,0,NON-INTERSECTION,903,3097
-105.250117,40.014735,Police Collision Report,COLLISION W/ MV - SIDE TO SIDE-SAME DIRECTION,2002374,2,ARAPAHOE AVE/33RD ST,33RD ST,CITY ST/CNTY RD,132,N ,2020/03/03 00:00:00+00,2020/03/03 14:50:00+00,2020,3,March,14,3,3,Tuesday,14,Motorway Collision,Daylight,NONE,Property Damage Only,0,0,0,40.014735,-105.250117,0,0,0,0,NON-INTERSECTION,1450,3098
-105.284095,40.018147,Police Collision Report,COLLISION W/ MV - SIDE TO SIDE-SAME DIRECTION,2000720,2,SPRUCE ST/9TH ST,SPRUCE ST,CITY ST/CNTY RD,4,W ,2020/01/21 00:00:00+00,2020/01/21 15:50:00+00,2020,1,January,15,3,21,Tuesday,15,Motorway Collision,Daylight,NONE,Property Damage Only,0,0,0,40.018147,-105.284095,0,0,0,0,AT INTERSECTION,1550,3099
-105.273579,40.014556,Police Collision Report,COLLISION W/ MV - SIDE TO SIDE-SAME DIRECTION,2000703,2,1604  ARAPAHOE AVE      ,1604 ARAPAHOE AVE,,     ,  ,2019/12/10 00:00:00+00,2019/12/10 00:00:00+00,2019,12,December,0,3,10,Tuesday,0,Motorway Collision,Daylight,NONE,Property Damage Only,0,0,0,40.014556,-105.273579,0,0,0,0,PARKING LOT,800,3100
-105.258282,40.014544,Police Collision Report,COLLISION W/ MV - SIDE TO SIDE-SAME DIRECTION,2000655,2,28TH ST/ARAPAHOE AVE,28TH ST,STATE HWY,     ,  ,2020/01/19 00:00:00+00,2020/01/19 15:08:00+00,2020,1,January,15,1,19,Sunday,15,Motorway Collision,Daylight,NONE,Property Damage Only,0,0,0,40.014544,-105.258282,0,0,0,0,AT INTERSECTION,1508,3101
-105.22815,40.014579,Police Collision Report,COLLISION W/ MV - SIDE TO SIDE-SAME DIRECTION,2000804,2,ARAPAHOE AVE/CONESTOGA ST,ARAPAHOE,STATE HWY,280,W ,2020/01/24 00:00:00+00,2020/01/24 08:14:00+00,2020,1,January,8,6,24,Friday,8,Motorway Collision,Daylight,NONE,Property Damage Only,0,0,0,40.014579,-105.22815,0,0,0,0,NON-INTERSECTION,812,3102
-105.248373,40.007251,Police Collision Report,COLLISION W/ MV - SIDE TO SIDE-SAME DIRECTION,2000478,2,COLORADO AVE/35TH ST,COLORADO,CITY ST/CNTY RD,300,W ,2020/01/14 00:00:00+00,2020/01/14 00:00:00+00,2020,1,January,0,3,14,Tuesday,0,Motorway Collision,Dark - Lighted,NONE,Property Damage Only,0,0,0,40.007251,-105.248373,0,0,0,0,NON-INTERSECTION,1800,3103
-105.232572,40.000025,Police Collision Report,COLLISION W/ MV - SIDE TO SIDE-SAME DIRECTION,2000761,2,FOOTHILLS PKWY/BASELINE RD,FOOTHILLS PARKWAY,STATE HWY,     ,  ,2020/01/27 00:00:00+00,2020/01/27 00:00:00+00,2020,1,January,0,2,27,Monday,0,Motorway Collision,Dark - Lighted,NONE,Property Damage Only,0,0,0,40.000025,-105.232572,0,0,0,0,AT INTERSECTION,1825,3104
-105.22133,40.023053,Police Collision Report,COLLISION W/ MV - SIDE TO SIDE-SAME DIRECTION,2000764,2,FLATIRON PKWY/CENTRAL AVE,FLATIRON PKWY,CITY ST/CNTY RD,250,S ,2020/01/22 00:00:00+00,2020/01/22 19:03:00+00,2020,1,January,19,4,22,Wednesday,19,Motorway Collision,Dark - Lighted,NONE,Property Damage Only,0,0,0,40.023053,-105.22133,0,0,0,0,NON-INTERSECTION,1903,3105
-105.244901,40.029254,Police Collision Report,COLLISION W/ MV - SIDE TO SIDE-SAME DIRECTION,2000946,2,VALMONT RD/FOOTHILLS PKWY,VALMONT ROAD,STATE HWY,908,N ,2020/01/28 00:00:00+00,2020/01/28 09:01:00+00,2020,1,January,9,3,28,Tuesday,9,Motorway Collision,Daylight,NONE,Property Damage Only,0,0,0,40.029254,-105.244901,0,0,0,0,NON-INTERSECTION,900,3106
-105.283214,40.014969,Police Collision Report,COLLISION W/ MV - SIDE TO SIDE-SAME DIRECTION,2000877,2,CANYON BLVD/9TH ST,CANYON BLVD,STATE HWY,     ,  ,2020/01/26 00:00:00+00,2020/01/26 15:08:00+00,2020,1,January,15,1,26,Sunday,15,Motorway Collision,Daylight,NONE,Property Damage Only,0,0,0,40.014969,-105.283214,0,0,0,0,AT INTERSECTION,1508,3107
-105.243132,40.029251,Police Collision Report,COLLISION W/ MV - SIDE TO SIDE-SAME DIRECTION,2001080,2,VALMONT RD/47TH ST,VALMONT ROAD,CITY ST/CNTY RD,400,E ,2020/01/31 00:00:00+00,2020/01/31 15:39:00+00,2020,1,January,15,6,31,Friday,15,Motorway Collision,Daylight,NONE,Property Damage Only,0,0,0,40.029251,-105.243132,0,0,0,0,NON-INTERSECTION,1515,3108
-105.244238,40.027302,Police Collision Report,COLLISION W/ MV - SIDE TO SIDE-SAME DIRECTION,2001071,2,47TH ST/STERLING DR,47TH ST,CITY ST/CNTY RD,50,S ,2020/01/30 00:00:00+00,2020/01/31 13:37:00+00,2020,1,January,13,6,31,Friday,13,Motorway Collision,Daylight,NONE,Property Damage Only,0,0,0,40.027302,-105.244238,0,0,0,0,NON-INTERSECTION,1335,3109
-105.232008,39.988907,Police Collision Report,COLLISION W/ MV - SIDE TO SIDE-SAME DIRECTION,1907358,2,THUNDERBIRD CIR/THUNDERBIRD DR,THUNDERBIRD DR,CITY ST/CNTY RD,200,W ,2019/07/04 00:00:00+00,2019/07/04 21:55:00+00,2019,7,July,21,5,4,Thursday,21,Motorway Collision,Dark - Lighted,NONE,Property Damage Only,0,0,0,39.988907,-105.232008,0,0,0,0,NON-INTERSECTION,2130,3110
-105.277058,40.017413,Police Collision Report,COLLISION W/ MV - SIDE TO SIDE-SAME DIRECTION,1907564,2,14TH ST/WALNUT ST,14TH ST,CITY ST/CNTY RD,28,S ,2019/07/09 00:00:00+00,2019/07/09 18:25:00+00,2019,7,July,18,3,9,Tuesday,18,Motorway Collision,Daylight,NONE,Property Damage Only,0,0,0,40.017413,-105.277058,0,0,0,0,AT INTERSECTION,1825,3111
-105.267825,40.014635,Police Collision Report,COLLISION W/ MV - SIDE TO SIDE-SAME DIRECTION,1907599,2,ARAPAHOE AVE/21ST ST,ARAPAHOE,CITY ST/CNTY RD,136,W ,2019/07/10 00:00:00+00,2019/07/10 12:33:00+00,2019,7,July,12,4,10,Wednesday,12,Motorway Collision,Daylight,NONE,Property Damage Only,0,0,0,40.014635,-105.267825,0,0,0,0,NON-INTERSECTION,1233,3112