X,Y,ReportType,PrmaryCollsionType,CaseNumber,UnitsInvolved,Location,OnHighway,CrossStreet,FeetFromIntersection,DirectionFromIntersection,CollisionDate,ReportedDate,ReportedYear,ReportedMonth,ReportedMonthName,ReportedWeek,ReportedDayofWeekNum,ReportedDayofMonth,ReportedDayofWeek,ReportedHour,HitAndRunStatus,LightingCondition,WeatherCondition,Severity,NumKilled,NumSeriouslyInjured,NumInjuredOrKilled,Lat,Lon,DUI,AlcoholDrugSuspected,BicyclesInvolved,PedestriansInvolved,RoadDescription,Crash_Time,ESRI_OID
-105.258282,40.014544,Police Collision Report,COLLISION W/ MV - SIDE TO SIDE-SAME DIRECTION,1813689,2,28TH ST/ARAPAHOE AVE,28TH ST,STATE HWY,509,N ,2018/10/22 00:00:00+00,2018/10/22 12:33:00+00,2018,10,October,12,2,22,Monday,12,Motorway Collision,Daylight,NONE,Property Damage Only,0,0,0,40.014544,-105.258282,0,0,0,0,NON-INTERSECTION,1232,3177
-105.281804,40.023186,Police Collision Report,COLLISION W/ MV - SIDE TO SIDE-SAME DIRECTION,1813754,2,BROADWAY/PORTLAND PL,BROADWAY,CITY ST/CNTY RD,50,N ,2018/10/23 00:00:00+00,2018/10/23 17:30:00+00,2018,10,October,17,3,23,Tuesday,17,Motorway Collision,Dawn or Dusk,NONE,Property Damage Only,0,0,0,40.023186,-105.281804,0,0,0,0,NON-INTERSECTION,1730,3178
-105.253744,40.023387,Police Collision Report,COLLISION W/ MV - SIDE TO SIDE-SAME DIRECTION,1813731,2,2999  PEARL ST      ,2999 PEARL ST,CITY ST/CNTY RD,     ,  ,2018/10/23 00:00:00+00,2018/10/23 12:17:00+00,2018,10,October,12,3,23,Tuesday,12,Motorway Collision,Daylight,NONE,Property Damage Only,0,0,0,40.023387,-105.253744,0,0,0,0,PARKING LOT,1216,3179
-105.258394,40.000381,Police Collision Report,COLLISION W/ MV - SIDE TO SIDE-SAME DIRECTION,1813383,2,28TH ST/BASELINE RD,BASELINE,CITY ST/CNTY RD,330,E ,2018/10/15 00:00:00+00,2018/10/15 22:50:00+00,2018,10,October,22,2,15,Monday,22,Motorway Collision,Dark - Lighted,NONE,Property Damage Only,0,0,0,40.000381,-105.258394,0,0,0,0,INTERSECTION RELATED,2205,3180
-105.282104,40.032865,Police Collision Report,COLLISION W/ MV - SIDE TO SIDE-SAME DIRECTION,1813542,2,BROADWAY/FOREST AVE,BROADWAY,CITY ST/CNTY RD,     ,  ,2018/10/18 00:00:00+00,2018/10/18 19:09:00+00,2018,10,October,19,5,18,Thursday,19,Motorway Collision,Dark - Lighted,NONE,Property Damage Only,0,0,0,40.032865,-105.282104,0,0,0,0,AT INTERSECTION,1909,3181
-105.281336,40.017609,Police Collision Report,COLLISION W/ MV - SIDE TO SIDE-SAME DIRECTION,1813518,2,11TH ST/PEARL ST,11TH STREET,CITY ST/CNTY RD,135,N ,2018/10/18 00:00:00+00,2018/10/18 14:09:00+00,2018,10,October,14,5,18,Thursday,14,Motorway Collision,Daylight,NONE,Property Damage Only,0,0,0,40.017609,-105.281336,0,0,0,0,NON-INTERSECTION,1409,3182
-105.253729,40.032823,Police Collision Report,COLLISION W/ MV - SIDE TO SIDE-SAME DIRECTION,1813529,4,30TH ST/GLENWOOD DR,30TH,CITY ST/CNTY RD,30,S ,2018/10/18 00:00:00+00,2018/10/18 15:57:00+00,2018,10,October,15,5,18,Thursday,15,Motorway Collision,Daylight,NONE,Non-Incapacitating Injury,0,0,1,40.032823,-105.253729,0,0,1,0,INTERSECTION RELATED,1557,3183
-105.20691,40.060841,Police Collision Report,COLLISION W/ MV - SIDE TO SIDE-SAME DIRECTION,1903217,2,63RD ST/HABITAT DR,63RD ST,CITY ST/CNTY RD,     ,  ,2019/03/26 23:35:00+00,2019/03/26 23:35:00+00,2019,3,March,23,3,26,Tuesday,23,Motorway Collision,Dark - Unlighted,NONE,Property Damage Only,0,0,0,40.060841,-105.20691,1,1,0,0,INTERSECTION RELATED,2335,3184
-105.236131,39.985867,Police Collision Report,COLLISION W/ MV - SIDE TO SIDE-SAME DIRECTION,1816135,2,TABLE MESA DR/HWY 36 EB ON RP @ T MESA,HWY 36,STATE HWY,80,W ,2018/12/20 00:00:00+00,2018/12/20 14:25:00+00,2018,12,December,14,5,20,Thursday,14,Motorway Collision,Daylight,NONE,Possible injury,0,0,0,39.985867,-105.236131,0,0,0,0,PARKING LOT,1425,3185
-105.280806,40.025544,Police Collision Report,COLLISION W/ MV - SIDE TO SIDE-SAME DIRECTION,1873285,2,1275  ALPINE AVE      ,1275 ALPINE AVE,,     ,  ,2018/12/17 18:00:00+00,2018/12/18 12:01:00+00,2018,12,December,12,3,18,Tuesday,12,Motorway Collision,Daylight,NONE,Property Damage Only,0,0,0,40.025544,-105.280806,0,0,0,0,PARKING LOT,1800,3186
-105.24066,40.014698,Police Collision Report,COLLISION W/ MV - SIDE TO SIDE-SAME DIRECTION,1816178,2,FOOTHILLS PKWY/ARAPAHOE AVE,FOOTHILLS PKWY,STATE HWY,500,N ,2018/12/21 00:00:00+00,2018/12/21 08:01:00+00,2018,12,December,8,6,21,Friday,8,Motorway Collision,Daylight,NONE,Property Damage Only,0,0,0,40.014698,-105.24066,0,0,0,0,INTERSECTION RELATED,801,3187
-105.282959,40.011963,Police Collision Report,COLLISION W/ MV - SIDE TO SIDE-SAME DIRECTION,1816303,2,MARINE ST/9TH ST,9TH,CITY ST/CNTY RD,200,E ,2018/12/25 00:00:00+00,2018/12/25 08:31:00+00,2018,12,December,8,3,25,Tuesday,8,Motorway Collision,Daylight,NONE,Property Damage Only,0,0,0,40.011963,-105.282959,0,0,0,0,NON-INTERSECTION,829,3188
-105.216135,40.061823,Police Collision Report,COLLISION W/ MV - SIDE TO SIDE-SAME DIRECTION,1816407,2,GUNBARREL AVE/SPINE RD,SPINE,CITY ST/CNTY RD,     ,  ,2018/12/29 00:00:00+00,2018/12/29 10:09:00+00,2018,12,December,10,7,29,Saturday,10,Motorway Collision,Daylight,NONE,Property Damage Only,0,0,0,40.061823,-105.216135,0,0,0,0,AT INTERSECTION,1009,3189
-105.258492,40.017345,Police Collision Report,COLLISION W/ MV - SIDE TO SIDE-SAME DIRECTION,1816412,2,28TH ST/CANYON BLVD,28TH ST,STATE HWY,     ,  ,2018/12/29 00:00:00+00,2018/12/29 14:03:00+00,2018,12,December,14,7,29,Saturday,14,Motorway Collision,Daylight,NONE,Possible injury,0,0,0,40.017345,-105.258492,0,0,0,0,AT INTERSECTION,1403,3190
-105.244815,40.02287,Police Collision Report,COLLISION W/ MV - SIDE TO SIDE-SAME DIRECTION,1816382,2,FOOTHILLS PKWY/PEARL PKWY,PEARL PKWY,CITY ST/CNTY RD,     ,  ,2018/12/28 00:00:00+00,2018/12/28 11:15:00+00,2018,12,December,11,6,28,Friday,11,Motorway Collision,Daylight,NONE,Property Damage Only,0,0,0,40.02287,-105.244815,0,0,0,0,INTERSECTION RELATED,1115,3191
-105.238594,40.000154,Police Collision Report,COLLISION W/ MV - SIDE TO SIDE-SAME DIRECTION,1816319,2,THOMAS DR/BASELINE RD,THOMAS DR,CITY ST/CNTY RD,250,N ,2018/12/26 00:00:00+00,2018/12/26 11:19:00+00,2018,12,December,11,4,26,Wednesday,11,Motorway Collision,Daylight,NONE,Property Damage Only,0,0,0,40.000154,-105.238594,0,0,0,0,NON-INTERSECTION,1119,3192
-105.251977,40.023746,Police Collision Report,COLLISION W/ MV - SIDE TO SIDE-SAME DIRECTION,1816394,2,PEARL PKWY/JUNCTION PL,JUNCTION PL,CITY ST/CNTY RD,50,W ,2018/12/28 00:00:00+00,2018/12/28 20:58:00+00,2018,12,December,20,6,28,Friday,20,Motorway Collision,Dark - Lighted,NONE,Possible injury,0,0,0,40.023746,-105.251977,0,0,0,0,NON-INTERSECTION,2058,3193
-105.216202,40.057243,Police Collision Report,COLLISION W/ MV - SIDE TO SIDE-SAME DIRECTION,1816361,2,WELLINGTON RD/SPINE RD,SPINE RD,CITY ST/CNTY RD,     ,  ,2018/12/27 00:00:00+00,2018/12/27 12:42:00+00,2018,12,December,12,5,27,Thursday,12,Motorway Collision,Daylight,NONE,Property Damage Only,0,0,0,40.057243,-105.216202,0,0,0,0,AT INTERSECTION,1241,3194
-105.25371,40.029189,Police Collision Report,COLLISION W/ MV - SIDE TO SIDE-SAME DIRECTION,1814947,2,30TH ST/VALMONT RD,VALMONT RD,CITY ST/CNTY RD,     ,  ,2018/11/20 00:00:00+00,2018/11/20 18:44:00+00,2018,11,November,18,3,20,Tuesday,18,Motorway Collision,Dark - Lighted,NONE,Property Damage Only,0,0,0,40.029189,-105.25371,0,0,0,0,AT INTERSECTION,1841,3195
-105.258349,39.992693,Police Collision Report,COLLISION W/ MV - SIDE TO SIDE-SAME DIRECTION,1814921,2,ASH AVE/S BROADWAY,BROADWAY,STATE HWY,605,N ,2018/11/20 00:00:00+00,2018/11/20 09:52:00+00,2018,11,November,9,3,20,Tuesday,9,Motorway Collision,Daylight,NONE,Property Damage Only,0,0,0,39.992693,-105.258349,0,0,0,0,NON-INTERSECTION,952,3196
-105.258272,40.017365,Police Collision Report,COLLISION W/ MV - SIDE TO SIDE-SAME DIRECTION,1814906,2,CANYON BLVD/28TH ST,28TH ST,STATE HWY,311,N ,2018/11/19 00:00:00+00,2018/11/19 17:02:00+00,2018,11,November,17,2,19,Monday,17,Motorway Collision,Dark - Unlighted,NONE,Property Damage Only,0,0,0,40.017365,-105.258272,0,0,0,0,DRIVEWAY ACCESS RELATED,1702,3197
-105.258482,40.036463,Police Collision Report,COLLISION W/ MV - SIDE TO SIDE-SAME DIRECTION,1814974,2,28TH ST/IRIS AVE,IRIS AVENUE,CITY ST/CNTY RD,250,W ,2018/11/21 00:00:00+00,2018/11/21 14:41:00+00,2018,11,November,14,4,21,Wednesday,14,Motorway Collision,Daylight,NONE,Property Damage Only,0,0,0,40.036463,-105.258482,0,0,0,0,NON-INTERSECTION,1441,3198
-105.253767,40.023257,Police Collision Report,COLLISION W/ MV - SIDE TO SIDE-SAME DIRECTION,1815209,2,30TH ST/PEARL ST,PEARL PKWY,CITY ST/CNTY RD,40,E ,2018/11/28 00:00:00+00,2018/11/28 17:43:00+00,2018,11,November,17,4,28,Wednesday,17,Motorway Collision,Dark - Lighted,NONE,Property Damage Only,0,0,0,40.023257,-105.253767,0,0,0,0,NON-INTERSECTION,1742,3199
-105.249273,39.98501,Police Collision Report,COLLISION W/ MV - SIDE TO SIDE-SAME DIRECTION,1815144,2,637   S BROADWAYS      ,637 S BROADWAY,CITY ST/CNTY RD,     ,  ,2018/11/27 00:00:00+00,2018/11/27 10:59:00+00,2018,11,November,10,3,27,Tuesday,10,Motorway Collision,Daylight,NONE,Property Damage Only,0,0,0,39.98501,-105.249273,0,0,0,0,PARKING LOT,1059,3200
-105.258277,40.02347,Police Collision Report,COLLISION W/ MV - SIDE TO SIDE-SAME DIRECTION,1815189,2,2100  28TH ST      ,28TH STREET,STATE HWY,     ,  ,2018/11/28 00:00:00+00,2018/11/28 10:36:00+00,2018,11,November,10,4,28,Wednesday,10,Motorway Collision,Daylight,NONE,Property Damage Only,0,0,0,40.02347,-105.258277,0,0,0,0,AT INTERSECTION,1036,3201
-105.263563,40.000114,Police Collision Report,COLLISION W/ MV - SIDE TO SIDE-SAME DIRECTION,1815284,2,BASELINE RD/BROADWAY,BROADWAY,STATE HWY,1000,S ,2018/11/30 00:00:00+00,2018/11/30 07:53:00+00,2018,11,November,7,6,30,Friday,7,Motorway Collision,Daylight,NONE,Property Damage Only,0,0,0,40.000114,-105.263563,0,0,0,0,NON-INTERSECTION,750,3202
-105.265019,40.029185,Police Collision Report,COLLISION W/ MV - SIDE TO SIDE-SAME DIRECTION,1815737,2,24TH ST/EDGEWOOD DR,EDGEWOOD,CITY ST/CNTY RD,     ,  ,2018/12/11 00:00:00+00,2018/12/11 14:04:00+00,2018,12,December,14,3,11,Tuesday,14,Motorway Collision,Daylight,NONE,Property Damage Only,0,0,0,40.029185,-105.265019,0,0,0,0,AT INTERSECTION,1404,3203
-105.240833,40.014503,Police Collision Report,COLLISION W/ MV - SIDE TO SIDE-SAME DIRECTION,1815673,2,ARAPAHOE AVE/FOOTHILLS PKWY,FOOTHILLS PKWY,STATE HWY,100,N ,2018/12/09 00:00:00+00,2018/12/09 15:49:00+00,2018,12,December,15,1,9,Sunday,15,Motorway Collision,Daylight,NONE,Property Damage Only,0,0,0,40.014503,-105.240833,0,0,0,0,NON-INTERSECTION,1549,3204
-105.263033,40.014644,Police Collision Report,COLLISION W/ MV - SIDE TO SIDE-SAME DIRECTION,1815676,2,ARAPAHOE AVE/FOLSOM ST,ARAPAHOE AVE,CITY ST/CNTY RD,30,E ,2018/12/09 00:00:00+00,2018/12/09 17:41:00+00,2018,12,December,17,1,9,Sunday,17,Motorway Collision,Dark - Lighted,NONE,Property Damage Only,0,0,0,40.014644,-105.263033,0,0,0,0,INTERSECTION RELATED,1742,3205
-105.272693,40.054643,Police Collision Report,COLLISION W/ MV - SIDE TO SIDE-SAME DIRECTION,1815554,2,4500  19TH ST 387    ,4500 19TH ST #387,CITY ST/CNTY RD,     ,  ,2018/12/06 00:00:00+00,2018/12/06 15:33:00+00,2018,12,December,15,5,6,Thursday,15,Motorway Collision,Daylight,NONE,Property Damage Only,0,0,0,40.054643,-105.272693,0,0,0,0,NON-INTERSECTION,1533,3206
-105.258524,40.008127,Police Collision Report,COLLISION W/ MV - SIDE TO SIDE-SAME DIRECTION,1815372,2,28TH ST/COLORADO AVE,COLORADO,CITY ST/CNTY RD,293,W ,2018/12/02 00:00:00+00,2018/12/02 00:00:00+00,2018,12,December,0,1,2,Sunday,0,Motorway Collision,Daylight,NONE,Property Damage Only,0,0,0,40.008127,-105.258524,0,0,0,0,NON-INTERSECTION,1242,3207
-105.258317,40.014664,Police Collision Report,COLLISION W/ MV - SIDE TO SIDE-SAME DIRECTION,1815411,2,ARAPAHOE AVE/28TH ST,28TH ST,STATE HWY,100,S ,2018/12/03 00:00:00+00,2018/12/03 17:19:00+00,2018,12,December,17,2,3,Monday,17,Motorway Collision,Dark - Lighted,NONE,Property Damage Only,0,0,0,40.014664,-105.258317,0,0,0,0,INTERSECTION RELATED,1750,3208
-105.263356,40.022398,Police Collision Report,COLLISION W/ MV - SIDE TO SIDE-SAME DIRECTION,1814628,2,FOLSOM ST/SPRUCE ST,FOLSOM,CITY ST/CNTY RD,26,S ,2018/11/13 00:00:00+00,2018/11/13 08:32:00+00,2018,11,November,8,3,13,Tuesday,8,Motorway Collision,Daylight,NONE,Property Damage Only,0,0,0,40.022398,-105.263356,0,0,0,0,INTERSECTION RELATED,832,3209
-105.253767,40.023257,Police Collision Report,COLLISION W/ MV - SIDE TO SIDE-SAME DIRECTION,1810740,2,30TH ST/PEARL ST,30TH ST,CITY ST/CNTY RD,30,N ,2018/08/24 00:00:00+00,2018/08/24 13:15:00+00,2018,8,August,13,6,24,Friday,13,Motorway Collision,Daylight,NONE,Property Damage Only,0,0,0,40.023257,-105.253767,0,0,0,0,NON-INTERSECTION,1315,3210
-105.23281,39.999988,Police Collision Report,COLLISION W/ MV - SIDE TO SIDE-SAME DIRECTION,1810722,2,BASELINE RD/FOOTHILLS PKWY,FOOTHILLS PKWY,STATE HWY,40,N ,2018/08/24 00:00:00+00,2018/08/24 09:23:00+00,2018,8,August,9,6,24,Friday,9,Motorway Collision,Daylight,NONE,Property Damage Only,0,0,0,39.999988,-105.23281,0,0,0,0,INTERSECTION RELATED,923,3211
-105.23379,40.034377,Police Collision Report,COLLISION W/ MV - SIDE TO SIDE-SAME DIRECTION,1810817,2,3200  AIRPORT RD      ,FOOTHILLS PKWY,STATE HWY,200,N ,2018/08/25 06:50:00+00,2018/08/25 07:10:00+00,2018,8,August,7,7,25,Saturday,7,Motorway Collision,Daylight,NONE,Property Damage Only,0,0,0,40.034377,-105.23379,1,1,0,0,NON-INTERSECTION,650,3212
-105.263133,40.02137,Police Collision Report,COLLISION W/ MV - SIDE TO SIDE-SAME DIRECTION,1810672,2,PEARL ST/FOLSOM ST,PEARL ST,CITY ST/CNTY RD,     ,  ,2018/08/23 00:00:00+00,2018/08/23 18:07:00+00,2018,8,August,18,5,23,Thursday,18,Motorway Collision,Daylight,NONE,Property Damage Only,0,0,0,40.02137,-105.263133,0,0,0,0,AT INTERSECTION,1807,3213
-105.258492,40.017345,Police Collision Report,COLLISION W/ MV - SIDE TO SIDE-SAME DIRECTION,1811114,2,28TH ST/CANYON BLVD,28TH ST,STATE HWY,606,N ,2018/08/30 00:00:00+00,2018/08/30 10:52:00+00,2018,8,August,10,5,30,Thursday,10,Motorway Collision,Daylight,NONE,Property Damage Only,0,0,0,40.017345,-105.258492,0,0,0,0,DRIVEWAY ACCESS RELATED,1045,3214
-105.286145,40.067649,Police Collision Report,COLLISION W/ MV - SIDE TO SIDE-SAME DIRECTION,1811007,2,RALSTON ST/TERRACE AVE,GRANITE AVE,CITY ST/CNTY RD,30,W ,2018/08/28 00:00:00+00,2018/08/28 14:13:00+00,2018,8,August,14,3,28,Tuesday,14,Motorway Collision,Daylight,NONE,Property Damage Only,0,0,0,40.067649,-105.286145,0,0,0,0,NON-INTERSECTION,1413,3215
-105.257829,40.000354,Police Collision Report,COLLISION W/ MV - SIDE TO SIDE-SAME DIRECTION,1810895,2,BASELINE RD/28TH ST,BASELINE RD,STATE HWY,     ,  ,2018/08/26 00:00:00+00,2018/08/26 14:18:00+00,2018,8,August,14,1,26,Sunday,14,Motorway Collision,Daylight,NONE,Property Damage Only,0,0,0,40.000354,-105.257829,0,0,0,0,NON-INTERSECTION,1418,3216
-105.263012,40.017354,Police Collision Report,COLLISION W/ MV - SIDE TO SIDE-SAME DIRECTION,1810960,2,FOLSOM ST/CANYON BLVD,CANYON,CITY ST/CNTY RD,10,W ,2018/08/27 00:00:00+00,2018/08/27 19:25:00+00,2018,8,August,19,2,27,Monday,19,Motorway Collision,Dawn or Dusk,NONE,Property Damage Only,0,0,0,40.017354,-105.263012,0,0,0,0,AT INTERSECTION,1924,3217
-105.258407,40.022375,Police Collision Report,COLLISION W/ MV - SIDE TO SIDE-SAME DIRECTION,1811563,2,28TH ST/PEARL ST,28TH STREET,STATE HWY,251,N ,2018/09/07 00:00:00+00,2018/09/07 11:33:00+00,2018,9,September,11,6,7,Friday,11,Motorway Collision,Daylight,NONE,Property Damage Only,0,0,0,40.022375,-105.258407,0,0,0,0,INTERSECTION RELATED,1133,3218
-105.283834,40.017089,Police Collision Report,COLLISION W/ MV - SIDE TO SIDE-SAME DIRECTION,1811515,2,9TH ST/PEARL ST,PEARL ST,CITY ST/CNTY RD,20,E ,2018/09/06 00:00:00+00,2018/09/06 16:11:00+00,2018,9,September,16,5,6,Thursday,16,Motorway Collision,Daylight,NONE,Property Damage Only,0,0,0,40.017089,-105.283834,0,0,0,0,NON-INTERSECTION,1612,3219
-105.253634,40.014706,Police Collision Report,COLLISION W/ MV - SIDE TO SIDE-SAME DIRECTION,1811596,2,30TH ST/ARAPAHOE AVE,30TH ST,CITY ST/CNTY RD,300,W ,2018/09/07 00:00:00+00,2018/09/07 21:17:00+00,2018,9,September,21,6,7,Friday,21,Motorway Collision,Dark - Unlighted,NONE,Property Damage Only,0,0,0,40.014706,-105.253634,0,0,0,0,NON-INTERSECTION,2117,3220
-105.258565,40.008102,Police Collision Report,COLLISION W/ MV - SIDE TO SIDE-SAME DIRECTION,1811584,2,COLORADO AVE/28TH ST,28TH ST,STATE HWY,155,N ,2018/09/07 00:00:00+00,2018/09/07 16:25:00+00,2018,9,September,16,6,7,Friday,16,Motorway Collision,Daylight,NONE,Property Damage Only,0,0,0,40.008102,-105.258565,0,0,0,0,NON-INTERSECTION,1625,3221
-105.244862,40.029223,Police Collision Report,COLLISION W/ MV - SIDE TO SIDE-SAME DIRECTION,1811580,2,FOOTHILLS PKWY/VALMONT RD,FOOTHILLS HWY,STATE HWY,     ,  ,2018/09/07 00:00:00+00,2018/09/07 16:09:00+00,2018,9,September,16,6,7,Friday,16,Motorway Collision,Daylight,NONE,Property Damage Only,0,0,0,40.029223,-105.244862,0,0,0,0,AT INTERSECTION,1608,3222
-105.225418,40.014574,Police Collision Report,COLLISION W/ MV - SIDE TO SIDE-SAME DIRECTION,1811415,2,ARAPAHOE AVE/55TH ST,55TH ST,CITY ST/CNTY RD,20,N ,2018/09/04 00:00:00+00,2018/09/04 17:27:00+00,2018,9,September,17,3,4,Tuesday,17,Motorway Collision,Daylight,NONE,Property Damage Only,0,0,0,40.014574,-105.225418,0,0,0,0,INTERSECTION RELATED,1727,3223
-105.224272,40.00223,Police Collision Report,COLLISION W/ MV - SIDE TO SIDE-SAME DIRECTION,1903098,2,857   RACQUET LN      ,RACQUET LN,CITY ST/CNTY RD,121,S ,2019/03/23 00:00:00+00,2019/03/23 12:10:00+00,2019,3,March,12,7,23,Saturday,12,Motorway Collision,Daylight,NONE,Property Damage Only,0,0,0,40.00223,-105.224272,0,0,0,0,NON-INTERSECTION,1210,3224
-105.278334,40.017158,Police Collision Report,COLLISION W/ MV - SIDE TO SIDE-SAME DIRECTION,1903321,2,WALNUT ST/13TH ST,WALNUT ST,CITY ST/CNTY RD,173,W ,2019/03/29 00:00:00+00,2019/03/29 15:15:00+00,2019,3,March,15,6,29,Friday,15,Motorway Collision,Daylight,NONE,Property Damage Only,0,0,0,40.017158,-105.278334,0,0,0,0,NON-INTERSECTION,1515,3225
-105.283248,40.026695,Police Collision Report,COLLISION W/ MV - SIDE TO SIDE-SAME DIRECTION,1903281,2,1100  BALSAM AVE      ,1100 BALSAM,,     ,  ,2019/03/28 00:00:00+00,2019/03/28 15:25:00+00,2019,3,March,15,5,28,Thursday,15,Motorway Collision,Daylight,NONE,Property Damage Only,0,0,0,40.026695,-105.283248,0,0,0,0,PARKING LOT,1525,3226
-105.265021,39.999861,Police Collision Report,COLLISION W/ MV - SIDE TO SIDE-SAME DIRECTION,1903201,2,676   22ND ST      ,676 22ND ST,,     ,  ,2019/03/26 00:00:00+00,2019/03/26 14:25:00+00,2019,3,March,14,3,26,Tuesday,14,Motorway Collision,Daylight,NONE,Property Damage Only,0,0,0,39.999861,-105.265021,0,0,0,0,PARKING LOT,930,3227
-105.260468,40.017354,Police Collision Report,COLLISION W/ MV - SIDE TO SIDE-SAME DIRECTION,1902973,2,CANYON BLVD/26TH ST,CANYON BLVD,STATE HWY,20,E ,2019/03/20 00:00:00+00,2019/03/20 16:56:00+00,2019,3,March,16,4,20,Wednesday,16,Motorway Collision,Daylight,NONE,Property Damage Only,0,0,0,40.017354,-105.260468,0,0,0,0,INTERSECTION RELATED,1656,3228
-105.244862,40.029223,Police Collision Report,COLLISION W/ MV - SIDE TO SIDE-SAME DIRECTION,1902863,2,FOOTHILLS PKWY/VALMONT RD,FOOTHILLS PKWY,STATE HWY,37,S ,2019/03/18 00:00:00+00,2019/03/18 12:00:00+00,2019,3,March,12,2,18,Monday,12,Motorway Collision,Daylight,NONE,Property Damage Only,0,0,0,40.029223,-105.244862,0,0,0,0,AT INTERSECTION,1200,3229
-105.258306,40.022242,Police Collision Report,COLLISION W/ MV - SIDE TO SIDE-SAME DIRECTION,1902882,2,2800  PEARL ST      ,PEARL ST,CITY ST/CNTY RD,589,E ,2019/03/18 00:00:00+00,2019/03/18 17:32:00+00,2019,3,March,17,2,18,Monday,17,Motorway Collision,Daylight,NONE,Property Damage Only,0,0,0,40.022242,-105.258306,0,0,0,0,NON-INTERSECTION,1732,3230
-105.258456,40.036493,Police Collision Report,COLLISION W/ MV - SIDE TO SIDE-SAME DIRECTION,1902956,3,28TH ST/DIAGONAL HWY,28TH ST,STATE HWY,150,N ,2019/03/20 00:00:00+00,2019/03/20 09:42:00+00,2019,3,March,9,4,20,Wednesday,9,Motorway Collision,Daylight,NONE,Property Damage Only,0,0,0,40.036493,-105.258456,0,0,0,0,NON-INTERSECTION,942,3231
-105.282097,40.025514,Police Collision Report,COLLISION W/ MV - SIDE TO SIDE-SAME DIRECTION,1902969,2,BROADWAY/ALPINE AVE,BROADWAY,CITY ST/CNTY RD,30,N ,2019/03/20 00:00:00+00,2019/03/20 16:04:00+00,2019,3,March,16,4,20,Wednesday,16,Motorway Collision,Daylight,NONE,Possible injury,0,0,0,40.025514,-105.282097,0,0,0,0,NON-INTERSECTION,1604,3232
-105.253772,40.020084,Police Collision Report,COLLISION W/ MV - SIDE TO SIDE-SAME DIRECTION,1902496,2,30TH ST/WALNUT ST,30TH ST,CITY ST/CNTY RD,35,S ,2019/03/08 00:00:00+00,2019/03/08 15:12:00+00,2019,3,March,15,6,8,Friday,15,Motorway Collision,Daylight,NONE,Property Damage Only,0,0,0,40.020084,-105.253772,0,0,0,0,DRIVEWAY ACCESS RELATED,1512,3233
-105.258456,40.036493,Police Collision Report,COLLISION W/ MV - SIDE TO SIDE-SAME DIRECTION,1902443,2,IRIS AVE/28TH ST,IRIS AVENUE,STATE HWY,500,E ,2019/03/07 00:00:00+00,2019/03/07 16:04:00+00,2019,3,March,16,5,7,Thursday,16,Motorway Collision,Daylight,NONE,Possible injury,0,0,0,40.036493,-105.258456,0,0,0,0,NON-INTERSECTION,1604,3234
-105.254077,39.983119,Police Collision Report,COLLISION W/ MV - SIDE TO SIDE-SAME DIRECTION,1902446,2,TABLE MESA DR/GILLASPIE DR,TABLE MESA DR,CITY ST/CNTY RD,     ,  ,2019/03/07 00:00:00+00,2019/03/07 16:00:00+00,2019,3,March,16,5,7,Thursday,16,Motorway Collision,Daylight,NONE,Property Damage Only,0,0,0,39.983119,-105.254077,0,0,0,0,AT INTERSECTION,1600,3235
-105.253634,40.014706,Police Collision Report,COLLISION W/ MV - SIDE TO SIDE-SAME DIRECTION,1902477,2,30TH ST/ARAPAHOE AVE,30TH STREET,CITY ST/CNTY RD,     ,  ,2019/03/08 00:00:00+00,2019/03/08 10:26:00+00,2019,3,March,10,6,8,Friday,10,Motorway Collision,Daylight,NONE,Possible injury,0,0,0,40.014706,-105.253634,0,0,1,0,AT INTERSECTION,730,3236
-105.28726,40.012942,Police Collision Report,COLLISION W/ MV - SIDE TO SIDE-SAME DIRECTION,1902613,2,6TH ST/ARAPAHOE AVE,6TH ST,CITY ST/CNTY RD,85,S ,2019/03/12 00:00:00+00,2019/03/12 13:19:00+00,2019,3,March,13,3,12,Tuesday,13,Motorway Collision,Daylight,NONE,Property Damage Only,0,0,0,40.012942,-105.28726,0,0,0,0,NON-INTERSECTION,1319,3237
-105.25831,40.022375,Police Collision Report,COLLISION W/ MV - SIDE TO SIDE-SAME DIRECTION,1902715,2,PEARL ST/28TH ST,PEARL ST.,CITY ST/CNTY RD,521,E ,2019/03/15 00:00:00+00,2019/03/15 10:49:00+00,2019,3,March,10,6,15,Friday,10,Motorway Collision,Daylight,NONE,Property Damage Only,0,0,0,40.022375,-105.25831,0,0,0,0,NON-INTERSECTION,1049,3238
-105.23281,39.999988,Police Collision Report,COLLISION W/ MV - SIDE TO SIDE-SAME DIRECTION,1902732,2,BASELINE RD/FOOTHILLS PKWY,BASELINE ROAD,STATE HWY,     ,  ,2019/03/15 00:00:00+00,2019/03/15 17:09:00+00,2019,3,March,17,6,15,Friday,17,Motorway Collision,Daylight,NONE,Property Damage Only,0,0,0,39.999988,-105.23281,0,0,0,0,AT INTERSECTION,1705,3239
-105.276953,40.010476,Police Collision Report,COLLISION W/ MV - SIDE TO SIDE-SAME DIRECTION,1901847,2,BROADWAY/UNIVERSITY AVE,UNIVERSITY AVE,STATE HWY,     ,  ,2019/02/20 00:00:00+00,2019/02/20 10:43:00+00,2019,2,February,10,4,20,Wednesday,10,Motorway Collision,Daylight,NONE,Property Damage Only,0,0,0,40.010476,-105.276953,0,0,0,0,AT INTERSECTION,1043,3240