X,Y,ReportType,PrmaryCollsionType,CaseNumber,UnitsInvolved,Location,OnHighway,CrossStreet,FeetFromIntersection,DirectionFromIntersection,CollisionDate,ReportedDate,ReportedYear,ReportedMonth,ReportedMonthName,ReportedWeek,ReportedDayofWeekNum,ReportedDayofMonth,ReportedDayofWeek,ReportedHour,HitAndRunStatus,LightingCondition,WeatherCondition,Severity,NumKilled,NumSeriouslyInjured,NumInjuredOrKilled,Lat,Lon,DUI,AlcoholDrugSuspected,BicyclesInvolved,PedestriansInvolved,RoadDescription,Crash_Time,ESRI_OID
-105.225069,40.027648,Police Collision Report,COLLISION W/ MV - SIDE TO SIDE-SAME DIRECTION,1901566,2,55TH ST/PEARL PKWY,55TH STREET,CITY ST/CNTY RD,     ,  ,2019/02/13 00:00:00+00,2019/02/13 13:00:00+00,2019,2,February,13,4,13,Wednesday,13,Motorway Collision,Daylight,NONE,Property Damage Only,0,0,0,40.027648,-105.225069,0,0,0,0,AT INTERSECTION,1259,3241
-105.225448,40.014598,Police Collision Report,COLLISION W/ MV - SIDE TO SIDE-SAME DIRECTION,1901664,2,55TH ST/ARAPAHOE AVE,ARAPAHOE,STATE HWY,190,E ,2019/02/15 00:00:00+00,2019/02/15 14:55:00+00,2019,2,February,14,6,15,Friday,14,Motorway Collision,Daylight,NONE,Property Damage Only,0,0,0,40.014598,-105.225448,0,0,0,0,INTERSECTION RELATED,1430,3242
-105.258282,40.014544,Police Collision Report,COLLISION W/ MV - SIDE TO SIDE-SAME DIRECTION,1813369,2,28TH ST/ARAPAHOE AVE,ARAPAHOE,STATE HWY,400,N ,2018/10/15 00:00:00+00,2018/10/15 16:54:00+00,2018,10,October,16,2,15,Monday,16,Motorway Collision,Daylight,NONE,Property Damage Only,0,0,0,40.014544,-105.258282,0,0,0,0,INTERSECTION RELATED,1654,3243
-105.22501,40.02765,Police Collision Report,COLLISION W/ MV - SIDE TO SIDE-SAME DIRECTION,1813370,2,PEARL PKWY/55TH ST,55TH ST,CITY ST/CNTY RD,75,N ,2018/10/15 00:00:00+00,2018/10/15 16:54:00+00,2018,10,October,16,2,15,Monday,16,Motorway Collision,Daylight,NONE,Property Damage Only,0,0,0,40.02765,-105.22501,0,0,0,0,INTERSECTION RELATED,1700,3244
-105.22815,40.014579,Police Collision Report,COLLISION W/ MV - SIDE TO SIDE-SAME DIRECTION,1813347,2,ARAPAHOE AVE/CONESTOGA ST,ARAPAHOE AVE,STATE HWY,     ,  ,2018/10/15 00:00:00+00,2018/10/15 08:31:00+00,2018,10,October,8,2,15,Monday,8,Motorway Collision,Daylight,NONE,Property Damage Only,0,0,0,40.014579,-105.22815,0,0,0,0,AT INTERSECTION,831,3245
-105.258322,40.020492,Police Collision Report,COLLISION W/ MV - SIDE TO SIDE-SAME DIRECTION,1813336,2,WALNUT ST/28TH ST,28TH ST,STATE HWY,150,S ,2018/10/14 00:00:00+00,2018/10/14 19:23:00+00,2018,10,October,19,1,14,Sunday,19,Motorway Collision,Dark - Lighted,NONE,Property Damage Only,0,0,0,40.020492,-105.258322,0,0,0,0,DRIVEWAY ACCESS RELATED,1923,3246
-105.258282,40.014544,Police Collision Report,COLLISION W/ MV - SIDE TO SIDE-SAME DIRECTION,1901942,2,28TH ST/ARAPAHOE AVE,ARAPAHOE AVENUE,CITY ST/CNTY RD,300,W ,2019/02/22 00:00:00+00,2019/02/22 13:53:00+00,2019,2,February,13,6,22,Friday,13,Motorway Collision,Daylight,NONE,Property Damage Only,0,0,0,40.014544,-105.258282,0,0,0,0,INTERSECTION RELATED,1330,3247
-105.282097,40.025514,Police Collision Report,COLLISION W/ MV - SIDE TO SIDE-SAME DIRECTION,1901886,2,BROADWAY/ALPINE AVE,BROADWAY,CITY ST/CNTY RD,150,S ,2019/02/21 00:00:00+00,2019/02/21 10:52:00+00,2019,2,February,10,5,21,Thursday,10,Motorway Collision,Daylight,NONE,Property Damage Only,0,0,0,40.025514,-105.282097,0,0,0,0,NON-INTERSECTION,1052,3248
-105.240833,40.014503,Police Collision Report,COLLISION W/ MV - SIDE TO SIDE-SAME DIRECTION,1901899,2,ARAPAHOE AVE/FOOTHILLS PKWY,ARAPAHOE AVENUE,STATE HWY,     ,  ,2019/02/21 00:00:00+00,2019/02/21 15:08:00+00,2019,2,February,15,5,21,Thursday,15,Motorway Collision,Daylight,NONE,Property Damage Only,0,0,0,40.014503,-105.240833,0,0,0,0,AT INTERSECTION,1508,3249
-105.282089,40.026763,Police Collision Report,COLLISION W/ MV - SIDE TO SIDE-SAME DIRECTION,1902184,2,BALSAM AVE/BROADWAY,BROADWAY,CITY ST/CNTY RD,50,N ,2019/02/28 00:00:00+00,2019/02/28 15:52:00+00,2019,2,February,15,5,28,Thursday,15,Motorway Collision,Daylight,NONE,Property Damage Only,0,0,0,40.026763,-105.282089,0,0,0,0,INTERSECTION RELATED,1552,3250
-105.253595,40.023261,Police Collision Report,COLLISION W/ MV - SIDE TO SIDE-SAME DIRECTION,1902203,2,PEARL ST/30TH ST,PEARL STREET,CITY ST/CNTY RD,     ,  ,2019/03/01 00:00:00+00,2019/03/01 06:58:00+00,2019,3,March,6,6,1,Friday,6,Motorway Collision,Daylight,NONE,Property Damage Only,0,0,0,40.023261,-105.253595,0,0,0,0,AT INTERSECTION,658,3251
-105.236396,40.000018,Police Collision Report,COLLISION W/ MV - SIDE TO SIDE-SAME DIRECTION,1902298,2,BASELINE RD/MOHAWK DR,BASELINE RD,CITY ST/CNTY RD,     ,  ,2019/03/04 00:00:00+00,2019/03/04 08:38:00+00,2019,3,March,8,2,4,Monday,8,Motorway Collision,Daylight,NONE,Property Damage Only,0,0,0,40.000018,-105.236396,0,0,0,0,AT INTERSECTION,838,3252
-105.276953,40.010476,Police Collision Report,COLLISION W/ MV - SIDE TO SIDE-SAME DIRECTION,1902333,2,BROADWAY/UNIVERSITY AVE,BROADWAY,STATE HWY,100,S ,2019/03/05 00:00:00+00,2019/03/05 08:54:00+00,2019,3,March,8,3,5,Tuesday,8,Motorway Collision,Daylight,NONE,Property Damage Only,0,0,0,40.010476,-105.276953,0,0,0,0,NON-INTERSECTION,855,3253
-105.270809,40.019805,Police Collision Report,COLLISION W/ MV - SIDE TO SIDE-SAME DIRECTION,1902013,2,PEARL ST/19TH ST,PEARL ST,CITY ST/CNTY RD,100,W ,2019/02/24 00:00:00+00,2019/02/24 14:09:00+00,2019,2,February,14,1,24,Sunday,14,Motorway Collision,Daylight,NONE,Property Damage Only,0,0,0,40.019805,-105.270809,0,0,0,0,NON-INTERSECTION,1350,3254
-105.24066,40.014698,Police Collision Report,COLLISION W/ MV - SIDE TO SIDE-SAME DIRECTION,1902091,2,FOOTHILLS PKWY/ARAPAHOE AVE,FOOTHILLS PKWY,STATE HWY,361,N ,2019/02/26 00:00:00+00,2019/02/26 11:43:00+00,2019,2,February,11,3,26,Tuesday,11,Motorway Collision,Daylight,NONE,Property Damage Only,0,0,0,40.014698,-105.24066,0,0,0,0,NON-INTERSECTION,1143,3255
-105.244862,40.029223,Police Collision Report,COLLISION W/ MV - SIDE TO SIDE-SAME DIRECTION,1902124,2,FOOTHILLS PKWY/VALMONT RD,FOOTHILLS PARKWAY,STATE HWY,500,N ,2019/02/27 00:00:00+00,2019/02/27 09:44:00+00,2019,2,February,9,4,27,Wednesday,9,Motorway Collision,Daylight,NONE,Property Damage Only,0,0,0,40.029223,-105.244862,0,0,0,0,NON-INTERSECTION,944,3256
-105.283202,40.015101,Police Collision Report,COLLISION W/ MV - SIDE TO SIDE-SAME DIRECTION,1902176,2,9TH ST/CANYON BLVD,CANYON BLVD,INTERSTATE,     ,  ,2019/02/28 00:00:00+00,2019/02/28 11:39:00+00,2019,2,February,11,5,28,Thursday,11,Motorway Collision,Daylight,NONE,Property Damage Only,0,0,0,40.015101,-105.283202,0,0,0,0,AT INTERSECTION,1125,3257
-105.280027,40.017903,Police Collision Report,COLLISION W/ MV - SIDE TO SIDE-SAME DIRECTION,1902155,2,BROADWAY/PEARL ST,BROADWAY,CITY ST/CNTY RD,     ,  ,2019/02/27 00:00:00+00,2019/02/27 20:15:00+00,2019,2,February,20,4,27,Wednesday,20,Motorway Collision,Dark - Lighted,NONE,Property Damage Only,0,0,0,40.017903,-105.280027,0,0,0,0,NON-INTERSECTION,2015,3258
-105.260115,39.999069,Police Collision Report,COLLISION W/ MV - SIDE TO SIDE-SAME DIRECTION,1901069,2,MOORHEAD AVE/27TH WAY,27TH WAY,CITY ST/CNTY RD,     ,  ,2019/01/31 00:00:00+00,2019/01/31 15:35:00+00,2019,1,January,15,5,31,Thursday,15,Motorway Collision,Daylight,NONE,Property Damage Only,0,0,0,39.999069,-105.260115,0,0,0,0,AT INTERSECTION,1536,3259
-105.247464,39.99052,Police Collision Report,COLLISION W/ MV - SIDE TO SIDE-SAME DIRECTION,1901046,2,MARTIN DR/S 38TH ST,MARTIN,CITY ST/CNTY RD,200,W ,2019/01/31 00:00:00+00,2019/01/31 08:39:00+00,2019,1,January,8,5,31,Thursday,8,Motorway Collision,Daylight,NONE,Property Damage Only,0,0,0,39.99052,-105.247464,0,0,0,0,NON-INTERSECTION,839,3260
-105.272118,40.019535,Police Collision Report,COLLISION W/ MV - SIDE TO SIDE-SAME DIRECTION,1901092,2,PEARL ST/18TH ST,PEARL ST,CITY ST/CNTY RD,225,W ,2019/02/01 00:00:00+00,2019/02/01 09:10:00+00,2019,2,February,9,6,1,Friday,9,Motorway Collision,Dark - Unlighted,NONE,Property Damage Only,0,0,0,40.019535,-105.272118,0,0,0,0,NON-INTERSECTION,905,3261
-105.237671,39.985731,Police Collision Report,COLLISION W/ MV - SIDE TO SIDE-SAME DIRECTION,1901114,2,TABLE MESA DR/MOORHEAD AVE,TABLE MESA,CITY ST/CNTY RD,125,E ,2019/02/01 00:00:00+00,2019/02/01 16:09:00+00,2019,2,February,16,6,1,Friday,16,Motorway Collision,Daylight,NONE,Property Damage Only,0,0,0,39.985731,-105.237671,0,0,0,0,NON-INTERSECTION,1609,3262
-105.276238,40.007301,Police Collision Report,COLLISION W/ MV - SIDE TO SIDE-SAME DIRECTION,1900908,2,13TH ST/COLLEGE AVE,13TH ST,CITY ST/CNTY RD,44,N ,2019/01/27 00:00:00+00,2019/01/27 13:50:00+00,2019,1,January,13,1,27,Sunday,13,Motorway Collision,Daylight,NONE,Property Damage Only,0,0,0,40.007301,-105.276238,0,0,0,0,NON-INTERSECTION,1350,3263
-105.280342,40.018923,Police Collision Report,COLLISION W/ MV - SIDE TO SIDE-SAME DIRECTION,1900853,2,SPRUCE ST/BROADWAY,SPRUCE ST,CITY ST/CNTY RD,50,E ,2019/01/25 00:00:00+00,2019/01/25 19:36:00+00,2019,1,January,19,6,25,Friday,19,Motorway Collision,Dark - Lighted,NONE,Property Damage Only,0,0,0,40.018923,-105.280342,0,0,0,0,NON-INTERSECTION,1936,3264
-105.261044,40.022356,Police Collision Report,COLLISION W/ MV - SIDE TO SIDE-SAME DIRECTION,1813191,2,2050  26TH ST      ,2050 26TH ST,,     ,  ,2018/10/11 00:00:00+00,2018/10/11 12:05:00+00,2018,10,October,12,5,11,Thursday,12,Motorway Collision,Daylight,NONE,Property Damage Only,0,0,0,40.022356,-105.261044,0,0,0,0,PARKING LOT,1205,3265
-105.2358,39.982799,Police Collision Report,COLLISION W/ MV - SIDE TO SIDE-SAME DIRECTION,1813140,2,TANTRA DR/E MOORHEAD CIR,TANTRA,CITY ST/CNTY RD,     ,  ,2018/10/09 00:00:00+00,2018/10/09 18:06:00+00,2018,10,October,18,3,9,Tuesday,18,Motorway Collision,Dawn or Dusk,NONE,Property Damage Only,0,0,0,39.982799,-105.2358,0,0,0,0,NON-INTERSECTION,1805,3266
-105.253105,40.005199,Police Collision Report,COLLISION W/ MV - SIDE TO SIDE-SAME DIRECTION,1900875,2,E EUCLID AVE/30TH ST,EUCLID,CITY ST/CNTY RD,23,W ,2019/01/26 00:00:00+00,2019/01/26 13:21:00+00,2019,1,January,13,7,26,Saturday,13,Motorway Collision,Daylight,NONE,Property Damage Only,0,0,0,40.005199,-105.253105,0,0,0,0,INTERSECTION RELATED,1321,3267
-105.232572,40.000025,Police Collision Report,COLLISION W/ MV - SIDE TO SIDE-SAME DIRECTION,1900807,2,FOOTHILLS PKWY/BASELINE RD,FOOTHILLS PKY,STATE HWY,486,S ,2019/01/24 00:00:00+00,2019/01/24 18:18:00+00,2019,1,January,18,5,24,Thursday,18,Motorway Collision,Dawn or Dusk,NONE,Property Damage Only,0,0,0,40.000025,-105.232572,0,0,0,0,NON-INTERSECTION,1817,3268
-105.279912,40.003707,Police Collision Report,COLLISION W/ MV - SIDE TO SIDE-SAME DIRECTION,1900701,2,10TH ST/AURORA AVE,10TH ST,CITY ST/CNTY RD,130,N ,2019/01/21 00:00:00+00,2019/01/21 09:45:00+00,2019,1,January,9,2,21,Monday,9,Motorway Collision,Dark - Unlighted,NONE,Property Damage Only,0,0,0,40.003707,-105.279912,0,0,0,0,NON-INTERSECTION,700,3269
-105.234741,40.014803,Police Collision Report,COLLISION W/ MV - SIDE TO SIDE-SAME DIRECTION,1712779,2,48TH ST/ARAPAHOE AVE,48TH ST,CITY ST/CNTY RD,35,  ,2017/09/27 00:00:00+00,2017/09/27 17:14:00+00,2017,9,September,17,4,27,Wednesday,17,Motorway Collision,Daylight,NONE,Property Damage Only,0,0,0,40.014803,-105.234741,0,0,0,0,INTERSECTION RELATED,1714,3270
-105.273118,40.025478,Police Collision Report,COLLISION W/ MV - SIDE TO SIDE-SAME DIRECTION,1712700,3,1840  ALPINE AVE      ,ALPINE,CITY ST/CNTY RD,270,W ,,2017/09/25 22:05:00+00,2017,9,September,22,2,25,Monday,22,Motorway Collision,Dark - Lighted,NONE,Property Damage Only,0,0,0,40.025478,-105.273118,0,0,0,0,NON-INTERSECTION,2203,3271
-105.26012,40.051061,Police Collision Report,COLLISION W/ MV - SIDE TO SIDE-SAME DIRECTION,1712669,2,JAY RD/28TH ST,28TH ST,STATE HWY,237,N ,,2017/09/25 11:29:00+00,2017,9,September,11,2,25,Monday,11,Motorway Collision,Daylight,NONE,Property Damage Only,0,0,0,40.051061,-105.26012,0,0,0,0,NON-INTERSECTION,1115,3272
-105.268979,40.013591,Police Collision Report,COLLISION W/ MV - SIDE TO SIDE-SAME DIRECTION,1712677,2,MARINE ST/20TH ST,MARINE ST,CITY ST/CNTY RD,110,E ,2017/09/25 00:00:00+00,2017/09/25 13:13:00+00,2017,9,September,13,2,25,Monday,13,Motorway Collision,Daylight,NONE,Property Damage Only,0,0,0,40.013591,-105.268979,0,0,0,0,NON-INTERSECTION,1313,3273
-105.289184,40.009438,Police Collision Report,COLLISION W/ MV - SIDE TO SIDE-SAME DIRECTION,1712675,2,501   PLEASANT ST      ,5 TH ST.,CITY ST/CNTY RD,75,S ,,2017/09/25 13:03:00+00,2017,9,September,13,2,25,Monday,13,Motorway Collision,Daylight,NONE,Property Damage Only,0,0,0,40.009438,-105.289184,0,0,0,0,NON-INTERSECTION,1302,3274
-105.253763,40.016707,Police Collision Report,COLLISION W/ MV - SIDE TO SIDE-SAME DIRECTION,1712494,2,CANYON BLVD/30TH ST,30TH,CITY ST/CNTY RD,     ,  ,2017/09/21 00:00:00+00,2017/09/21 17:37:00+00,2017,9,September,17,5,21,Thursday,17,Motorway Collision,Daylight,NONE,Property Damage Only,0,0,0,40.016707,-105.253763,0,0,0,0,AT INTERSECTION,1738,3275
-105.258524,40.008127,Police Collision Report,COLLISION W/ MV - SIDE TO SIDE-SAME DIRECTION,1712180,2,28TH ST/COLORADO AVE,COLORADO AVE,CITY ST/CNTY RD,     ,  ,2017/09/15 00:00:00+00,2017/09/15 15:14:00+00,2017,9,September,15,6,15,Friday,15,Motorway Collision,Daylight,NONE,Property Damage Only,0,0,0,40.008127,-105.258524,0,0,0,0,NON-INTERSECTION,1515,3276
-105.258524,40.008127,Police Collision Report,COLLISION W/ MV - SIDE TO SIDE-SAME DIRECTION,1712440,2,28TH ST/COLORADO AVE,28TH ST,STATE HWY,156,N ,2017/09/20 00:00:00+00,2017/09/20 16:00:00+00,2017,9,September,16,4,20,Wednesday,16,Motorway Collision,Daylight,NONE,Property Damage Only,0,0,0,40.008127,-105.258524,0,0,0,0,NON-INTERSECTION,1600,3277
-105.291484,40.017502,Police Collision Report,COLLISION W/ MV - SIDE TO SIDE-SAME DIRECTION,1712441,2,4TH ST/MOUNTAIN VIEW RD,4TH ST,CITY ST/CNTY RD,     ,  ,2017/09/20 00:00:00+00,2017/09/20 16:23:00+00,2017,9,September,16,4,20,Wednesday,16,Motorway Collision,Daylight,NONE,Property Damage Only,0,0,0,40.017502,-105.291484,0,0,0,0,INTERSECTION RELATED,1623,3278
-105.272572,40.01261,Police Collision Report,COLLISION W/ MV - SIDE TO SIDE-SAME DIRECTION,1712452,2,17TH ST/ATHENS ST,ATHENS ST,CITY ST/CNTY RD,150,E ,2017/09/20 00:00:00+00,2017/09/20 19:25:00+00,2017,9,September,19,4,20,Wednesday,19,Motorway Collision,Dark - Lighted,NONE,Property Damage Only,0,0,0,40.01261,-105.272572,0,0,0,0,NON-INTERSECTION,1930,3279
-105.267825,40.014635,Police Collision Report,COLLISION W/ MV - SIDE TO SIDE-SAME DIRECTION,1712407,2,ARAPAHOE AVE/21ST ST,ARAPAHOE,CITY ST/CNTY RD,273,E ,2017/09/19 00:00:00+00,2017/09/19 22:14:00+00,2017,9,September,22,3,19,Tuesday,22,Motorway Collision,Dark - Lighted,NONE,Property Damage Only,0,0,0,40.014635,-105.267825,0,0,0,0,NON-INTERSECTION,2214,3280
-105.263001,40.01628,Police Collision Report,COLLISION W/ MV - SIDE TO SIDE-SAME DIRECTION,1711966,2,GOSS ST/FOLSOM ST,GOSS ST,CITY ST/CNTY RD,48,W ,2017/09/11 00:00:00+00,2017/09/11 12:11:00+00,2017,9,September,12,2,11,Monday,12,Motorway Collision,Daylight,NONE,Property Damage Only,0,0,0,40.01628,-105.263001,0,0,0,0,DRIVEWAY ACCESS RELATED,1211,3281
-105.273579,40.014556,Police Collision Report,COLLISION W/ MV - SIDE TO SIDE-SAME DIRECTION,1710557,2,1604  ARAPAHOE AVE      ,1604 ARAPAHOE AVE,,     ,  ,2017/08/18 00:00:00+00,2017/08/18 16:57:00+00,2017,8,August,16,6,18,Friday,16,Motorway Collision,Daylight,NONE,Property Damage Only,0,0,0,40.014556,-105.273579,0,0,0,0,PARKING LOT,1658,3282
-105.264083,40.008226,Police Collision Report,COLLISION W/ MV - SIDE TO SIDE-SAME DIRECTION,1711789,2,FOLSOM ST/COLORADO AVE,COLORADO,CITY ST/CNTY RD,160,W ,2017/09/07 00:00:00+00,2017/09/07 19:13:00+00,2017,9,September,19,5,7,Thursday,19,Motorway Collision,Dawn or Dusk,NONE,Property Damage Only,0,0,0,40.008226,-105.264083,0,0,0,0,NON-INTERSECTION,1906,3283
-105.282092,40.058215,Police Collision Report,COLLISION W/ MV - SIDE TO SIDE-SAME DIRECTION,1712029,2,BROADWAY/YARMOUTH AVE,YARMOUTH AVE,CITY ST/CNTY RD,     ,  ,2017/09/12 00:00:00+00,2017/09/12 16:23:00+00,2017,9,September,16,3,12,Tuesday,16,Motorway Collision,Daylight,NONE,Property Damage Only,0,0,0,40.058215,-105.282092,0,0,0,0,AT INTERSECTION,1623,3284
-105.256065,40.029102,Police Collision Report,COLLISION W/ MV - SIDE TO SIDE-SAME DIRECTION,1711976,2,29TH ST/VALMONT RD,29TH ST,CITY ST/CNTY RD,400,S ,2017/09/11 00:00:00+00,2017/09/12 14:18:00+00,2017,9,September,14,3,12,Tuesday,14,Motorway Collision,Daylight,NONE,Property Damage Only,0,0,0,40.029102,-105.256065,0,0,0,0,NON-INTERSECTION,1730,3285
-105.26379,40.000067,Police Collision Report,COLLISION W/ MV - SIDE TO SIDE-SAME DIRECTION,1712133,2,BROADWAY/BASELINE RD,BASELINE RD,CITY ST/CNTY RD,120,W ,2017/09/14 00:00:00+00,2017/09/14 18:04:00+00,2017,9,September,18,5,14,Thursday,18,Motorway Collision,Dawn or Dusk,NONE,Property Damage Only,0,0,0,40.000067,-105.26379,0,0,0,0,INTERSECTION RELATED,1804,3286
-105.276219,40.008709,Police Collision Report,COLLISION W/ MV - SIDE TO SIDE-SAME DIRECTION,1710457,2,PENNSYLVANIA AVE/13TH ST,13TH STREET,CITY ST/CNTY RD,175,N ,2017/08/17 00:00:00+00,2017/08/17 07:15:00+00,2017,8,August,7,5,17,Thursday,7,Motorway Collision,Daylight,NONE,Property Damage Only,0,0,0,40.008709,-105.276219,0,0,0,0,NON-INTERSECTION,715,3287
-105.23281,39.999988,Police Collision Report,COLLISION W/ MV - SIDE TO SIDE-SAME DIRECTION,1710462,2,BASELINE RD/FOOTHILLS PKWY,FOOTHILLS PARKWAY,STATE HWY,500,S ,2017/08/17 00:00:00+00,2017/08/17 08:45:00+00,2017,8,August,8,5,17,Thursday,8,Motorway Collision,Daylight,NONE,Property Damage Only,0,0,0,39.999988,-105.23281,0,0,0,0,NON-INTERSECTION,846,3288
-105.266932,40.024879,Police Collision Report,COLLISION W/ MV - SIDE TO SIDE-SAME DIRECTION,1710508,2,BLUFF ST/23RD ST,BLUFF ST,CITY ST/CNTY RD,135,E ,2017/08/17 00:00:00+00,2017/08/17 23:02:00+00,2017,8,August,23,5,17,Thursday,23,Motorway Collision,Dark - Unlighted,NONE,Property Damage Only,0,0,0,40.024879,-105.266932,0,0,0,0,NON-INTERSECTION,2304,3289
-105.25831,40.022375,Police Collision Report,COLLISION W/ MV - SIDE TO SIDE-SAME DIRECTION,1710437,2,PEARL ST/28TH ST,28TH ST,STATE HWY,350,S ,2017/08/16 00:00:00+00,2017/08/16 15:47:00+00,2017,8,August,15,4,16,Wednesday,15,Motorway Collision,Daylight,NONE,Property Damage Only,0,0,0,40.022375,-105.25831,0,0,0,0,NON-INTERSECTION,1547,3290
-105.258282,40.014544,Police Collision Report,COLLISION W/ MV - SIDE TO SIDE-SAME DIRECTION,1710204,2,28TH ST/ARAPAHOE AVE,28TH STREET,STATE HWY,     ,  ,,2017/08/11 18:55:00+00,2017,8,August,18,6,11,Friday,18,Motorway Collision,Dawn or Dusk,NONE,Property Damage Only,0,0,0,40.014544,-105.258282,0,0,0,0,AT INTERSECTION,1854,3291
-105.258403,40.029131,Police Collision Report,COLLISION W/ MV - SIDE TO SIDE-SAME DIRECTION,1710359,2,VALMONT RD/28TH ST,VALMONT RD,CITY ST/CNTY RD,332,E ,2017/08/15 00:00:00+00,2017/08/15 09:05:00+00,2017,8,August,9,3,15,Tuesday,9,Motorway Collision,Daylight,NONE,Property Damage Only,0,0,0,40.029131,-105.258403,0,0,0,0,NON-INTERSECTION,910,3292
-105.2607,40.00822,Police Collision Report,COLLISION W/ MV - SIDE TO SIDE-SAME DIRECTION,1709344,2,26TH ST/COLORADO AVE,COLORADO AVE,CITY ST/CNTY RD,150,E ,2017/07/25 00:00:00+00,2017/07/25 12:48:00+00,2017,7,July,12,3,25,Tuesday,12,Motorway Collision,Daylight,NONE,Property Damage Only,0,0,0,40.00822,-105.2607,0,0,0,0,NON-INTERSECTION,1249,3293
-105.289626,40.011714,Police Collision Report,COLLISION W/ MV - SIDE TO SIDE-SAME DIRECTION,1709448,2,483   MARINE ST      ,MARINE ST,CITY ST/CNTY RD,150,W ,2017/07/27 19:07:00+00,2017/07/28 19:07:00+00,2017,7,July,19,6,28,Friday,19,Motorway Collision,Daylight,NONE,Property Damage Only,0,0,0,40.011714,-105.289626,0,0,0,0,NON-INTERSECTION,1907,3294
-105.263158,40.021342,Police Collision Report,COLLISION W/ MV - SIDE TO SIDE-SAME DIRECTION,1709436,2,FOLSOM ST/PEARL ST,FOLSOM,CITY ST/CNTY RD,190,N ,,2017/07/27 14:03:00+00,2017,7,July,14,5,27,Thursday,14,Motorway Collision,Daylight,NONE,Property Damage Only,0,0,0,40.021342,-105.263158,0,0,0,0,NON-INTERSECTION,1404,3295
-105.274837,40.015053,Police Collision Report,COLLISION W/ MV - SIDE TO SIDE-SAME DIRECTION,1711772,2,15TH ST/ARAPAHOE | GROVE ALLEY,ARAPAHOE,CITY ST/CNTY RD,120,E ,2017/09/07 00:00:00+00,2017/09/07 13:29:00+00,2017,9,September,13,5,7,Thursday,13,Motorway Collision,Daylight,NONE,Property Damage Only,0,0,0,40.015053,-105.274837,0,0,0,0,NON-INTERSECTION,1332,3296
-105.248255,39.985841,Police Collision Report,COLLISION W/ MV - SIDE TO SIDE-SAME DIRECTION,1711731,2,TABLE MESA DR/S 39TH ST,TABLE MESA DR,CITY ST/CNTY RD,100,E ,2017/09/06 00:00:00+00,2017/09/06 13:38:00+00,2017,9,September,13,4,6,Wednesday,13,Motorway Collision,Daylight,NONE,Property Damage Only,0,0,0,39.985841,-105.248255,0,0,0,0,NON-INTERSECTION,1339,3297
-105.258394,40.000381,Police Collision Report,COLLISION W/ MV - SIDE TO SIDE-SAME DIRECTION,1711732,2,28TH ST/BASELINE RD,BASELINE RD,CITY ST/CNTY RD,103,W ,2017/09/06 00:00:00+00,2017/09/06 14:14:00+00,2017,9,September,14,4,6,Wednesday,14,Motorway Collision,Daylight,NONE,Property Damage Only,0,0,0,40.000381,-105.258394,0,0,0,0,NON-INTERSECTION,1415,3298
-105.283543,40.015889,Police Collision Report,COLLISION W/ MV - SIDE TO SIDE-SAME DIRECTION,1711735,2,1881  9TH ST      ,1881 9TH ST,,     ,  ,2017/09/06 00:00:00+00,2017/09/06 14:38:00+00,2017,9,September,14,4,6,Wednesday,14,Motorway Collision,Daylight,NONE,Property Damage Only,0,0,0,40.015889,-105.283543,0,0,0,0,PARKING LOT,1439,3299
-105.244862,40.029223,Police Collision Report,COLLISION W/ MV - SIDE TO SIDE-SAME DIRECTION,1709613,2,FOOTHILLS PKWY/VALMONT RD,FOOTHILLS PWY,STATE HWY,2400,N ,,2017/07/31 09:58:00+00,2017,7,July,9,2,31,Monday,9,Motorway Collision,Daylight,NONE,Property Damage Only,0,0,0,40.029223,-105.244862,0,0,0,0,NON-INTERSECTION,955,3300
-105.269744,40.004528,Police Collision Report,COLLISION W/ MV - SIDE TO SIDE-SAME DIRECTION,1709466,2,BROADWAY/18TH ST,BROADWAY,STATE HWY,75,N ,,2017/07/28 07:18:00+00,2017,7,July,7,6,28,Friday,7,Motorway Collision,Daylight,NONE,Property Damage Only,0,0,0,40.004528,-105.269744,0,0,0,0,DRIVEWAY ACCESS RELATED,719,3301
-105.278697,40.014093,Police Collision Report,COLLISION W/ MV - SIDE TO SIDE-SAME DIRECTION,1709480,2,BROADWAY/ARAPAHOE AVE,BROADWAY,,100,N ,,2017/07/28 12:07:00+00,2017,7,July,12,6,28,Friday,12,Motorway Collision,Daylight,NONE,Property Damage Only,0,0,0,40.014093,-105.278697,0,0,0,0,NON-INTERSECTION,1209,3302
-105.278697,40.014093,Police Collision Report,COLLISION W/ MV - SIDE TO SIDE-SAME DIRECTION,1709405,2,BROADWAY/ARAPAHOE AVE,BROADWAY,STATE HWY,     ,  ,2017/07/26 00:00:00+00,2017/07/26 18:43:00+00,2017,7,July,18,4,26,Wednesday,18,Motorway Collision,Daylight,NONE,Property Damage Only,0,0,0,40.014093,-105.278697,0,0,0,0,AT INTERSECTION,1843,3303
-105.256066,40.014529,Police Collision Report,COLLISION W/ MV - SIDE TO SIDE-SAME DIRECTION,1901527,2,ARAPAHOE AVE/29TH ST,ARAPAHOE,STATE HWY,     ,  ,2019/02/12 00:00:00+00,2019/02/12 14:15:00+00,2019,2,February,14,3,12,Tuesday,14,Motorway Collision,Daylight,NONE,Property Damage Only,0,0,0,40.014529,-105.256066,0,0,0,0,INTERSECTION RELATED,1415,3304