X,Y,ReportType,PrmaryCollsionType,CaseNumber,UnitsInvolved,Location,OnHighway,CrossStreet,FeetFromIntersection,DirectionFromIntersection,CollisionDate,ReportedDate,ReportedYear,ReportedMonth,ReportedMonthName,ReportedWeek,ReportedDayofWeekNum,ReportedDayofMonth,ReportedDayofWeek,ReportedHour,HitAndRunStatus,LightingCondition,WeatherCondition,Severity,NumKilled,NumSeriouslyInjured,NumInjuredOrKilled,Lat,Lon,DUI,AlcoholDrugSuspected,BicyclesInvolved,PedestriansInvolved,RoadDescription,Crash_Time,ESRI_OID
-105.272553,40.016297,Police Collision Report,COLLISION W/ MV - REAR TO SIDE,1712176,2,1700  17TH ST      ,1700 17TH ST,,     ,  ,2017/09/15 00:00:00+00,2017/09/15 12:21:00+00,2017,9,September,12,6,15,Friday,12,Motorway Collision,Daylight,NONE,Property Damage Only,0,0,0,40.016297,-105.272553,0,0,0,0,PARKING LOT,1222,3635
-105.263019,40.020371,Police Collision Report,COLLISION W/ MV - REAR TO SIDE,1712131,2,2503  WALNUT ST      ,2503 WALNUTST,,     ,  ,2017/09/14 00:00:00+00,2017/09/14 17:16:00+00,2017,9,September,17,5,14,Thursday,17,Motorway Collision,Daylight,NONE,Property Damage Only,0,0,0,40.020371,-105.263019,0,0,0,0,PARKING LOT,1721,3636
-105.278102,40.02044,Police Collision Report,COLLISION W/ MV - REAR TO SIDE,1710407,2,14TH ST/PINE ST,14TH STREET,CITY ST/CNTY RD,50,S ,2017/08/16 00:00:00+00,2017/08/16 09:10:00+00,2017,8,August,9,4,16,Wednesday,9,Motorway Collision,Daylight,NONE,Property Damage Only,0,0,0,40.02044,-105.278102,0,0,0,0,NON-INTERSECTION,911,3637
-105.261628,40.014585,Police Collision Report,COLLISION W/ MV - REAR TO SIDE,1710413,2,2525  ARAPAHOE AVE      ,2525 ARAPAHOE AVE,,     ,  ,2017/08/09 00:00:00+00,2017/08/10 15:40:00+00,2017,8,August,15,5,10,Thursday,15,Motorway Collision,Daylight,NONE,Property Damage Only,0,0,0,40.014585,-105.261628,0,0,0,0,PARKING LOT,1715,3638
-105.254446,39.999921,Police Collision Report,COLLISION W/ MV - REAR TO SIDE,1710183,2,2950  BASELINE RD      ,2950 BASELINE RD,CITY ST/CNTY RD,     ,  ,2017/08/11 00:00:00+00,2017/08/11 11:36:00+00,2017,8,August,11,6,11,Friday,11,Motorway Collision,Daylight,NONE,Property Damage Only,0,0,0,39.999921,-105.254446,0,0,0,0,PARKING LOT,1115,3639
-105.255884,40.022827,Police Collision Report,COLLISION W/ MV - REAR TO SIDE,1710228,2,2905  PEARL ST      ,2905 PEARL ST.,,     ,  ,2017/08/11 00:00:00+00,2017/08/11 15:20:00+00,2017,8,August,15,6,11,Friday,15,Motorway Collision,Daylight,NONE,Property Damage Only,0,0,0,40.022827,-105.255884,0,0,0,0,PARKING LOT,1521,3640
-105.261628,40.014585,Police Collision Report,COLLISION W/ MV - REAR TO SIDE,1710299,2,2525  ARAPAHOE AVE      ,2525 ARAPAHOE,,     ,  ,2017/08/14 00:00:00+00,2017/08/14 20:03:00+00,2017,8,August,20,2,14,Monday,20,Motorway Collision,Dark - Unlighted,NONE,Property Damage Only,0,0,0,40.014585,-105.261628,0,0,0,0,PARKING LOT,2005,3641
-105.278668,40.008663,Police Collision Report,COLLISION W/ MV - REAR TO SIDE,1710314,2,PENNSYLVANIA AVE/11TH ST,11TH ST,CITY ST/CNTY RD,300,  ,2017/08/14 00:00:00+00,2017/08/14 09:54:00+00,2017,8,August,9,2,14,Monday,9,Motorway Collision,Daylight,NONE,Property Damage Only,0,0,0,40.008663,-105.278668,0,0,0,0,CROSSOVER-RELATED,955,3642
-105.255884,40.022827,Police Collision Report,COLLISION W/ MV - REAR TO SIDE,1709720,2,2905  PEARL ST      ,2905 PEARL ST,CITY ST/CNTY RD,     ,  ,,2017/07/28 17:52:00+00,2017,7,July,17,6,28,Friday,17,Motorway Collision,Daylight,NONE,Property Damage Only,0,0,0,40.022827,-105.255884,0,0,0,0,PARKING LOT,1754,3643
-105.2774,40.018439,Police Collision Report,COLLISION W/ MV - REAR TO SIDE,1711574,2,14TH ST/PEARL ST,940 LAWRY LANE,CITY ST/CNTY RD,     ,  ,2017/09/03 00:00:00+00,2017/09/04 18:15:00+00,2017,9,September,18,2,4,Monday,18,Motorway Collision,Daylight,NONE,Property Damage Only,0,0,0,40.018439,-105.2774,0,0,0,0,CROSSOVER-RELATED,1815,3644
-105.272673,40.027991,Police Collision Report,COLLISION W/ MV - REAR TO SIDE,1711246,2,19TH ST/CEDAR AVE,19TH ST,CITY ST/CNTY RD,200,N ,2017/08/29 00:00:00+00,2017/08/29 14:42:00+00,2017,8,August,14,3,29,Tuesday,14,Motorway Collision,Daylight,NONE,Property Damage Only,0,0,0,40.027991,-105.272673,0,0,0,0,DRIVEWAY ACCESS RELATED,1440,3645
-105.225401,40.006511,Police Collision Report,COLLISION W/ MV - REAR TO SIDE,1711257,2,55TH ST/PENNSYLVANIA AVE,55TH,CITY ST/CNTY RD,     ,  ,,2017/08/29 17:27:00+00,2017,8,August,17,3,29,Tuesday,17,Motorway Collision,Daylight,NONE,Property Damage Only,0,0,0,40.006511,-105.225401,0,0,0,0,AT INTERSECTION,1726,3646
-105.259835,40.036476,Police Collision Report,COLLISION W/ MV - REAR TO SIDE,1714423,2,2731  IRIS AVE      ,2731 IRIS AVE,,     ,  ,2017/11/01 00:00:00+00,2017/11/01 12:46:00+00,2017,11,November,12,4,1,Wednesday,12,Motorway Collision,Daylight,NONE,Property Damage Only,0,0,0,40.036476,-105.259835,0,0,0,0,PARKING LOT,1245,3647
-105.271304,40.00275,Police Collision Report,COLLISION W/ MV - REAR TO SIDE,1714235,2,849   17TH ST      ,AURORA AVE,CITY ST/CNTY RD,300,S ,2017/10/28 00:00:00+00,2017/10/28 13:00:00+00,2017,10,October,13,7,28,Saturday,13,Motorway Collision,Daylight,NONE,Property Damage Only,0,0,0,40.00275,-105.271304,0,0,0,0,DRIVEWAY ACCESS RELATED,1300,3648
-105.225296,40.014626,Police Collision Report,COLLISION W/ MV - REAR TO SIDE,1714140,2,5505  ARAPAHOE AVE      ,5505 ARAPAHOE AVE,,     ,  ,2017/10/27 09:28:59+00,2017/10/27 09:29:00+00,2017,10,October,9,6,27,Friday,9,Motorway Collision,Daylight,NONE,Property Damage Only,0,0,0,40.014626,-105.225296,0,0,0,0,PARKING LOT,930,3649
-105.258505,40.020149,Police Collision Report,COLLISION W/ MV - REAR TO SIDE,1714032,2,1875  28TH ST      ,1875 28TH ST,,     ,  ,2014/10/18 05:00:00+00,2017/10/25 00:00:00+00,2017,10,October,0,4,25,Wednesday,0,Motorway Collision,Daylight,NONE,Property Damage Only,0,0,0,40.020149,-105.258505,0,0,0,0,PARKING LOT,1415,3650
-105.279303,40.015822,Police Collision Report,COLLISION W/ MV - REAR TO SIDE,1713943,2,BROADWAY/CANYON BLVD,BROADWAY,CITY ST/CNTY RD,     ,  ,2017/10/23 00:00:00+00,2017/11/14 00:00:00+00,2017,11,November,0,3,14,Tuesday,0,Motorway Collision,Daylight,NONE,Property Damage Only,0,0,0,40.015822,-105.279303,0,0,0,0,AT INTERSECTION,1454,3651
-105.251182,40.000354,Police Collision Report,COLLISION W/ MV - REAR TO SIDE,1713065,2,710   32ND ST      ,32ND ST,CITY ST/CNTY RD,500,N ,2017/10/03 00:00:00+00,2017/10/03 20:53:00+00,2017,10,October,20,3,3,Tuesday,20,Motorway Collision,Dark - Lighted,NONE,Property Damage Only,0,0,0,40.000354,-105.251182,0,0,0,0,DRIVEWAY ACCESS RELATED,2050,3652
-105.271672,40.005527,Police Collision Report,COLLISION W/ MV - REAR TO SIDE,1713327,2,EUCLID AVE/BROADWAY,EUCLID AVE,CITY ST/CNTY RD,164,E ,2017/10/09 00:00:00+00,2017/10/10 00:00:00+00,2017,10,October,0,3,10,Tuesday,0,Motorway Collision,Dawn or Dusk,NONE,Property Damage Only,0,0,0,40.005527,-105.271672,0,0,0,0,NON-INTERSECTION,1725,3653
-105.258282,40.014544,Police Collision Report,COLLISION W/ MV - REAR TO SIDE,1812625,2,28TH ST/ARAPAHOE AVE,28TH ST,CITY ST/CNTY RD,     ,  ,2018/10/01 00:00:00+00,2018/10/01 00:00:00+00,2018,10,October,0,2,1,Monday,0,Motorway Collision,Dark - Lighted,NONE,Property Damage Only,0,0,0,40.014544,-105.258282,0,0,0,0,AT INTERSECTION,211,3654
-105.280947,40.016628,Police Collision Report,COLLISION W/ MV - REAR TO SIDE,1812503,2,WALNUT ST/11TH ST,11TH,CITY ST/CNTY RD,30,N ,2018/09/26 00:00:00+00,2018/09/26 20:18:00+00,2018,9,September,20,4,26,Wednesday,20,Motorway Collision,Dark - Lighted,NONE,Property Damage Only,0,0,0,40.016628,-105.280947,0,0,0,0,NON-INTERSECTION,2018,3655
-105.27083,40.019769,Police Collision Report,COLLISION W/ MV - REAR TO SIDE,1812597,2,19TH ST/PEARL ST,19TH STREET,CITY ST/CNTY RD,75,S ,2018/09/28 00:00:00+00,2018/09/28 14:09:00+00,2018,9,September,14,6,28,Friday,14,Motorway Collision,Daylight,NONE,Possible injury,0,0,0,40.019769,-105.27083,0,0,0,0,NON-INTERSECTION,1409,3656
-105.263971,39.978367,Police Collision Report,COLLISION W/ MV - REAR TO SIDE,1811049,2,WILDWOOD RD/CRANBROOK CT,WILDWOOD ROAD,CITY ST/CNTY RD,72,E ,2018/08/29 00:00:00+00,2018/08/29 10:58:00+00,2018,8,August,10,4,29,Wednesday,10,Motorway Collision,Daylight,NONE,Property Damage Only,0,0,0,39.978367,-105.263971,0,0,0,0,NON-INTERSECTION,1059,3657
-105.277435,40.014717,Police Collision Report,COLLISION W/ MV - REAR TO SIDE,1810622,2,1720  13TH ST      ,1720 13TH STREET,,     ,  ,2018/08/22 00:00:00+00,2018/08/22 16:31:00+00,2018,8,August,16,4,22,Wednesday,16,Motorway Collision,Daylight,NONE,Property Damage Only,0,0,0,40.014717,-105.277435,0,0,0,0,PARKING LOT,1500,3658
-105.261836,40.000183,Police Collision Report,COLLISION W/ MV - REAR TO SIDE,1810653,2,2460  BASELINE RD      ,2460 BASELINE RD,,     ,  ,2018/08/23 00:00:00+00,2018/08/23 11:16:00+00,2018,8,August,11,5,23,Thursday,11,Motorway Collision,Daylight,NONE,Possible injury,0,0,0,40.000183,-105.261836,0,0,0,0,PARKING LOT,1114,3659
-105.253146,40.003727,Police Collision Report,COLLISION W/ MV - REAR TO SIDE,1810749,2,30TH ST/E AURORA AVE,30TH STREET,CITY ST/CNTY RD,     ,  ,2018/08/24 13:59:59+00,2018/08/24 14:00:00+00,2018,8,August,14,6,24,Friday,14,Motorway Collision,Daylight,NONE,Property Damage Only,0,0,0,40.003727,-105.253146,1,1,0,0,AT INTERSECTION,1400,3660
-105.255275,40.000078,Police Collision Report,COLLISION W/ MV - REAR TO SIDE,1810769,2,2920  BASELINE RD      ,2920 BASELINE ROAD,CITY ST/CNTY RD,     ,  ,2018/08/24 00:00:00+00,2018/08/24 18:47:00+00,2018,8,August,18,6,24,Friday,18,Motorway Collision,Daylight,NONE,Property Damage Only,0,0,0,40.000078,-105.255275,0,0,0,0,PARKING LOT,1847,3661
-105.274745,40.019009,Police Collision Report,COLLISION W/ MV - REAR TO SIDE,1811271,2,PEARL ST/16TH ST,16TH STREET,CITY ST/CNTY RD,59,S ,2018/09/01 00:00:00+00,2018/09/01 14:48:00+00,2018,9,September,14,7,1,Saturday,14,Motorway Collision,Daylight,NONE,Property Damage Only,0,0,0,40.019009,-105.274745,0,0,0,0,NON-INTERSECTION,1448,3662
-105.262985,40.017486,Police Collision Report,COLLISION W/ MV - REAR TO SIDE,1811191,2,CANYON BLVD/FOLSOM ST,2480 CANYON BOULEVARD,,     ,  ,2018/08/31 00:00:00+00,2018/08/31 13:55:00+00,2018,8,August,13,6,31,Friday,13,Motorway Collision,Daylight,NONE,Property Damage Only,0,0,0,40.017486,-105.262985,0,0,0,0,PARKING LOT,1355,3663
-105.255817,39.989251,Police Collision Report,COLLISION W/ MV - REAR TO SIDE,1811562,2,DARTMOUTH AVE/S BROADWAY,BROADWAY,CITY ST/CNTY RD,     ,  ,2018/09/07 00:00:00+00,2018/09/07 10:56:00+00,2018,9,September,10,6,7,Friday,10,Motorway Collision,Daylight,NONE,Possible injury,0,0,0,39.989251,-105.255817,0,0,0,0,AT INTERSECTION,1059,3664
-105.281315,40.017646,Police Collision Report,COLLISION W/ MV - REAR TO SIDE,1809998,2,PEARL ST/11TH ST,PEARL STREET,CITY ST/CNTY RD,175,E ,2018/08/09 00:00:00+00,2018/08/09 14:07:00+00,2018,8,August,14,5,9,Thursday,14,Motorway Collision,Daylight,NONE,Property Damage Only,0,0,0,40.017646,-105.281315,0,0,0,0,NON-INTERSECTION,1407,3665
-105.285246,40.016798,Police Collision Report,COLLISION W/ MV - REAR TO SIDE,1809987,2,8TH ST/PEARL ST,8TH STREET,CITY ST/CNTY RD,72,S ,2018/08/09 00:00:00+00,2018/08/09 11:03:00+00,2018,8,August,11,5,9,Thursday,11,Motorway Collision,Daylight,NONE,Property Damage Only,0,0,0,40.016798,-105.285246,0,0,0,0,NON-INTERSECTION,1103,3666
-105.258943,40.029155,Police Collision Report,COLLISION W/ MV - REAR TO SIDE,1810098,2,2775  VALMONT RD      ,2775 VALMONT RD,,     ,  ,2018/08/11 00:00:00+00,2018/08/11 15:35:00+00,2018,8,August,15,7,11,Saturday,15,Motorway Collision,Daylight,NONE,Property Damage Only,0,0,0,40.029155,-105.258943,0,0,0,0,PARKING LOT,1535,3667
-105.279367,40.020206,Police Collision Report,COLLISION W/ MV - REAR TO SIDE,1810150,2,PINE ST/13TH ST,PINE ST,CITY ST/CNTY RD,175,S ,2018/08/12 00:00:00+00,2018/08/12 18:35:00+00,2018,8,August,18,1,12,Sunday,18,Motorway Collision,Daylight,NONE,Property Damage Only,0,0,0,40.020206,-105.279367,0,0,0,0,NON-INTERSECTION,1835,3668
-105.26306,40.0152,Police Collision Report,COLLISION W/ MV - REAR TO SIDE,1809926,2,1635  FOLSOM ST      ,1635 FOLSOM ST,,     ,  ,2018/08/08 00:00:00+00,2018/08/08 13:38:00+00,2018,8,August,13,4,8,Wednesday,13,Motorway Collision,Daylight,NONE,Property Damage Only,0,0,0,40.0152,-105.26306,0,0,0,0,PARKING LOT,1335,3669
-105.28235,40.016346,Police Collision Report,COLLISION W/ MV - REAR TO SIDE,1809785,2,WALNUT ST/9TH ST | 10TH ST ALLEY,WALNUT,CITY ST/CNTY RD,50,E ,2018/08/05 00:00:00+00,2018/08/05 19:57:00+00,2018,8,August,19,1,5,Sunday,19,Motorway Collision,Dawn or Dusk,NONE,Property Damage Only,0,0,0,40.016346,-105.28235,0,0,0,0,NON-INTERSECTION,1957,3670
-105.258284,40.020627,Police Collision Report,COLLISION W/ MV - REAR TO SIDE,1809700,2,1906  28TH ST      ,1906 28TH STREET,CITY ST/CNTY RD,     ,  ,2018/08/03 00:00:00+00,2018/08/03 18:51:00+00,2018,8,August,18,6,3,Friday,18,Motorway Collision,Daylight,NONE,Property Damage Only,0,0,0,40.020627,-105.258284,0,0,0,0,PARKING LOT,1851,3671
-105.276413,40.019746,Police Collision Report,COLLISION W/ MV - REAR TO SIDE,1810270,2,SPRUCE ST/15TH ST,SPRUCE ST,CITY ST/CNTY RD,70,W ,2018/08/15 00:00:00+00,2018/08/15 16:36:00+00,2018,8,August,16,4,15,Wednesday,16,Motorway Collision,Daylight,NONE,Property Damage Only,0,0,0,40.019746,-105.276413,0,0,0,0,NON-INTERSECTION,1637,3672
-105.253573,40.018193,Police Collision Report,COLLISION W/ MV - REAR TO SIDE,1815786,2,1788  30TH ST      ,1788 30TH STREET,,     ,  ,2018/07/27 00:00:00+00,2018/07/27 00:00:00+00,2018,7,July,0,6,27,Friday,0,Motorway Collision,Daylight,NONE,Property Damage Only,0,0,0,40.018193,-105.253573,0,0,0,0,PARKING LOT,0,3673
-105.258284,40.020627,Police Collision Report,COLLISION W/ MV - REAR TO SIDE,1816186,2,1906  28TH ST      ,1906 28TH STREET,,     ,  ,2018/12/21 00:00:00+00,2018/12/21 13:00:00+00,2018,12,December,13,6,21,Friday,13,Motorway Collision,Daylight,NONE,Property Damage Only,0,0,0,40.020627,-105.258284,0,0,0,0,PARKING LOT,1300,3674
-105.255275,40.000078,Police Collision Report,COLLISION W/ MV - REAR TO SIDE,1814916,2,2920  BASELINE RD      ,2920 BASELINE RD,CITY ST/CNTY RD,     ,  ,2018/11/20 00:00:00+00,2018/11/20 08:22:00+00,2018,11,November,8,3,20,Tuesday,8,Motorway Collision,Daylight,NONE,Property Damage Only,0,0,0,40.000078,-105.255275,0,0,0,0,PARKING LOT,820,3675
-105.250152,40.018236,Police Collision Report,COLLISION W/ MV - REAR TO SIDE,1815264,2,1805  33RD ST      ,1805 33RD ST,,     ,  ,2018/11/29 00:00:00+00,2018/11/29 18:42:00+00,2018,11,November,18,5,29,Thursday,18,Motorway Collision,Dark - Unlighted,NONE,Property Damage Only,0,0,0,40.018236,-105.250152,0,0,0,0,PARKING LOT,1835,3676
-105.190884,40.088565,Police Collision Report,COLLISION W/ MV - REAR TO SIDE,1815295,2,6300  DIAGONAL HWY      ,6300 DIAGONAL HWY,CITY ST/CNTY RD,     ,  ,2018/11/30 00:00:00+00,2018/11/30 11:25:00+00,2018,11,November,11,6,30,Friday,11,Motorway Collision,Daylight,NONE,Property Damage Only,0,0,0,40.088565,-105.190884,0,0,0,0,PARKING LOT,1030,3677
-105.276238,40.007301,Police Collision Report,COLLISION W/ MV - REAR TO SIDE,1815303,2,13TH ST/COLLEGE AVE,COLLEGE AVE,CITY ST/CNTY RD,60,W ,2018/11/30 00:00:00+00,2018/11/30 15:06:00+00,2018,11,November,15,6,30,Friday,15,Motorway Collision,Dawn or Dusk,NONE,Property Damage Only,0,0,0,40.007301,-105.276238,0,0,0,0,INTERSECTION RELATED,1506,3678
-105.240024,40.029202,Police Collision Report,COLLISION W/ MV - REAR TO SIDE,1815589,2,VALMONT RD/STERLING CT,STERLING DR,CITY ST/CNTY RD,145,N ,2018/12/07 00:00:00+00,2018/12/07 14:43:00+00,2018,12,December,14,6,7,Friday,14,Motorway Collision,Daylight,NONE,Property Damage Only,0,0,0,40.029202,-105.240024,0,0,0,0,DRIVEWAY ACCESS RELATED,1443,3679
-105.261365,40.00819,Police Collision Report,COLLISION W/ MV - REAR TO SIDE,1814704,2,COLORADO AVE/REGENT DR,COLORADO AVE,CITY ST/CNTY RD,309,W ,2018/11/14 00:00:00+00,2018/11/14 17:43:00+00,2018,11,November,17,4,14,Wednesday,17,Motorway Collision,Dark - Lighted,NONE,Property Damage Only,0,0,0,40.00819,-105.261365,0,0,0,0,NON-INTERSECTION,1743,3680
-105.241639,40.01919,Police Collision Report,COLLISION W/ MV - REAR TO SIDE,1814389,2,4750  WALNUT ST      ,4750 WALNUT,CITY ST/CNTY RD,     ,  ,2018/11/06 00:00:00+00,2018/11/06 15:08:00+00,2018,11,November,15,3,6,Tuesday,15,Motorway Collision,Daylight,NONE,Property Damage Only,0,0,0,40.01919,-105.241639,0,0,0,0,PARKING LOT,1508,3681
-105.250079,40.014707,Police Collision Report,COLLISION W/ MV - REAR TO SIDE,1814245,2,33RD ST/ARAPAHOE AVE,ARAPAHOE AVE,STATE HWY,10,W ,2018/11/02 00:00:00+00,2018/11/02 15:27:00+00,2018,11,November,15,6,2,Friday,15,Motorway Collision,Daylight,NONE,Property Damage Only,0,0,0,40.014707,-105.250079,0,0,0,0,INTERSECTION RELATED,1527,3682
-105.282047,40.046878,Police Collision Report,COLLISION W/ MV - REAR TO SIDE,1813834,2,3960  BROADWAY      ,3960 BROADWAY,,     ,  ,2018/10/25 00:00:00+00,2018/10/25 14:04:00+00,2018,10,October,14,5,25,Thursday,14,Motorway Collision,Daylight,NONE,Property Damage Only,0,0,0,40.046878,-105.282047,0,0,0,0,PARKING LOT,1404,3683
-105.261882,40.000308,Police Collision Report,COLLISION W/ MV - REAR TO SIDE,1813748,2,2450  BASELINE RD      ,2450 BASELINE RD PARKING LOT,,     ,  ,2018/10/23 00:00:00+00,2018/10/23 16:33:00+00,2018,10,October,16,3,23,Tuesday,16,Motorway Collision,Daylight,NONE,Property Damage Only,0,0,0,40.000308,-105.261882,0,0,0,0,PARKING LOT,1645,3684
-105.280342,40.018923,Police Collision Report,COLLISION W/ MV - REAR TO SIDE,1813623,2,SPRUCE ST/BROADWAY,SPRUCE STREET,CITY ST/CNTY RD,100,E ,2018/10/20 00:00:00+00,2018/10/20 15:01:00+00,2018,10,October,15,7,20,Saturday,15,Motorway Collision,Daylight,NONE,Property Damage Only,0,0,0,40.018923,-105.280342,0,0,0,0,INTERSECTION RELATED,1501,3685
-105.222988,40.014546,Police Collision Report,COLLISION W/ MV - REAR TO SIDE,1903021,2,5600  ARAPAHOE AVE UNIT 1  ,5600 ARAPAHOE AVE,,     ,  ,2019/03/22 00:00:00+00,2019/03/22 00:00:00+00,2019,3,March,0,6,22,Friday,0,Motorway Collision,Dark - Unlighted,NONE,Property Damage Only,0,0,0,40.014546,-105.222988,0,0,0,0,PARKING LOT,1907,3686
-105.249417,39.985171,Police Collision Report,COLLISION W/ MV - REAR TO SIDE,1902984,2,627   S BROADWAYS      ,627 S. BROADWAY,,     ,  ,2019/03/20 00:00:00+00,2019/03/20 21:04:00+00,2019,3,March,21,4,20,Wednesday,21,Motorway Collision,Dark - Lighted,NONE,Property Damage Only,0,0,0,39.985171,-105.249417,0,0,0,0,PARKING LOT,2101,3687
-105.276207,40.00733,Police Collision Report,COLLISION W/ MV - REAR TO SIDE,1903043,2,COLLEGE AVE/13TH ST,13TH STREET,CITY ST/CNTY RD,144,S ,2019/03/22 00:00:00+00,2019/03/22 10:41:00+00,2019,3,March,10,6,22,Friday,10,Motorway Collision,Daylight,NONE,Property Damage Only,0,0,0,40.00733,-105.276207,0,0,0,0,DRIVEWAY ACCESS RELATED,1041,3688
-105.258318,40.017253,Police Collision Report,COLLISION W/ MV - REAR TO SIDE,1903344,2,28TH ST,1693 28TH STREET,,     ,  ,2019/03/30 00:00:00+00,2019/03/30 11:52:00+00,2019,3,March,11,7,30,Saturday,11,Motorway Collision,Daylight,NONE,Possible injury,0,0,0,40.017253,-105.258318,0,0,0,0,PARKING LOT,1152,3689
-105.28243,40.012072,Police Collision Report,COLLISION W/ MV - REAR TO SIDE,1902678,2,921   MARINE ST      ,MARINE ST,CITY ST/CNTY RD,100,E ,2019/03/14 00:00:00+00,2019/03/14 08:29:00+00,2019,3,March,8,5,14,Thursday,8,Motorway Collision,Daylight,NONE,Property Damage Only,0,0,0,40.012072,-105.28243,0,0,0,0,DRIVEWAY ACCESS RELATED,825,3690
-105.25845,40.001697,Police Collision Report,COLLISION W/ MV - REAR TO SIDE,1902403,2,770   28TH ST      ,770 28TH STREET,,     ,  ,2019/03/06 00:00:00+00,2019/03/06 12:50:00+00,2019,3,March,12,4,6,Wednesday,12,Motorway Collision,Daylight,NONE,Property Damage Only,0,0,0,40.001697,-105.25845,0,0,0,0,PARKING LOT,1250,3691
-105.251173,39.978718,Police Collision Report,COLLISION W/ MV - REAR TO SIDE,1902043,2,CLAREMONT DR/DARLEY AVE,CLAREMONT DR,CITY ST/CNTY RD,750,S ,2019/02/25 00:00:00+00,2019/02/25 09:10:00+00,2019,2,February,9,2,25,Monday,9,Motorway Collision,Daylight,NONE,Property Damage Only,0,0,0,39.978718,-105.251173,0,0,0,0,DRIVEWAY ACCESS RELATED,910,3692
-105.274674,40.007207,Police Collision Report,COLLISION W/ MV - REAR TO SIDE,1902235,3,BROADWAY/COLLEGE AVE,BROADWAY,STATE HWY,     ,  ,2019/03/01 00:00:00+00,2019/03/01 20:28:00+00,2019,3,March,20,6,1,Friday,20,Motorway Collision,Dark - Lighted,NONE,Property Damage Only,0,0,0,40.007207,-105.274674,0,0,0,0,NON-INTERSECTION,2021,3693
-105.259883,40.02858,Police Collision Report,COLLISION W/ MV - REAR TO SIDE,1901853,2,2949  SHADY HOLLOW E      ,VALMONT RD,CITY ST/CNTY RD,     ,  ,2019/02/20 00:00:00+00,2019/02/20 12:14:00+00,2019,2,February,12,4,20,Wednesday,12,Motorway Collision,Daylight,NONE,Property Damage Only,0,0,0,40.02858,-105.259883,0,0,0,0,DRIVEWAY ACCESS RELATED,1214,3694
-105.227512,39.985893,Police Collision Report,COLLISION W/ MV - REAR TO SIDE,1901888,3,MANHATTAN CIR/SOUTH BOULDER RD,MANHATTAN CIR,CITY ST/CNTY RD,505,S ,2019/02/21 00:00:00+00,2019/02/21 11:18:00+00,2019,2,February,11,5,21,Thursday,11,Motorway Collision,Daylight,NONE,Property Damage Only,0,0,0,39.985893,-105.227512,0,0,0,0,DRIVEWAY ACCESS RELATED,1117,3695
-105.275002,40.007245,Police Collision Report,COLLISION W/ MV - REAR TO SIDE,1901220,2,14TH ST/COLLEGE AVE,14TH ST,CITY ST/CNTY RD,165,S ,2019/02/04 00:00:00+00,2019/02/04 08:50:00+00,2019,2,February,8,2,4,Monday,8,Motorway Collision,Daylight,NONE,Property Damage Only,0,0,0,40.007245,-105.275002,0,0,0,0,NON-INTERSECTION,850,3696
-105.274729,40.010544,Police Collision Report,COLLISION W/ MV - REAR TO SIDE,1901276,2,UNIVERSITY AVE/15TH ST,UNIVERSITY,CITY ST/CNTY RD,     ,  ,2019/02/05 00:00:00+00,2019/02/05 17:28:00+00,2019,2,February,17,3,5,Tuesday,17,Motorway Collision,Daylight,NONE,Property Damage Only,0,0,0,40.010544,-105.274729,0,0,0,0,NON-INTERSECTION,1700,3697
-105.281326,40.013602,Police Collision Report,COLLISION W/ MV - REAR TO SIDE,1901525,2,1001  ARAPAHOE AVE      ,1001 ARAPAHOE AVE,,     ,  ,2018/07/19 00:00:00+00,2018/07/19 00:00:00+00,2018,7,July,0,5,19,Thursday,0,Motorway Collision,Daylight,NONE,Property Damage Only,0,0,0,40.013602,-105.281326,0,0,0,0,PARKING LOT,1420,3698
-105.280342,40.018923,Police Collision Report,COLLISION W/ MV - REAR TO SIDE,1900079,2,SPRUCE ST/BROADWAY,SPRUCE ST,CITY ST/CNTY RD,40,E ,2019/01/03 00:00:00+00,2019/01/03 11:49:00+00,2019,1,January,11,5,3,Thursday,11,Motorway Collision,Daylight,NONE,Property Damage Only,0,0,0,40.018923,-105.280342,0,0,0,0,NON-INTERSECTION,1149,3699
-105.269731,40.014628,Police Collision Report,COLLISION W/ MV - REAR TO SIDE,1900082,2,1939  ARAPAHOE AVE      ,20TH STREET,CITY ST/CNTY RD,125,N ,2019/01/03 00:00:00+00,2019/01/03 14:36:00+00,2019,1,January,14,5,3,Thursday,14,Motorway Collision,Daylight,NONE,Property Damage Only,0,0,0,40.014628,-105.269731,0,0,0,0,CROSSOVER-RELATED,1436,3700
-105.277469,40.007301,Police Collision Report,COLLISION W/ MV - REAR TO SIDE,2009158,2,12TH ST/COLLEGE AVE,12TH ST,CITY ST/CNTY RD,     ,  ,2020/09/24 00:00:00+00,2020/09/24 13:11:00+00,2020,9,September,13,5,24,Thursday,13,Motorway Collision,Daylight,NONE,Property Damage Only,0,0,0,40.007301,-105.277469,0,0,0,0,DRIVEWAY ACCESS RELATED,1305,3701