X,Y,ReportType,PrmaryCollsionType,CaseNumber,UnitsInvolved,Location,OnHighway,CrossStreet,FeetFromIntersection,DirectionFromIntersection,CollisionDate,ReportedDate,ReportedYear,ReportedMonth,ReportedMonthName,ReportedWeek,ReportedDayofWeekNum,ReportedDayofMonth,ReportedDayofWeek,ReportedHour,HitAndRunStatus,LightingCondition,WeatherCondition,Severity,NumKilled,NumSeriouslyInjured,NumInjuredOrKilled,Lat,Lon,DUI,AlcoholDrugSuspected,BicyclesInvolved,PedestriansInvolved,RoadDescription,Crash_Time,ESRI_OID
-105.260131,40.021877,Police Collision Report,COLLISION W/ MV - REAR TO SIDE,2009162,2,2660  PEARL ST      ,2660 PEARL ST,,     ,  ,2020/09/24 00:00:00+00,2020/09/24 15:18:00+00,2020,9,September,15,5,24,Thursday,15,Motorway Collision,Daylight,NONE,Property Damage Only,0,0,0,40.021877,-105.260131,0,0,0,0,PARKING LOT,1518,3702
-105.283834,40.017089,Police Collision Report,COLLISION W/ MV - REAR TO SIDE,2009334,2,9TH ST/PEARL ST,PEARL STREET,CITY ST/CNTY RD,20,W ,2020/09/29 00:00:00+00,2020/09/29 14:46:00+00,2020,9,September,14,3,29,Tuesday,14,Motorway Collision,Daylight,NONE,Property Damage Only,0,0,0,40.017089,-105.283834,0,0,0,0,INTERSECTION RELATED,1445,3703
-105.262312,40.000138,Police Collision Report,COLLISION W/ MV - REAR TO SIDE,2009233,2,2420  BASELINE RD      ,2420 BASELINE ROAD,,     ,  ,2020/09/26 00:00:00+00,2020/09/26 10:55:00+00,2020,9,September,10,7,26,Saturday,10,Motorway Collision,Daylight,NONE,Property Damage Only,0,0,0,40.000138,-105.262312,0,0,0,0,PARKING LOT,1055,3704
-105.272757,40.043708,Police Collision Report,COLLISION W/ MV - REAR TO SIDE,2009792,2,NORWOOD AVE/19TH ST,NORWOOD AVE,CITY ST/CNTY RD,151,E ,2020/10/13 00:00:00+00,2020/10/13 08:00:00+00,2020,10,October,8,3,13,Tuesday,8,Motorway Collision,Daylight,NONE,Property Damage Only,0,0,0,40.043708,-105.272757,0,0,0,0,DRIVEWAY ACCESS RELATED,800,3705
-105.283601,40.016063,Police Collision Report,COLLISION W/ MV - REAR TO SIDE,2009602,2,9TH ST/WALNUT ST,9TH STREET,CITY ST/CNTY RD,39,W ,2020/10/07 00:00:00+00,2020/10/07 12:56:00+00,2020,10,October,12,4,7,Wednesday,12,Motorway Collision,Daylight,NONE,Property Damage Only,0,0,0,40.016063,-105.283601,0,0,0,0,INTERSECTION RELATED,1258,3706
-105.2562,40.016184,Police Collision Report,COLLISION W/ MV - REAR TO SIDE,2009805,2,1695  29TH ST      ,1695 29TH ST,,     ,  ,2020/10/13 00:00:00+00,2020/10/13 13:02:00+00,2020,10,October,13,3,13,Tuesday,13,Motorway Collision,Daylight,NONE,Property Damage Only,0,0,0,40.016184,-105.2562,0,0,0,0,PARKING LOT,1302,3707
-105.258436,40.029101,Police Collision Report,COLLISION W/ MV - REAR TO SIDE,1913455,2,28TH ST/VALMONT RD,28TH STREET,STATE HWY,460,N ,2019/11/13 00:00:00+00,2019/11/13 09:06:00+00,2019,11,November,9,4,13,Wednesday,9,Motorway Collision,Daylight,NONE,Possible injury,0,0,0,40.029101,-105.258436,0,0,0,0,DRIVEWAY ACCESS RELATED,906,3708
-105.253059,39.999933,Police Collision Report,COLLISION W/ MV - REAR TO SIDE,1913511,2,30TH ST/BASELINE RD,30TH STREET,CITY ST/CNTY RD,     ,  ,2019/11/14 00:00:00+00,2019/11/14 11:36:00+00,2019,11,November,11,5,14,Thursday,11,Motorway Collision,Daylight,NONE,Non-Incapacitating Injury,0,0,1,39.999933,-105.253059,0,0,1,0,AT INTERSECTION,1136,3709
-105.260078,39.978077,Police Collision Report,COLLISION W/ MV - REAR TO SIDE,1913555,2,LEHIGH ST/BEAR MOUNTAIN DR,LEHIGH ST,CITY ST/CNTY RD,370,S ,2019/11/15 00:00:00+00,2019/11/15 13:04:00+00,2019,11,November,13,6,15,Friday,13,Motorway Collision,Daylight,NONE,Property Damage Only,0,0,0,39.978077,-105.260078,0,0,1,0,NON-INTERSECTION,1304,3710
-105.236404,40.000161,Police Collision Report,COLLISION W/ MV - REAR TO SIDE,1913534,2,MOHAWK DR/BASELINE RD,MOHAWK,CITY ST/CNTY RD,50,N ,2019/11/15 00:00:00+00,2019/11/15 00:50:00+00,2019,11,November,0,6,15,Friday,0,Motorway Collision,Dark - Lighted,NONE,Property Damage Only,0,0,0,40.000161,-105.236404,0,0,0,0,NON-INTERSECTION,32,3711
-105.283183,40.007243,Police Collision Report,COLLISION W/ MV - REAR TO SIDE,1914137,2,GRANT PL/COLLEGE AVE,COLLEGE AVE,CITY ST/CNTY RD,25,S ,2019/12/02 00:00:00+00,2019/12/02 16:27:00+00,2019,12,December,16,2,2,Monday,16,Motorway Collision,Dawn or Dusk,NONE,Property Damage Only,0,0,0,40.007243,-105.283183,0,0,0,0,NON-INTERSECTION,1620,3712
-105.258403,40.034652,Police Collision Report,COLLISION W/ MV - REAR TO SIDE,1914132,2,3300  28TH ST      ,3300 28TH ST,,     ,  ,2019/12/02 00:00:00+00,2019/12/02 15:04:00+00,2019,12,December,15,2,2,Monday,15,Motorway Collision,Daylight,NONE,Property Damage Only,0,0,0,40.034652,-105.258403,0,0,0,0,PARKING LOT,1505,3713
-105.247526,40.02834,Police Collision Report,COLLISION W/ MV - REAR TO SIDE,1914172,2,2970  WILDERNESS PL      ,2970 WILDERNESS PL,,     ,  ,2019/12/03 00:00:00+00,2019/12/03 12:14:00+00,2019,12,December,12,3,3,Tuesday,12,Motorway Collision,Daylight,NONE,Property Damage Only,0,0,0,40.02834,-105.247526,0,0,0,0,PARKING LOT,1214,3714
-105.25836,40.021501,Police Collision Report,COLLISION W/ MV - REAR TO SIDE,1913914,2,1955  28TH ST      ,1955 28TH ST,,     ,  ,2019/11/24 00:00:00+00,2019/11/24 15:13:00+00,2019,11,November,15,1,24,Sunday,15,Motorway Collision,Daylight,NONE,Property Damage Only,0,0,0,40.021501,-105.25836,0,0,0,0,PARKING LOT,1513,3715
-105.201245,40.072777,Police Collision Report,COLLISION W/ MV - REAR TO SIDE,1914041,2,6550  LOOKOUT RD      ,6550 LOOKOUT RD PARKING LOT,,     ,  ,2019/11/27 00:00:00+00,2019/11/29 10:34:00+00,2019,11,November,10,6,29,Friday,10,Motorway Collision,Daylight,NONE,Property Damage Only,0,0,0,40.072777,-105.201245,0,0,0,0,PARKING LOT,1600,3716
-105.29322,40.012963,Police Collision Report,COLLISION W/ MV - REAR TO SIDE,1912936,2,321   ARAPAHOE AVE      ,ARAPAHOE,STATE HWY,650,E ,2019/10/31 00:00:00+00,2019/10/31 12:34:00+00,2019,10,October,12,5,31,Thursday,12,Motorway Collision,Daylight,NONE,Property Damage Only,0,0,0,40.012963,-105.29322,0,0,0,0,DRIVEWAY ACCESS RELATED,1234,3717
-105.261216,39.99683,Police Collision Report,COLLISION W/ MV - REAR TO SIDE,1912958,2,396   BROADWAY      ,3960 BROADWAY,,     ,  ,2019/10/31 00:00:00+00,2019/10/31 17:57:00+00,2019,10,October,17,5,31,Thursday,17,Motorway Collision,Dawn or Dusk,NONE,Property Damage Only,0,0,0,39.99683,-105.261216,0,0,0,0,PARKING LOT,1745,3718
-105.283601,40.016063,Police Collision Report,COLLISION W/ MV - REAR TO SIDE,1912969,2,9TH ST/WALNUT ST,WALNUT ST,CITY ST/CNTY RD,500,E ,2019/11/01 00:00:00+00,2019/11/01 00:54:00+00,2019,11,November,0,6,1,Friday,0,Motorway Collision,Dark - Lighted,NONE,Property Damage Only,0,0,0,40.016063,-105.283601,0,0,0,0,NON-INTERSECTION,54,3719
-105.283217,40.015025,Police Collision Report,COLLISION W/ MV - REAR TO SIDE,1912972,2,901   CANYON BLVD      ,WALNUT ST,CITY ST/CNTY RD,500,E ,2019/11/01 00:00:00+00,2019/11/01 01:56:00+00,2019,11,November,1,6,1,Friday,1,Motorway Collision,Dark - Lighted,NONE,Property Damage Only,0,0,0,40.015025,-105.283217,0,0,0,0,NON-INTERSECTION,155,3720
-105.28203,40.036417,Police Collision Report,COLLISION W/ MV - REAR TO SIDE,1912945,2,3400  BROADWAY      ,3400 BROADWAY,,     ,  ,2019/10/31 00:00:00+00,2019/10/31 13:31:00+00,2019,10,October,13,5,31,Thursday,13,Motorway Collision,Daylight,NONE,Property Damage Only,0,0,0,40.036417,-105.28203,0,0,0,0,PARKING LOT,1331,3721
-105.261911,40.01453,Police Collision Report,COLLISION W/ MV - REAR TO SIDE,1913150,2,2500  ARAPAHOE AVE      ,2500 ARAPAHOE AVE,,     ,  ,2019/11/05 00:00:00+00,2019/11/05 16:12:00+00,2019,11,November,16,3,5,Tuesday,16,Motorway Collision,Daylight,NONE,Property Damage Only,0,0,0,40.01453,-105.261911,0,0,0,0,PARKING LOT,1612,3722
-105.27441,40.017948,Police Collision Report,COLLISION W/ MV - REAR TO SIDE,1913216,2,16TH ST/WALNUT ST,16TH STREET,CITY ST/CNTY RD,25,N ,2019/11/07 00:00:00+00,2019/11/07 10:46:00+00,2019,11,November,10,5,7,Thursday,10,Motorway Collision,Daylight,NONE,Property Damage Only,0,0,0,40.017948,-105.27441,0,0,0,0,INTERSECTION RELATED,1046,3723
-105.266012,39.98069,Police Collision Report,COLLISION W/ MV - REAR TO SIDE,1913217,2,2210  HOWARD PL      ,HOWARD PL,CITY ST/CNTY RD,110,W ,2019/11/07 00:00:00+00,2019/11/07 10:42:00+00,2019,11,November,10,5,7,Thursday,10,Motorway Collision,Daylight,NONE,Property Damage Only,0,0,0,39.98069,-105.266012,0,0,0,0,DRIVEWAY ACCESS RELATED,1042,3724
-105.244234,40.042815,Police Collision Report,COLLISION W/ MV - REAR TO SIDE,1913190,2,3805  47TH ST      ,3805 47TH ST,,     ,  ,2019/10/19 00:00:00+00,2019/11/06 16:10:00+00,2019,11,November,16,4,6,Wednesday,16,Motorway Collision,Daylight,NONE,Property Damage Only,0,0,0,40.042815,-105.244234,0,0,0,0,PARKING LOT,1715,3725
-105.274674,40.007207,Police Collision Report,COLLISION W/ MV - REAR TO SIDE,1911877,2,BROADWAY/COLLEGE AVE,BROADWAY,CITY ST/CNTY RD,     ,  ,2019/10/04 00:00:00+00,2019/10/04 17:53:00+00,2019,10,October,17,6,4,Friday,17,Motorway Collision,Daylight,NONE,Property Damage Only,0,0,0,40.007207,-105.274674,0,0,0,0,AT INTERSECTION,1753,3726
-105.276658,40.016326,Police Collision Report,COLLISION W/ MV - REAR TO SIDE,1911875,2,CANYON BLVD/14TH ST,CANYON BLVD,STATE HWY,     ,  ,2019/10/04 00:00:00+00,2019/10/04 17:15:00+00,2019,10,October,17,6,4,Friday,17,Motorway Collision,Dawn or Dusk,NONE,Property Damage Only,0,0,0,40.016326,-105.276658,0,0,0,0,AT INTERSECTION,1715,3727
-105.275263,40.007263,Police Collision Report,COLLISION W/ MV - REAR TO SIDE,1912636,2,1352  COLLEGE AVE      ,1352 COLLEGE AVE,CITY ST/CNTY RD,     ,  ,2019/10/23 00:00:00+00,2019/10/23 10:20:00+00,2019,10,October,10,4,23,Wednesday,10,Motorway Collision,Daylight,NONE,Property Damage Only,0,0,0,40.007263,-105.275263,0,0,0,0,PARKING LOT,1022,3728
-105.25015,40.016844,Police Collision Report,COLLISION W/ MV - REAR TO SIDE,1912718,2,1701  33RD ST      ,1701 33RD ST,,     ,  ,2019/10/25 00:00:00+00,2019/10/25 11:36:00+00,2019,10,October,11,6,25,Friday,11,Motorway Collision,Daylight,NONE,Property Damage Only,0,0,0,40.016844,-105.25015,0,0,0,0,PARKING LOT,1136,3729
-105.278334,40.017158,Police Collision Report,COLLISION W/ MV - REAR TO SIDE,1912404,2,WALNUT ST/13TH ST,WALNUT ST,,43,W ,2019/10/17 00:00:00+00,2019/10/17 13:18:00+00,2019,10,October,13,5,17,Thursday,13,Motorway Collision,Daylight,NONE,Property Damage Only,0,0,0,40.017158,-105.278334,0,0,0,0,INTERSECTION RELATED,1318,3730
-105.274729,40.010544,Police Collision Report,COLLISION W/ MV - REAR TO SIDE,1911544,2,UNIVERSITY AVE/15TH ST,UNIVERSITY AVENUE,CITY ST/CNTY RD,150,E ,2019/09/27 00:00:00+00,2019/09/27 13:56:00+00,2019,9,September,13,6,27,Friday,13,Motorway Collision,Daylight,NONE,Property Damage Only,0,0,0,40.010544,-105.274729,0,0,0,0,NON-INTERSECTION,1356,3731
-105.253425,40.00742,Police Collision Report,COLLISION W/ MV - REAR TO SIDE,1911783,2,30TH ST/COLORADO AVE,30TH STREET,CITY ST/CNTY RD,     ,  ,2019/10/02 00:00:00+00,2019/10/02 15:11:00+00,2019,10,October,15,4,2,Wednesday,15,Motorway Collision,Daylight,NONE,Property Damage Only,0,0,0,40.00742,-105.253425,0,0,0,0,AT INTERSECTION,1500,3732
-105.258277,40.014693,Police Collision Report,COLLISION W/ MV - REAR TO SIDE,1911105,2,1600  28TH ST      ,1600 28TH STREET,,     ,  ,2019/09/18 00:00:00+00,2019/09/18 12:35:00+00,2019,9,September,12,4,18,Wednesday,12,Motorway Collision,Daylight,NONE,Property Damage Only,0,0,0,40.014693,-105.258277,0,0,0,0,PARKING LOT,1235,3733
-105.252247,40.04985,Police Collision Report,COLLISION W/ MV - REAR TO SIDE,1911121,2,GUADELUPE ST/BARBADOS PL,GUADELUPE ST,CITY ST/CNTY RD,15,N ,2019/09/18 00:00:00+00,2019/09/18 15:44:00+00,2019,9,September,15,4,18,Wednesday,15,Motorway Collision,Daylight,NONE,Property Damage Only,0,0,0,40.04985,-105.252247,0,0,0,0,INTERSECTION RELATED,1544,3734
-105.278334,40.017158,Police Collision Report,COLLISION W/ MV - REAR TO SIDE,2001138,2,WALNUT ST/13TH ST,WALNUT,CITY ST/CNTY RD,100,W ,2020/02/01 00:00:00+00,2020/02/01 20:00:00+00,2020,2,February,20,7,1,Saturday,20,Motorway Collision,Dark - Lighted,NONE,Property Damage Only,0,0,0,40.017158,-105.278334,0,0,0,0,INTERSECTION RELATED,1959,3735
-105.244862,40.029223,Police Collision Report,COLLISION W/ MV - FRONT TO SIDE,2102165,2,FOOTHILLS PKWY/VALMONT RD,FOOTHILLS PKWY,STATE HWY,     ,  ,2021/03/15 00:00:00+00,2021/03/15 10:59:00+00,2021,3,March,10,2,15,Monday,10,Motorway Collision,Daylight,NONE,Possible injury,0,0,0,40.029223,-105.244862,0,0,0,0,AT INTERSECTION,1059,3736
-105.253772,40.020084,Police Collision Report,COLLISION W/ MV - FRONT TO SIDE,2102169,2,30TH ST/WALNUT ST,30TH ST,CITY ST/CNTY RD,     ,  ,2021/03/15 00:00:00+00,2021/03/15 11:39:00+00,2021,3,March,11,2,15,Monday,11,Motorway Collision,Daylight,NONE,Possible injury,0,0,0,40.020084,-105.253772,0,0,0,0,AT INTERSECTION,1139,3737
-105.285259,40.025543,Police Collision Report,COLLISION W/ MV - REAR TO SIDE,1913421,2,933   ALPINE AVE      ,933 ALPINE,,     ,  ,2019/11/12 00:00:00+00,2019/11/12 14:15:00+00,2019,11,November,14,3,12,Tuesday,14,Motorway Collision,Daylight,NONE,Property Damage Only,0,0,0,40.025543,-105.285259,0,0,0,0,PARKING LOT,1414,3738
-105.280342,40.018923,Police Collision Report,COLLISION W/ MV - REAR TO SIDE,1906593,2,SPRUCE ST/BROADWAY,SPRUCE,CITY ST/CNTY RD,     ,  ,2019/06/17 00:00:00+00,2019/06/17 13:02:00+00,2019,6,June,13,2,17,Monday,13,Motorway Collision,Daylight,NONE,Property Damage Only,0,0,0,40.018923,-105.280342,0,0,0,0,INTERSECTION RELATED,1302,3739
-105.251014,40.027569,Police Collision Report,COLLISION W/ MV - REAR TO SIDE,1906670,2,JUNCTION PL/BLUFF ST,JUNCTION PL,CITY ST/CNTY RD,60,S ,2019/06/19 00:00:00+00,2019/06/19 10:51:00+00,2019,6,June,10,4,19,Wednesday,10,Motorway Collision,Daylight,NONE,Property Damage Only,0,0,0,40.027569,-105.251014,0,0,0,0,INTERSECTION RELATED,1051,3740
-105.253797,40.016675,Police Collision Report,COLLISION W/ MV - REAR TO SIDE,1906473,2,30TH ST/CANYON BLVD,30TH STREET,CITY ST/CNTY RD,430,N ,2019/06/14 00:00:00+00,2019/06/14 08:13:00+00,2019,6,June,8,6,14,Friday,8,Motorway Collision,Daylight,NONE,Property Damage Only,0,0,0,40.016675,-105.253797,0,0,0,0,DRIVEWAY ACCESS RELATED,813,3741
-105.228286,40.014579,Police Collision Report,COLLISION W/ MV - REAR TO SIDE,1905898,2,5340  ARAPAHOE AVE      ,5340 ARAPAHOE AVE PARKING LOT,,     ,  ,2019/05/31 00:00:00+00,2019/05/31 12:42:00+00,2019,5,May,12,6,31,Friday,12,Motorway Collision,Daylight,NONE,Property Damage Only,0,0,0,40.014579,-105.228286,0,0,0,0,INTERSECTION RELATED,1241,3742
-105.225296,40.014626,Police Collision Report,COLLISION W/ MV - REAR TO SIDE,1905940,2,5505  ARAPAHOE AVE      ,5505 ARAPAHOE AVENUE,,     ,  ,2019/05/31 00:00:00+00,2019/05/31 00:00:00+00,2019,5,May,0,6,31,Friday,0,Motorway Collision,Daylight,NONE,Property Damage Only,0,0,0,40.014626,-105.225296,0,0,0,0,PARKING LOT,1700,3743
-105.277214,40.010949,Police Collision Report,COLLISION W/ MV - REAR TO SIDE,1906002,2,1429  BROADWAY      ,1429 BROADWAY,CITY ST/CNTY RD,     ,  ,2019/06/02 00:00:00+00,2019/06/02 18:54:00+00,2019,6,June,18,1,2,Sunday,18,Motorway Collision,Daylight,NONE,Non-Incapacitating Injury,0,0,1,40.010949,-105.277214,0,0,0,0,PARKING LOT,1854,3744
-105.263066,40.0147,Police Collision Report,COLLISION W/ MV - REAR TO SIDE,1903604,2,1605  FOLSOM ST      ,1605 FOLSOM ST,,     ,  ,2019/04/05 00:00:00+00,2019/04/05 14:53:00+00,2019,4,April,14,6,5,Friday,14,Motorway Collision,Daylight,NONE,Property Damage Only,0,0,0,40.0147,-105.263066,0,0,0,0,PARKING LOT,1453,3745
-105.258459,40.031732,Police Collision Report,COLLISION W/ MV - REAR TO SIDE,1903663,2,3141  28TH ST      ,3141 28TH ST,,     ,W ,2019/04/07 03:43:59+00,2019/04/07 03:44:00+00,2019,4,April,3,1,7,Sunday,3,Motorway Collision,Dark - Lighted,NONE,Property Damage Only,0,0,0,40.031732,-105.258459,1,1,0,0,PARKING LOT,112,3746
-105.278354,40.017121,Police Collision Report,COLLISION W/ MV - REAR TO SIDE,1904066,2,13TH ST/WALNUT ST,WALNUT ST,CITY ST/CNTY RD,130,E ,2019/04/16 00:00:00+00,2019/04/16 12:44:00+00,2019,4,April,12,3,16,Tuesday,12,Motorway Collision,Daylight,NONE,Property Damage Only,0,0,0,40.017121,-105.278354,0,0,0,0,NON-INTERSECTION,1244,3747
-105.22815,40.014579,Police Collision Report,COLLISION W/ MV - REAR TO SIDE,1903897,2,5350  ARAPAHOE AVE      ,5350 ARAPAHOE AVE,,     ,  ,2019/04/12 00:00:00+00,2019/04/12 13:40:00+00,2019,4,April,13,6,12,Friday,13,Motorway Collision,Daylight,NONE,Property Damage Only,0,0,0,40.014579,-105.22815,0,0,0,0,PARKING LOT,1340,3748
-105.260199,40.000482,Police Collision Report,COLLISION W/ MV - REAR TO SIDE,1904727,2,BASELINE RD/28TH ST OFF RAMP,2850 BASELINE RD,,     ,  ,2019/05/02 00:00:00+00,2019/05/02 11:43:00+00,2019,5,May,11,5,2,Thursday,11,Motorway Collision,Daylight,NONE,Property Damage Only,0,0,0,40.000482,-105.260199,0,0,0,0,PARKING LOT,1020,3749
-105.251144,39.982018,Police Collision Report,COLLISION W/ MV - REAR TO SIDE,1904772,2,801   GILLASPIE DR      ,801 GILLASPIE DRIVE,,     ,  ,2019/05/03 00:00:00+00,2019/05/03 11:56:00+00,2019,5,May,11,6,3,Friday,11,Motorway Collision,Daylight,NONE,Property Damage Only,0,0,0,39.982018,-105.251144,0,0,0,0,PARKING LOT,1157,3750
-105.278694,40.003712,Police Collision Report,COLLISION W/ MV - REAR TO SIDE,1904366,2,11TH ST/AURORA AVE,11TH ST,CITY ST/CNTY RD,117,S ,2019/04/23 00:00:00+00,2019/04/23 12:38:00+00,2019,4,April,12,3,23,Tuesday,12,Motorway Collision,Daylight,NONE,Property Damage Only,0,0,0,40.003712,-105.278694,0,0,0,0,DRIVEWAY ACCESS RELATED,1238,3751
-105.25836,40.021501,Police Collision Report,COLLISION W/ MV - REAR TO SIDE,1905302,2,1955  28TH ST      ,1955 28TH STREET,,     ,  ,2019/05/16 00:00:00+00,2019/05/16 15:26:00+00,2019,5,May,15,5,16,Thursday,15,Motorway Collision,Daylight,NONE,Property Damage Only,0,0,0,40.021501,-105.25836,0,0,0,0,PARKING LOT,1526,3752
-105.241353,39.972841,Police Collision Report,COLLISION W/ MV - REAR TO SIDE,1905263,2,1515  GREENBRIAR BLVD      ,1515 GREENBRIAR BLVD,CITY ST/CNTY RD,     ,  ,2019/05/15 00:00:00+00,2019/05/15 15:32:00+00,2019,5,May,15,4,15,Wednesday,15,Motorway Collision,Daylight,NONE,Property Damage Only,0,0,0,39.972841,-105.241353,0,0,0,0,PARKING LOT,1532,3753
-105.2774,40.018439,Police Collision Report,COLLISION W/ MV - REAR TO SIDE,1905218,2,14TH ST/PEARL ST,14TH,CITY ST/CNTY RD,25,N ,2019/05/14 00:00:00+00,2019/05/14 15:46:00+00,2019,5,May,15,3,14,Tuesday,15,Motorway Collision,Daylight,NONE,Property Damage Only,0,0,0,40.018439,-105.2774,0,0,0,0,NON-INTERSECTION,1544,3754
-105.282042,40.037404,Police Collision Report,COLLISION W/ MV - REAR TO SIDE,1905048,2,3460  BROADWAY      ,3460 BROADWAY,,     ,  ,2019/05/10 00:00:00+00,2019/05/10 17:12:00+00,2019,5,May,17,6,10,Friday,17,Motorway Collision,Daylight,NONE,Property Damage Only,0,0,0,40.037404,-105.282042,0,0,0,0,PARKING LOT,1710,3755
-105.253567,40.015714,Police Collision Report,COLLISION W/ MV - REAR TO SIDE,1808508,2,1650  30TH ST      ,,CITY ST/CNTY RD,     ,  ,2018/07/10 00:00:00+00,2018/07/10 12:10:00+00,2018,7,July,12,3,10,Tuesday,12,Motorway Collision,Daylight,NONE,Property Damage Only,0,0,0,40.015714,-105.253567,0,0,0,0,PARKING LOT,1210,3756
-105.20686,40.084414,Police Collision Report,COLLISION W/ MV - REAR TO SIDE,1808364,2,6180  63RD ST      ,6180 63RD STREET,,     ,  ,2018/07/07 00:00:00+00,2018/07/07 07:36:00+00,2018,7,July,7,7,7,Saturday,7,Motorway Collision,Daylight,NONE,Property Damage Only,0,0,0,40.084414,-105.20686,0,0,0,0,PARKING LOT,736,3757
-105.253146,40.003727,Police Collision Report,COLLISION W/ MV - REAR TO SIDE,1807883,2,30TH ST/E AURORA AVE,E AURORA AVE,CITY ST/CNTY RD,388,W ,2018/06/26 00:00:00+00,2018/06/26 17:59:00+00,2018,6,June,17,3,26,Tuesday,17,Motorway Collision,Daylight,NONE,Property Damage Only,0,0,0,40.003727,-105.253146,0,0,0,0,DRIVEWAY ACCESS RELATED,1759,3758
-105.251144,39.982018,Police Collision Report,COLLISION W/ MV - REAR TO SIDE,1807639,2,801   GILLASPIE DR      ,801 GILLASPIE DR,,     ,  ,2018/06/21 00:00:00+00,2018/06/21 12:59:00+00,2018,6,June,12,5,21,Thursday,12,Motorway Collision,Daylight,NONE,Property Damage Only,0,0,0,39.982018,-105.251144,0,0,0,0,PARKING LOT,1300,3759
-105.253713,40.018899,Police Collision Report,COLLISION W/ MV - REAR TO SIDE,1807711,2,1830  30TH ST      ,1830 30TH ST,,     ,  ,2018/06/22 00:00:00+00,2018/06/22 17:23:00+00,2018,6,June,17,6,22,Friday,17,Motorway Collision,Daylight,NONE,Property Damage Only,0,0,0,40.018899,-105.253713,0,0,0,0,PARKING LOT,1722,3760
-105.259932,40.0003,Police Collision Report,COLLISION W/ MV - REAR TO SIDE,1808199,2,2626  BASELINE RD      ,2626 BASELINE RD,,     ,  ,2018/07/04 00:00:00+00,2018/07/04 11:44:00+00,2018,7,July,11,4,4,Wednesday,11,Motorway Collision,Daylight,NONE,Property Damage Only,0,0,0,40.0003,-105.259932,0,0,0,0,PARKING LOT,1143,3761
-105.253763,40.016707,Police Collision Report,COLLISION W/ MV - REAR TO SIDE,1808094,2,CANYON BLVD/30TH ST,CANYON BLVD,,189,E ,2018/07/01 00:00:00+00,2018/07/01 17:22:00+00,2018,7,July,17,1,1,Sunday,17,Motorway Collision,Daylight,NONE,Property Damage Only,0,0,0,40.016707,-105.253763,0,0,0,0,PARKING LOT,1741,3762
-105.253639,40.026231,Police Collision Report,COLLISION W/ MV - REAR TO SIDE,1807996,2,2500  30TH ST      ,2500 30TH STREET,,     ,  ,2018/06/29 00:00:00+00,2018/06/29 14:19:00+00,2018,6,June,14,6,29,Friday,14,Motorway Collision,Daylight,NONE,Property Damage Only,0,0,0,40.026231,-105.253639,0,0,0,0,PARKING LOT,1410,3763
-105.283578,40.016098,Police Collision Report,COLLISION W/ MV - REAR TO SIDE,1809681,2,WALNUT ST/9TH ST,WALNUT STREET,CITY ST/CNTY RD,100,W ,2018/08/03 14:07:00+00,2018/08/03 14:07:00+00,2018,8,August,14,6,3,Friday,14,Motorway Collision,Daylight,NONE,Property Damage Only,0,0,0,40.016098,-105.283578,0,0,0,0,NON-INTERSECTION,1407,3764
-105.251909,39.984144,Police Collision Report,COLLISION W/ MV - REAR TO SIDE,1809589,2,3600  TABLE MESA DR      ,3600 TABLE MESA DR,,     ,  ,2018/08/01 00:00:00+00,2018/08/01 16:16:00+00,2018,8,August,16,4,1,Wednesday,16,Motorway Collision,Daylight,NONE,Property Damage Only,0,0,0,39.984144,-105.251909,0,0,0,0,PARKING LOT,1616,3765
-105.251909,39.984144,Police Collision Report,COLLISION W/ MV - REAR TO SIDE,1809534,2,3600  TABLE MESA DR      ,3600 TABLE MESA DR,,     ,  ,2018/07/31 00:00:00+00,2018/07/31 15:06:00+00,2018,7,July,15,3,31,Tuesday,15,Motorway Collision,Daylight,NONE,Property Damage Only,0,0,0,39.984144,-105.251909,0,0,0,0,PARKING LOT,1506,3766
-105.279635,40.016897,Police Collision Report,COLLISION W/ MV - REAR TO SIDE,1809231,2,WALNUT ST/BROADWAY,WALNUT ST,CITY ST/CNTY RD,95,W ,,2018/07/25 13:05:00+00,2018,7,July,13,4,25,Wednesday,13,Motorway Collision,Daylight,NONE,Property Damage Only,0,0,0,40.016897,-105.279635,0,0,0,0,NON-INTERSECTION,1305,3767
-105.234509,40.012239,Police Collision Report,COLLISION W/ MV - REAR TO SIDE,1809472,2,48TH ST/EISENHOWER DR,48TH ST,CITY ST/CNTY RD,     ,  ,2018/07/30 00:00:00+00,2018/07/30 11:07:00+00,2018,7,July,11,2,30,Monday,11,Motorway Collision,Daylight,NONE,Property Damage Only,0,0,0,40.012239,-105.234509,0,0,0,0,AT INTERSECTION,1107,3768
-105.276665,40.028012,Police Collision Report,COLLISION W/ MV - REAR TO SIDE,1808810,2,CEDAR AVE/15TH ST,15TH ST,CITY ST/CNTY RD,123,N ,2018/07/16 00:00:00+00,2018/07/16 15:06:00+00,2018,7,July,15,2,16,Monday,15,Motorway Collision,Daylight,NONE,Property Damage Only,0,0,0,40.028012,-105.276665,0,0,0,0,DRIVEWAY ACCESS RELATED,1505,3769