X,Y,ReportType,PrmaryCollsionType,CaseNumber,UnitsInvolved,Location,OnHighway,CrossStreet,FeetFromIntersection,DirectionFromIntersection,CollisionDate,ReportedDate,ReportedYear,ReportedMonth,ReportedMonthName,ReportedWeek,ReportedDayofWeekNum,ReportedDayofMonth,ReportedDayofWeek,ReportedHour,HitAndRunStatus,LightingCondition,WeatherCondition,Severity,NumKilled,NumSeriouslyInjured,NumInjuredOrKilled,Lat,Lon,DUI,AlcoholDrugSuspected,BicyclesInvolved,PedestriansInvolved,RoadDescription,Crash_Time,ESRI_OID
-105.263121,40.021317,Police Collision Report,COLLISION W/ MV - REAR TO SIDE,1808957,2,2500  PEARL ST      ,2500 PEARL ST (MIKES CAMERA),,     ,  ,2018/07/19 00:00:00+00,2018/07/19 12:03:00+00,2018,7,July,12,5,19,Thursday,12,Motorway Collision,Daylight,NONE,Property Damage Only,0,0,0,40.021317,-105.263121,0,0,0,0,PARKING LOT,1203,3770
-105.282008,40.007271,Police Collision Report,COLLISION W/ MV - REAR TO SIDE,1808961,2,9TH ST/COLLEGE AVE,9TH ST,CITY ST/CNTY RD,200,N ,2018/07/19 00:00:00+00,2018/07/19 12:44:00+00,2018,7,July,12,5,19,Thursday,12,Motorway Collision,Daylight,NONE,Property Damage Only,0,0,0,40.007271,-105.282008,0,0,0,0,DRIVEWAY ACCESS RELATED,1244,3771
-105.250152,40.018236,Police Collision Report,COLLISION W/ MV - REAR TO SIDE,1809129,2,1805  33RD ST      ,16375 WASHINGTON ST,,     ,  ,2018/07/23 00:00:00+00,2018/07/23 11:24:00+00,2018,7,July,11,2,23,Monday,11,Motorway Collision,Daylight,NONE,Property Damage Only,0,0,0,40.018236,-105.250152,0,0,0,0,PARKING LOT,1041,3772
-105.227523,39.988013,Police Collision Report,COLLISION W/ MV - REAR TO SIDE,1806565,2,MANHATTAN DR/ILLINI WAY,MANHATTAN,CITY ST/CNTY RD,300,N ,2018/05/29 00:00:00+00,2018/05/29 10:41:00+00,2018,5,May,10,3,29,Tuesday,10,Motorway Collision,Daylight,NONE,Property Damage Only,0,0,0,39.988013,-105.227523,0,0,0,0,DRIVEWAY ACCESS RELATED,1041,3773
-105.282987,40.018341,Police Collision Report,COLLISION W/ MV - REAR TO SIDE,1806473,2,10TH ST/SPRUCE ST,10TH ST,CITY ST/CNTY RD,30,S ,2018/05/26 00:00:00+00,2018/05/26 15:26:00+00,2018,5,May,15,7,26,Saturday,15,Motorway Collision,Daylight,NONE,Property Damage Only,0,0,0,40.018341,-105.282987,0,0,0,0,NON-INTERSECTION,420,3774
-105.275658,40.00849,Police Collision Report,COLLISION W/ MV - REAR TO SIDE,1806477,2,1175  BROADWAY      ,WALNUT ST,CITY ST/CNTY RD,20,W ,2018/05/26 00:00:00+00,2018/05/26 17:20:00+00,2018,5,May,17,7,26,Saturday,17,Motorway Collision,Daylight,NONE,Property Damage Only,0,0,0,40.00849,-105.275658,0,0,0,0,NON-INTERSECTION,1730,3775
-105.256138,40.014716,Police Collision Report,COLLISION W/ MV - REAR TO SIDE,1806664,2,1601  29TH ST      ,1601 29TH ST,,     ,  ,2018/05/31 00:00:00+00,2018/05/31 14:57:00+00,2018,5,May,14,5,31,Thursday,14,Motorway Collision,Daylight,NONE,Property Damage Only,0,0,0,40.014716,-105.256138,0,0,0,0,PARKING LOT,1500,3776
-105.280971,40.016592,Police Collision Report,COLLISION W/ MV - REAR TO SIDE,1806713,2,11TH ST/WALNUT ST,11TH ST,CITY ST/CNTY RD,108,N ,2018/06/01 00:00:00+00,2018/06/01 15:34:00+00,2018,6,June,15,6,1,Friday,15,Motorway Collision,Daylight,NONE,Property Damage Only,0,0,0,40.016592,-105.280971,0,0,0,0,INTERSECTION RELATED,1534,3777
-105.256158,40.016426,Police Collision Report,COLLISION W/ MV - REAR TO SIDE,1806718,2,1710  29TH ST      ,1710 29TH ST.,,     ,  ,,2018/06/01 16:57:00+00,2018,6,June,16,6,1,Friday,16,Motorway Collision,Dark - Lighted,NONE,Property Damage Only,0,0,0,40.016426,-105.256158,0,0,0,0,PARKING LOT,1657,3778
-105.253136,40.00517,Police Collision Report,COLLISION W/ MV - REAR TO SIDE,1806816,2,30TH ST/E EUCLID AVE,30TH ST,CITY ST/CNTY RD,     ,  ,2018/06/04 00:00:00+00,2018/06/04 17:56:00+00,2018,6,June,17,2,4,Monday,17,Motorway Collision,Daylight,NONE,Possible injury,0,0,0,40.00517,-105.253136,0,0,0,0,AT INTERSECTION,1756,3779
-105.261628,40.014585,Police Collision Report,COLLISION W/ MV - REAR TO SIDE,1806252,2,2525  ARAPAHOE AVE      ,PRIVATE PROPERTY,,     ,  ,2018/05/22 00:00:00+00,2018/05/22 10:52:00+00,2018,5,May,10,3,22,Tuesday,10,Motorway Collision,Daylight,NONE,Property Damage Only,0,0,0,40.014585,-105.261628,0,0,0,0,PARKING LOT,1051,3780
-105.258355,40.026832,Police Collision Report,COLLISION W/ MV - REAR TO SIDE,1806045,2,2690  28TH ST      ,PRIVATE,,     ,  ,2018/05/17 00:00:00+00,2018/05/17 12:03:00+00,2018,5,May,12,5,17,Thursday,12,Motorway Collision,Daylight,NONE,Property Damage Only,0,0,0,40.026832,-105.258355,0,0,0,0,PARKING LOT,805,3781
-105.251909,39.984144,Police Collision Report,COLLISION W/ MV - REAR TO SIDE,1807085,2,TABLE MESA DR,3600 TABLE MESA DR,,     ,  ,2018/06/09 00:00:00+00,2018/06/09 17:23:00+00,2018,6,June,17,7,9,Saturday,17,Motorway Collision,Daylight,NONE,Property Damage Only,0,0,0,39.984144,-105.251909,0,0,0,0,PARKING LOT,1723,3782
-105.246635,40.014655,Police Collision Report,COLLISION W/ MV - REAR TO SIDE,1806882,4,38TH ST/ARAPAHOE AVE,38TH STREET,CITY ST/CNTY RD,     ,  ,2018/06/06 00:00:00+00,2018/06/06 12:08:00+00,2018,6,June,12,4,6,Wednesday,12,Motorway Collision,Daylight,NONE,Property Damage Only,0,0,0,40.014655,-105.246635,0,0,0,0,AT INTERSECTION,1208,3783
-105.25615,40.016268,Police Collision Report,COLLISION W/ MV - REAR TO SIDE,1807245,2,1700  29TH ST      ,1700 29TH ST,,     ,  ,2018/06/13 00:00:00+00,2018/06/13 12:00:00+00,2018,6,June,12,4,13,Wednesday,12,Motorway Collision,Daylight,NONE,Property Damage Only,0,0,0,40.016268,-105.25615,0,0,0,0,PARKING LOT,1200,3784
-105.254075,40.037733,Police Collision Report,COLLISION W/ MV - REAR TO SIDE,1811632,2,2960  DIAGONAL HWY      ,2960 DIAGNOL HWY,,     ,  ,2018/09/08 00:00:00+00,2018/09/08 10:21:00+00,2018,9,September,10,7,8,Saturday,10,Motorway Collision,Daylight,NONE,Property Damage Only,0,0,0,40.037733,-105.254075,0,0,0,0,PARKING LOT,1021,3785
-105.258482,40.036463,Police Collision Report,COLLISION W/ MV - REAR TO SIDE,1811909,2,28TH ST/IRIS AVE,IRIS AVENUE,CITY ST/CNTY RD,300,W ,2018/09/14 00:00:00+00,2018/09/14 07:42:00+00,2018,9,September,7,6,14,Friday,7,Motorway Collision,Daylight,NONE,Property Damage Only,0,0,0,40.036463,-105.258482,0,0,0,0,DRIVEWAY ACCESS RELATED,740,3786
-105.258306,40.022242,Police Collision Report,COLLISION W/ MV - REAR TO SIDE,1812072,2,2800  PEARL ST      ,2800 PEARL ST,,     ,  ,2018/08/30 00:00:00+00,2018/09/17 12:25:00+00,2018,9,September,12,2,17,Monday,12,Motorway Collision,Dark - Lighted,NONE,Property Damage Only,0,0,0,40.022242,-105.258306,0,0,0,0,PARKING LOT,2130,3787
-105.282092,40.058215,Police Collision Report,COLLISION W/ MV - REAR TO SIDE,1812145,2,BROADWAY/YARMOUTH AVE,1200 YARMOUTH AVENUE,,     ,  ,2018/09/19 00:00:00+00,2018/09/19 07:35:00+00,2018,9,September,7,4,19,Wednesday,7,Motorway Collision,Daylight,NONE,Property Damage Only,0,0,0,40.058215,-105.282092,0,0,0,0,PARKING LOT,730,3788
-105.239567,40.008522,Police Collision Report,COLLISION W/ MV - REAR TO SIDE,1812170,2,FOOTHILLS PKWY/COLORADO AVE,COLORADO AVE,CITY ST/CNTY RD,190,W ,2018/09/19 00:00:00+00,2018/09/19 16:37:00+00,2018,9,September,16,4,19,Wednesday,16,Motorway Collision,Daylight,NONE,Property Damage Only,0,0,0,40.008522,-105.239567,0,0,0,0,NON-INTERSECTION,1720,3789
-105.260451,40.017409,Police Collision Report,COLLISION W/ MV - REAR TO REAR,1907731,2,2601  CANYON BLVD      ,2601 CANYON BLVD,,     ,  ,2019/07/13 00:00:00+00,2019/07/13 09:18:00+00,2019,7,July,9,7,13,Saturday,9,Motorway Collision,Dark - Lighted,NONE,Property Damage Only,0,0,0,40.017409,-105.260451,0,0,0,0,PARKING LOT,858,3790
-105.251909,39.984144,Police Collision Report,COLLISION W/ MV - REAR TO REAR,1908107,2,3600  TABLE MESA DR      ,3600 TABLE MESA,,     ,  ,2019/07/22 00:00:00+00,2019/07/22 17:32:00+00,2019,7,July,17,2,22,Monday,17,Motorway Collision,Daylight,NONE,Property Damage Only,0,0,0,39.984144,-105.251909,0,0,0,0,PARKING LOT,1730,3791
-105.254075,40.037733,Police Collision Report,COLLISION W/ MV - REAR TO REAR,1908808,3,2960  DIAGONAL HWY      ,2960 DIAGONAL HWY,CITY ST/CNTY RD,     ,  ,2019/08/06 00:00:00+00,2019/08/06 15:30:00+00,2019,8,August,15,3,6,Tuesday,15,Motorway Collision,Daylight,NONE,Property Damage Only,0,0,0,40.037733,-105.254075,0,0,0,0,PARKING LOT,1528,3792
-105.258282,40.014544,Police Collision Report,COLLISION W/ MV - REAR TO REAR,1909633,2,28TH ST/ARAPAHOE AVE,2800 ARAPAHOE AVE,,     ,  ,2019/08/23 00:00:00+00,2019/08/23 09:55:00+00,2019,8,August,9,6,23,Friday,9,Motorway Collision,Dark - Lighted,NONE,Property Damage Only,0,0,0,40.014544,-105.258282,0,0,0,0,PARKING LOT,955,3793
-105.281326,40.013602,Police Collision Report,COLLISION W/ MV - REAR TO REAR,1909647,2,1001  ARAPAHOE AVE      ,1001 ARAPAHOE AVE PARKING LOT,,     ,  ,2019/08/23 00:00:00+00,2019/08/23 15:00:00+00,2019,8,August,15,6,23,Friday,15,Motorway Collision,Daylight,NONE,Property Damage Only,0,0,0,40.013602,-105.281326,0,0,0,0,PARKING LOT,1459,3794
-105.25836,40.021501,Police Collision Report,COLLISION W/ MV - REAR TO REAR,1910448,2,1955  28TH ST      ,1955 28TH ST,,     ,  ,2019/09/04 00:00:00+00,2019/09/04 00:00:00+00,2019,9,September,0,4,4,Wednesday,0,Motorway Collision,Daylight,NONE,Property Damage Only,0,0,0,40.021501,-105.25836,0,0,0,0,PARKING LOT,1114,3795
-105.244862,40.029223,Police Collision Report,COLLISION W/ MV - REAR TO REAR,1910203,2,FOOTHILLS PKWY/VALMONT RD,VALMONT,CITY ST/CNTY RD,     ,  ,2019/08/31 00:00:00+00,2019/08/31 18:51:00+00,2019,8,August,18,7,31,Saturday,18,Motorway Collision,Dawn or Dusk,NONE,Property Damage Only,0,0,0,40.029223,-105.244862,0,0,0,0,AT INTERSECTION,1912,3796
-105.258277,40.02347,Police Collision Report,COLLISION W/ MV - REAR TO REAR,1910204,2,2100  28TH ST      ,2100  28TH ST,,     ,  ,2019/08/31 00:00:00+00,2019/08/31 19:03:00+00,2019,8,August,19,7,31,Saturday,19,Motorway Collision,Daylight,NONE,Property Damage Only,0,0,0,40.02347,-105.258277,0,0,0,0,PARKING LOT,1657,3797
-105.257694,40.025552,Police Collision Report,COLLISION W/ MV - REAR TO REAR,1910415,2,2829  MAPLETON AVE      ,2829 MAPLETON AVE,,     ,  ,2019/09/04 00:00:00+00,2019/09/04 22:01:00+00,2019,9,September,22,4,4,Wednesday,22,Motorway Collision,Dark - Lighted,NONE,Property Damage Only,0,0,0,40.025552,-105.257694,0,0,0,0,PARKING LOT,2100,3798
-105.261955,40.000172,Police Collision Report,COLLISION W/ MV - REAR TO REAR,1910675,2,2450  BASELINE RD      ,PRIVATE PROPERTY,,     ,  ,2019/09/09 00:00:00+00,2019/09/09 10:57:00+00,2019,9,September,10,2,9,Monday,10,Motorway Collision,Daylight,NONE,Property Damage Only,0,0,0,40.000172,-105.261955,0,0,0,0,PARKING LOT,1055,3799
-105.277468,40.008687,Police Collision Report,COLLISION W/ MV - REAR TO REAR,1910891,2,12TH ST/PENNSYLVANIA AVE,12TH ST,CITY ST/CNTY RD,20,W ,2019/09/13 00:00:00+00,2019/09/13 22:02:00+00,2019,9,September,22,6,13,Friday,22,Motorway Collision,Dark - Lighted,NONE,Property Damage Only,0,0,0,40.008687,-105.277468,0,0,0,0,NON-INTERSECTION,2200,3800
-105.25831,40.022375,Police Collision Report,COLLISION W/ MV - REAR TO REAR,1914890,2,PEARL ST/28TH ST,2775 PEARL ST. PARKING LOT,,     ,  ,2019/12/21 00:00:00+00,2019/12/21 11:57:00+00,2019,12,December,11,7,21,Saturday,11,Motorway Collision,Daylight,NONE,Property Damage Only,0,0,0,40.022375,-105.25831,0,0,0,0,PARKING LOT,1157,3801
-105.282042,40.037404,Police Collision Report,COLLISION W/ MV - REAR TO REAR,1914432,2,3460  BROADWAY      ,3460 BROADWAY,,     ,  ,2019/12/09 00:00:00+00,2019/12/09 15:40:00+00,2019,12,December,15,2,9,Monday,15,Motorway Collision,Daylight,NONE,Property Damage Only,0,0,0,40.037404,-105.282042,0,0,0,0,PARKING LOT,1540,3802
-105.258459,40.031732,Police Collision Report,COLLISION W/ MV - REAR TO REAR,2000594,2,3141  28TH ST      ,3141 28TH ST,,     ,  ,2020/01/18 00:00:00+00,2020/01/18 01:15:00+00,2020,1,January,1,7,18,Saturday,1,Motorway Collision,Dark - Lighted,NONE,Property Damage Only,0,0,0,40.031732,-105.258459,0,0,0,0,PARKING LOT,134,3803
-105.282038,40.026132,Police Collision Report,COLLISION W/ MV - REAR TO REAR,2000715,2,2750  BROADWAY      ,2750 BROADWAY,,     ,  ,2020/01/21 00:00:00+00,2020/01/21 10:17:00+00,2020,1,January,10,3,21,Tuesday,10,Motorway Collision,Daylight,NONE,Property Damage Only,0,0,0,40.026132,-105.282038,0,0,0,0,PARKING LOT,935,3804
-105.276926,40.010517,Police Collision Report,COLLISION W/ MV - REAR TO REAR,2001999,2,UNIVERSITY AVE/BROADWAY,UNIVERSITY AVENUE,CITY ST/CNTY RD,500,E ,2020/02/22 00:00:00+00,2020/02/22 19:06:00+00,2020,2,February,19,7,22,Saturday,19,Motorway Collision,Dark - Lighted,NONE,Property Damage Only,0,0,0,40.010517,-105.276926,0,0,0,0,NON-INTERSECTION,1905,3805
-105.249385,40.030806,Police Collision Report,COLLISION W/ MV - REAR TO REAR,2002758,2,3100  34TH ST      ,3100 34TH STREET,,     ,  ,2020/02/26 00:00:00+00,2020/03/12 15:49:00+00,2020,3,March,15,5,12,Thursday,15,Motorway Collision,Daylight,NONE,Property Damage Only,0,0,0,40.030806,-105.249385,0,0,0,0,PARKING LOT,600,3806
-105.260131,40.021877,Police Collision Report,COLLISION W/ MV - REAR TO REAR,2001601,2,2660  PEARL ST      ,2660 PEARL STREET,,     ,  ,2020/02/12 00:00:00+00,2020/02/12 11:55:00+00,2020,2,February,11,4,12,Wednesday,11,Motorway Collision,Daylight,NONE,Property Damage Only,0,0,0,40.021877,-105.260131,0,0,0,0,PARKING LOT,1155,3807
-105.272783,40.050831,Police Collision Report,COLLISION W/ MV - REAR TO REAR,2001840,2,1897  SUMAC AVE      ,1875 SUMAC DR,,     ,  ,2020/02/18 00:00:00+00,2020/02/18 16:15:00+00,2020,2,February,16,3,18,Tuesday,16,Motorway Collision,Dark - Lighted,NONE,Property Damage Only,0,0,0,40.050831,-105.272783,0,0,0,0,PARKING LOT,1935,3808
-105.253674,40.029163,Police Collision Report,COLLISION W/ MV - REAR TO REAR,2001342,2,3000  VALMONT RD      ,3000 VALMONT RD,,     ,  ,2020/02/06 00:00:00+00,2020/02/06 10:52:00+00,2020,2,February,10,5,6,Thursday,10,Motorway Collision,Daylight,NONE,Property Damage Only,0,0,0,40.029163,-105.253674,0,0,0,0,PARKING LOT,1052,3809
-105.256117,40.015878,Police Collision Report,COLLISION W/ MV - REAR TO REAR,1912763,2,1675  29TH ST      ,1675 29TH ST PARKING LOT,,     ,  ,2019/10/26 00:00:00+00,2019/10/26 12:06:00+00,2019,10,October,12,7,26,Saturday,12,Motorway Collision,Daylight,NONE,Property Damage Only,0,0,0,40.015878,-105.256117,0,0,0,0,PARKING LOT,1207,3810
-105.227982,40.014712,Police Collision Report,COLLISION W/ MV - REAR TO REAR,1911977,2,5360  ARAPAHOE AVE      ,,CITY ST/CNTY RD,     ,  ,2019/10/11 00:00:00+00,2019/10/11 00:00:00+00,2019,10,October,0,6,11,Friday,0,Motorway Collision,Dark - Lighted,NONE,Property Damage Only,0,0,0,40.014712,-105.227982,0,0,0,0,PARKING LOT,1913,3811
-105.255884,40.022827,Police Collision Report,COLLISION W/ MV - REAR TO REAR,1913004,2,2905  PEARL ST      ,2800 PEARL,CITY ST/CNTY RD,     ,  ,2019/11/01 00:00:00+00,2019/11/01 16:34:00+00,2019,11,November,16,6,1,Friday,16,Motorway Collision,Daylight,NONE,Property Damage Only,0,0,0,40.022827,-105.255884,0,0,0,0,PARKING LOT,1634,3812
-105.258306,40.022242,Police Collision Report,COLLISION W/ MV - REAR TO REAR,1914024,2,2800  PEARL ST      ,2800 PEARL,,     ,  ,2019/11/28 00:00:00+00,2019/11/28 20:43:00+00,2019,11,November,20,5,28,Thursday,20,Motorway Collision,Dark - Lighted,NONE,Property Damage Only,0,0,0,40.022242,-105.258306,0,0,0,0,PARKING LOT,2123,3813
-105.258306,40.022242,Police Collision Report,COLLISION W/ MV - REAR TO REAR,1914222,2,2800  PEARL ST      ,2800 PEARL STREET,,     ,  ,2019/12/04 00:00:00+00,2019/12/04 14:17:00+00,2019,12,December,14,4,4,Wednesday,14,Motorway Collision,Daylight,NONE,Property Damage Only,0,0,0,40.022242,-105.258306,0,0,0,0,PARKING LOT,1400,3814
-105.258284,40.020627,Police Collision Report,COLLISION W/ MV - REAR TO REAR,2009820,2,1906  28TH ST      ,1906 28TH ST,,     ,  ,2020/10/13 00:00:00+00,2020/10/13 17:15:00+00,2020,10,October,17,3,13,Tuesday,17,Motorway Collision,Daylight,NONE,Property Damage Only,0,0,0,40.020627,-105.258284,0,0,0,0,PARKING LOT,1715,3815
-105.24706,39.970308,Police Collision Report,COLLISION W/ MV - REAR TO REAR,2009603,2,GREENBRIAR BLVD/GILLASPIE DR,GREENBRIAR BLVD,CITY ST/CNTY RD,550,E ,2020/10/07 00:00:00+00,2020/10/07 13:02:00+00,2020,10,October,13,4,7,Wednesday,13,Motorway Collision,Daylight,NONE,Property Damage Only,0,0,0,39.970308,-105.24706,0,0,0,0,DRIVEWAY ACCESS RELATED,1302,3816
-105.256117,40.015878,Police Collision Report,COLLISION W/ MV - REAR TO REAR,2009374,2,1675  29TH ST      ,1675 29TH ST,,     ,  ,2020/09/30 00:00:00+00,2020/09/30 16:24:00+00,2020,9,September,16,4,30,Wednesday,16,Motorway Collision,Daylight,NONE,Property Damage Only,0,0,0,40.015878,-105.256117,0,0,0,0,PARKING LOT,1625,3817
-105.256024,40.015487,Police Collision Report,COLLISION W/ MV - REAR TO REAR,2011083,2,1650  29TH ST      ,1650 29TH ST,,     ,  ,2020/11/21 00:00:00+00,2020/11/21 15:11:00+00,2020,11,November,15,7,21,Saturday,15,Motorway Collision,Daylight,NONE,Property Damage Only,0,0,0,40.015487,-105.256024,0,0,0,0,PARKING LOT,1510,3818
-105.284884,40.020611,Police Collision Report,COLLISION W/ MV - REAR TO REAR,2010171,2,MAPLETON AVE/9TH ST,MAPLETON AVE,CITY ST/CNTY RD,20,W ,2020/10/23 00:00:00+00,2020/10/23 16:05:00+00,2020,10,October,16,6,23,Friday,16,Motorway Collision,Daylight,NONE,Property Damage Only,0,0,0,40.020611,-105.284884,0,0,0,0,INTERSECTION RELATED,1602,3819
-105.226419,40.014585,Police Collision Report,COLLISION W/ MV - REAR TO REAR,2010333,2,5472  ARAPAHOE AVE      ,5472 ARAPAHOE AVE,,     ,  ,2020/10/28 00:00:00+00,2020/10/28 17:40:00+00,2020,10,October,17,4,28,Wednesday,17,Motorway Collision,Dawn or Dusk,NONE,Property Damage Only,0,0,0,40.014585,-105.226419,0,0,0,0,PARKING LOT,1740,3820
-105.284888,40.065412,Police Collision Report,COLLISION W/ MV - REAR TO REAR,2100486,2,CHINLE AVE/10TH ST,CHINLE,CITY ST/CNTY RD,250,W ,2021/01/16 00:00:00+00,2021/01/16 18:46:00+00,2021,1,January,18,7,16,Saturday,18,Motorway Collision,Dark - Unlighted,NONE,Property Damage Only,0,0,0,40.065412,-105.284888,0,0,0,0,CROSSOVER-RELATED,1846,3821
-105.249129,39.984849,Police Collision Report,COLLISION W/ MV - REAR TO REAR,2011492,2,647   S BROADWAYS      ,647 S BROADWAY,,     ,  ,2020/12/07 00:00:00+00,2020/12/07 15:04:00+00,2020,12,December,15,2,7,Monday,15,Motorway Collision,Daylight,NONE,Property Damage Only,0,0,0,39.984849,-105.249129,0,0,0,0,PARKING LOT,1504,3822
-105.256067,40.0147,Police Collision Report,COLLISION W/ MV - REAR TO REAR,2011301,2,1600  29TH ST      ,1600 29TH ST,,     ,  ,2020/11/10 00:00:00+00,2020/11/10 00:00:00+00,2020,11,November,0,3,10,Tuesday,0,Motorway Collision,Dark - Lighted,NONE,Possible injury,0,0,0,40.0147,-105.256067,0,0,0,0,PARKING LOT,1925,3823
-105.268452,40.01915,Police Collision Report,COLLISION W/ MV - REAR TO REAR,2006564,2,2058  WALNUT ST      ,2058 WALNUT ST,,     ,  ,2020/07/15 00:00:00+00,2020/07/15 15:29:00+00,2020,7,July,15,4,15,Wednesday,15,Motorway Collision,Daylight,NONE,Property Damage Only,0,0,0,40.01915,-105.268452,0,0,0,0,PARKING LOT,1529,3824
-105.25959,40.023209,Police Collision Report,COLLISION W/ MV - REAR TO REAR,2006593,2,2707  SPRUCE ST      ,2707 SPRUCE ST,,     ,  ,2020/07/16 00:00:00+00,2020/07/16 12:29:00+00,2020,7,July,12,5,16,Thursday,12,Motorway Collision,Daylight,NONE,Property Damage Only,0,0,0,40.023209,-105.25959,0,0,0,0,PARKING LOT,1229,3825
-105.258407,40.022375,Police Collision Report,COLLISION W/ MV - REAR TO REAR,2007586,2,28TH ST/PEARL ST,28TH ST,,120,E ,2020/08/13 00:00:00+00,2020/08/13 19:30:00+00,2020,8,August,19,5,13,Thursday,19,Motorway Collision,Daylight,NONE,Property Damage Only,0,0,0,40.022375,-105.258407,0,0,0,0,PARKING LOT,1915,3826
-105.258306,40.022242,Police Collision Report,COLLISION W/ MV - REAR TO REAR,2007529,2,2800  PEARL ST      ,2800 PEARL STREET,,     ,  ,2020/08/12 00:00:00+00,2020/08/12 12:44:00+00,2020,8,August,12,4,12,Wednesday,12,Motorway Collision,Daylight,NONE,Property Damage Only,0,0,0,40.022242,-105.258306,0,0,0,0,PARKING LOT,1244,3827
-105.258306,40.022242,Police Collision Report,COLLISION W/ MV - REAR TO REAR,2105417,2,2800  PEARL ST      ,2800 PEARL STREET,,     ,  ,2021/06/22 00:00:00+00,2021/06/25 14:42:00+00,2021,6,June,14,6,25,Friday,14,Motorway Collision,Daylight,NONE,Property Damage Only,0,0,0,40.022242,-105.258306,0,0,0,0,PARKING LOT,1400,3828
-105.259439,40.017383,Police Collision Report,COLLISION W/ MV - REAR TO REAR,2105204,2,2701  CANYON BLVD      ,2701 CANYON BOULEVARD,,     ,  ,2021/06/18 00:00:00+00,2021/06/18 00:00:00+00,2021,6,June,0,6,18,Friday,0,Motorway Collision,Daylight,NONE,Property Damage Only,0,0,0,40.017383,-105.259439,0,0,0,0,PARKING LOT,1530,3829
-105.225421,40.02921,Police Collision Report,COLLISION W/ MV - REAR TO REAR,2103874,2,2995  55TH ST      ,2995 55TH ST,,     ,  ,2021/05/11 00:00:00+00,2021/05/11 17:52:00+00,2021,5,May,17,3,11,Tuesday,17,Motorway Collision,Daylight,NONE,Property Damage Only,0,0,0,40.02921,-105.225421,0,0,0,0,PARKING LOT,1752,3830
-105.258482,40.036463,Police Collision Report,COLLISION W/ MV - REAR TO REAR,2103887,2,28TH ST/DIAGONAL HWY,3375 28TH ST,,     ,  ,2021/05/12 00:00:00+00,2021/05/12 07:55:00+00,2021,5,May,7,4,12,Wednesday,7,Motorway Collision,Daylight,NONE,Property Damage Only,0,0,0,40.036463,-105.258482,0,0,0,0,PARKING LOT,757,3831
-105.255884,40.022827,Police Collision Report,COLLISION W/ MV - REAR TO REAR,2103794,2,2905  PEARL ST      ,2905 PEARL ST,,     ,  ,2021/05/08 00:00:00+00,2021/05/08 14:55:00+00,2021,5,May,14,7,8,Saturday,14,Motorway Collision,Daylight,NONE,Property Damage Only,0,0,0,40.022827,-105.255884,0,0,0,0,PARKING LOT,1450,3832
-105.252248,40.049646,Police Collision Report,COLLISION W/ MV - REAR TO REAR,2102792,2,GUADELUPE ST/BARBADOS PL,GUADELUPE ST,CITY ST/CNTY RD,     ,S ,2021/04/06 00:00:00+00,2021/04/06 14:15:00+00,2021,4,April,14,3,6,Tuesday,14,Motorway Collision,Daylight,NONE,Property Damage Only,0,0,0,40.049646,-105.252248,0,0,0,0,DRIVEWAY ACCESS RELATED,1415,3833
-105.258504,40.020518,Police Collision Report,COLLISION W/ MV - REAR TO REAR,2102909,4,28TH ST/WALNUT ST,28TH STREET,CITY ST/CNTY RD,     ,N ,2021/04/09 00:00:00+00,2021/04/09 17:33:00+00,2021,4,April,17,6,9,Friday,17,Motorway Collision,Daylight,NONE,Possible injury,0,0,0,40.020518,-105.258504,0,0,0,0,NON-INTERSECTION,1733,3834
-105.253567,40.015714,Police Collision Report,COLLISION W/ MV - REAR TO REAR,2101906,2,1650  30TH ST      ,1650 30TH STREET,,     ,  ,2021/03/06 00:00:00+00,2021/03/06 13:21:00+00,2021,3,March,13,7,6,Saturday,13,Motorway Collision,Daylight,NONE,Property Damage Only,0,0,0,40.015714,-105.253567,0,0,0,0,PARKING LOT,1321,3835
-105.272504,40.005968,Police Collision Report,COLLISION W/ MV - SIDE TO SIDE-SAME DIRECTION,2101865,2,BROADWAY/16TH ST,BROADWAY,CITY ST/CNTY RD,     ,  ,2021/03/05 00:00:00+00,2021/03/05 10:28:00+00,2021,3,March,10,6,5,Friday,10,Motorway Collision,Daylight,NONE,Property Damage Only,0,0,0,40.005968,-105.272504,0,0,0,0,AT INTERSECTION,1028,3836
-105.279657,40.016862,Police Collision Report,COLLISION W/ MV - SIDE TO SIDE-SAME DIRECTION,2101789,2,BROADWAY/WALNUT ST,BROADWAY,CITY ST/CNTY RD,34,N ,2021/03/02 00:00:00+00,2021/03/02 14:41:00+00,2021,3,March,14,3,2,Tuesday,14,Motorway Collision,Daylight,NONE,Property Damage Only,0,0,0,40.016862,-105.279657,0,0,0,0,NON-INTERSECTION,1441,3837