X,Y,ReportType,PrmaryCollsionType,CaseNumber,UnitsInvolved,Location,OnHighway,CrossStreet,FeetFromIntersection,DirectionFromIntersection,CollisionDate,ReportedDate,ReportedYear,ReportedMonth,ReportedMonthName,ReportedWeek,ReportedDayofWeekNum,ReportedDayofMonth,ReportedDayofWeek,ReportedHour,HitAndRunStatus,LightingCondition,WeatherCondition,Severity,NumKilled,NumSeriouslyInjured,NumInjuredOrKilled,Lat,Lon,DUI,AlcoholDrugSuspected,BicyclesInvolved,PedestriansInvolved,RoadDescription,Crash_Time,ESRI_OID
-105.263012,40.017354,Police Collision Report,COLLISION W/ MV - SIDE TO SIDE-SAME DIRECTION,2101909,2,FOLSOM ST/CANYON BLVD,FOLSOM STREET,CITY ST/CNTY RD,50,N ,2021/03/06 00:00:00+00,2021/03/06 13:56:00+00,2021,3,March,13,7,6,Saturday,13,Motorway Collision,Daylight,NONE,Property Damage Only,0,0,0,40.017354,-105.263012,0,0,0,0,INTERSECTION RELATED,1356,3838
-105.249862,39.98558,Police Collision Report,COLLISION W/ MV - SIDE TO SIDE-SAME DIRECTION,2102011,2,S BROADWAY/TABLE MESA DR,TABLE MESA DR,CITY ST/CNTY RD,     ,  ,2021/03/09 00:00:00+00,2021/03/09 16:51:00+00,2021,3,March,16,3,9,Tuesday,16,Motorway Collision,Daylight,NONE,Property Damage Only,0,0,0,39.98558,-105.249862,0,0,0,0,AT INTERSECTION,1651,3839
-105.279635,40.016897,Police Collision Report,COLLISION W/ MV - SIDE TO SIDE-SAME DIRECTION,2102122,2,WALNUT ST/BROADWAY,BROADWAY,CITY ST/CNTY RD,     ,  ,2021/03/12 00:00:00+00,2021/03/12 17:13:00+00,2021,3,March,17,6,12,Friday,17,Motorway Collision,Dawn or Dusk,NONE,Property Damage Only,0,0,0,40.016897,-105.279635,0,0,0,0,AT INTERSECTION,1713,3840
-105.279931,40.009451,Police Collision Report,COLLISION W/ MV - SIDE TO SIDE-SAME DIRECTION,2102464,2,10TH ST/PLEASANT ST,PLEASANT ST,CITY ST/CNTY RD,     ,  ,2021/03/25 00:00:00+00,2021/03/25 04:35:00+00,2021,3,March,4,5,25,Thursday,4,Motorway Collision,Dark - Unlighted,NONE,Property Damage Only,0,0,0,40.009451,-105.279931,0,0,0,0,AT INTERSECTION,445,3841
-105.269561,40.00444,Police Collision Report,COLLISION W/ MV - SIDE TO SIDE-SAME DIRECTION,2102266,2,18TH ST/BROADWAY,BROADWAY,STATE HWY,     ,  ,2021/03/18 00:00:00+00,2021/03/18 11:12:00+00,2021,3,March,11,5,18,Thursday,11,Motorway Collision,Daylight,NONE,Property Damage Only,0,0,0,40.00444,-105.269561,0,0,0,0,INTERSECTION RELATED,1055,3842
-105.225421,40.02921,Police Collision Report,COLLISION W/ MV - SIDE TO SIDE-SAME DIRECTION,2102268,2,2995  55TH ST      ,2995 55TH STREET,,     ,  ,2021/03/18 00:00:00+00,2021/03/18 12:22:00+00,2021,3,March,12,5,18,Thursday,12,Motorway Collision,Daylight,NONE,Property Damage Only,0,0,0,40.02921,-105.225421,0,0,0,0,PARKING LOT,1222,3843
-105.260159,40.000452,Police Collision Report,COLLISION W/ MV - SIDE TO SIDE-SAME DIRECTION,2102269,2,27TH WAY/BASELINE RD,BASELINE ROAD,STATE HWY,     ,  ,2021/03/18 00:00:00+00,2021/03/18 13:30:00+00,2021,3,March,13,5,18,Thursday,13,Motorway Collision,Daylight,NONE,Property Damage Only,0,0,0,40.000452,-105.260159,0,0,0,0,AT INTERSECTION,921,3844
-105.276238,40.007301,Police Collision Report,COLLISION W/ MV - SIDE TO SIDE-SAME DIRECTION,2102240,3,13TH ST/COLLEGE AVE,COLLEGE AVE,CITY ST/CNTY RD,125,E ,2021/03/17 00:00:00+00,2021/03/17 19:02:00+00,2021,3,March,19,4,17,Wednesday,19,Motorway Collision,Daylight,NONE,Property Damage Only,0,0,0,40.007301,-105.276238,0,0,0,0,NON-INTERSECTION,1700,3845
-105.276165,40.006383,Police Collision Report,COLLISION W/ MV - SIDE TO SIDE-SAME DIRECTION,2170953,2,1044  13TH ST      ,14TH ST,CITY ST/CNTY RD,330,S ,2021/03/06 04:22:00+00,2021/03/09 12:23:39+00,2021,3,March,12,3,9,Tuesday,12,Motorway Collision,Dark - Unlighted,NONE,Property Damage Only,0,0,0,40.006383,-105.276165,0,0,0,0,NON-INTERSECTION,420,3846
-105.239593,39.985887,Police Collision Report,COLLISION W/ MV - SIDE TO SIDE-SAME DIRECTION,2170987,2,TABLE MESA DR/TANTRA DR,TABLE MESA DRIVE,CITY ST/CNTY RD,     ,E ,2021/03/03 08:35:00+00,2021/03/03 09:38:14+00,2021,3,March,9,4,3,Wednesday,9,Motorway Collision,Daylight,NONE,Property Damage Only,0,0,0,39.985887,-105.239593,0,0,0,0,NON-INTERSECTION,830,3847
-105.232572,40.000025,Police Collision Report,COLLISION W/ MV - SIDE TO SIDE-SAME DIRECTION,2102118,2,FOOTHILLS PKWY/BASELINE RD, SB FOOTHILLS PKWY,STATE HWY,275,S ,2021/03/09 00:00:00+00,2021/03/09 00:00:00+00,2021,3,March,0,3,9,Tuesday,0,Motorway Collision,Daylight,NONE,Property Damage Only,0,0,0,40.000025,-105.232572,0,0,0,0,NON-INTERSECTION,1700,3848
-105.253043,40.000084,Police Collision Report,COLLISION W/ MV - SIDE TO SIDE-SAME DIRECTION,2101595,2,BASELINE RD/30TH ST,BASELINE RD,CITY ST/CNTY RD,     ,  ,2021/02/23 00:00:00+00,2021/02/23 00:00:00+00,2021,2,February,0,3,23,Tuesday,0,Motorway Collision,Dark - Lighted,NONE,Property Damage Only,0,0,0,40.000084,-105.253043,0,0,0,0,AT INTERSECTION,2158,3849
-105.253634,40.014706,Police Collision Report,COLLISION W/ MV - SIDE TO SIDE-SAME DIRECTION,2101762,2,30TH ST/ARAPAHOE AVE,ARAPAHOE AVE,STATE HWY,100,W ,2021/03/01 00:00:00+00,2021/03/01 12:58:00+00,2021,3,March,12,2,1,Monday,12,Motorway Collision,Daylight,NONE,Property Damage Only,0,0,0,40.014706,-105.253634,0,0,0,0,NON-INTERSECTION,1258,3850
-105.277469,40.007301,Police Collision Report,COLLISION W/ MV - SIDE TO SIDE-SAME DIRECTION,2101437,2,12TH ST/COLLEGE AVE,COLLEGE AVE,CITY ST/CNTY RD,125,E ,2021/02/18 00:00:00+00,2021/02/18 10:02:00+00,2021,2,February,10,5,18,Thursday,10,Motorway Collision,Daylight,NONE,Property Damage Only,0,0,0,40.007301,-105.277469,0,0,0,0,DRIVEWAY ACCESS RELATED,1002,3851
-105.274674,40.007207,Police Collision Report,COLLISION W/ MV - SIDE TO SIDE-SAME DIRECTION,2101454,2,BROADWAY/COLLEGE AVE,BROADWAY,STATE HWY,     ,  ,2021/02/18 00:00:00+00,2021/02/18 20:09:00+00,2021,2,February,20,5,18,Thursday,20,Motorway Collision,Dark - Lighted,NONE,Property Damage Only,0,0,0,40.007207,-105.274674,0,0,0,0,AT INTERSECTION,2010,3852
-105.271265,40.012645,Police Collision Report,COLLISION W/ MV - SIDE TO SIDE-SAME DIRECTION,2102815,2,ATHENS ST/18TH ST,ATHENS STREET,CITY ST/CNTY RD,     ,E ,2021/04/07 00:00:00+00,2021/04/07 08:22:00+00,2021,4,April,8,4,7,Wednesday,8,Motorway Collision,Daylight,NONE,Property Damage Only,0,0,0,40.012645,-105.271265,0,0,0,0,NON-INTERSECTION,822,3853
-105.258272,40.017365,Police Collision Report,COLLISION W/ MV - SIDE TO SIDE-SAME DIRECTION,2102847,2,CANYON BLVD/28TH ST,28TH STREET,,     ,N ,2021/04/08 00:00:00+00,2021/04/08 09:55:00+00,2021,4,April,9,5,8,Thursday,9,Motorway Collision,Daylight,NONE,Possible injury,0,0,0,40.017365,-105.258272,0,0,0,0,INTERSECTION RELATED,955,3854
-105.253634,40.014706,Police Collision Report,COLLISION W/ MV - SIDE TO SIDE-SAME DIRECTION,2102850,3,30TH ST/ARAPAHOE AVE,30TH STREET,CITY ST/CNTY RD,     ,S ,2021/04/08 00:00:00+00,2021/04/08 13:53:00+00,2021,4,April,13,5,8,Thursday,13,Motorway Collision,Daylight,NONE,Property Damage Only,0,0,0,40.014706,-105.253634,0,0,0,0,DRIVEWAY ACCESS RELATED,1353,3855
-105.231979,40.014606,Police Collision Report,COLLISION W/ MV - SIDE TO SIDE-SAME DIRECTION,2102954,2,ARAPAHOE AVE/EISENHOWER DR,ARAPAHOE AVE,STATE HWY,     ,W ,2021/04/11 00:00:00+00,2021/04/11 12:57:00+00,2021,4,April,12,1,11,Sunday,12,Motorway Collision,Daylight,NONE,Property Damage Only,0,0,0,40.014606,-105.231979,0,0,0,0,NON-INTERSECTION,1257,3856
-105.253767,40.023257,Police Collision Report,COLLISION W/ MV - SIDE TO SIDE-SAME DIRECTION,2102561,2,30TH ST/PEARL ST,PEARL ST,CITY ST/CNTY RD,100,E ,2021/03/31 00:00:00+00,2021/03/31 19:19:00+00,2021,3,March,19,4,31,Wednesday,19,Motorway Collision,Dark - Lighted,NONE,Property Damage Only,0,0,0,40.023257,-105.253767,0,0,0,0,NON-INTERSECTION,1919,3857
-105.258357,40.000215,Police Collision Report,COLLISION W/ MV - SIDE TO SIDE-SAME DIRECTION,2102673,2,US HIGHWAY 36/BASELINE RD,US 36,STATE HWY,     ,W ,2021/04/02 00:00:00+00,2021/04/02 15:36:00+00,2021,4,April,15,6,2,Friday,15,Motorway Collision,Daylight,NONE,Property Damage Only,0,0,0,40.000215,-105.258357,0,0,0,0,NON-INTERSECTION,1548,3858
-105.258492,40.017345,Police Collision Report,COLLISION W/ MV - SIDE TO SIDE-SAME DIRECTION,2102681,2,28TH ST/CANYON BLVD,CANYON BLVD,,     ,E ,2021/04/02 00:00:00+00,2021/04/02 17:53:00+00,2021,4,April,17,6,2,Friday,17,Motorway Collision,Daylight,NONE,Property Damage Only,0,0,0,40.017345,-105.258492,0,0,0,0,INTERSECTION RELATED,1753,3859
-105.261365,40.00819,Police Collision Report,COLLISION W/ MV - SIDE TO SIDE-SAME DIRECTION,2103399,2,COLORADO AVE/REGENT DR,COLORADO AVE,CITY ST/CNTY RD,     ,  ,2021/04/20 00:00:00+00,2021/04/20 00:00:00+00,2021,4,April,0,3,20,Tuesday,0,Motorway Collision,Daylight,NONE,Property Damage Only,0,0,0,40.00819,-105.261365,0,0,0,0,AT INTERSECTION,1530,3860
-105.272521,40.000072,Police Collision Report,COLLISION W/ MV - REAR TO SIDE,1800398,2,16TH ST/BASELINE RD,16TH,CITY ST/CNTY RD,332,N ,2018/01/12 00:00:00+00,2018/01/12 14:23:00+00,2018,1,January,14,6,12,Friday,14,Motorway Collision,Daylight,NONE,Property Damage Only,0,0,0,40.000072,-105.272521,0,0,0,0,CROSSOVER-RELATED,1420,3861
-105.154404,40.160899,Police Collision Report,COLLISION W/ MV - REAR TO REAR,1805298,2,3200  AIRPORT RD      ,3200 AIRPORT RD,,     ,  ,2018/05/01 00:00:00+00,2018/05/01 15:12:00+00,2018,5,May,15,3,1,Tuesday,15,Motorway Collision,Daylight,NONE,Property Damage Only,0,0,0,40.160899,-105.154404,0,0,0,0,PARKING LOT,1512,3862
-105.259873,40.022111,Police Collision Report,COLLISION W/ MV - REAR TO REAR,1805468,2,2685  PEARL ST      ,PRIVATE,,     ,  ,2018/05/05 00:00:00+00,2018/05/05 11:03:00+00,2018,5,May,11,7,5,Saturday,11,Motorway Collision,Daylight,NONE,Property Damage Only,0,0,0,40.022111,-105.259873,0,0,0,0,PARKING LOT,1103,3863
-105.282,40.024427,Police Collision Report,COLLISION W/ MV - REAR TO REAR,1715784,2,2696  BROADWAY      ,2696 BROADWAY,,     ,  ,2017/12/01 00:00:00+00,2017/12/02 00:00:00+00,2017,12,December,0,7,2,Saturday,0,Motorway Collision,Daylight,NONE,Property Damage Only,0,0,0,40.024427,-105.282,0,0,0,0,PARKING LOT,1512,3864
-105.285246,40.016798,Police Collision Report,COLLISION W/ MV - REAR TO REAR,1715843,2,8TH ST/PEARL ST,WALNUT ST,CITY ST/CNTY RD,100,N ,2017/12/02 00:00:00+00,2017/12/02 21:39:00+00,2017,12,December,21,7,2,Saturday,21,Motorway Collision,Daylight,NONE,Property Damage Only,0,0,0,40.016798,-105.285246,1,1,0,0,NON-INTERSECTION,2138,3865
-105.26255,40.000116,Police Collision Report,COLLISION W/ MV - REAR TO REAR,1715470,2,2400  BASELINE RD      ,2400 BASELINE RD,,     ,  ,2017/11/24 00:00:00+00,2017/11/24 11:17:00+00,2017,11,November,11,6,24,Friday,11,Motorway Collision,Daylight,NONE,Property Damage Only,0,0,0,40.000116,-105.26255,0,0,0,0,PARKING LOT,1119,3866
-105.267294,40.019446,Police Collision Report,COLLISION W/ MV - REAR TO REAR,1715279,2,2144  WALNUT ST      ,2144 WALNUT ST,,     ,  ,2017/11/18 00:00:00+00,2017/11/18 12:07:00+00,2017,11,November,12,7,18,Saturday,12,Motorway Collision,Daylight,NONE,Property Damage Only,0,0,0,40.019446,-105.267294,0,0,0,0,PARKING LOT,1209,3867
-105.255884,40.022827,Police Collision Report,COLLISION W/ MV - REAR TO REAR,1714946,2,2905  PEARL ST      ,,,     ,  ,2017/11/12 00:00:00+00,2017/11/12 08:59:00+00,2017,11,November,8,1,12,Sunday,8,Motorway Collision,Daylight,NONE,Property Damage Only,0,0,0,40.022827,-105.255884,0,0,0,0,PARKING LOT,850,3868
-105.255432,40.03642,Police Collision Report,COLLISION W/ MV - REAR TO REAR,1714995,2,2900  IRIS AVE      ,2900 IRIS AVE,,     ,  ,2017/11/13 00:00:00+00,2017/11/14 00:00:00+00,2017,11,November,0,3,14,Tuesday,0,Motorway Collision,Daylight,NONE,Property Damage Only,0,0,0,40.03642,-105.255432,0,0,0,0,PARKING LOT,1231,3869
-105.241353,39.972841,Police Collision Report,COLLISION W/ MV - REAR TO REAR,1712770,2,1515  GREENBRIAR BLVD      ,GREENBRIAR BLVD,,     ,  ,2017/09/27 00:00:00+00,2017/09/27 13:19:00+00,2017,9,September,13,4,27,Wednesday,13,Motorway Collision,Daylight,NONE,Property Damage Only,0,0,0,39.972841,-105.241353,0,0,0,0,PARKING LOT,1200,3870
-105.258473,40.034194,Police Collision Report,COLLISION W/ MV - REAR TO REAR,1900458,2,3275  28TH ST      ,3275 28TH STREET,,     ,  ,2019/01/14 00:00:00+00,2019/01/14 22:02:00+00,2019,1,January,22,2,14,Monday,22,Motorway Collision,Dark - Unlighted,NONE,Property Damage Only,0,0,0,40.034194,-105.258473,0,0,0,0,PARKING LOT,2145,3871
-105.255884,40.022827,Police Collision Report,COLLISION W/ MV - REAR TO REAR,1900288,2,2905  PEARL ST      ,2905 PEARL ST,,     ,  ,2019/01/09 00:00:00+00,2019/01/13 00:00:00+00,2019,1,January,0,1,13,Sunday,0,Motorway Collision,Daylight,NONE,Property Damage Only,0,0,0,40.022827,-105.255884,0,0,0,0,PARKING LOT,1559,3872
-105.27904,40.019171,Police Collision Report,COLLISION W/ MV - REAR TO REAR,2008769,2,13TH ST/SPRUCE ST,SPRUCE ST.,CITY ST/CNTY RD,50,E ,2020/09/13 00:00:00+00,2020/09/13 19:13:00+00,2020,9,September,19,1,13,Sunday,19,Motorway Collision,Dark - Lighted,NONE,Property Damage Only,0,0,0,40.019171,-105.27904,0,0,0,0,NON-INTERSECTION,1930,3873
-105.235207,39.999986,Police Collision Report,COLLISION W/ MV - REAR TO REAR,2004134,2,4800  BASELINE RD      ,4800 BASELINE RD,,     ,  ,2020/05/02 00:00:00+00,2020/05/02 12:30:00+00,2020,5,May,12,7,2,Saturday,12,Motorway Collision,Daylight,NONE,Property Damage Only,0,0,0,39.999986,-105.235207,0,0,0,0,PARKING LOT,1230,3874
-105.25836,40.021501,Police Collision Report,COLLISION W/ MV - REAR TO REAR,2004203,2,1955  28TH ST      ,1955 28TH ST,,     ,  ,2020/05/05 00:00:00+00,2020/05/05 11:01:00+00,2020,5,May,11,3,5,Tuesday,11,Motorway Collision,Daylight,NONE,Property Damage Only,0,0,0,40.021501,-105.25836,0,0,0,0,PARKING LOT,1103,3875
-105.217415,40.059202,Police Collision Report,COLLISION W/ MV - REAR TO REAR,2004013,2,4600  SLEEPYTIME DR      ,4600 SLEEPYTIME DR,,     ,  ,2020/04/27 00:00:00+00,2020/04/27 00:00:00+00,2020,4,April,0,2,27,Monday,0,Motorway Collision,Daylight,NONE,Property Damage Only,0,0,0,40.059202,-105.217415,0,0,0,0,PARKING LOT,1500,3876
-105.287973,40.029217,Police Collision Report,COLLISION W/ MV - REAR TO REAR,2071366,2,700   DELLWOOD AVE BLK    ,700 BLK DELLWOOD,,     ,  ,2020/06/01 17:15:00+00,2020/06/02 12:09:00+00,2020,6,June,12,3,2,Tuesday,12,Motorway Collision,Daylight,NONE,Property Damage Only,0,0,0,40.029217,-105.287973,0,0,0,0,PARKING LOT,1715,3877
-105.259247,40.017328,Police Collision Report,COLLISION W/ MV - REAR TO REAR,2106696,2,2720  CANYON BLVD      ,2720 CANYON BLVD,,     ,  ,2021/07/29 00:00:00+00,2021/07/30 11:46:00+00,2021,7,July,11,6,30,Friday,11,Motorway Collision,,NONE,Property Damage Only,0,0,0,40.017328,-105.259247,0,0,0,0,PARKING LOT,1735,3878
-105.260464,40.017354,Police Collision Report,COLLISION W/ MV - SIDE TO SIDE-SAME DIRECTION,2103277,2,2600  CANYON BLVD      ,2600 CANYON BLD,,     ,  ,2021/04/23 00:00:00+00,2021/04/23 16:33:00+00,2021,4,April,16,6,23,Friday,16,Motorway Collision,Daylight,NONE,Property Damage Only,0,0,0,40.017354,-105.260464,0,0,0,0,PARKING LOT,1633,3879
-105.245341,40.050578,Police Collision Report,COLLISION W/ MV - SIDE TO SIDE-SAME DIRECTION,2103510,2,4190  LONGVIEW LN      ,LONGVIEW LANE,CITY ST/CNTY RD,     ,N ,2021/04/30 00:00:00+00,2021/04/30 15:14:00+00,2021,4,April,15,6,30,Friday,15,Motorway Collision,Daylight,NONE,Property Damage Only,0,0,0,40.050578,-105.245341,0,0,0,0,DRIVEWAY ACCESS RELATED,1514,3880
-105.244862,40.029223,Police Collision Report,COLLISION W/ MV - SIDE TO SIDE-SAME DIRECTION,2103513,2,FOOTHILLS PKWY/VALMONT RD,FOOTHILLS PARKWAY,STATE HWY,     ,S ,2021/04/30 00:00:00+00,2021/04/30 16:20:00+00,2021,4,April,16,6,30,Friday,16,Motorway Collision,Daylight,NONE,Property Damage Only,0,0,0,40.029223,-105.244862,0,0,0,0,INTERSECTION RELATED,1630,3881
-105.258282,40.014544,Police Collision Report,COLLISION W/ MV - SIDE TO SIDE-SAME DIRECTION,2103258,2,28TH ST/ARAPAHOE AVE,28TH STREET,STATE HWY,     ,N ,2021/04/22 00:00:00+00,2021/04/22 16:48:00+00,2021,4,April,16,5,22,Thursday,16,Motorway Collision,Daylight,NONE,Property Damage Only,0,0,0,40.014544,-105.258282,0,0,0,0,NON-INTERSECTION,1648,3882
-105.267721,40.003464,Police Collision Report,COLLISION W/ MV - SIDE TO SIDE-SAME DIRECTION,2103011,2,BROADWAY/20TH ST,BROADWAY,STATE HWY,     ,S ,2021/04/10 00:00:00+00,2021/04/10 18:07:00+00,2021,4,April,18,7,10,Saturday,18,Motorway Collision,Daylight,NONE,Property Damage Only,0,0,0,40.003464,-105.267721,0,0,0,0,NON-INTERSECTION,1807,3883
-105.277431,40.008661,Police Collision Report,COLLISION W/ MV - SIDE TO SIDE-SAME DIRECTION,2103143,2,PENNSYLVANIA AVE/12TH ST,12TH ST,CITY ST/CNTY RD,     ,S ,2021/04/18 00:00:00+00,2021/04/18 14:15:00+00,2021,4,April,14,1,18,Sunday,14,Motorway Collision,Daylight,NONE,Property Damage Only,0,0,0,40.008661,-105.277431,0,0,0,0,NON-INTERSECTION,1415,3884
-105.264254,40.021149,Police Collision Report,COLLISION W/ MV - SIDE TO SIDE-SAME DIRECTION,2103120,2,PEARL ST/24TH PL,PEARL STREET,CITY ST/CNTY RD,     ,E ,2021/04/17 00:00:00+00,2021/04/17 13:44:00+00,2021,4,April,13,7,17,Saturday,13,Motorway Collision,Daylight,NONE,Property Damage Only,0,0,0,40.021149,-105.264254,0,0,0,0,DRIVEWAY ACCESS RELATED,1344,3885
-105.244815,40.02287,Police Collision Report,COLLISION W/ MV - SIDE TO SIDE-SAME DIRECTION,2103159,2,FOOTHILLS PKWY/PEARL PKWY,FOOTHILLS PKWY,STATE HWY,     ,N ,2021/04/19 00:00:00+00,2021/04/19 06:47:00+00,2021,4,April,6,2,19,Monday,6,Motorway Collision,Daylight,NONE,Property Damage Only,0,0,0,40.02287,-105.244815,0,0,0,0,NON-INTERSECTION,647,3886
-105.239593,39.985887,Police Collision Report,COLLISION W/ MV - SIDE TO SIDE-SAME DIRECTION,2103691,2,TABLE MESA DR/TANTRA DR,TABLE MESA DR,CITY ST/CNTY RD,     ,W ,2021/05/06 00:00:00+00,2021/05/06 13:54:00+00,2021,5,May,13,5,6,Thursday,13,Motorway Collision,Daylight,NONE,Property Damage Only,0,0,0,39.985887,-105.239593,0,0,0,0,NON-INTERSECTION,1354,3887
-105.247785,39.993996,Police Collision Report,COLLISION W/ MV - SIDE TO SIDE-SAME DIRECTION,2103923,2,38000  US HIGHWAY 36      ,US 36,STATE HWY,     ,  ,2021/05/13 00:00:00+00,2021/05/13 06:51:00+00,2021,5,May,6,5,13,Thursday,6,Motorway Collision,Daylight,NONE,Property Damage Only,0,0,0,39.993996,-105.247785,0,0,0,0,NON-INTERSECTION,651,3888
-105.242932,39.977658,Police Collision Report,COLLISION W/ MV - SIDE TO SIDE-SAME DIRECTION,2103908,2,GRINNELL AVE/S BROADWAY,GRINNELL AVE,CITY ST/CNTY RD,     ,W ,2021/05/12 00:00:00+00,2021/05/12 17:55:00+00,2021,5,May,17,4,12,Wednesday,17,Motorway Collision,Daylight,NONE,Property Damage Only,0,0,0,39.977658,-105.242932,0,0,0,0,INTERSECTION RELATED,1755,3889
-105.270057,40.000077,Police Collision Report,COLLISION W/ MV - SIDE TO SIDE-SAME DIRECTION,2104155,2,18TH ST/BASELINE RD,BASELINE RD,CITY ST/CNTY RD,     ,  ,2021/05/20 00:00:00+00,2021/05/20 01:53:00+00,2021,5,May,1,5,20,Thursday,1,Hit-and-Run Collision,Dark - Lighted,NONE,Property Damage Only,0,0,0,40.000077,-105.270057,0,0,0,0,AT INTERSECTION,153,3890
-105.2131,40.014835,Police Collision Report,COLLISION W/ MV - SIDE TO SIDE-SAME DIRECTION,2104133,2,ARAPAHOE AVE/CHERRYVALE RD,ARAPAHOE AVE,STATE HWY,     ,W ,2021/05/19 00:00:00+00,2021/05/19 10:19:00+00,2021,5,May,10,4,19,Wednesday,10,Motorway Collision,Daylight,NONE,Property Damage Only,0,0,0,40.014835,-105.2131,0,0,0,0,INTERSECTION RELATED,1019,3891
-105.279635,40.016897,Police Collision Report,COLLISION W/ MV - SIDE TO SIDE-SAME DIRECTION,2104611,2,WALNUT ST/BROADWAY,BROADWAY,CITY ST/CNTY RD,     ,  ,2021/06/02 00:00:00+00,2021/06/02 14:31:00+00,2021,6,June,14,4,2,Wednesday,14,Motorway Collision,Daylight,NONE,Property Damage Only,0,0,0,40.016897,-105.279635,0,0,0,0,AT INTERSECTION,1431,3892
-105.23231,39.985598,Police Collision Report,COLLISION W/ MV - SIDE TO SIDE-SAME DIRECTION,2104471,2,US HIGHWAY 36/FOOTHILLS PKWY,US HIGHWAY 36,STATE HWY,     ,W ,2021/05/28 00:00:00+00,2021/05/28 13:08:00+00,2021,5,May,13,6,28,Friday,13,Motorway Collision,Daylight,NONE,Property Damage Only,0,0,0,39.985598,-105.23231,0,0,0,0,NON-INTERSECTION,1300,3893
-105.281039,40.020916,Police Collision Report,COLLISION W/ MV - SIDE TO SIDE-SAME DIRECTION,2104475,2,BROADWAY/MAPLETON AVE,BROADWAY,CITY ST/CNTY RD,     ,S ,2021/05/28 00:00:00+00,2021/05/28 15:03:00+00,2021,5,May,15,6,28,Friday,15,Motorway Collision,Daylight,NONE,Property Damage Only,0,0,0,40.020916,-105.281039,0,0,0,0,NON-INTERSECTION,1502,3894
-105.249911,39.985461,Police Collision Report,COLLISION W/ MV - SIDE TO SIDE-SAME DIRECTION,2104438,2,TABLE MESA DR/S BROADWAY,TABLE MESA DRIVE,CITY ST/CNTY RD,     ,W ,2021/05/27 00:00:00+00,2021/05/27 18:01:00+00,2021,5,May,18,5,27,Thursday,18,Motorway Collision,Daylight,NONE,Property Damage Only,0,0,0,39.985461,-105.249911,0,0,0,0,INTERSECTION RELATED,1801,3895
-105.240055,40.029174,Police Collision Report,COLLISION W/ MV - SIDE TO SIDE-SAME DIRECTION,2104875,2,STERLING CT/VALMONT RD,VALMONT RD,CITY ST/CNTY RD,     ,W ,2021/06/08 00:00:00+00,2021/06/08 00:00:00+00,2021,6,June,0,3,8,Tuesday,0,Motorway Collision,Daylight,NONE,Property Damage Only,0,0,0,40.029174,-105.240055,0,0,0,0,NON-INTERSECTION,1615,3896
-105.23281,39.999988,Police Collision Report,COLLISION W/ MV - SIDE TO SIDE-SAME DIRECTION,2104813,2,BASELINE RD/FOOTHILLS PKWY,BASELINE RD,CITY ST/CNTY RD,     ,W ,2021/06/08 00:00:00+00,2021/06/08 09:43:00+00,2021,6,June,9,3,8,Tuesday,9,Motorway Collision,Daylight,NONE,Property Damage Only,0,0,0,39.999988,-105.23281,0,0,0,0,INTERSECTION RELATED,943,3897
-105.258482,40.036463,Police Collision Report,COLLISION W/ MV - SIDE TO SIDE-SAME DIRECTION,2104814,2,28TH ST/IRIS AVE,IRIS AVE,CITY ST/CNTY RD,     ,W ,2021/06/08 00:00:00+00,2021/06/08 11:19:00+00,2021,6,June,11,3,8,Tuesday,11,Motorway Collision,Daylight,NONE,Possible injury,0,0,0,40.036463,-105.258482,0,0,0,0,DRIVEWAY ACCESS RELATED,1119,3898
-105.282114,40.040914,Police Collision Report,COLLISION W/ MV - SIDE TO SIDE-SAME DIRECTION,2107509,2,BROADWAY/LINDEN AVE,BROADWAY,CITY ST/CNTY RD,     ,S ,2021/08/20 00:00:00+00,2021/08/20 14:36:00+00,2021,8,August,14,6,20,Friday,14,Motorway Collision,Daylight,NONE,Property Damage Only,0,0,0,40.040914,-105.282114,0,0,0,0,NON-INTERSECTION,1436,3899
-105.279303,40.015822,Police Collision Report,COLLISION W/ MV - SIDE TO SIDE-SAME DIRECTION,2107279,2,BROADWAY/CANYON BLVD,BROADWAY,CITY ST/CNTY RD,     ,N ,2021/08/16 00:00:00+00,2021/08/16 14:34:00+00,2021,8,August,14,2,16,Monday,14,Motorway Collision,Daylight,NONE,Property Damage Only,0,0,0,40.015822,-105.279303,0,0,0,0,INTERSECTION RELATED,1430,3900
-105.24968,39.979049,Police Collision Report,COLLISION W/ MV - SIDE TO SIDE-SAME DIRECTION,2107348,2,DARLEY AVE/GILLASPIE DR,GILLASPIE DR,CITY ST/CNTY RD,     ,S ,2021/08/18 00:00:00+00,2021/08/18 10:08:00+00,2021,8,August,10,4,18,Wednesday,10,Motorway Collision,Daylight,NONE,Possible injury,0,0,0,39.979049,-105.24968,0,0,0,0,INTERSECTION RELATED,925,3901
-105.263563,40.000114,Police Collision Report,COLLISION W/ MV - SIDE TO SIDE-SAME DIRECTION,2107709,2,BASELINE RD/BROADWAY,BASELINE RD,STATE HWY,     ,E ,2021/08/24 00:00:00+00,2021/08/24 14:36:00+00,2021,8,August,14,3,24,Tuesday,14,Motorway Collision,Daylight,NONE,Property Damage Only,0,0,0,40.000114,-105.263563,0,0,0,0,NON-INTERSECTION,1436,3902