X,Y,ReportType,PrmaryCollsionType,CaseNumber,UnitsInvolved,Location,OnHighway,CrossStreet,FeetFromIntersection,DirectionFromIntersection,CollisionDate,ReportedDate,ReportedYear,ReportedMonth,ReportedMonthName,ReportedWeek,ReportedDayofWeekNum,ReportedDayofMonth,ReportedDayofWeek,ReportedHour,HitAndRunStatus,LightingCondition,WeatherCondition,Severity,NumKilled,NumSeriouslyInjured,NumInjuredOrKilled,Lat,Lon,DUI,AlcoholDrugSuspected,BicyclesInvolved,PedestriansInvolved,RoadDescription,Crash_Time,ESRI_OID
-105.243071,40.033593,Police Collision Report,COLLISION W/ MV - SIDE TO SIDE-SAME DIRECTION,2100475,2,KINGS RIDGE BLVD/FRANKILIN DR,FRANKLIN DRIVE,CITY ST/CNTY RD,50,N ,2021/01/15 00:00:00+00,2021/01/15 00:00:00+00,2021,1,January,0,6,15,Friday,0,Motorway Collision,Dark - Unlighted,NONE,Property Damage Only,0,0,0,40.033593,-105.243071,0,0,0,0,INTERSECTION RELATED,1700,4031
-105.239567,40.008522,Police Collision Report,COLLISION W/ MV - SIDE TO SIDE-SAME DIRECTION,2100665,2,FOOTHILLS PKWY/COLORADO AVE,FOOTHILLS PARKWAY,STATE HWY,100,N ,2021/01/22 00:00:00+00,2021/01/22 12:45:00+00,2021,1,January,12,6,22,Friday,12,Motorway Collision,Daylight,NONE,Property Damage Only,0,0,0,40.008522,-105.239567,0,0,0,0,INTERSECTION RELATED,1245,4032
-105.261328,40.008161,Police Collision Report,COLLISION W/ MV - SIDE TO SIDE-SAME DIRECTION,2100325,2,REGENT DR/COLORADO AVE,COLORADO AVE,CITY ST/CNTY RD,     ,  ,2021/01/12 00:00:00+00,2021/01/12 11:00:00+00,2021,1,January,11,3,12,Tuesday,11,Motorway Collision,Daylight,NONE,Property Damage Only,0,0,0,40.008161,-105.261328,0,0,0,0,AT INTERSECTION,1100,4033
-105.258403,40.029131,Police Collision Report,COLLISION W/ MV - SIDE TO SIDE-SAME DIRECTION,2100410,2,VALMONT RD/28TH ST,28TH STREET,STATE HWY,285,S ,2021/01/14 00:00:00+00,2021/01/14 13:24:00+00,2021,1,January,13,5,14,Thursday,13,Motorway Collision,Daylight,NONE,Property Damage Only,0,0,0,40.029131,-105.258403,0,0,0,0,INTERSECTION RELATED,1324,4034
-105.276074,40.01873,Police Collision Report,COLLISION W/ MV - SIDE TO SIDE-SAME DIRECTION,2100928,2,PEARL ST/15TH ST,PEARL STREET,CITY ST/CNTY RD,     ,  ,2021/01/30 00:00:00+00,2021/01/30 14:27:00+00,2021,1,January,14,7,30,Saturday,14,Motorway Collision,Daylight,NONE,Property Damage Only,0,0,0,40.01873,-105.276074,0,0,0,0,AT INTERSECTION,1427,4035
-105.25371,40.029189,Police Collision Report,COLLISION W/ MV - SIDE TO SIDE-SAME DIRECTION,2100956,2,30TH ST/VALMONT RD,30TH ST,CITY ST/CNTY RD,     ,  ,2021/01/27 00:00:00+00,2021/01/27 00:00:00+00,2021,1,January,0,4,27,Wednesday,0,Motorway Collision,Daylight,NONE,Property Damage Only,0,0,0,40.029189,-105.25371,0,0,0,0,AT INTERSECTION,1430,4036
-105.263065,40.014614,Police Collision Report,COLLISION W/ MV - SIDE TO SIDE-SAME DIRECTION,2010981,2,FOLSOM ST/ARAPAHOE AVE,ARAPAHOE AVENUE,CITY ST/CNTY RD,     ,  ,2020/11/18 00:00:00+00,2020/11/18 14:31:00+00,2020,11,November,14,4,18,Wednesday,14,Motorway Collision,Daylight,NONE,Property Damage Only,0,0,0,40.014614,-105.263065,0,0,0,0,AT INTERSECTION,1431,4037
-105.263012,40.017354,Police Collision Report,COLLISION W/ MV - SIDE TO SIDE-SAME DIRECTION,2011046,2,FOLSOM ST/CANYON BLVD,FOLSOM ST,CITY ST/CNTY RD,130,N ,2020/11/20 00:00:00+00,2020/11/20 00:00:00+00,2020,11,November,0,6,20,Friday,0,Motorway Collision,Daylight,NONE,Property Damage Only,0,0,0,40.017354,-105.263012,0,0,0,0,NON-INTERSECTION,1259,4038
-105.279824,40.0592,Police Collision Report,COLLISION W/ MV - SIDE TO SIDE-SAME DIRECTION,2011053,3,4653  14TH ST      ,14TH ST,CITY ST/CNTY RD,39,S ,2020/11/20 00:00:00+00,2020/11/20 15:03:00+00,2020,11,November,15,6,20,Friday,15,Motorway Collision,Daylight,NONE,Property Damage Only,0,0,0,40.0592,-105.279824,0,0,0,0,NON-INTERSECTION,1502,4039
-105.278702,40.009448,Police Collision Report,COLLISION W/ MV - SIDE TO SIDE-SAME DIRECTION,2010752,2,11TH ST/PLEASANT ST,PLEASANT ST,CITY ST/CNTY RD,68,E ,2020/11/10 00:00:00+00,2020/11/10 16:29:00+00,2020,11,November,16,3,10,Tuesday,16,Motorway Collision,Dawn or Dusk,NONE,Property Damage Only,0,0,0,40.009448,-105.278702,0,0,0,0,NON-INTERSECTION,1629,4040
-105.261365,40.00819,Police Collision Report,COLLISION W/ MV - SIDE TO SIDE-SAME DIRECTION,2010555,2,COLORADO AVE/REGENT DR,COLORADO AVE,CITY ST/CNTY RD,     ,  ,2020/10/15 00:00:00+00,2020/10/15 00:00:00+00,2020,10,October,0,5,15,Thursday,0,Motorway Collision,Daylight,NONE,Property Damage Only,0,0,0,40.00819,-105.261365,0,0,0,0,AT INTERSECTION,1300,4041
-105.267753,40.003418,Police Collision Report,COLLISION W/ MV - SIDE TO SIDE-SAME DIRECTION,2009535,2,BROADWAY/REGENT DR,BROADWAY,CITY ST/CNTY RD,     ,  ,2020/10/05 00:00:00+00,2020/10/05 12:20:00+00,2020,10,October,12,2,5,Monday,12,Motorway Collision,Daylight,NONE,Property Damage Only,0,0,0,40.003418,-105.267753,0,0,0,0,INTERSECTION RELATED,1219,4042
-105.26379,40.000067,Police Collision Report,COLLISION W/ MV - SIDE TO SIDE-SAME DIRECTION,2009322,3,BROADWAY/BASELINE RD,BROADWAY,STATE HWY,250,S ,2020/09/29 00:00:00+00,2020/09/29 08:48:00+00,2020,9,September,8,3,29,Tuesday,8,Motorway Collision,Daylight,NONE,Possible injury,0,0,0,40.000067,-105.26379,0,0,0,0,NON-INTERSECTION,846,4043
-105.239567,40.008522,Police Collision Report,COLLISION W/ MV - SIDE TO SIDE-SAME DIRECTION,2009139,2,FOOTHILLS PKWY/COLORADO AVE,FOOTHILLS PARKWAY,STATE HWY,250,S ,2020/09/24 00:00:00+00,2020/09/24 06:48:00+00,2020,9,September,6,5,24,Thursday,6,Motorway Collision,Daylight,NONE,Property Damage Only,0,0,0,40.008522,-105.239567,0,0,0,0,NON-INTERSECTION,648,4044
-105.279019,40.019204,Police Collision Report,COLLISION W/ MV - SIDE TO SIDE-SAME DIRECTION,2008987,2,SPRUCE ST/13TH ST,SPRUCE,CITY ST/CNTY RD,50,W ,2020/09/19 00:00:00+00,2020/09/19 18:16:00+00,2020,9,September,18,7,19,Saturday,18,Motorway Collision,Dawn or Dusk,NONE,Property Damage Only,0,0,0,40.019204,-105.279019,0,0,0,0,NON-INTERSECTION,1817,4045
-105.280971,40.016592,Police Collision Report,COLLISION W/ MV - SIDE TO SIDE-SAME DIRECTION,2009624,2,11TH ST/WALNUT ST,WALNUT STREET,CITY ST/CNTY RD,25`  ,E ,2020/10/07 00:00:00+00,2020/10/07 17:45:00+00,2020,10,October,17,4,7,Wednesday,17,Motorway Collision,Dawn or Dusk,NONE,Property Damage Only,0,0,0,40.016592,-105.280971,0,0,0,0,INTERSECTION RELATED,1744,4046
-105.266243,40.017363,Police Collision Report,COLLISION W/ MV - SIDE TO SIDE-SAME DIRECTION,2009550,2,CANYON BLVD/22ND ST,CANYON BLVD,STATE HWY,250,E ,2020/10/05 00:00:00+00,2020/10/05 17:55:00+00,2020,10,October,17,2,5,Monday,17,Motorway Collision,Daylight,NONE,Property Damage Only,0,0,0,40.017363,-105.266243,0,0,0,0,NON-INTERSECTION,1753,4047
-105.284455,40.065735,Police Collision Report,COLLISION W/ MV - SIDE TO SIDE-SAME DIRECTION,2009640,2,CHINLE AVE/LARAMIE BLVD,CHINLE AVE,CITY ST/CNTY RD,117,W ,2020/10/08 00:00:00+00,2020/10/08 09:23:00+00,2020,10,October,9,5,8,Thursday,9,Motorway Collision,Daylight,NONE,Property Damage Only,0,0,0,40.065735,-105.284455,0,0,0,0,NON-INTERSECTION,715,4048
-105.277073,40.03639,Police Collision Report,COLLISION W/ MV - SIDE TO SIDE-SAME DIRECTION,2009636,2,16TH ST/IRIS AVE,IRIS AVENUE,CITY ST/CNTY RD,75,E ,2020/10/08 00:00:00+00,2020/10/08 08:08:00+00,2020,10,October,8,5,8,Thursday,8,Motorway Collision,Daylight,NONE,Non-Incapacitating Injury,0,0,1,40.03639,-105.277073,0,0,1,0,NON-INTERSECTION,808,4049
-105.282152,40.05457,Police Collision Report,COLLISION W/ MV - SIDE TO SIDE-SAME DIRECTION,2009950,2,BROADWAY/VIOLET AVE,BROADWAY,CITY ST/CNTY RD,     ,  ,2020/10/17 00:00:00+00,2020/10/17 09:30:00+00,2020,10,October,9,7,17,Saturday,9,Motorway Collision,Daylight,NONE,Property Damage Only,0,0,0,40.05457,-105.282152,0,0,0,0,INTERSECTION RELATED,930,4050
-105.216302,40.029908,Police Collision Report,COLLISION W/ MV - SIDE TO SIDE-SAME DIRECTION,2010003,2,BUTTE MILL RD/VALMONT RD,BUTTE MILL RD,CITY ST/CNTY RD,30,E ,2020/10/19 00:00:00+00,2020/10/19 14:17:00+00,2020,10,October,14,2,19,Monday,14,Motorway Collision,Daylight,NONE,Property Damage Only,0,0,0,40.029908,-105.216302,0,0,0,0,INTERSECTION RELATED,1427,4051
-105.240833,40.014503,Police Collision Report,COLLISION W/ MV - SIDE TO SIDE-SAME DIRECTION,1914174,2,ARAPAHOE AVE/FOOTHILLS PKWY,ARAPAHOE AVE,STATE HWY,     ,  ,2019/12/03 00:00:00+00,2019/12/03 12:34:00+00,2019,12,December,12,3,3,Tuesday,12,Motorway Collision,Daylight,NONE,Property Damage Only,0,0,0,40.014503,-105.240833,0,0,0,0,AT INTERSECTION,1235,4052
-105.258407,40.022375,Police Collision Report,COLLISION W/ MV - SIDE TO SIDE-SAME DIRECTION,1914213,2,28TH ST/PEARL ST,28TH STREET,STATE HWY,75,S ,2019/10/04 00:00:00+00,2019/12/04 11:23:00+00,2019,12,December,11,4,4,Wednesday,11,Motorway Collision,Daylight,NONE,Property Damage Only,0,0,0,40.022375,-105.258407,0,0,0,0,NON-INTERSECTION,1121,4053
-105.244862,40.029223,Police Collision Report,COLLISION W/ MV - SIDE TO SIDE-SAME DIRECTION,1914139,2,FOOTHILLS PKWY/VALMONT RD,FOOTHILLS PKWY,STATE HWY,     ,  ,2019/12/02 00:00:00+00,2019/12/02 17:11:00+00,2019,12,December,17,2,2,Monday,17,Motorway Collision,Dark - Lighted,NONE,Property Damage Only,0,0,0,40.029223,-105.244862,0,0,0,0,AT INTERSECTION,1711,4054
-105.282114,40.040914,Police Collision Report,COLLISION W/ MV - SIDE TO SIDE-SAME DIRECTION,1913906,2,BROADWAY/LINDEN AVE,BROADWAY,CITY ST/CNTY RD,50,S ,2019/11/24 00:00:00+00,2019/11/24 13:58:00+00,2019,11,November,13,1,24,Sunday,13,Motorway Collision,Daylight,NONE,Property Damage Only,0,0,0,40.040914,-105.282114,0,0,0,0,INTERSECTION RELATED,1358,4055
-105.258436,40.029101,Police Collision Report,COLLISION W/ MV - SIDE TO SIDE-SAME DIRECTION,1913919,2,28TH ST/VALMONT RD,28TH ST,STATE HWY,50,N ,2019/11/24 00:00:00+00,2019/11/24 17:18:00+00,2019,11,November,17,1,24,Sunday,17,Motorway Collision,Dark - Unlighted,NONE,Property Damage Only,0,0,0,40.029101,-105.258436,0,0,0,0,NON-INTERSECTION,1718,4056
-105.229567,39.999964,Police Collision Report,COLLISION W/ MV - SIDE TO SIDE-SAME DIRECTION,1913561,2,BASELINE RD/MANHATTAN DR,BASELINE RD,,     ,  ,2019/11/15 00:00:00+00,2019/11/15 16:03:00+00,2019,11,November,16,6,15,Friday,16,Motorway Collision,Dawn or Dusk,NONE,Property Damage Only,0,0,0,39.999964,-105.229567,0,0,0,0,AT INTERSECTION,1603,4057
-105.238359,39.993123,Police Collision Report,COLLISION W/ MV - SIDE TO SIDE-SAME DIRECTION,1913651,2,MOHAWK DR/SIOUX DR,SIOUX DRIVE,CITY ST/CNTY RD,90,S ,2019/11/18 09:03:59+00,2019/11/18 09:04:00+00,2019,11,November,9,2,18,Monday,9,Motorway Collision,Daylight,NONE,Property Damage Only,0,0,0,39.993123,-105.238359,0,0,0,0,NON-INTERSECTION,1637,4058
-105.276953,40.010476,Police Collision Report,COLLISION W/ MV - SIDE TO SIDE-SAME DIRECTION,1913674,2,BROADWAY/UNIVERSITY AVE,UNIVERSITY BLVD,CITY ST/CNTY RD,200,W ,2019/11/18 00:00:00+00,2019/11/18 22:36:00+00,2019,11,November,22,2,18,Monday,22,Motorway Collision,Dark - Unlighted,NONE,Possible injury,0,0,0,40.010476,-105.276953,0,0,0,0,NON-INTERSECTION,2237,4059
-105.281105,40.001866,Police Collision Report,COLLISION W/ MV - SIDE TO SIDE-SAME DIRECTION,1913691,2,CASCADE AVE/LINCOLN PL,CASCADE AVE,CITY ST/CNTY RD,319,N ,2019/11/14 00:00:00+00,2019/11/14 14:08:00+00,2019,11,November,14,5,14,Thursday,14,Motorway Collision,Daylight,NONE,Property Damage Only,0,0,0,40.001866,-105.281105,0,0,0,0,NON-INTERSECTION,1425,4060
-105.244815,40.02287,Police Collision Report,COLLISION W/ MV - SIDE TO SIDE-SAME DIRECTION,1913771,2,FOOTHILLS PKWY/PEARL PKWY,FOOTHILLS PARKWAY,STATE HWY,1200,S ,2019/11/21 00:00:00+00,2019/11/21 07:13:00+00,2019,11,November,7,5,21,Thursday,7,Motorway Collision,Daylight,NONE,Property Damage Only,0,0,0,40.02287,-105.244815,0,0,0,0,NON-INTERSECTION,713,4061
-105.232572,40.000025,Police Collision Report,COLLISION W/ MV - SIDE TO SIDE-SAME DIRECTION,1913699,2,FOOTHILLS PKWY/BASELINE RD,FOOTHILLS PKWY,STATE HWY,2685,N ,2019/11/19 00:00:00+00,2019/11/19 14:13:00+00,2019,11,November,14,3,19,Tuesday,14,Motorway Collision,Daylight,NONE,Property Damage Only,0,0,0,40.000025,-105.232572,0,0,0,0,NON-INTERSECTION,1413,4062
-105.232572,40.000025,Police Collision Report,COLLISION W/ MV - SIDE TO SIDE-SAME DIRECTION,1913088,2,FOOTHILLS PKWY/BASELINE RD,FOOTHILLS HWY,STATE HWY,400,S ,2019/11/04 00:00:00+00,2019/11/04 08:36:00+00,2019,11,November,8,2,4,Monday,8,Motorway Collision,Daylight,NONE,Property Damage Only,0,0,0,40.000025,-105.232572,0,0,0,0,NON-INTERSECTION,837,4063
-105.26379,40.000067,Police Collision Report,COLLISION W/ MV - SIDE TO SIDE-SAME DIRECTION,1913092,2,BROADWAY/BASELINE RD,BASELINE RD,CITY ST/CNTY RD,     ,  ,2019/11/04 00:00:00+00,2019/11/04 10:14:00+00,2019,11,November,10,2,4,Monday,10,Motorway Collision,Daylight,NONE,Property Damage Only,0,0,0,40.000067,-105.26379,0,0,0,0,AT INTERSECTION,1010,4064
-105.24706,39.970308,Police Collision Report,COLLISION W/ MV - SIDE TO SIDE-SAME DIRECTION,1913152,2,GREENBRIAR BLVD/GILLASPIE DR,GREENBRIAR BLVD,CITY ST/CNTY RD,100,E ,2019/11/05 00:00:00+00,2019/11/05 15:56:00+00,2019,11,November,15,3,5,Tuesday,15,Motorway Collision,Daylight,NONE,Property Damage Only,0,0,0,39.970308,-105.24706,0,0,0,0,NON-INTERSECTION,1555,4065
-105.245971,39.975588,Police Collision Report,COLLISION W/ MV - SIDE TO SIDE-SAME DIRECTION,1913126,2,LUDLOW ST/KNOX DR,LUDLOW ST,CITY ST/CNTY RD,207,E ,2019/11/05 00:00:00+00,2019/11/05 08:22:00+00,2019,11,November,8,3,5,Tuesday,8,Motorway Collision,Daylight,NONE,Property Damage Only,0,0,0,39.975588,-105.245971,0,0,0,0,NON-INTERSECTION,823,4066
-105.258407,40.022375,Police Collision Report,COLLISION W/ MV - SIDE TO SIDE-SAME DIRECTION,1913127,2,28TH ST/PEARL ST,28TH ST,STATE HWY,100,N ,2019/11/05 00:00:00+00,2019/11/05 09:56:00+00,2019,11,November,9,3,5,Tuesday,9,Motorway Collision,Daylight,NONE,Property Damage Only,0,0,0,40.022375,-105.258407,0,0,0,0,NON-INTERSECTION,1615,4067
-105.276953,40.010476,Police Collision Report,COLLISION W/ MV - SIDE TO SIDE-SAME DIRECTION,1912943,2,BROADWAY/UNIVERSITY AVE,BROADWAY,STATE HWY,20,S ,2019/10/31 00:00:00+00,2019/10/31 13:35:00+00,2019,10,October,13,5,31,Thursday,13,Motorway Collision,Daylight,NONE,Property Damage Only,0,0,0,40.010476,-105.276953,0,0,0,0,NON-INTERSECTION,1335,4068
-105.253043,40.000084,Police Collision Report,COLLISION W/ MV - SIDE TO SIDE-SAME DIRECTION,1912925,2,BASELINE RD/30TH ST,BASELINE,CITY ST/CNTY RD,300,  ,2019/10/31 00:00:00+00,2019/10/31 09:27:00+00,2019,10,October,9,5,31,Thursday,9,Motorway Collision,Daylight,NONE,Property Damage Only,0,0,0,40.000084,-105.253043,0,0,0,0,NON-INTERSECTION,920,4069
-105.206636,40.01471,Police Collision Report,COLLISION W/ MV - SIDE TO SIDE-SAME DIRECTION,2100892,2,63RD ST/ARAPAHOE AVE,63RD AVE,CITY ST/CNTY RD,35,N ,2021/01/29 00:00:00+00,2021/01/29 11:10:00+00,2021,1,January,11,6,29,Friday,11,Motorway Collision,Daylight,NONE,Property Damage Only,0,0,0,40.01471,-105.206636,0,0,0,0,INTERSECTION RELATED,1110,4070
-105.238415,40.025685,Police Collision Report,COLLISION W/ MV - SIDE TO SIDE-SAME DIRECTION,2101106,2,PEARL ST/49TH ST,PEARL PKWY,CITY ST/CNTY RD,100,W ,2021/02/05 00:00:00+00,2021/02/05 16:22:00+00,2021,2,February,16,6,5,Friday,16,Motorway Collision,Daylight,NONE,Property Damage Only,0,0,0,40.025685,-105.238415,0,0,0,0,NON-INTERSECTION,1622,4071
-105.270584,40.004925,Police Collision Report,COLLISION W/ MV - SIDE TO SIDE-SAME DIRECTION,2101323,3,17TH ST/BROADWAY,BROADWAY,STATE HWY,     ,  ,2021/02/13 07:18:59+00,2021/02/13 07:19:00+00,2021,2,February,7,7,13,Saturday,7,Motorway Collision,Daylight,NONE,Property Damage Only,0,0,0,40.004925,-105.270584,1,1,0,0,AT INTERSECTION,719,4072
-105.253425,40.00742,Police Collision Report,COLLISION W/ MV - SIDE TO SIDE-SAME DIRECTION,2101388,2,30TH ST/COLORADO AVE,30TH ST,CITY ST/CNTY RD,300,S ,2021/02/16 00:00:00+00,2021/02/16 13:21:00+00,2021,2,February,13,3,16,Tuesday,13,Motorway Collision,Daylight,NONE,Property Damage Only,0,0,0,40.00742,-105.253425,0,0,0,0,NON-INTERSECTION,1320,4073
-105.244815,40.02287,Police Collision Report,COLLISION W/ MV - SIDE TO SIDE-SAME DIRECTION,2170639,2,FOOTHILLS PKWY/PEARL PKWY,FOOTHILLS PKWY,STATE HWY,650,N ,2021/02/05 10:40:00+00,2021/02/08 20:32:09+00,2021,2,February,20,2,8,Monday,20,Motorway Collision,Daylight,NONE,Property Damage Only,0,0,0,40.02287,-105.244815,0,0,0,0,NON-INTERSECTION,1040,4074
-105.260468,40.017354,Police Collision Report,COLLISION W/ MV - SIDE TO SIDE-SAME DIRECTION,2010392,2,CANYON BLVD/26TH ST,CANYON BLVD,STATE HWY,     ,  ,2020/10/30 00:00:00+00,2020/10/30 12:14:00+00,2020,10,October,12,6,30,Friday,12,Motorway Collision,Daylight,NONE,Property Damage Only,0,0,0,40.017354,-105.260468,0,0,0,0,AT INTERSECTION,1214,4075
-105.280947,40.016628,Police Collision Report,COLLISION W/ MV - SIDE TO SIDE-SAME DIRECTION,2010395,2,WALNUT ST/11TH ST,WALNUT STREET,CITY ST/CNTY RD,     ,  ,2020/10/30 00:00:00+00,2020/10/30 12:45:00+00,2020,10,October,12,6,30,Friday,12,Motorway Collision,Daylight,NONE,Property Damage Only,0,0,0,40.016628,-105.280947,0,0,0,0,AT INTERSECTION,1245,4076
-105.253713,40.018899,Police Collision Report,COLLISION W/ MV - SIDE TO SIDE-SAME DIRECTION,1913180,2,1830  30TH ST      ,1830 30TH ST.,CITY ST/CNTY RD,     ,  ,2019/11/06 10:39:59+00,2019/11/06 10:40:00+00,2019,11,November,10,4,6,Wednesday,10,Motorway Collision,Daylight,NONE,Property Damage Only,0,0,0,40.018899,-105.253713,0,0,0,0,PARKING LOT,912,4077
-105.281039,40.020916,Police Collision Report,COLLISION W/ MV - SIDE TO SIDE-SAME DIRECTION,1913214,2,BROADWAY/MAPLETON AVE,BROADWAY,CITY ST/CNTY RD,193,S ,2019/11/07 00:00:00+00,2019/11/07 10:04:00+00,2019,11,November,10,5,7,Thursday,10,Motorway Collision,Daylight,NONE,Property Damage Only,0,0,0,40.020916,-105.281039,0,0,0,0,NON-INTERSECTION,1004,4078
-105.267763,40.003446,Police Collision Report,COLLISION W/ MV - SIDE TO SIDE-SAME DIRECTION,1913276,2,20TH ST/BROADWAY,REGENT DR,CITY ST/CNTY RD,70,N ,2019/11/08 00:00:00+00,2019/11/08 16:47:00+00,2019,11,November,16,6,8,Friday,16,Motorway Collision,Dawn or Dusk,NONE,Property Damage Only,0,0,0,40.003446,-105.267763,0,0,0,0,INTERSECTION RELATED,1647,4079
-105.283202,40.015101,Police Collision Report,COLLISION W/ MV - SIDE TO SIDE-SAME DIRECTION,1913313,2,9TH ST/CANYON BLVD,WALNUT ST,,     ,  ,2019/11/09 00:00:00+00,2019/11/09 16:21:00+00,2019,11,November,16,7,9,Saturday,16,Motorway Collision,Daylight,NONE,Property Damage Only,0,0,0,40.015101,-105.283202,0,0,0,0,NON-INTERSECTION,1100,4080
-105.225448,40.014598,Police Collision Report,COLLISION W/ MV - SIDE TO SIDE-SAME DIRECTION,1913300,2,55TH ST/ARAPAHOE AVE,ARAPAHOE AVE,STATE HWY,1300,E ,2019/11/09 00:00:00+00,2019/11/09 11:44:00+00,2019,11,November,11,7,9,Saturday,11,Motorway Collision,Daylight,NONE,Property Damage Only,0,0,0,40.014598,-105.225448,0,0,0,0,NON-INTERSECTION,1144,4081
-105.258284,40.020627,Police Collision Report,COLLISION W/ MV - SIDE TO SIDE-SAME DIRECTION,1913430,2,1906  28TH ST      ,1906 28TH ST,,     ,  ,2019/11/12 00:00:00+00,2019/11/12 16:39:00+00,2019,11,November,16,3,12,Tuesday,16,Motorway Collision,Dawn or Dusk,NONE,Property Damage Only,0,0,0,40.020627,-105.258284,0,0,0,0,PARKING LOT,1639,4082
-105.253595,40.023261,Police Collision Report,COLLISION W/ MV - SIDE TO SIDE-SAME DIRECTION,1913474,2,PEARL ST/30TH ST,PEARL ST,,20,E ,2019/11/13 00:00:00+00,2019/11/13 17:27:00+00,2019,11,November,17,4,13,Wednesday,17,Motorway Collision,Dark - Lighted,NONE,Property Damage Only,0,0,0,40.023261,-105.253595,0,0,0,0,NON-INTERSECTION,1727,4083
-105.232067,39.986813,Police Collision Report,COLLISION W/ MV - SIDE TO SIDE-SAME DIRECTION,1911987,2,TABLE MESA DR/FOOTHILLS PKWY,TABLE MESA DR,CITY ST/CNTY RD,     ,  ,2019/10/07 00:00:00+00,2019/10/07 06:28:00+00,2019,10,October,6,2,7,Monday,6,Motorway Collision,Dawn or Dusk,NONE,Property Damage Only,0,0,0,39.986813,-105.232067,0,0,0,0,INTERSECTION RELATED,630,4084
-105.258407,40.022375,Police Collision Report,COLLISION W/ MV - SIDE TO SIDE-SAME DIRECTION,1911994,4,28TH ST/PEARL ST,28TH ST,STATE HWY,64,N ,2019/10/07 00:00:00+00,2019/10/07 09:38:00+00,2019,10,October,9,2,7,Monday,9,Motorway Collision,Daylight,NONE,Property Damage Only,0,0,0,40.022375,-105.258407,0,0,0,0,INTERSECTION RELATED,938,4085
-105.258482,40.036463,Police Collision Report,COLLISION W/ MV - SIDE TO SIDE-SAME DIRECTION,1911936,2,28TH ST/IRIS AVE,28TH,CITY ST/CNTY RD,     ,  ,2019/10/05 23:12:59+00,2019/10/05 23:13:00+00,2019,10,October,23,7,5,Saturday,23,Motorway Collision,Dark - Lighted,NONE,Property Damage Only,0,0,0,40.036463,-105.258482,1,1,0,0,AT INTERSECTION,2125,4086
-105.274674,40.007207,Police Collision Report,COLLISION W/ MV - SIDE TO SIDE-SAME DIRECTION,1912131,2,BROADWAY/COLLEGE AVE,BROADWAY,INTERSTATE,20,S ,2019/10/10 00:00:00+00,2019/10/10 15:46:00+00,2019,10,October,15,5,10,Thursday,15,Motorway Collision,Daylight,NONE,Property Damage Only,0,0,0,40.007207,-105.274674,0,0,0,0,INTERSECTION RELATED,1543,4087
-105.258501,40.038907,Police Collision Report,COLLISION W/ MV - SIDE TO SIDE-SAME DIRECTION,1912287,2,28TH ST/KALMIA CT,28TH ST,STATE HWY,40,N ,2019/10/14 00:00:00+00,2019/10/14 17:10:00+00,2019,10,October,17,2,14,Monday,17,Motorway Collision,Daylight,NONE,Property Damage Only,0,0,0,40.038907,-105.258501,0,0,0,0,NON-INTERSECTION,1710,4088
-105.225418,40.014574,Police Collision Report,COLLISION W/ MV - SIDE TO SIDE-SAME DIRECTION,1912263,2,ARAPAHOE AVE/55TH ST,ARAPAHOE AVE,STATE HWY,40,E ,2019/10/14 00:00:00+00,2019/10/14 08:02:00+00,2019,10,October,8,2,14,Monday,8,Motorway Collision,Daylight,NONE,Property Damage Only,0,0,0,40.014574,-105.225418,0,0,0,0,INTERSECTION RELATED,800,4089
-105.258456,40.036493,Police Collision Report,COLLISION W/ MV - SIDE TO SIDE-SAME DIRECTION,1912756,2,IRIS AVE/28TH ST,IRIS AVENUE,CITY ST/CNTY RD,250,W ,2019/10/26 00:00:00+00,2019/10/26 09:10:00+00,2019,10,October,9,7,26,Saturday,9,Motorway Collision,Daylight,NONE,Property Damage Only,0,0,0,40.036493,-105.258456,0,0,0,0,INTERSECTION RELATED,910,4090
-105.275386,40.016754,Police Collision Report,COLLISION W/ MV - SIDE TO SIDE-SAME DIRECTION,1912599,2,CANYON BLVD/15TH ST,CANYON BLVD,STATE HWY,135,W ,2019/10/22 00:00:00+00,2019/10/22 15:08:00+00,2019,10,October,15,3,22,Tuesday,15,Motorway Collision,Daylight,NONE,Property Damage Only,0,0,0,40.016754,-105.275386,0,0,0,0,NON-INTERSECTION,1508,4091
-105.272777,40.01716,Police Collision Report,COLLISION W/ MV - SIDE TO SIDE-SAME DIRECTION,1912603,2,17TH ST/CANYON BLVD,17TH ST,CITY ST/CNTY RD,145,S ,2019/10/22 00:00:00+00,2019/10/22 16:46:00+00,2019,10,October,16,3,22,Tuesday,16,Motorway Collision,Daylight,NONE,Property Damage Only,0,0,0,40.01716,-105.272777,0,0,0,0,NON-INTERSECTION,1646,4092
-105.252814,40.029166,Police Collision Report,COLLISION W/ MV - SIDE TO SIDE-SAME DIRECTION,1912566,2,3046  VALMONT RD      ,30TH ST,CITY ST/CNTY RD,30,  ,2019/10/21 00:00:00+00,2019/10/21 16:20:00+00,2019,10,October,16,2,21,Monday,16,Motorway Collision,Daylight,NONE,Property Damage Only,0,0,0,40.029166,-105.252814,0,0,0,0,INTERSECTION RELATED,1620,4093
-105.253059,39.999933,Police Collision Report,COLLISION W/ MV - SIDE TO SIDE-SAME DIRECTION,1912564,2,30TH ST/BASELINE RD,30TH ST,CITY ST/CNTY RD,     ,  ,2019/10/21 00:00:00+00,2019/10/21 15:31:00+00,2019,10,October,15,2,21,Monday,15,Motorway Collision,Daylight,NONE,Property Damage Only,0,0,0,39.999933,-105.253059,0,0,0,0,NON-INTERSECTION,1531,4094