X,Y,ReportType,PrmaryCollsionType,CaseNumber,UnitsInvolved,Location,OnHighway,CrossStreet,FeetFromIntersection,DirectionFromIntersection,CollisionDate,ReportedDate,ReportedYear,ReportedMonth,ReportedMonthName,ReportedWeek,ReportedDayofWeekNum,ReportedDayofMonth,ReportedDayofWeek,ReportedHour,HitAndRunStatus,LightingCondition,WeatherCondition,Severity,NumKilled,NumSeriouslyInjured,NumInjuredOrKilled,Lat,Lon,DUI,AlcoholDrugSuspected,BicyclesInvolved,PedestriansInvolved,RoadDescription,Crash_Time,ESRI_OID
-105.261988,39.988323,Police Collision Report,COLLISION W/ MV - REAR TO SIDE,2103087,2,OVERLOOK DR/KENWOOD DR,OVERLAND DR.,CITY ST/CNTY RD,     ,W ,2021/04/16 00:00:00+00,2021/04/16 09:26:00+00,2021,4,April,9,6,16,Friday,9,Motorway Collision,Daylight,NONE,Property Damage Only,0,0,0,39.988323,-105.261988,0,0,0,0,DRIVEWAY ACCESS RELATED,926,4161
-105.240126,39.975156,Police Collision Report,COLLISION W/ MV - REAR TO SIDE,2103539,2,MACKY WAY/AIKINS WAY,MACKY WAY,CITY ST/CNTY RD,     ,E ,2021/05/01 00:00:00+00,2021/05/01 15:04:00+00,2021,5,May,15,7,1,Saturday,15,Motorway Collision,Daylight,NONE,Property Damage Only,0,0,0,39.975156,-105.240126,0,0,0,0,INTERSECTION RELATED,1504,4162
-105.282124,40.05633,Police Collision Report,COLLISION W/ MV - REAR TO SIDE,2103565,2,ROSEWOOD AVE/BROADWAY,4501 BROADWAY,,     ,  ,2021/05/02 00:00:00+00,2021/05/02 10:25:00+00,2021,5,May,10,1,2,Sunday,10,Motorway Collision,,NONE,Property Damage Only,0,0,0,40.05633,-105.282124,0,0,0,0,PARKING LOT,1025,4163
-105.268749,40.000617,Police Collision Report,COLLISION W/ MV - REAR TO SIDE,2103487,2,730   19TH ST      ,19TH STREET,CITY ST/CNTY RD,     ,S ,2021/04/30 00:36:59+00,2021/04/30 00:37:00+00,2021,4,April,0,6,30,Friday,0,Motorway Collision,Dark - Unlighted,NONE,Property Damage Only,0,0,0,40.000617,-105.268749,1,1,0,0,NON-INTERSECTION,37,4164
-105.276095,40.018694,Police Collision Report,COLLISION W/ MV - REAR TO SIDE,2103984,2,15TH ST/PEARL ST,15TH STREET,CITY ST/CNTY RD,     ,N ,2021/05/14 00:00:00+00,2021/05/14 17:39:00+00,2021,5,May,17,6,14,Friday,17,Motorway Collision,Daylight,NONE,Property Damage Only,0,0,0,40.018694,-105.276095,0,0,0,0,NON-INTERSECTION,1739,4165
-105.276252,40.008678,Police Collision Report,COLLISION W/ MV - REAR TO SIDE,2103982,2,13TH ST/PENNSYLVANIA AVE,13TH ST,CITY ST/CNTY RD,     ,N ,2021/05/14 00:00:00+00,2021/05/14 16:13:00+00,2021,5,May,16,6,14,Friday,16,Motorway Collision,Daylight,NONE,Property Damage Only,0,0,0,40.008678,-105.276252,0,0,0,0,NON-INTERSECTION,1613,4166
-105.276465,40.009722,Police Collision Report,COLLISION W/ MV - REAR TO SIDE,2105561,2,1325  BROADWAY      ,1325 BROADWAY - PRIVATE PARKING LOT,,     ,  ,2021/06/30 00:00:00+00,2021/06/30 07:58:00+00,2021,6,June,7,4,30,Wednesday,7,Motorway Collision,Daylight,NONE,Property Damage Only,0,0,0,40.009722,-105.276465,0,0,0,0,PARKING LOT,800,4167
-105.276238,40.007301,Police Collision Report,COLLISION W/ MV - REAR TO SIDE,2104946,2,13TH ST/COLLEGE AVE,13TH ST,CITY ST/CNTY RD,     ,S ,2021/06/11 00:00:00+00,2021/06/11 19:06:00+00,2021,6,June,19,6,11,Friday,19,Motorway Collision,Daylight,NONE,Property Damage Only,0,0,0,40.007301,-105.276238,0,0,0,0,NON-INTERSECTION,1910,4168
-105.231972,39.988879,Police Collision Report,COLLISION W/ MV - REAR TO SIDE,2106915,2,THUNDERBIRD DR/THUNDERBIRD CIR,THUNDERBIRD CIR,CITY ST/CNTY RD,     ,  ,2021/08/06 00:00:00+00,2021/08/06 10:36:00+00,2021,8,August,10,6,6,Friday,10,Motorway Collision,Daylight,NONE,Non-Incapacitating Injury,0,0,1,39.988879,-105.231972,0,0,0,0,AT INTERSECTION,1035,4169
-105.276233,40.005449,Police Collision Report,COLLISION W/ MV - REAR TO SIDE,2106862,2,13TH ST/EUCLID AVE,EAST ALLEY OF 13TH STREET,CITY ST/CNTY RD,     ,N ,2021/08/05 00:00:00+00,2021/08/05 12:41:00+00,2021,8,August,12,5,5,Thursday,12,Motorway Collision,Daylight,NONE,Possible injury,0,0,0,40.005449,-105.276233,0,0,0,0,ALLEY RELATED,1220,4170
-105.253688,40.014535,Police Collision Report,COLLISION W/ MV - REAR TO SIDE,2106922,2,ARAPAHOE AVE/30TH ST,ARAPAHO AVE,STATE HWY,     ,E ,2021/08/06 00:00:00+00,2021/08/06 13:26:00+00,2021,8,August,13,6,6,Friday,13,Motorway Collision,Daylight,NONE,Property Damage Only,0,0,0,40.014535,-105.253688,0,0,0,0,DRIVEWAY ACCESS RELATED,1326,4171
-105.261391,40.037509,Police Collision Report,COLLISION W/ MV - REAR TO SIDE,2107127,2,2728  JUNIPER AVE      ,2728 JUNIPER AVE,,     ,  ,2021/08/12 00:00:00+00,2021/08/12 16:31:00+00,2021,8,August,16,5,12,Thursday,16,Motorway Collision,,NONE,Property Damage Only,0,0,0,40.037509,-105.261391,0,0,0,0,PARKING LOT,1631,4172
-105.278721,40.018161,Police Collision Report,COLLISION W/ MV - REAR TO SIDE,2107314,2,13TH ST/PEARL ST,13TH ST,CITY ST/CNTY RD,     ,S ,2021/08/17 00:00:00+00,2021/08/17 12:35:00+00,2021,8,August,12,3,17,Tuesday,12,Motorway Collision,Daylight,NONE,Property Damage Only,0,0,0,40.018161,-105.278721,0,0,0,0,NON-INTERSECTION,1215,4173
-105.262312,40.000138,Police Collision Report,COLLISION W/ MV - REAR TO SIDE,2107563,2,2420  BASELINE RD      ,2450 BASELINE RD,,     ,  ,2021/08/20 00:00:00+00,2021/08/20 12:44:00+00,2021,8,August,12,6,20,Friday,12,Motorway Collision,,NONE,Property Damage Only,0,0,0,40.000138,-105.262312,0,0,0,0,PARKING LOT,1105,4174
-105.250152,40.018236,Police Collision Report,COLLISION W/ MV - REAR TO SIDE,2172917,2,1805  33RD ST      ,WHITNEY PL,CITY ST/CNTY RD,     ,W ,2021/08/18 15:50:00+00,2021/08/18 18:23:55+00,2021,8,August,18,4,18,Wednesday,18,Motorway Collision,Daylight,NONE,Property Damage Only,0,0,0,40.018236,-105.250152,0,0,0,0,NON-INTERSECTION,1600,4175
-105.27537,40.016622,Police Collision Report,COLLISION W/ MV - REAR TO SIDE,2106262,2,15TH ST/CANYON BLVD,CANYON BLVD,STATE HWY,     ,  ,2021/07/19 00:00:00+00,2021/07/19 15:23:00+00,2021,7,July,15,2,19,Monday,15,Motorway Collision,Daylight,NONE,Property Damage Only,0,0,0,40.016622,-105.27537,0,0,0,0,AT INTERSECTION,1523,4176
-105.256156,40.016029,Police Collision Report,COLLISION W/ MV - REAR TO SIDE,2105782,2,1685  29TH ST      ,1685 29TH STREET,,     ,  ,2021/07/06 00:00:00+00,2021/07/06 12:20:00+00,2021,7,July,12,3,6,Tuesday,12,Motorway Collision,Daylight,NONE,Property Damage Only,0,0,0,40.016029,-105.256156,0,0,0,0,PARKING LOT,1205,4177
-105.25101,40.026365,Police Collision Report,COLLISION W/ MV - REAR TO SIDE,2109065,2,JUNCTION PL/CARBON PL,JUNCTION PL,CITY ST/CNTY RD,     ,S ,2021/09/23 00:00:00+00,2021/09/23 11:47:00+00,2021,9,September,11,5,23,Thursday,11,Motorway Collision,Daylight,NONE,Property Damage Only,0,0,0,40.026365,-105.25101,0,0,0,0,NON-INTERSECTION,1147,4178
-105.276207,40.00733,Police Collision Report,COLLISION W/ MV - REAR TO SIDE,2108984,2,COLLEGE AVE/13TH ST,COLLEGE AVE,CITY ST/CNTY RD,     ,E ,2021/09/21 00:00:00+00,2021/09/21 10:47:00+00,2021,9,September,10,3,21,Tuesday,10,Motorway Collision,Daylight,NONE,Property Damage Only,0,0,0,40.00733,-105.276207,0,0,0,0,ALLEY RELATED,1047,4179
-105.267873,40.032337,Police Collision Report,COLLISION W/ MV - REAR TO SIDE,2108173,2,22ND ST/FOREST AVE,22ND ST,CITY ST/CNTY RD,     ,  ,2021/09/02 00:00:00+00,2021/09/02 15:15:00+00,2021,9,September,15,5,2,Thursday,15,Motorway Collision,Daylight,NONE,Property Damage Only,0,0,0,40.032337,-105.267873,0,0,0,0,AT INTERSECTION,1515,4180
-105.276238,40.007301,Police Collision Report,COLLISION W/ MV - REAR TO SIDE,2108162,2,13TH ST/COLLEGE AVE,13TH STREET,CITY ST/CNTY RD,     ,S ,2021/09/02 00:00:00+00,2021/09/02 12:27:00+00,2021,9,September,12,5,2,Thursday,12,Motorway Collision,Daylight,NONE,Property Damage Only,0,0,0,40.007301,-105.276238,0,0,0,0,NON-INTERSECTION,1227,4181
-105.258306,40.022242,Police Collision Report,COLLISION W/ MV - REAR TO SIDE,2108338,2,2800  PEARL ST      ,2800 PEARL ST,,     ,  ,2021/09/05 00:00:00+00,2021/09/05 16:33:00+00,2021,9,September,16,1,5,Sunday,16,Motorway Collision,Daylight,NONE,Property Damage Only,0,0,0,40.022242,-105.258306,0,0,0,0,PARKING LOT,1633,4182
-105.269394,40.02112,Police Collision Report,COLLISION W/ MV - REAR TO SIDE,2006275,2,2040  SPRUCE ST      ,SPRUCE ST.,CITY ST/CNTY RD,200,W ,2020/07/06 00:00:00+00,2020/07/06 14:07:00+00,2020,7,July,14,2,6,Monday,14,Motorway Collision,Daylight,NONE,Property Damage Only,0,0,0,40.02112,-105.269394,0,0,0,0,DRIVEWAY ACCESS RELATED,1408,4183
-105.276238,40.007301,Police Collision Report,COLLISION W/ MV - REAR TO SIDE,2006277,2,13TH ST/COLLEGE AVE,13TH ST,CITY ST/CNTY RD,150,S ,2020/07/06 00:00:00+00,2020/07/06 14:34:00+00,2020,7,July,14,2,6,Monday,14,Motorway Collision,Daylight,NONE,Property Damage Only,0,0,0,40.007301,-105.276238,0,0,0,0,DRIVEWAY ACCESS RELATED,1430,4184
-105.258686,40.001912,Police Collision Report,COLLISION W/ MV - REAR TO SIDE,2006479,2,770   28TH ST      ,770 28TH ST FRONTAGE RD,,     ,  ,2020/07/13 00:00:00+00,2020/07/13 11:20:00+00,2020,7,July,11,2,13,Monday,11,Motorway Collision,Daylight,NONE,Property Damage Only,0,0,0,40.001912,-105.258686,0,0,0,0,PARKING LOT,1149,4185
-105.2614,40.03074,Police Collision Report,COLLISION W/ MV - REAR TO SIDE,2006110,2,RAIN TREE PL/LITTLELEAF LN,RAINTREE PLACE,CITY ST/CNTY RD,     ,  ,2020/07/01 00:00:00+00,2020/07/01 10:36:00+00,2020,7,July,10,4,1,Wednesday,10,Motorway Collision,Daylight,NONE,Property Damage Only,0,0,0,40.03074,-105.2614,0,0,0,0,NON-INTERSECTION,1035,4186
-105.277469,40.007301,Police Collision Report,COLLISION W/ MV - REAR TO SIDE,2006202,2,12TH ST/COLLEGE AVE,12TH ST,CITY ST/CNTY RD,113,S ,2020/07/04 00:00:00+00,2020/07/04 11:27:00+00,2020,7,July,11,7,4,Saturday,11,Motorway Collision,Daylight,NONE,Property Damage Only,0,0,0,40.007301,-105.277469,0,0,0,0,NON-INTERSECTION,1126,4187
-105.235491,40.014695,Police Collision Report,COLLISION W/ MV - REAR TO SIDE,2005663,2,4747  ARAPAHOE AVE      ,4747 ARAPAHOE RD,,     ,  ,2020/06/17 00:00:00+00,2020/06/17 14:52:00+00,2020,6,June,14,4,17,Wednesday,14,Motorway Collision,Daylight,NONE,Property Damage Only,0,0,0,40.014695,-105.235491,0,0,0,0,PARKING LOT,1452,4188
-105.280947,40.016628,Police Collision Report,COLLISION W/ MV - REAR TO SIDE,2005533,2,WALNUT ST/11TH ST,WALNUT ST,CITY ST/CNTY RD,79,W ,2020/06/13 00:00:00+00,2020/06/13 13:45:00+00,2020,6,June,13,7,13,Saturday,13,Motorway Collision,Daylight,NONE,Property Damage Only,0,0,0,40.016628,-105.280947,0,0,0,0,NON-INTERSECTION,1344,4189
-105.250152,40.018236,Police Collision Report,COLLISION W/ MV - REAR TO SIDE,2005868,2,1805  33RD ST      ,1805 33RD ST,,     ,  ,2020/06/23 00:00:00+00,2020/06/23 15:41:00+00,2020,6,June,15,3,23,Tuesday,15,Motorway Collision,Daylight,NONE,Property Damage Only,0,0,0,40.018236,-105.250152,0,0,0,0,CROSSOVER-RELATED,1541,4190
-105.249129,39.984849,Police Collision Report,COLLISION W/ MV - REAR TO SIDE,2005872,2,647   S BROADWAYS      ,647 S BROADWAY,,     ,  ,2020/06/23 00:00:00+00,2020/06/23 17:16:00+00,2020,6,June,17,3,23,Tuesday,17,Motorway Collision,Daylight,NONE,Property Damage Only,0,0,0,39.984849,-105.249129,0,0,0,0,PARKING LOT,1716,4191
-105.270409,40.018796,Police Collision Report,COLLISION W/ MV - REAR TO SIDE,2005510,2,1902  19TH ST      ,1902 19TH ST,,     ,  ,2020/06/12 00:00:00+00,2020/06/12 19:18:00+00,2020,6,June,19,6,12,Friday,19,Motorway Collision,Daylight,NONE,Property Damage Only,0,0,0,40.018796,-105.270409,0,0,0,0,PARKING LOT,1920,4192
-105.279896,40.01155,Police Collision Report,COLLISION W/ MV - REAR TO SIDE,2003402,2,GRANDVIEW AVE/10TH ST,GRANDVIEW AVE,CITY ST/CNTY RD,     ,  ,2020/03/08 00:00:00+00,2020/03/08 00:00:00+00,2020,3,March,0,1,8,Sunday,0,Motorway Collision,Daylight,NONE,Property Damage Only,0,0,0,40.01155,-105.279896,0,0,0,0,CROSSOVER-RELATED,1515,4193
-105.253728,40.015693,Police Collision Report,COLLISION W/ MV - REAR TO SIDE,2004586,2,1650  30TH ST      ,1650 30TH ST,,     ,  ,2020/05/17 00:00:00+00,2020/05/17 17:01:00+00,2020,5,May,17,1,17,Sunday,17,Motorway Collision,Daylight,NONE,Property Damage Only,0,0,0,40.015693,-105.253728,0,0,0,0,PARKING LOT,1700,4194
-105.253772,40.020084,Police Collision Report,COLLISION W/ MV - REAR TO SIDE,2004683,2,30TH ST/WALNUT ST,30TH ST,CITY ST/CNTY RD,50,S ,2020/05/20 20:00:00+00,2020/05/20 11:12:00+00,2020,5,May,11,4,20,Wednesday,11,Motorway Collision,Daylight,NONE,Property Damage Only,0,0,0,40.020084,-105.253772,0,0,0,0,INTERSECTION RELATED,1112,4195
-105.201983,40.072787,Police Collision Report,COLLISION W/ MV - REAR TO SIDE,2004688,2,6510  LOOKOUT RD      ,6510 LOOKOUT RD,,     ,  ,2020/05/20 20:00:00+00,2020/05/20 12:17:00+00,2020,5,May,12,4,20,Wednesday,12,Motorway Collision,Daylight,NONE,Property Damage Only,0,0,0,40.072787,-105.201983,0,0,0,0,PARKING LOT,1217,4196
-105.222012,40.014551,Police Collision Report,COLLISION W/ MV - REAR TO SIDE,2004700,2,5640  ARAPAHOE AVE      ,5640 ARAPAHOE AVE,,     ,  ,2020/05/18 20:00:00+00,2020/05/18 20:00:00+00,2020,5,May,20,2,18,Monday,20,Motorway Collision,Dawn or Dusk,NONE,Property Damage Only,0,0,0,40.014551,-105.222012,0,0,0,0,PARKING LOT,1930,4197
-105.249862,39.98558,Police Collision Report,COLLISION W/ MV - REAR TO SIDE,2007975,2,S BROADWAY/TABLE MESA DR,S BROADWAY,STATE HWY,686,S ,2020/08/23 00:00:00+00,2020/08/23 13:59:00+00,2020,8,August,13,1,23,Sunday,13,Motorway Collision,Daylight,NONE,Property Damage Only,0,0,0,39.98558,-105.249862,0,0,0,0,DRIVEWAY ACCESS RELATED,1359,4198
-105.25836,40.021501,Police Collision Report,COLLISION W/ MV - REAR TO SIDE,2008196,2,1955  28TH ST      ,1955 28TH ST,,     ,  ,2020/08/29 00:00:00+00,2020/08/29 10:00:00+00,2020,8,August,10,7,29,Saturday,10,Motorway Collision,Daylight,NONE,Property Damage Only,0,0,0,40.021501,-105.25836,0,0,0,0,PARKING LOT,1000,4199
-105.258468,40.032817,Police Collision Report,COLLISION W/ MV - REAR TO SIDE,2007572,2,28TH ST/GLENWOOD DR,28TH STREET,STATE HWY,270,S ,2020/08/13 00:00:00+00,2020/08/13 15:01:00+00,2020,8,August,15,5,13,Thursday,15,Motorway Collision,Daylight,NONE,Non-Incapacitating Injury,0,0,1,40.032817,-105.258468,0,0,0,0,DRIVEWAY ACCESS RELATED,1500,4200
-105.256055,40.02736,Police Collision Report,COLLISION W/ MV - REAR TO SIDE,2007306,2,29TH ST/BLUFF ST,29TH STREET,CITY ST/CNTY RD,     ,  ,2020/08/06 00:00:00+00,2020/08/06 08:23:00+00,2020,8,August,8,5,6,Thursday,8,Motorway Collision,Daylight,NONE,Property Damage Only,0,0,0,40.02736,-105.256055,0,0,0,0,DRIVEWAY ACCESS RELATED,823,4201
-105.234612,40.029256,Police Collision Report,COLLISION W/ MV - REAR TO SIDE,2007255,2,VALMONT RD/AIRPORT RD,5110 VALMONT RD,,     ,  ,2020/08/04 00:00:00+00,2020/08/04 16:26:00+00,2020,8,August,16,3,4,Tuesday,16,Motorway Collision,Daylight,NONE,Property Damage Only,0,0,0,40.029256,-105.234612,0,0,0,0,PARKING LOT,1626,4202
-105.259753,40.032787,Police Collision Report,COLLISION W/ MV - REAR TO SIDE,2007047,2,2750  GLENWOOD DR      ,2750 GLENWOOD DR,,     ,  ,2020/07/29 00:00:00+00,2020/07/29 14:35:00+00,2020,7,July,14,4,29,Wednesday,14,Motorway Collision,Daylight,NONE,Property Damage Only,0,0,0,40.032787,-105.259753,0,0,0,0,PARKING LOT,1435,4203
-105.235919,40.014836,Police Collision Report,COLLISION W/ MV - REAR TO SIDE,2011499,2,4715  ARAPAHOE AVE      ,4715 ARAPAHOE AVE,,     ,  ,2020/12/07 00:00:00+00,2020/12/07 13:19:00+00,2020,12,December,13,2,7,Monday,13,Motorway Collision,Daylight,NONE,Property Damage Only,0,0,0,40.014836,-105.235919,0,0,0,0,PARKING LOT,1250,4204
-105.241283,39.97296,Police Collision Report,COLLISION W/ MV - REAR TO SIDE,2011785,2,1528  GREENBRIAR BLVD      ,1528 GREENBRIAR BLVD PARKING LOT,,     ,  ,2020/12/17 00:00:00+00,2020/12/17 14:10:00+00,2020,12,December,14,5,17,Thursday,14,Motorway Collision,Daylight,NONE,Property Damage Only,0,0,0,39.97296,-105.241283,0,0,0,0,PARKING LOT,1409,4205
-105.260524,40.020039,Police Collision Report,COLLISION W/ MV - REAR TO SIDE,2011967,2,WALNUT ST/26TH ST,WALNUT ST,CITY ST/CNTY RD,278,W ,2020/12/25 00:00:00+00,2020/12/25 15:14:00+00,2020,12,December,15,6,25,Friday,15,Motorway Collision,Daylight,NONE,Property Damage Only,0,0,0,40.020039,-105.260524,0,0,0,0,NON-INTERSECTION,1505,4206
-105.254927,39.989821,Police Collision Report,COLLISION W/ MV - REAR TO SIDE,2012007,2,DARTMOUTH AVE/S 32ND ST,DARTMOUTH AVE,CITY ST/CNTY RD,30,E ,2020/12/27 00:00:00+00,2020/12/27 11:00:00+00,2020,12,December,11,1,27,Sunday,11,Motorway Collision,Daylight,NONE,Property Damage Only,0,0,0,39.989821,-105.254927,0,0,0,0,NON-INTERSECTION,957,4207
-105.273116,40.014613,Police Collision Report,COLLISION W/ MV - REAR TO SIDE,2100905,2,1647  ARAPAHOE AVE      ,1647 ARAPAHOE AVENUE,,     ,  ,2021/01/29 00:00:00+00,2021/01/29 18:01:00+00,2021,1,January,18,6,29,Friday,18,Motorway Collision,Dark - Lighted,NONE,Property Damage Only,0,0,0,40.014613,-105.273116,0,0,0,0,PARKING LOT,1801,4208
-105.23281,39.999988,Police Collision Report,COLLISION W/ MV - REAR TO SIDE,2100723,2,BASELINE RD/FOOTHILLS PKWY,HIGHWAY 157,STATE HWY,     ,  ,2021/01/23 00:00:00+00,2021/01/23 23:31:00+00,2021,1,January,23,7,23,Saturday,23,Motorway Collision,Dark - Lighted,NONE,Incapacitating Injury,0,1,1,39.999988,-105.23281,0,0,0,0,AT INTERSECTION,2330,4209
-105.258348,40.025516,Police Collision Report,COLLISION W/ MV - REAR TO SIDE,2100554,2,28TH ST/MAPLETON AVE,28TH STREET,STATE HWY,     ,  ,2021/01/19 00:00:00+00,2021/01/19 08:44:00+00,2021,1,January,8,3,19,Tuesday,8,Motorway Collision,Daylight,NONE,Non-Incapacitating Injury,0,0,1,40.025516,-105.258348,0,0,0,0,AT INTERSECTION,844,4210
-105.275996,40.011541,Police Collision Report,COLLISION W/ MV - REAR TO SIDE,2001904,2,13TH ST/GRANDVIEW AVE,13TH ST,CITY ST/CNTY RD,144,S ,2020/02/20 00:00:00+00,2020/02/20 11:53:00+00,2020,2,February,11,5,20,Thursday,11,Motorway Collision,Daylight,NONE,Property Damage Only,0,0,0,40.011541,-105.275996,0,0,0,0,CROSSOVER-RELATED,1153,4211
-105.2774,40.018439,Police Collision Report,COLLISION W/ MV - REAR TO SIDE,2001612,2,14TH ST/PEARL ST,14TH ST,CITY ST/CNTY RD,50,S ,2020/02/12 00:00:00+00,2020/02/12 15:46:00+00,2020,2,February,15,4,12,Wednesday,15,Motorway Collision,Daylight,NONE,Property Damage Only,0,0,0,40.018439,-105.2774,0,0,0,0,NON-INTERSECTION,1546,4212
-105.256067,40.0147,Police Collision Report,COLLISION W/ MV - REAR TO SIDE,2002134,2,1600  29TH ST      ,1600 29TH ST,,     ,  ,2020/02/26 00:00:00+00,2020/02/26 16:35:00+00,2020,2,February,16,4,26,Wednesday,16,Motorway Collision,Daylight,NONE,Property Damage Only,0,0,0,40.0147,-105.256067,0,0,0,0,PARKING LOT,1635,4213
-105.287383,40.021754,Police Collision Report,COLLISION W/ MV - REAR TO SIDE,2001956,2,7TH ST/MAXWELL AVE,7TH STREET,CITY ST/CNTY RD,142,N ,2020/02/21 20:00:00+00,2020/02/21 14:58:00+00,2020,2,February,14,6,21,Friday,14,Motorway Collision,Daylight,NONE,Property Damage Only,0,0,0,40.021754,-105.287383,0,0,0,0,NON-INTERSECTION,1458,4214
-105.249273,39.98501,Police Collision Report,COLLISION W/ MV - REAR TO SIDE,2002266,2,637   S BROADWAYS      ,637 S. BROADWAY,,     ,  ,2020/02/29 00:00:00+00,2020/02/29 16:19:00+00,2020,2,February,16,7,29,Saturday,16,Motorway Collision,Daylight,NONE,Property Damage Only,0,0,0,39.98501,-105.249273,0,0,0,0,PARKING LOT,1619,4215
-105.278697,40.014093,Police Collision Report,COLLISION W/ MV - REAR TO SIDE,2002230,2,BROADWAY/ARAPAHOE AVE,BROADWAY,STATE HWY,     ,  ,2020/02/28 00:00:00+00,2020/02/28 18:36:00+00,2020,2,February,18,6,28,Friday,18,Motorway Collision,Dawn or Dusk,NONE,Property Damage Only,0,0,0,40.014093,-105.278697,0,0,0,0,NON-INTERSECTION,1800,4216
-105.280342,40.018923,Police Collision Report,COLLISION W/ MV - REAR TO SIDE,2000075,2,SPRUCE ST/BROADWAY,SPRUCE ST,CITY ST/CNTY RD,63,E ,2020/01/03 00:00:00+00,2020/01/03 13:32:00+00,2020,1,January,13,6,3,Friday,13,Motorway Collision,Daylight,NONE,Property Damage Only,0,0,0,40.018923,-105.280342,0,0,0,0,INTERSECTION RELATED,1332,4217
-105.240833,40.014503,Police Collision Report,COLLISION W/ MV - REAR TO SIDE,2000305,2,ARAPAHOE AVE/FOOTHILLS PKWY,ARAPAHOE AVE,STATE HWY,180,E ,2020/01/10 00:00:00+00,2020/01/10 08:18:00+00,2020,1,January,8,6,10,Friday,8,Motorway Collision,Daylight,NONE,Property Damage Only,0,0,0,40.014503,-105.240833,0,0,0,0,DRIVEWAY ACCESS RELATED,815,4218
-105.269149,40.017288,Police Collision Report,COLLISION W/ MV - REAR TO SIDE,2000306,2,2000  CANYON BLVD      ,2000 CANYON BLVD PARKING LOT,,     ,  ,2020/01/10 00:00:00+00,2020/01/10 11:18:00+00,2020,1,January,11,6,10,Friday,11,Motorway Collision,Daylight,NONE,Property Damage Only,0,0,0,40.017288,-105.269149,0,0,0,0,PARKING LOT,1118,4219
-105.253259,39.999908,Police Collision Report,COLLISION W/ MV - REAR TO SIDE,2000439,2,2990  BASELINE RD      ,2990 BASELINE RD,,     ,  ,2020/01/14 00:00:00+00,2020/01/14 12:47:00+00,2020,1,January,12,3,14,Tuesday,12,Motorway Collision,Daylight,NONE,Property Damage Only,0,0,0,39.999908,-105.253259,0,0,0,0,PARKING LOT,1248,4220
-105.256332,40.020624,Police Collision Report,COLLISION W/ MV - REAR TO SIDE,2000343,3,1900  29TH ST      ,1900 29TH STREET,CITY ST/CNTY RD,     ,  ,2020/01/11 00:00:00+00,2020/01/11 19:15:00+00,2020,1,January,19,7,11,Saturday,19,Motorway Collision,Dark - Lighted,NONE,Property Damage Only,0,0,0,40.020624,-105.256332,0,0,0,0,DRIVEWAY ACCESS RELATED,1914,4221
-105.258459,40.031732,Police Collision Report,COLLISION W/ MV - REAR TO SIDE,1914908,2,3141  28TH ST      ,3141 28TH ST,CITY ST/CNTY RD,     ,  ,2019/12/22 00:00:00+00,2019/12/22 01:54:00+00,2019,12,December,1,1,22,Sunday,1,Motorway Collision,Dark - Lighted,NONE,Property Damage Only,0,0,0,40.031732,-105.258459,0,0,0,0,PARKING LOT,153,4222
-105.248977,40.034372,Police Collision Report,COLLISION W/ MV - REAR TO SIDE,1914983,2,34TH ST/HAYDEN PL,34TH ST,CITY ST/CNTY RD,20,S ,2019/12/25 00:00:00+00,2019/12/25 13:43:00+00,2019,12,December,13,4,25,Wednesday,13,Motorway Collision,Daylight,NONE,Property Damage Only,0,0,0,40.034372,-105.248977,0,0,0,0,NON-INTERSECTION,1315,4223
-105.2774,40.018439,Police Collision Report,COLLISION W/ MV - REAR TO SIDE,1914852,2,14TH ST/PEARL ST,14TH STREET,CITY ST/CNTY RD,147,S ,2019/12/20 00:00:00+00,2019/12/20 11:26:00+00,2019,12,December,11,6,20,Friday,11,Motorway Collision,Daylight,NONE,Property Damage Only,0,0,0,40.018439,-105.2774,0,0,0,0,NON-INTERSECTION,1126,4224
-105.283601,40.016063,Police Collision Report,COLLISION W/ MV - REAR TO SIDE,1914920,2,9TH ST/WALNUT ST,9TH ST,CITY ST/CNTY RD,429,E ,2019/12/22 00:00:00+00,2019/12/22 14:14:00+00,2019,12,December,14,1,22,Sunday,14,Motorway Collision,Daylight,NONE,Property Damage Only,0,0,0,40.016063,-105.283601,0,0,0,0,NON-INTERSECTION,1130,4225
-105.277737,40.019432,Police Collision Report,COLLISION W/ MV - REAR TO SIDE,1915074,2,14TH ST/SPRUCE ST,14TH ST,CITY ST/CNTY RD,113,S ,2019/12/28 00:00:00+00,2019/12/28 21:05:00+00,2019,12,December,21,7,28,Saturday,21,Motorway Collision,Dark - Lighted,NONE,Property Damage Only,0,0,0,40.019432,-105.277737,0,0,0,0,NON-INTERSECTION,2105,4226
-105.282812,40.017833,Police Collision Report,COLLISION W/ MV - REAR TO SIDE,2000014,2,10TH ST/PEARL | SPRUCE ALLEY,10TH ST,CITY ST/CNTY RD,100,N ,2020/01/01 00:00:00+00,2020/01/01 17:39:00+00,2020,1,January,17,4,1,Wednesday,17,Motorway Collision,Daylight,NONE,Property Damage Only,0,0,0,40.017833,-105.282812,0,0,0,0,NON-INTERSECTION,1739,4227