X,Y,ReportType,PrmaryCollsionType,CaseNumber,UnitsInvolved,Location,OnHighway,CrossStreet,FeetFromIntersection,DirectionFromIntersection,CollisionDate,ReportedDate,ReportedYear,ReportedMonth,ReportedMonthName,ReportedWeek,ReportedDayofWeekNum,ReportedDayofMonth,ReportedDayofWeek,ReportedHour,HitAndRunStatus,LightingCondition,WeatherCondition,Severity,NumKilled,NumSeriouslyInjured,NumInjuredOrKilled,Lat,Lon,DUI,AlcoholDrugSuspected,BicyclesInvolved,PedestriansInvolved,RoadDescription,Crash_Time,ESRI_OID
-105.260451,40.017409,Police Collision Report,COLLISION W/ MV - REAR TO SIDE,1910905,2,2601  CANYON BLVD      ,2601 CANYON BLVD,,     ,  ,2019/09/13 00:00:00+00,2019/09/13 00:00:00+00,2019,9,September,0,6,13,Friday,0,Motorway Collision,Dark - Unlighted,NONE,Property Damage Only,0,0,0,40.017409,-105.260451,0,0,0,0,PARKING LOT,2230,4228
-105.276413,40.019746,Police Collision Report,COLLISION W/ MV - REAR TO SIDE,1910999,2,SPRUCE ST/15TH ST,SPRUCE ST,CITY ST/CNTY RD,87,W ,2019/09/16 00:00:00+00,2019/09/16 12:36:00+00,2019,9,September,12,2,16,Monday,12,Motorway Collision,Daylight,NONE,Property Damage Only,0,0,0,40.019746,-105.276413,0,0,0,0,NON-INTERSECTION,1236,4229
-105.20093,40.072828,Police Collision Report,COLLISION W/ MV - REAR TO SIDE,1910700,2,6567  LOOKOUT RD      ,6567 LOOKOUT RD,,     ,  ,2019/09/09 00:00:00+00,2019/09/09 17:01:00+00,2019,9,September,17,2,9,Monday,17,Motorway Collision,Daylight,NONE,Property Damage Only,0,0,0,40.072828,-105.20093,0,0,0,0,PARKING LOT,1701,4230
-105.286835,40.01166,Police Collision Report,COLLISION W/ MV - REAR TO SIDE,1910500,2,624   MARINE ST      ,624 MARINE STREET,,     ,  ,2019/09/05 00:00:00+00,2019/09/05 00:00:00+00,2019,9,September,0,5,5,Thursday,0,Motorway Collision,Daylight,NONE,Property Damage Only,0,0,0,40.01166,-105.286835,0,0,0,0,PARKING LOT,1030,4231
-105.27904,40.019171,Police Collision Report,COLLISION W/ MV - REAR TO SIDE,1910501,2,13TH ST/SPRUCE ST,13TH ST,CITY ST/CNTY RD,89,N ,2019/09/06 00:00:00+00,2019/09/06 12:56:00+00,2019,9,September,12,6,6,Friday,12,Motorway Collision,Daylight,NONE,Property Damage Only,0,0,0,40.019171,-105.27904,0,0,0,0,NON-INTERSECTION,1256,4232
-105.248177,39.98391,Police Collision Report,COLLISION W/ MV - REAR TO SIDE,1910485,2,680   S LASHLEY LNS      ,680 S LASHLEY LN,,     ,  ,2019/09/06 00:00:00+00,2019/09/06 06:28:00+00,2019,9,September,6,6,6,Friday,6,Motorway Collision,Daylight,NONE,Property Damage Only,0,0,0,39.98391,-105.248177,0,0,0,0,PARKING LOT,629,4233
-105.261527,40.000212,Police Collision Report,COLLISION W/ MV - REAR TO SIDE,1909723,2,2486  BASELINE RD      ,2486 BASELINE RD PARKING LOT,,     ,  ,2019/08/24 00:00:00+00,2019/08/24 12:38:00+00,2019,8,August,12,7,24,Saturday,12,Motorway Collision,Daylight,NONE,Property Damage Only,0,0,0,40.000212,-105.261527,0,0,0,0,PARKING LOT,1239,4234
-105.255432,40.03642,Police Collision Report,COLLISION W/ MV - REAR TO SIDE,1910153,2,2900  IRIS AVE      ,2900 IRIS AVE,,     ,  ,2019/08/30 00:00:00+00,2019/08/30 23:54:00+00,2019,8,August,23,6,30,Friday,23,Motorway Collision,Dark - Lighted,NONE,Property Damage Only,0,0,0,40.03642,-105.255432,0,0,0,0,PARKING LOT,2350,4235
-105.251909,39.984144,Police Collision Report,COLLISION W/ MV - REAR TO SIDE,1909278,2,3600  TABLE MESA DR      ,3600 TABLE MESA DR,,     ,  ,2019/08/15 00:00:00+00,2019/08/15 00:00:00+00,2019,8,August,0,5,15,Thursday,0,Motorway Collision,Daylight,NONE,Property Damage Only,0,0,0,39.984144,-105.251909,0,0,0,0,PARKING LOT,1555,4236
-105.277716,40.019466,Police Collision Report,COLLISION W/ MV - REAR TO SIDE,1909225,2,SPRUCE ST/14TH ST,SPRUCE ST,CITY ST/CNTY RD,     ,  ,2019/08/15 00:00:00+00,2019/08/15 16:11:00+00,2019,8,August,16,5,15,Thursday,16,Motorway Collision,Daylight,NONE,Property Damage Only,0,0,0,40.019466,-105.277716,0,0,0,0,INTERSECTION RELATED,1611,4237
-105.280947,40.016628,Police Collision Report,COLLISION W/ MV - REAR TO SIDE,1909517,2,WALNUT ST/11TH ST,WALNUT,CITY ST/CNTY RD,25,N ,2019/08/21 00:00:00+00,2019/08/21 20:34:00+00,2019,8,August,20,4,21,Wednesday,20,Motorway Collision,Dark - Lighted,NONE,Property Damage Only,0,0,0,40.016628,-105.280947,0,0,0,0,INTERSECTION RELATED,2034,4238
-105.283601,40.016063,Police Collision Report,COLLISION W/ MV - REAR TO SIDE,1909461,2,9TH ST/WALNUT ST,9TH ST,CITY ST/CNTY RD,400,E ,2019/08/02 00:00:00+00,2019/08/02 00:00:00+00,2019,8,August,0,6,2,Friday,0,Motorway Collision,Daylight,NONE,Property Damage Only,0,0,0,40.016063,-105.283601,0,0,0,0,INTERSECTION RELATED,1400,4239
-105.288767,40.003724,Police Collision Report,COLLISION W/ MV - REAR TO SIDE,1908276,2,AURORA AVE/PARK LN,AURORA AVE,CITY ST/CNTY RD,     ,  ,2019/07/26 00:00:00+00,2019/07/26 08:04:00+00,2019,7,July,8,6,26,Friday,8,Motorway Collision,Daylight,NONE,Property Damage Only,0,0,0,40.003724,-105.288767,0,0,0,0,INTERSECTION RELATED,745,4240
-105.235207,39.999986,Police Collision Report,COLLISION W/ MV - REAR TO SIDE,1908341,2,4800  BASELINE RD      ,4800 BASELINE RD,,     ,  ,2019/07/27 00:00:00+00,2019/07/27 12:52:00+00,2019,7,July,12,7,27,Saturday,12,Motorway Collision,Daylight,NONE,Property Damage Only,0,0,0,39.999986,-105.235207,0,0,0,0,PARKING LOT,1252,4241
-105.258549,40.005927,Police Collision Report,COLLISION W/ MV - REAR TO SIDE,1908492,2,950   28TH ST      ,950 28TH STREET,,     ,  ,2019/07/30 00:00:00+00,2019/07/30 15:30:00+00,2019,7,July,15,3,30,Tuesday,15,Motorway Collision,Daylight,NONE,Property Damage Only,0,0,0,40.005927,-105.258549,0,0,0,0,PARKING LOT,1528,4242
-105.280971,40.016592,Police Collision Report,COLLISION W/ MV - REAR TO SIDE,1908973,2,11TH ST/WALNUT ST,11TH ST,CITY ST/CNTY RD,110,S ,2019/08/10 03:32:59+00,2019/08/10 03:33:00+00,2019,8,August,3,7,10,Saturday,3,Motorway Collision,Dark - Lighted,NONE,Property Damage Only,0,0,0,40.016592,-105.280971,0,0,0,0,NON-INTERSECTION,330,4243
-105.259835,40.036476,Police Collision Report,COLLISION W/ MV - REAR TO SIDE,1908951,2,2731  IRIS AVE      ,2731 IRIS AVE,,     ,  ,2019/08/09 00:00:00+00,2019/08/09 17:50:00+00,2019,8,August,17,6,9,Friday,17,Motorway Collision,Daylight,NONE,Property Damage Only,0,0,0,40.036476,-105.259835,0,0,0,0,PARKING LOT,1750,4244
-105.284191,40.024483,Police Collision Report,COLLISION W/ MV - REAR TO SIDE,1909134,2,975   NORTH ST      ,975 NORTH ST,,     ,  ,2019/08/13 17:02:59+00,2019/08/13 17:03:00+00,2019,8,August,17,3,13,Tuesday,17,Motorway Collision,Daylight,NONE,Property Damage Only,0,0,0,40.024483,-105.284191,0,0,0,0,PARKING LOT,1702,4245
-105.284844,40.020578,Police Collision Report,COLLISION W/ MV - REAR TO SIDE,1909135,2,9TH ST/MAPLETON AVE,9TH STREET,CITY ST/CNTY RD,     ,  ,2019/08/13 00:00:00+00,2019/08/13 17:26:00+00,2019,8,August,17,3,13,Tuesday,17,Motorway Collision,Daylight,NONE,Property Damage Only,0,0,0,40.020578,-105.284844,0,0,0,0,AT INTERSECTION,1726,4246
-105.284447,40.025487,Police Collision Report,COLLISION W/ MV - REAR TO SIDE,1908751,2,1000  ALPINE AVE      ,1000 ALPINE AVE,,     ,  ,2019/08/05 00:00:00+00,2019/08/05 11:14:00+00,2019,8,August,11,2,5,Monday,11,Motorway Collision,Daylight,NONE,Property Damage Only,0,0,0,40.025487,-105.284447,0,0,0,0,PARKING LOT,1114,4247
-105.253716,40.037957,Police Collision Report,COLLISION W/ MV - REAR TO SIDE,1908603,2,30TH ST/DIAGONAL HWY,DIAGONAL,STATE HWY,     ,  ,2019/08/01 00:00:00+00,2019/08/01 19:32:00+00,2019,8,August,19,5,1,Thursday,19,Motorway Collision,Daylight,NONE,Property Damage Only,0,0,0,40.037957,-105.253716,0,0,0,0,AT INTERSECTION,1932,4248
-105.278535,40.017637,Police Collision Report,COLLISION W/ MV - REAR TO SIDE,1908194,2,13TH ST/LAWRY LN,13TH ST,CITY ST/CNTY RD,126,N ,2019/07/24 00:00:00+00,2019/07/24 12:12:00+00,2019,7,July,12,4,24,Wednesday,12,Motorway Collision,Daylight,NONE,Property Damage Only,0,0,0,40.017637,-105.278535,0,0,0,0,NON-INTERSECTION,1212,4249
-105.25072,39.985206,Police Collision Report,COLLISION W/ MV - REAR TO SIDE,1907918,2,HARVARD LN/TABLE MESA DR,HARVARD LN,CITY ST/CNTY RD,     ,  ,2019/07/17 00:00:00+00,2019/07/17 13:28:00+00,2019,7,July,13,4,17,Wednesday,13,Motorway Collision,Daylight,NONE,Property Damage Only,0,0,0,39.985206,-105.25072,0,0,0,0,AT INTERSECTION,1326,4250
-105.285246,40.016798,Police Collision Report,COLLISION W/ MV - REAR TO SIDE,1907644,2,8TH ST/PEARL ST,8TH ST,CITY ST/CNTY RD,25,N ,2019/07/11 00:00:00+00,2019/07/11 12:37:00+00,2019,7,July,12,5,11,Thursday,12,Motorway Collision,Daylight,NONE,Property Damage Only,0,0,0,40.016798,-105.285246,0,0,0,0,NON-INTERSECTION,1234,4251
-105.254374,40.000033,Police Collision Report,COLLISION W/ MV - REAR TO SIDE,1907637,2,2950  BASELINE RD      ,2950 BASELINE ROAD,,     ,  ,2019/07/11 00:00:00+00,2019/07/11 08:38:00+00,2019,7,July,8,5,11,Thursday,8,Motorway Collision,Daylight,NONE,Property Damage Only,0,0,0,40.000033,-105.254374,0,0,0,0,PARKING LOT,840,4252
-105.283578,40.016098,Police Collision Report,COLLISION W/ MV - REAR TO SIDE,1907555,2,WALNUT ST/9TH ST,WALNUT,CITY ST/CNTY RD,20,W ,2019/07/09 00:00:00+00,2019/07/09 16:18:00+00,2019,7,July,16,3,9,Tuesday,16,Motorway Collision,Daylight,NONE,Property Damage Only,0,0,0,40.016098,-105.283578,0,0,0,0,INTERSECTION RELATED,1618,4253
-105.257466,40.040071,Police Collision Report,COLLISION W/ MV - REAR TO SIDE,1907290,2,2854  KALMIA AVE      ,2854 KALMIA AVE,,     ,  ,2019/07/03 00:00:00+00,2019/07/03 11:14:00+00,2019,7,July,11,4,3,Wednesday,11,Motorway Collision,Daylight,NONE,Property Damage Only,0,0,0,40.040071,-105.257466,0,0,0,0,PARKING LOT,1114,4254
-105.255884,40.022827,Police Collision Report,COLLISION W/ MV - REAR TO SIDE,1907346,2,2905  PEARL ST      ,2905 PEARL ST,,     ,  ,2019/07/04 00:00:00+00,2019/07/04 17:10:00+00,2019,7,July,17,5,4,Thursday,17,Motorway Collision,Daylight,NONE,Property Damage Only,0,0,0,40.022827,-105.255884,0,0,0,0,PARKING LOT,1710,4255
-105.258373,40.00721,Police Collision Report,COLLISION W/ MV - REAR TO SIDE,1907387,2,28TH FRONTAGE RD/E COLLEGE AVE,28TH ST,STATE HWY,50,S ,2019/07/05 00:00:00+00,2019/07/05 16:21:00+00,2019,7,July,16,6,5,Friday,16,Motorway Collision,Daylight,NONE,Property Damage Only,0,0,0,40.00721,-105.258373,0,0,0,0,INTERSECTION RELATED,1621,4256
-105.2774,40.018439,Police Collision Report,COLLISION W/ MV - REAR TO SIDE,1907255,3,14TH ST/PEARL ST,14TH ST,CITY ST/CNTY RD,90,S ,2019/07/02 00:00:00+00,2019/07/02 15:49:00+00,2019,7,July,15,3,2,Tuesday,15,Motorway Collision,Daylight,NONE,Property Damage Only,0,0,0,40.018439,-105.2774,0,0,0,0,NON-INTERSECTION,1549,4257
-105.286644,40.005392,Police Collision Report,COLLISION W/ MV - REAR TO SIDE,1906978,2,EUCLID AVE/6TH ST,EUCLID AVE,CITY ST/CNTY RD,200,W ,2019/06/26 00:00:00+00,2019/06/26 12:45:00+00,2019,6,June,12,4,26,Wednesday,12,Motorway Collision,Daylight,NONE,Property Damage Only,0,0,0,40.005392,-105.286644,0,0,0,0,DRIVEWAY ACCESS RELATED,1245,4258
-105.228304,39.984299,Police Collision Report,COLLISION W/ MV - REAR TO SIDE,1906283,2,5200  MANHATTAN CIR      ,5200 MANHATTAN CIR,,     ,  ,2019/06/09 00:00:00+00,2019/06/09 23:00:00+00,2019,6,June,23,1,9,Sunday,23,Motorway Collision,Dark - Lighted,NONE,Property Damage Only,0,0,0,39.984299,-105.228304,0,0,0,0,PARKING LOT,2300,4259
-105.258524,40.008129,Police Collision Report,COLLISION W/ MV - REAR TO SIDE,1906178,2,1200  28TH ST      ,1200 28TH ST,CITY ST/CNTY RD,     ,  ,2019/02/05 00:00:00+00,2019/02/05 00:00:00+00,2019,2,February,0,3,5,Tuesday,0,Motorway Collision,Daylight,NONE,Property Damage Only,0,0,0,40.008129,-105.258524,0,0,0,0,PARKING LOT,1200,4260
-105.274999,40.005452,Police Collision Report,COLLISION W/ MV - FRONT TO SIDE,2004319,2,14TH ST/EUCLID AVE,EUCLID,CITY ST/CNTY RD,     ,  ,2020/05/08 20:00:00+00,2020/05/08 16:38:00+00,2020,5,May,16,6,8,Friday,16,Motorway Collision,Daylight,NONE,Possible injury,0,0,0,40.005452,-105.274999,0,0,0,0,AT INTERSECTION,1638,4261
-105.281039,40.020916,Police Collision Report,COLLISION W/ MV - FRONT TO SIDE,2004301,2,BROADWAY/MAPLETON AVE,MAPLETON AVENUE,CITY ST/CNTY RD,     ,  ,2020/05/08 00:00:00+00,2020/05/08 13:15:00+00,2020,5,May,13,6,8,Friday,13,Motorway Collision,Daylight,NONE,Property Damage Only,0,0,0,40.020916,-105.281039,0,0,0,0,AT INTERSECTION,1315,4262
-105.276238,40.007301,Police Collision Report,COLLISION W/ MV - FRONT TO SIDE,2004340,2,13TH ST/COLLEGE AVE,13TH ST,CITY ST/CNTY RD,150,N ,2020/05/09 00:00:00+00,2020/05/09 12:24:00+00,2020,5,May,12,7,9,Saturday,12,Motorway Collision,Daylight,NONE,Property Damage Only,0,0,0,40.007301,-105.276238,0,0,0,0,NON-INTERSECTION,1224,4263
-105.256069,40.014709,Police Collision Report,COLLISION W/ MV - FRONT TO SIDE,2003875,2,29TH ST/ARAPAHOE AVE,ARAPAHOE AVE,STATE HWY,160,W ,2020/04/23 00:00:00+00,2020/04/23 13:47:00+00,2020,4,April,13,5,23,Thursday,13,Motorway Collision,Daylight,NONE,Property Damage Only,0,0,0,40.014709,-105.256069,0,0,0,0,NON-INTERSECTION,1350,4264
-105.278699,40.007292,Police Collision Report,COLLISION W/ MV - FRONT TO SIDE,2003962,2,11TH ST/COLLEGE AVE,11TH STREET,CITY ST/CNTY RD,     ,  ,2020/04/26 20:00:00+00,2020/04/26 23:14:00+00,2020,4,April,23,1,26,Sunday,23,Motorway Collision,Dark - Lighted,NONE,Property Damage Only,0,0,0,40.007292,-105.278699,0,0,0,0,AT INTERSECTION,2315,4265
-105.263158,40.021342,Police Collision Report,COLLISION W/ MV - FRONT TO SIDE,2003921,2,FOLSOM ST/PEARL ST,FOLSOM ST,CITY ST/CNTY RD,     ,  ,2020/04/25 00:00:00+00,2020/04/25 09:41:00+00,2020,4,April,9,7,25,Saturday,9,Motorway Collision,Daylight,NONE,Property Damage Only,0,0,0,40.021342,-105.263158,0,0,0,0,AT INTERSECTION,941,4266
-105.275792,40.008719,Police Collision Report,COLLISION W/ MV - FRONT TO SIDE,2003560,2,PENNSYLVANIA AVE/BROADWAY,BROADWAY,STATE HWY,     ,  ,2020/04/10 22:47:59+00,2020/04/10 22:48:00+00,2020,4,April,22,6,10,Friday,22,Motorway Collision,Dark - Lighted,NONE,Non-Incapacitating Injury,0,0,1,40.008719,-105.275792,0,0,0,0,AT INTERSECTION,2247,4267
-105.225418,40.014574,Police Collision Report,COLLISION W/ MV - FRONT TO SIDE,2003635,2,ARAPAHOE AVE/55TH ST,ARAPAHOE AVE,STATE HWY,     ,  ,2020/04/14 00:00:00+00,2020/04/14 11:08:00+00,2020,4,April,11,3,14,Tuesday,11,Motorway Collision,Daylight,NONE,Property Damage Only,0,0,0,40.014574,-105.225418,0,0,0,0,AT INTERSECTION,1105,4268
-105.206739,40.067206,Police Collision Report,COLLISION W/ MV - FRONT TO SIDE,1913829,2,SPINE RD/63RD ST,SPINE RD,CITY ST/CNTY RD,     ,  ,2019/11/22 00:00:00+00,2019/11/22 12:42:00+00,2019,11,November,12,6,22,Friday,12,Motorway Collision,Daylight,NONE,Property Damage Only,0,0,0,40.067206,-105.206739,0,0,0,0,AT INTERSECTION,1242,4269
-105.272777,40.01716,Police Collision Report,COLLISION W/ MV - FRONT TO SIDE,1913737,3,17TH ST/CANYON BLVD,17TH ST,CITY ST/CNTY RD,320,S ,2019/11/20 00:00:00+00,2019/11/20 13:52:00+00,2019,11,November,13,4,20,Wednesday,13,Motorway Collision,Daylight,NONE,Property Damage Only,0,0,0,40.01716,-105.272777,0,0,0,0,DRIVEWAY ACCESS RELATED,1352,4270
-105.262139,40.014529,Police Collision Report,COLLISION W/ MV - FRONT TO SIDE,2076320,2,2480  ARAPAHOE AVE      ,2480 ARAPAHOE AVE,,     ,  ,2020/10/18 15:00:00+00,2020/10/21 15:41:05+00,2020,10,October,15,4,21,Wednesday,15,Motorway Collision,Daylight,NONE,Property Damage Only,0,0,0,40.014529,-105.262139,0,0,0,0,PARKING LOT,1530,4271
-105.249191,39.985839,Police Collision Report,COLLISION W/ MV - FRONT TO SIDE,2010087,2,TABLE MESA DR/S 38TH ST,TABLE MESA DR,CITY ST/CNTY RD,     ,  ,2020/10/21 00:00:00+00,2020/10/21 17:18:00+00,2020,10,October,17,4,21,Wednesday,17,Motorway Collision,Daylight,NONE,Non-Incapacitating Injury,0,0,1,39.985839,-105.249191,0,0,0,0,AT INTERSECTION,1718,4272
-105.24706,39.970308,Police Collision Report,COLLISION W/ MV - FRONT TO SIDE,2010131,2,GREENBRIAR BLVD/GILLASPIE DR,GREENBRIAR BLVD,CITY ST/CNTY RD,     ,  ,2020/10/22 00:00:00+00,2020/10/22 17:47:00+00,2020,10,October,17,5,22,Thursday,17,Motorway Collision,Dawn or Dusk,NONE,Property Damage Only,0,0,0,39.970308,-105.24706,0,0,0,0,AT INTERSECTION,1747,4273
-105.247521,40.02923,Police Collision Report,COLLISION W/ MV - FRONT TO SIDE,2003710,2,VALMONT RD/WILDERNESS PL,VALMONT ROAD,CITY ST/CNTY RD,     ,  ,2020/04/17 00:00:00+00,2020/04/17 10:18:00+00,2020,4,April,10,6,17,Friday,10,Motorway Collision,Daylight,NONE,Property Damage Only,0,0,0,40.02923,-105.247521,0,0,0,0,AT INTERSECTION,1018,4274
-105.258476,40.03511,Police Collision Report,COLLISION W/ MV - FRONT TO SIDE,2003394,2,3325  28TH ST      ,3325 28TH ST.,,     ,  ,2020/04/04 00:00:00+00,2020/04/04 17:40:00+00,2020,4,April,17,7,4,Saturday,17,Motorway Collision,Daylight,NONE,Property Damage Only,0,0,0,40.03511,-105.258476,0,0,0,0,PARKING LOT,1715,4275
-105.258524,40.008127,Police Collision Report,COLLISION W/ MV - FRONT TO SIDE,2003436,2,28TH ST/COLORADO AVE,28TH ST,STATE HWY,     ,  ,2020/04/06 00:00:00+00,2020/04/06 17:34:00+00,2020,4,April,17,2,6,Monday,17,Motorway Collision,Daylight,NONE,Possible injury,0,0,0,40.008127,-105.258524,0,0,0,0,AT INTERSECTION,1734,4276
-105.256158,40.016426,Police Collision Report,COLLISION W/ MV - FRONT TO SIDE,2003234,2,1710  29TH ST      ,1710 29TH ST,CITY ST/CNTY RD,400,E ,2020/03/28 00:00:00+00,2020/03/28 16:21:00+00,2020,3,March,16,7,28,Saturday,16,Motorway Collision,Daylight,NONE,Possible injury,0,0,0,40.016426,-105.256158,0,0,0,0,PARKING LOT,1621,4277
-105.272693,40.054643,Police Collision Report,COLLISION W/ MV - FRONT TO SIDE,2003245,2,4500  19TH ST      ,AVACADO RD,CITY ST/CNTY RD,15,W ,2020/03/28 00:00:00+00,2020/03/28 00:00:00+00,2020,3,March,0,7,28,Saturday,0,Motorway Collision,Daylight,NONE,Property Damage Only,0,0,0,40.054643,-105.272693,0,0,0,0,NON-INTERSECTION,1730,4278
-105.236399,39.997121,Police Collision Report,COLLISION W/ MV - FRONT TO SIDE,2005376,2,550   MOHAWK DR      ,550 MOHAWK DR,,     ,  ,2020/06/08 00:00:00+00,2020/06/08 18:11:00+00,2020,6,June,18,2,8,Monday,18,Motorway Collision,Daylight,NONE,Property Damage Only,0,0,0,39.997121,-105.236399,0,0,0,0,PARKING LOT,800,4279
-105.247016,39.980447,Police Collision Report,COLLISION W/ MV - FRONT TO SIDE,2005377,2,DARLEY AVE/TOEDTLI DR,DARLEY AV,CITY ST/CNTY RD,     ,  ,2020/06/08 00:00:00+00,2020/06/08 18:46:00+00,2020,6,June,18,2,8,Monday,18,Motorway Collision,Daylight,NONE,Property Damage Only,0,0,0,39.980447,-105.247016,0,0,0,0,AT INTERSECTION,1846,4280
-105.247555,40.029198,Police Collision Report,COLLISION W/ MV - FRONT TO SIDE,2005427,2,WILDERNESS PL/VALMONT RD,VALMONT RD,CITY ST/CNTY RD,     ,  ,2020/06/10 00:00:00+00,2020/06/10 09:33:00+00,2020,6,June,9,4,10,Wednesday,9,Motorway Collision,Daylight,NONE,Property Damage Only,0,0,0,40.029198,-105.247555,0,0,0,0,AT INTERSECTION,932,4281
-105.284844,40.020578,Police Collision Report,COLLISION W/ MV - FRONT TO SIDE,2005499,2,9TH ST/MAPLETON AVE,9TH STREET,CITY ST/CNTY RD,     ,  ,2020/06/12 00:00:00+00,2020/06/12 14:01:00+00,2020,6,June,14,6,12,Friday,14,Motorway Collision,Daylight,NONE,Property Damage Only,0,0,0,40.020578,-105.284844,0,0,0,0,AT INTERSECTION,1401,4282
-105.258482,40.036463,Police Collision Report,COLLISION W/ MV - FRONT TO SIDE,2005504,2,28TH ST/IRIS AVE,IRIS AVE,CITY ST/CNTY RD,575,W ,2020/06/12 00:00:00+00,2020/06/12 15:17:00+00,2020,6,June,15,6,12,Friday,15,Motorway Collision,Daylight,NONE,Non-Incapacitating Injury,0,0,1,40.036463,-105.258482,0,0,0,0,DRIVEWAY ACCESS RELATED,1517,4283
-105.258354,40.022215,Police Collision Report,COLLISION W/ MV - FRONT TO SIDE,2005664,2,1995  28TH ST      ,1955 28TH STREET,,     ,  ,2020/06/17 00:00:00+00,2020/06/17 15:19:00+00,2020,6,June,15,4,17,Wednesday,15,Motorway Collision,Daylight,NONE,Property Damage Only,0,0,0,40.022215,-105.258354,0,0,0,0,AT INTERSECTION,1519,4284
-105.272693,40.054643,Police Collision Report,COLLISION W/ MV - FRONT TO SIDE,2005573,2,4500  19TH ST 584    ,PERSIMMON DRIVE,CITY ST/CNTY RD,300,W ,2020/06/14 22:01:00+00,2020/06/14 22:01:00+00,2020,6,June,22,1,14,Sunday,22,Motorway Collision,Dark - Unlighted,NONE,Property Damage Only,0,0,0,40.054643,-105.272693,1,1,0,0,NON-INTERSECTION,2201,4285
-105.255966,40.002711,Police Collision Report,COLLISION W/ MV - FRONT TO SIDE,2006143,2,29TH ST/BIXBY AVE,29TH ST,CITY ST/CNTY RD,     ,  ,2020/07/02 02:50:00+00,2020/07/02 02:50:00+00,2020,7,July,2,5,2,Thursday,2,Motorway Collision,Dark - Unlighted,NONE,Property Damage Only,0,0,0,40.002711,-105.255966,1,1,0,0,NON-INTERSECTION,250,4286
-105.216238,40.057212,Police Collision Report,COLLISION W/ MV - FRONT TO SIDE,2006256,2,SPINE RD/ORCHARD CREEK LN,SPINE RD,CITY ST/CNTY RD,     ,  ,2020/07/06 00:00:00+00,2020/07/06 07:33:00+00,2020,7,July,7,2,6,Monday,7,Motorway Collision,Daylight,NONE,Property Damage Only,0,0,0,40.057212,-105.216238,0,0,0,0,AT INTERSECTION,734,4287
-105.28213,40.027998,Police Collision Report,COLLISION W/ MV - FRONT TO SIDE,2006211,2,BROADWAY/CEDAR AVE,BROADWAY,CITY ST/CNTY RD,8,S ,2020/07/04 00:00:00+00,2020/07/04 17:47:00+00,2020,7,July,17,7,4,Saturday,17,Motorway Collision,Daylight,NONE,Non-Incapacitating Injury,0,0,1,40.027998,-105.28213,0,0,0,0,AT INTERSECTION,1747,4288
-105.258259,40.018972,Police Collision Report,COLLISION W/ MV - FRONT TO SIDE,2109593,2,1800  28TH ST      ,28TH STREET,STATE HWY,     ,N ,2021/10/07 00:00:00+00,2021/10/07 12:09:00+00,2021,10,October,12,5,7,Thursday,12,Motorway Collision,Daylight,NONE,Property Damage Only,0,0,0,40.018972,-105.258259,0,0,0,0,DRIVEWAY ACCESS RELATED,1200,4289
-105.244234,40.042815,Police Collision Report,COLLISION W/ MV - FRONT TO SIDE,2109634,2,3805  47TH ST      ,3805 47TH ST,,     ,  ,2021/09/30 00:00:00+00,2021/09/30 00:00:00+00,2021,9,September,0,5,30,Thursday,0,Motorway Collision,,NONE,Property Damage Only,0,0,0,40.042815,-105.244234,0,0,0,0,PARKING LOT,1700,4290
-105.218661,40.0204,Police Collision Report,COLLISION W/ MV - FRONT TO SIDE,2109740,2,1990  CENTRAL AVE      ,CENTRAL AVE,CITY ST/CNTY RD,     ,N ,2021/10/11 00:00:00+00,2021/10/11 09:44:00+00,2021,10,October,9,2,11,Monday,9,Motorway Collision,Daylight,NONE,Incapacitating Injury,0,1,1,40.0204,-105.218661,0,0,0,0,DRIVEWAY ACCESS RELATED,944,4291
-105.243424,40.007558,Police Collision Report,COLLISION W/ MV - FRONT TO SIDE,2109818,2,COLORADO AVE/DISCOVERY DR,COLORADO AVE,CITY ST/CNTY RD,     ,  ,2021/10/13 14:21:00+00,2021/10/13 14:21:00+00,2021,10,October,14,4,13,Wednesday,14,Motorway Collision,Daylight,NONE,Property Damage Only,0,0,0,40.007558,-105.243424,0,0,0,0,AT INTERSECTION,1421,4292
-105.255817,39.989295,Police Collision Report,COLLISION W/ MV - FRONT TO SIDE,2109359,2,S BROADWAY/DARTMOUTH AVE,BROADWAY,CITY ST/CNTY RD,     ,  ,2021/10/01 00:00:00+00,2021/10/01 17:12:00+00,2021,10,October,17,6,1,Friday,17,Motorway Collision,Daylight,NONE,Non-Incapacitating Injury,0,0,1,39.989295,-105.255817,0,0,0,0,AT INTERSECTION,1712,4293
-105.206739,40.067206,Police Collision Report,COLLISION W/ MV - FRONT TO SIDE,2108950,2,SPINE RD/63RD ST,SPINE RD,CITY ST/CNTY RD,     ,E ,2021/09/20 00:00:00+00,2021/09/20 16:54:00+00,2021,9,September,16,2,20,Monday,16,Motorway Collision,Daylight,NONE,Property Damage Only,0,0,0,40.067206,-105.206739,0,0,0,0,NON-INTERSECTION,1654,4294
-105.258282,40.014544,Police Collision Report,COLLISION W/ MV - FRONT TO SIDE,2108989,2,28TH ST/ARAPAHOE AVE,28TH ST,STATE HWY,     ,N ,2021/09/21 00:00:00+00,2021/09/21 12:46:00+00,2021,9,September,12,3,21,Tuesday,12,Motorway Collision,Daylight,NONE,Possible injury,0,0,0,40.014544,-105.258282,0,0,0,0,DRIVEWAY ACCESS RELATED,1246,4295