X,Y,ReportType,PrmaryCollsionType,CaseNumber,UnitsInvolved,Location,OnHighway,CrossStreet,FeetFromIntersection,DirectionFromIntersection,CollisionDate,ReportedDate,ReportedYear,ReportedMonth,ReportedMonthName,ReportedWeek,ReportedDayofWeekNum,ReportedDayofMonth,ReportedDayofWeek,ReportedHour,HitAndRunStatus,LightingCondition,WeatherCondition,Severity,NumKilled,NumSeriouslyInjured,NumInjuredOrKilled,Lat,Lon,DUI,AlcoholDrugSuspected,BicyclesInvolved,PedestriansInvolved,RoadDescription,Crash_Time,ESRI_OID
-105.225418,40.014574,Police Collision Report,COLLISION W/ MV - FRONT TO SIDE,1911161,2,ARAPAHOE AVE/55TH ST,ARAPAHOE,STATE HWY,     ,  ,2019/09/19 00:00:00+00,2019/09/19 14:37:00+00,2019,9,September,14,5,19,Thursday,14,Motorway Collision,Daylight,NONE,Property Damage Only,0,0,0,40.014574,-105.225418,1,1,0,0,AT INTERSECTION,1430,4429
-105.250117,40.014735,Police Collision Report,COLLISION W/ MV - FRONT TO SIDE,1911183,2,ARAPAHOE AVE/33RD ST,ARAPAHOE AVENUE,STATE HWY,     ,  ,2019/09/20 00:00:00+00,2019/09/20 07:11:00+00,2019,9,September,7,6,20,Friday,7,Motorway Collision,Dawn or Dusk,NONE,Non-Incapacitating Injury,0,0,1,40.014735,-105.250117,0,0,0,0,AT INTERSECTION,711,4430
-105.261628,40.014585,Police Collision Report,COLLISION W/ MV - FRONT TO SIDE,1911196,2,2525  ARAPAHOE AVE      ,2525 ARAPAHOE AVENUE,,     ,  ,2019/09/20 00:00:00+00,2019/09/20 09:48:00+00,2019,9,September,9,6,20,Friday,9,Motorway Collision,Daylight,NONE,Property Damage Only,0,0,0,40.014585,-105.261628,0,0,0,0,PARKING LOT,930,4431
-105.281133,40.007315,Police Collision Report,COLLISION W/ MV - FRONT TO SIDE,1911774,2,COLLEGE AVE/LINCOLN PL,COLLEGE AVE,CITY ST/CNTY RD,     ,  ,2019/10/02 00:00:00+00,2019/10/02 11:41:00+00,2019,10,October,11,4,2,Wednesday,11,Motorway Collision,Daylight,NONE,Non-Incapacitating Injury,0,0,1,40.007315,-105.281133,0,0,0,0,AT INTERSECTION,1140,4432
-105.282008,40.024764,Police Collision Report,COLLISION W/ MV - FRONT TO SIDE,1911816,2,2628  BROADWAY      ,2628 BROADWAY,,     ,  ,2019/10/03 00:00:00+00,2019/10/03 11:26:00+00,2019,10,October,11,5,3,Thursday,11,Motorway Collision,Daylight,NONE,Property Damage Only,0,0,0,40.024764,-105.282008,0,0,0,0,PARKING LOT,1126,4433
-105.285606,40.027986,Police Collision Report,COLLISION W/ MV - FRONT TO SIDE,1911833,2,9TH ST/CEDAR AVE,9TH ST,CITY ST/CNTY RD,     ,  ,2019/10/03 00:00:00+00,2019/10/03 16:07:00+00,2019,10,October,16,5,3,Thursday,16,Motorway Collision,Daylight,NONE,Non-Incapacitating Injury,0,0,1,40.027986,-105.285606,0,0,0,0,AT INTERSECTION,1609,4434
-105.253146,40.003727,Police Collision Report,COLLISION W/ MV - FRONT TO SIDE,1911624,2,30TH ST/E AURORA AVE,30TH ST,CITY ST/CNTY RD,     ,  ,2019/09/29 00:00:00+00,2019/09/29 09:40:00+00,2019,9,September,9,1,29,Sunday,9,Motorway Collision,Daylight,NONE,Property Damage Only,0,0,0,40.003727,-105.253146,0,0,0,0,AT INTERSECTION,943,4435
-105.26379,40.000067,Police Collision Report,COLLISION W/ MV - FRONT TO SIDE,1911653,2,BROADWAY/BASELINE RD,BROADWAY,STATE HWY,     ,  ,2019/09/29 00:00:00+00,2019/09/29 17:30:00+00,2019,9,September,17,1,29,Sunday,17,Motorway Collision,Daylight,NONE,Possible injury,0,0,0,40.000067,-105.26379,0,0,0,0,AT INTERSECTION,1730,4436
-105.26379,40.000067,Police Collision Report,COLLISION W/ MV - FRONT TO SIDE,1911701,2,BROADWAY/BASELINE RD,BASELINE,STATE HWY,     ,  ,2019/09/30 00:00:00+00,2019/09/30 22:01:00+00,2019,9,September,22,2,30,Monday,22,Motorway Collision,Dark - Lighted,NONE,Property Damage Only,0,0,0,40.000067,-105.26379,0,0,0,0,AT INTERSECTION,2202,4437
-105.27441,40.017948,Police Collision Report,COLLISION W/ MV - FRONT TO SIDE,1911599,2,16TH ST/WALNUT ST,16TH,CITY ST/CNTY RD,     ,  ,2019/09/28 00:00:00+00,2019/09/28 16:54:00+00,2019,9,September,16,7,28,Saturday,16,Motorway Collision,Daylight,NONE,Property Damage Only,0,0,0,40.017948,-105.27441,0,0,0,0,AT INTERSECTION,1650,4438
-105.279903,40.007262,Police Collision Report,COLLISION W/ MV - FRONT TO SIDE,1911618,2,COLLEGE AVE/10TH ST,COLLEGE,CITY ST/CNTY RD,     ,  ,2019/09/29 00:00:00+00,2019/09/29 00:48:00+00,2019,9,September,0,1,29,Sunday,0,Motorway Collision,Dark - Unlighted,NONE,Possible injury,0,0,0,40.007262,-105.279903,0,0,0,1,AT INTERSECTION,45,4439
-105.258524,40.008127,Police Collision Report,COLLISION W/ MV - FRONT TO SIDE,1911576,2,28TH ST/COLORADO AVE,28TH,CITY ST/CNTY RD,     ,  ,2019/09/28 01:37:59+00,2019/09/28 01:38:00+00,2019,9,September,1,7,28,Saturday,1,Motorway Collision,Dark - Unlighted,NONE,Possible injury,0,0,0,40.008127,-105.258524,1,1,0,0,AT INTERSECTION,138,4440
-105.253425,40.00742,Police Collision Report,COLLISION W/ MV - FRONT TO SIDE,1911541,3,30TH ST/COLORADO AVE,30TH ST,CITY ST/CNTY RD,     ,  ,2019/09/27 00:00:00+00,2019/09/27 11:59:00+00,2019,9,September,11,6,27,Friday,11,Motorway Collision,Daylight,NONE,Possible injury,0,0,0,40.00742,-105.253425,0,0,0,0,AT INTERSECTION,1159,4441
-105.206674,40.014677,Police Collision Report,COLLISION W/ MV - FRONT TO SIDE,1911543,2,ARAPAHOE AVE/63RD ST,ARAPAHOE AVENUE,STATE HWY,     ,  ,2019/09/27 00:00:00+00,2019/09/27 12:52:00+00,2019,9,September,12,6,27,Friday,12,Motorway Collision,Daylight,NONE,Property Damage Only,0,0,0,40.014677,-105.206674,0,0,0,0,AT INTERSECTION,1252,4442
-105.244714,40.022961,Police Collision Report,COLLISION W/ MV - FRONT TO SIDE,1912392,2,PEARL PKWY/FOOTHILLS PKWY,PEARL PARKWAY,CITY ST/CNTY RD,     ,  ,2019/10/17 00:00:00+00,2019/10/17 07:29:00+00,2019,10,October,7,5,17,Thursday,7,Motorway Collision,Dawn or Dusk,NONE,Non-Incapacitating Injury,0,0,1,40.022961,-105.244714,0,0,0,0,AT INTERSECTION,729,4443
-105.253138,40.005943,Police Collision Report,COLLISION W/ MV - FRONT TO SIDE,1912354,2,30TH ST/MADISON AVE,30TH STREET,CITY ST/CNTY RD,     ,  ,2019/10/16 00:00:00+00,2019/10/16 09:19:00+00,2019,10,October,9,4,16,Wednesday,9,Motorway Collision,Daylight,NONE,Property Damage Only,0,0,0,40.005943,-105.253138,0,0,0,0,AT INTERSECTION,919,4444
-105.245689,40.038187,Police Collision Report,COLLISION W/ MV - FRONT TO SIDE,1912185,2,DIAGONAL HWY/FOOTHILLS PKWY OFF RAMP,DIAGONAL HWY,STATE HWY,     ,  ,2019/10/12 00:00:00+00,2019/10/12 00:00:00+00,2019,10,October,0,7,12,Saturday,0,Motorway Collision,Daylight,NONE,Possible injury,0,0,0,40.038187,-105.245689,0,0,0,0,AT INTERSECTION,1131,4445
-105.272734,40.054671,Police Collision Report,COLLISION W/ MV - FRONT TO SIDE,1912340,2,VIOLET AVE/19TH ST,VIOLET AVE,CITY ST/CNTY RD,     ,  ,2019/10/15 00:00:00+00,2019/10/15 15:23:00+00,2019,10,October,15,3,15,Tuesday,15,Motorway Collision,Daylight,NONE,Property Damage Only,0,0,0,40.054671,-105.272734,0,0,0,0,AT INTERSECTION,1523,4446
-105.253767,40.023257,Police Collision Report,COLLISION W/ MV - FRONT TO SIDE,1912288,2,30TH ST/PEARL ST,PEARL ST,CITY ST/CNTY RD,     ,  ,2019/10/14 00:00:00+00,2019/10/14 17:27:00+00,2019,10,October,17,2,14,Monday,17,Motorway Collision,Daylight,NONE,Property Damage Only,0,0,0,40.023257,-105.253767,0,0,0,0,AT INTERSECTION,1726,4447
-105.270525,40.01721,Police Collision Report,COLLISION W/ MV - FRONT TO SIDE,1912328,2,19TH ST/CANYON BLVD,CANYON BLVD,STATE HWY,     ,  ,2019/10/15 00:00:00+00,2019/10/15 13:31:00+00,2019,10,October,13,3,15,Tuesday,13,Motorway Collision,Daylight,NONE,Property Damage Only,0,0,0,40.01721,-105.270525,0,0,0,0,AT INTERSECTION,1331,4448
-105.247447,40.02285,Police Collision Report,COLLISION W/ MV - FRONT TO SIDE,1912418,2,PEARL PKWY/FRONTIER AVE,PEARL PKWY,,     ,  ,2019/10/17 00:00:00+00,2019/10/17 16:15:00+00,2019,10,October,16,5,17,Thursday,16,Motorway Collision,Daylight,NONE,Property Damage Only,0,0,0,40.02285,-105.247447,0,0,0,0,AT INTERSECTION,1559,4449
-105.276662,40.01646,Police Collision Report,COLLISION W/ MV - FRONT TO SIDE,1912480,2,14TH ST/CANYON BLVD,CANYON BLVD,CITY ST/CNTY RD,     ,  ,2019/10/19 00:00:00+00,2019/10/19 06:07:00+00,2019,10,October,6,7,19,Saturday,6,Motorway Collision,Dark - Unlighted,NONE,Property Damage Only,0,0,0,40.01646,-105.276662,0,0,0,0,AT INTERSECTION,607,4450
-105.26379,40.000067,Police Collision Report,COLLISION W/ MV - FRONT TO SIDE,1912498,2,BROADWAY/BASELINE RD,BROADWAY,STATE HWY,145,S ,2019/10/19 00:00:00+00,2019/10/19 16:10:00+00,2019,10,October,16,7,19,Saturday,16,Motorway Collision,Daylight,NONE,Property Damage Only,0,0,0,40.000067,-105.26379,0,0,0,0,INTERSECTION RELATED,1610,4451
-105.282286,40.010513,Police Collision Report,COLLISION W/ MV - FRONT TO SIDE,1912719,2,UNIVERSITY AVE/9TH ST,UNIVERSITY AVE,CITY ST/CNTY RD,161,W ,2019/10/25 00:00:00+00,2019/10/25 11:43:00+00,2019,10,October,11,6,25,Friday,11,Motorway Collision,Daylight,NONE,Possible injury,0,0,0,40.010513,-105.282286,0,0,0,0,NON-INTERSECTION,1142,4452
-105.253425,40.00742,Police Collision Report,COLLISION W/ MV - FRONT TO SIDE,1912715,2,30TH ST/COLORADO AVE,30TH STREET,CITY ST/CNTY RD,     ,  ,2019/10/25 00:00:00+00,2019/10/25 10:50:00+00,2019,10,October,10,6,25,Friday,10,Motorway Collision,Daylight,NONE,Property Damage Only,0,0,0,40.00742,-105.253425,0,0,0,0,AT INTERSECTION,1050,4453
-105.260078,39.978077,Police Collision Report,COLLISION W/ MV - FRONT TO SIDE,1912567,2,LEHIGH ST/BEAR MOUNTAIN DR,LEHIGH ST,CITY ST/CNTY RD,     ,  ,2019/10/21 00:00:00+00,2019/10/21 16:20:00+00,2019,10,October,16,2,21,Monday,16,Motorway Collision,Dawn or Dusk,NONE,Property Damage Only,0,0,0,39.978077,-105.260078,0,0,0,0,INTERSECTION RELATED,1620,4454
-105.261236,39.9965,Police Collision Report,COLLISION W/ MV - FRONT TO SIDE,1912573,2,BROADWAY/27TH WAY,BROADWAY,STATE HWY,     ,  ,2019/10/21 00:00:00+00,2019/10/21 20:40:00+00,2019,10,October,20,2,21,Monday,20,Motorway Collision,Dark - Lighted,NONE,Property Damage Only,0,0,0,39.9965,-105.261236,0,0,0,0,AT INTERSECTION,2040,4455
-105.25015,40.017254,Police Collision Report,COLLISION W/ MV - FRONT TO SIDE,1912635,2,33RD ST/FISHER DR,33RD ST,CITY ST/CNTY RD,     ,  ,2019/10/23 00:00:00+00,2019/10/23 11:56:00+00,2019,10,October,11,4,23,Wednesday,11,Motorway Collision,Daylight,NONE,Property Damage Only,0,0,0,40.017254,-105.25015,0,0,0,0,AT INTERSECTION,1156,4456
-105.240833,40.014503,Police Collision Report,COLLISION W/ MV - FRONT TO SIDE,1912683,2,ARAPAHOE AVE/FOOTHILLS PKWY,ARAPAHOE AVENUE,STATE HWY,     ,  ,2019/10/24 00:00:00+00,2019/10/24 14:02:00+00,2019,10,October,14,5,24,Thursday,14,Motorway Collision,Daylight,NONE,Possible injury,0,0,0,40.014503,-105.240833,0,0,0,0,AT INTERSECTION,1402,4457
-105.256094,40.017033,Police Collision Report,COLLISION W/ MV - FRONT TO SIDE,1912201,2,29TH ST/CANYON BLVD,29TH,CITY ST/CNTY RD,     ,  ,2019/10/12 00:00:00+00,2019/10/12 20:06:00+00,2019,10,October,20,7,12,Saturday,20,Motorway Collision,Dark - Lighted,NONE,Property Damage Only,0,0,0,40.017033,-105.256094,0,0,0,0,AT INTERSECTION,2007,4458
-105.275701,40.017713,Police Collision Report,COLLISION W/ MV - FRONT TO SIDE,1912149,2,WALNUT ST/15TH ST,WALNUT ST A,CITY ST/CNTY RD,     ,  ,2019/10/11 00:00:00+00,2019/10/11 11:14:00+00,2019,10,October,11,6,11,Friday,11,Motorway Collision,Daylight,NONE,Property Damage Only,0,0,0,40.017713,-105.275701,0,0,0,0,AT INTERSECTION,1114,4459
-105.235207,39.999986,Police Collision Report,COLLISION W/ MV - FRONT TO SIDE,1904805,2,4800  BASELINE RD      ,4800 BASELINE RD,,     ,  ,2019/05/04 00:00:00+00,2019/05/04 12:59:00+00,2019,5,May,12,7,4,Saturday,12,Motorway Collision,Daylight,NONE,Property Damage Only,0,0,0,39.999986,-105.235207,0,0,0,0,PARKING LOT,1259,4460
-105.232067,39.986813,Police Collision Report,COLLISION W/ MV - FRONT TO SIDE,1904741,2,TABLE MESA DR/FOOTHILLS PKWY,TABLE MESA DR,CITY ST/CNTY RD,183,W ,2019/05/02 00:00:00+00,2019/05/02 17:11:00+00,2019,5,May,17,5,2,Thursday,17,Motorway Collision,Daylight,NONE,Property Damage Only,0,0,0,39.986813,-105.232067,0,0,0,0,INTERSECTION RELATED,1711,4461
-105.229139,39.986014,Police Collision Report,COLLISION W/ MV - FRONT TO SIDE,2001556,2,SOUTH BOULDER CIR/SOUTH BOULDER RD,SOUTH BOULDER CIRCLE,CITY ST/CNTY RD,100,N ,2020/02/11 00:00:00+00,2020/02/11 08:32:00+00,2020,2,February,8,3,11,Tuesday,8,Motorway Collision,Daylight,NONE,Property Damage Only,0,0,0,39.986014,-105.229139,0,0,0,0,NON-INTERSECTION,830,4462
-105.227438,39.98599,Police Collision Report,COLLISION W/ MV - FRONT TO SIDE,2001347,2,MANHATTAN DR/SOUTH BOULDER RD,MANHATTAN CIR,CITY ST/CNTY RD,333,S ,2020/02/06 00:00:00+00,2020/02/06 12:37:00+00,2020,2,February,12,5,6,Thursday,12,Motorway Collision,Daylight,NONE,Property Damage Only,0,0,0,39.98599,-105.227438,0,0,0,0,NON-INTERSECTION,1237,4463
-105.258272,40.017365,Police Collision Report,COLLISION W/ MV - FRONT TO SIDE,2001449,2,CANYON BLVD/28TH ST,CANYON BLVD,,258,E ,2020/02/08 00:00:00+00,2020/02/08 16:44:00+00,2020,2,February,16,7,8,Saturday,16,Motorway Collision,Daylight,NONE,Property Damage Only,0,0,0,40.017365,-105.258272,0,0,0,0,AT INTERSECTION,1644,4464
-105.27441,40.017948,Police Collision Report,COLLISION W/ MV - FRONT TO SIDE,2001454,2,16TH ST/WALNUT ST,16TH ST,CITY ST/CNTY RD,     ,  ,2020/02/08 00:00:00+00,2020/02/08 18:39:00+00,2020,2,February,18,7,8,Saturday,18,Motorway Collision,Dark - Lighted,NONE,Property Damage Only,0,0,0,40.017948,-105.27441,0,0,0,0,AT INTERSECTION,1839,4465
-105.236491,39.996341,Police Collision Report,COLLISION W/ MV - FRONT TO SIDE,1911913,2,COMANCHE DR/MOHAWK DR,COMANCHE DRIVE,CITY ST/CNTY RD,     ,  ,2019/10/05 00:00:00+00,2019/10/05 13:54:00+00,2019,10,October,13,7,5,Saturday,13,Motorway Collision,Daylight,NONE,Property Damage Only,0,0,0,39.996341,-105.236491,0,0,0,0,AT INTERSECTION,1354,4466
-105.258516,40.040103,Police Collision Report,COLLISION W/ MV - FRONT TO SIDE,1911876,2,28TH ST/KALMIA AVE,28TH ST,STATE HWY,     ,  ,2019/10/04 00:00:00+00,2019/10/04 18:03:00+00,2019,10,October,18,6,4,Friday,18,Motorway Collision,Daylight,NONE,Property Damage Only,0,0,0,40.040103,-105.258516,0,0,0,0,AT INTERSECTION,1803,4467
-105.27266,40.026752,Police Collision Report,COLLISION W/ MV - FRONT TO SIDE,1911733,2,19TH ST/EDGEWOOD DR,19TH,CITY ST/CNTY RD,     ,  ,2019/09/12 00:00:00+00,2019/09/12 00:00:00+00,2019,9,September,0,5,12,Thursday,0,Motorway Collision,Daylight,NONE,Incapacitating Injury,0,1,1,40.026752,-105.27266,0,0,1,0,AT INTERSECTION,1300,4468
-105.257148,39.980597,Police Collision Report,COLLISION W/ MV - FRONT TO SIDE,1911998,2,TABLE MESA DR/ITHACA DR,TABLE MESA DR,CITY ST/CNTY RD,     ,  ,2019/10/07 00:00:00+00,2019/10/07 11:04:00+00,2019,10,October,11,2,7,Monday,11,Motorway Collision,Daylight,NONE,Possible injury,0,0,0,39.980597,-105.257148,0,0,0,0,AT INTERSECTION,1104,4469
-105.254077,39.983119,Police Collision Report,COLLISION W/ MV - FRONT TO SIDE,1912008,2,TABLE MESA DR/GILLASPIE DR,TABLE MESA,CITY ST/CNTY RD,     ,  ,2019/10/07 00:00:00+00,2019/10/07 14:02:00+00,2019,10,October,14,2,7,Monday,14,Motorway Collision,Daylight,NONE,Property Damage Only,0,0,0,39.983119,-105.254077,0,0,0,0,AT INTERSECTION,1401,4470
,,Police Collision Report,COLLISION W/ MV - FRONT TO SIDE,1911696,3,US HWY 287/CO HWY 119,MAIN ST,STATE HWY,     ,  ,2019/09/30 00:00:00+00,2019/09/30 00:00:00+00,2019,9,September,0,2,30,Monday,0,Motorway Collision,Daylight,NONE,Possible injury,0,0,0,,,0,0,0,0,AT INTERSECTION,1633,4471
-105.260139,39.995243,Police Collision Report,COLLISION W/ MV - FRONT TO SIDE,1912048,2,27TH ST/BROADWAY,27TH,STATE HWY,     ,  ,2019/10/08 00:00:00+00,2019/10/08 17:37:00+00,2019,10,October,17,3,8,Tuesday,17,Motorway Collision,Daylight,NONE,Possible injury,0,0,0,39.995243,-105.260139,0,0,0,0,AT INTERSECTION,1737,4472
-105.253043,40.000084,Police Collision Report,COLLISION W/ MV - FRONT TO SIDE,1912051,2,BASELINE RD/30TH ST,BASELINE RD,CITY ST/CNTY RD,     ,  ,2019/10/08 00:00:00+00,2019/10/08 19:06:00+00,2019,10,October,19,3,8,Tuesday,19,Motorway Collision,Dark - Lighted,NONE,Possible injury,0,0,0,40.000084,-105.253043,0,0,0,0,AT INTERSECTION,1906,4473
-105.240353,40.014675,Police Collision Report,COLLISION W/ MV - FRONT TO SIDE,1913139,2,4430  ARAPAHOE AVE      ,4430 ARAPAHOE AVE,,     ,  ,2019/11/05 00:00:00+00,2019/11/05 12:57:00+00,2019,11,November,12,3,5,Tuesday,12,Motorway Collision,Daylight,NONE,Property Damage Only,0,0,0,40.014675,-105.240353,0,0,0,0,PARKING LOT,1255,4474
-105.263226,40.036463,Police Collision Report,COLLISION W/ MV - FRONT TO SIDE,1913175,2,IRIS AVE/FOLSOM ST,IRIS AVENUE,CITY ST/CNTY RD,     ,  ,2019/11/06 00:00:00+00,2019/11/06 08:12:00+00,2019,11,November,8,4,6,Wednesday,8,Motorway Collision,Daylight,NONE,Property Damage Only,0,0,0,40.036463,-105.263226,0,0,0,0,AT INTERSECTION,812,4475
-105.244714,40.022961,Police Collision Report,COLLISION W/ MV - FRONT TO SIDE,1913212,2,PEARL PKWY/FOOTHILLS PKWY,PEARL PARKWAY,CITY ST/CNTY RD,     ,  ,2019/11/07 00:00:00+00,2019/11/07 09:28:00+00,2019,11,November,9,5,7,Thursday,9,Motorway Collision,Daylight,NONE,Possible injury,0,0,0,40.022961,-105.244714,0,0,0,0,AT INTERSECTION,928,4476
-105.258436,40.029101,Police Collision Report,COLLISION W/ MV - FRONT TO SIDE,1913260,2,28TH ST/VALMONT RD,28TH STREET,STATE HWY,84,S ,2019/11/08 00:00:00+00,2019/11/08 12:14:00+00,2019,11,November,12,6,8,Friday,12,Motorway Collision,Daylight,NONE,Property Damage Only,0,0,0,40.029101,-105.258436,0,0,0,0,INTERSECTION RELATED,1228,4477
-105.232572,40.000025,Police Collision Report,COLLISION W/ MV - FRONT TO SIDE,1913490,2,FOOTHILLS PKWY/BASELINE RD,FOTHILLS PKWY,STATE HWY,     ,  ,2019/11/14 00:00:00+00,2019/11/14 00:04:00+00,2019,11,November,0,5,14,Thursday,0,Motorway Collision,Dark - Lighted,NONE,Incapacitating Injury,0,1,1,40.000025,-105.232572,0,0,0,0,AT INTERSECTION,4,4478
-105.22815,40.014579,Police Collision Report,COLLISION W/ MV - FRONT TO SIDE,1913429,2,ARAPAHOE AVE/CONESTOGA ST,ARAPAHOE,CITY ST/CNTY RD,     ,  ,2019/11/12 00:00:00+00,2019/11/12 17:08:00+00,2019,11,November,17,3,12,Tuesday,17,Motorway Collision,Dark - Lighted,NONE,Property Damage Only,0,0,0,40.014579,-105.22815,0,0,0,0,AT INTERSECTION,1708,4479
-105.253713,40.018899,Police Collision Report,COLLISION W/ MV - FRONT TO SIDE,1913418,2,1830  30TH ST      ,1830 30TH ST,CITY ST/CNTY RD,     ,  ,2019/11/12 00:00:00+00,2019/11/12 13:37:00+00,2019,11,November,13,3,12,Tuesday,13,Motorway Collision,Daylight,NONE,Possible injury,0,0,0,40.018899,-105.253713,0,0,1,0,DRIVEWAY ACCESS RELATED,1337,4480
-105.263165,40.02917,Police Collision Report,COLLISION W/ MV - FRONT TO SIDE,1913419,2,FOLSOM ST/VALMONT RD,FOLSOM ST,CITY ST/CNTY RD,     ,  ,2019/11/12 00:00:00+00,2019/11/12 14:11:00+00,2019,11,November,14,3,12,Tuesday,14,Motorway Collision,Daylight,NONE,Property Damage Only,0,0,0,40.02917,-105.263165,0,0,0,0,AT INTERSECTION,1411,4481
-105.239567,40.008522,Police Collision Report,COLLISION W/ MV - FRONT TO SIDE,1913403,2,FOOTHILLS PKWY/COLORADO AVE,HWY 157,STATE HWY,42,S ,2019/11/11 00:00:00+00,2019/11/11 17:42:00+00,2019,11,November,17,2,11,Monday,17,Motorway Collision,Dark - Unlighted,NONE,Incapacitating Injury,0,1,1,40.008522,-105.239567,0,0,0,0,AT INTERSECTION,1830,4482
-105.258282,40.014544,Police Collision Report,COLLISION W/ MV - FRONT TO SIDE,1913109,2,28TH ST/ARAPAHOE AVE,28TH ST,STATE HWY,900,S ,2019/11/04 00:00:00+00,2019/11/04 17:42:00+00,2019,11,November,17,2,4,Monday,17,Motorway Collision,Dawn or Dusk,NONE,Property Damage Only,0,0,0,40.014544,-105.258282,0,0,0,0,NON-INTERSECTION,1741,4483
-105.277423,40.005434,Police Collision Report,COLLISION W/ MV - FRONT TO SIDE,1913094,2,EUCLID AVE/12TH ST,EUCLID AVE,CITY ST/CNTY RD,144,E ,2019/11/04 00:00:00+00,2019/11/04 10:59:00+00,2019,11,November,10,2,4,Monday,10,Motorway Collision,Daylight,NONE,Property Damage Only,0,0,0,40.005434,-105.277423,0,0,0,0,CROSSOVER-RELATED,1059,4484
-105.253763,40.037979,Police Collision Report,COLLISION W/ MV - FRONT TO SIDE,1913105,2,DIAGONAL HWY/30TH ST,DIAGONAL HWY,STATE HWY,     ,  ,2019/11/04 00:00:00+00,2019/11/04 16:27:00+00,2019,11,November,16,2,4,Monday,16,Motorway Collision,Dark - Lighted,NONE,Non-Incapacitating Injury,0,0,1,40.037979,-105.253763,0,0,0,0,AT INTERSECTION,1627,4485
-105.261628,40.014585,Police Collision Report,COLLISION W/ MV - FRONT TO SIDE,1913149,2,2525  ARAPAHOE AVE      ,ARAPAHOE AVE,CITY ST/CNTY RD,     ,  ,2019/11/05 00:00:00+00,2019/11/05 15:37:00+00,2019,11,November,15,3,5,Tuesday,15,Motorway Collision,Daylight,NONE,Property Damage Only,0,0,0,40.014585,-105.261628,0,0,0,0,AT INTERSECTION,1537,4486
-105.251909,39.984144,Police Collision Report,COLLISION W/ MV - FRONT TO SIDE,1913125,2,TABLE MESA DR/STANFORD AVE,TABLE MESA DR,CITY ST/CNTY RD,     ,  ,2019/11/05 00:00:00+00,2019/11/05 08:28:00+00,2019,11,November,8,3,5,Tuesday,8,Motorway Collision,Daylight,NONE,Property Damage Only,0,0,0,39.984144,-105.251909,0,0,0,0,AT INTERSECTION,830,4487
-105.258565,40.008102,Police Collision Report,COLLISION W/ MV - FRONT TO SIDE,1913074,2,COLORADO AVE/28TH ST,28TH STREET,STATE HWY,     ,  ,2006/11/03 00:00:00+00,2019/11/03 21:18:00+00,2019,11,November,21,1,3,Sunday,21,Motorway Collision,Dark - Lighted,NONE,Property Damage Only,0,0,0,40.008102,-105.258565,0,0,0,0,AT INTERSECTION,2118,4488
-105.249347,40.029229,Police Collision Report,COLLISION W/ MV - FRONT TO SIDE,1913075,2,VALMONT RD/34TH ST,VALMONT ROAD,CITY ST/CNTY RD,     ,  ,2019/11/01 00:00:00+00,2019/11/01 00:00:00+00,2019,11,November,0,6,1,Friday,0,Motorway Collision,Dark - Lighted,NONE,Property Damage Only,0,0,0,40.029229,-105.249347,0,0,0,0,AT INTERSECTION,2053,4489
-105.234408,39.986639,Police Collision Report,COLLISION W/ MV - FRONT TO SIDE,1913046,2,4920  TABLE MESA DR      ,TABLE DR,STATE HWY,     ,  ,2019/11/03 00:00:00+00,2019/11/03 07:50:00+00,2019,11,November,7,1,3,Sunday,7,Motorway Collision,Daylight,NONE,Possible injury,0,0,0,39.986639,-105.234408,0,0,0,0,AT INTERSECTION,750,4490
-105.279657,40.016862,Police Collision Report,COLLISION W/ MV - FRONT TO SIDE,1913003,2,BROADWAY/WALNUT ST,BROADWAY,CITY ST/CNTY RD,     ,  ,2019/11/01 00:00:00+00,2019/11/01 16:15:00+00,2019,11,November,16,6,1,Friday,16,Motorway Collision,Daylight,NONE,Possible injury,0,0,0,40.016862,-105.279657,0,0,0,0,AT INTERSECTION,1614,4491
-105.282008,40.007271,Police Collision Report,COLLISION W/ MV - FRONT TO SIDE,1912990,2,9TH ST/COLLEGE AVE,9TH STREET,CITY ST/CNTY RD,153,N ,2019/11/01 00:00:00+00,2019/11/01 13:17:00+00,2019,11,November,13,6,1,Friday,13,Motorway Collision,Daylight,NONE,Property Damage Only,0,0,0,40.007271,-105.282008,0,0,0,0,NON-INTERSECTION,1317,4492
-105.284884,40.020611,Police Collision Report,COLLISION W/ MV - FRONT TO SIDE,1913024,2,MAPLETON AVE/9TH ST,MAPLETON AVENUE,CITY ST/CNTY RD,     ,  ,2019/11/02 00:00:00+00,2019/11/02 09:12:00+00,2019,11,November,9,7,2,Saturday,9,Motorway Collision,Daylight,NONE,Property Damage Only,0,0,0,40.020611,-105.284884,0,0,0,0,AT INTERSECTION,912,4493
-105.281326,40.013602,Police Collision Report,COLLISION W/ MV - FRONT TO SIDE,1913028,2,1001  ARAPAHOE AVE      ,1001 ARAPAHOE AVE,,     ,  ,2019/11/02 00:00:00+00,2019/11/02 14:50:00+00,2019,11,November,14,7,2,Saturday,14,Motorway Collision,Daylight,NONE,Property Damage Only,0,0,0,40.013602,-105.281326,0,0,0,0,PARKING LOT,1450,4494
-105.249576,40.019924,Police Collision Report,COLLISION W/ MV - FRONT TO SIDE,1912986,2,3300  WALNUT ST      ,33RD ST,CITY ST/CNTY RD,525,S ,2019/11/01 00:00:00+00,2019/11/01 12:20:00+00,2019,11,November,12,6,1,Friday,12,Motorway Collision,Daylight,NONE,Property Damage Only,0,0,0,40.019924,-105.249576,0,0,0,0,DRIVEWAY ACCESS RELATED,1220,4495