X,Y,ReportType,PrmaryCollsionType,CaseNumber,UnitsInvolved,Location,OnHighway,CrossStreet,FeetFromIntersection,DirectionFromIntersection,CollisionDate,ReportedDate,ReportedYear,ReportedMonth,ReportedMonthName,ReportedWeek,ReportedDayofWeekNum,ReportedDayofMonth,ReportedDayofWeek,ReportedHour,HitAndRunStatus,LightingCondition,WeatherCondition,Severity,NumKilled,NumSeriouslyInjured,NumInjuredOrKilled,Lat,Lon,DUI,AlcoholDrugSuspected,BicyclesInvolved,PedestriansInvolved,RoadDescription,Crash_Time,ESRI_OID
-105.257148,39.980597,Police Collision Report,COLLISION W/ MV - FRONT TO SIDE,1810820,2,TABLE MESA DR/ITHACA DR,TABLE MESA DR,CITY ST/CNTY RD,     ,  ,2018/08/25 00:00:00+00,2018/08/25 09:07:00+00,2018,8,August,9,7,25,Saturday,9,Motorway Collision,Daylight,NONE,Property Damage Only,0,0,0,39.980597,-105.257148,0,0,0,0,AT INTERSECTION,907,4893
-105.240833,40.014503,Police Collision Report,COLLISION W/ MV - FRONT TO SIDE,1810756,3,ARAPAHOE AVE/FOOTHILLS PKWY,ARAPAHOE AVE,STATE HWY,     ,  ,2018/08/24 21:13:59+00,2018/08/24 21:14:00+00,2018,8,August,21,6,24,Friday,21,Motorway Collision,Daylight,NONE,Possible injury,0,0,0,40.014503,-105.240833,1,1,0,0,AT INTERSECTION,1633,4894
-105.261955,40.000172,Police Collision Report,COLLISION W/ MV - FRONT TO SIDE,1810703,2,2450  BASELINE RD      ,BROADWAY,STATE HWY,375,E ,2018/08/24 00:00:00+00,2018/08/24 01:11:00+00,2018,8,August,1,6,24,Friday,1,Motorway Collision,Dark - Lighted,NONE,Property Damage Only,0,0,0,40.000172,-105.261955,0,0,0,0,NON-INTERSECTION,112,4895
-105.283834,40.017089,Police Collision Report,COLLISION W/ MV - FRONT TO SIDE,1810681,2,9TH ST/PEARL ST,9TH ST,CITY ST/CNTY RD,     ,  ,2018/08/23 00:00:00+00,2018/08/23 20:24:00+00,2018,8,August,20,5,23,Thursday,20,Motorway Collision,Dark - Lighted,NONE,Possible injury,0,0,0,40.017089,-105.283834,0,0,0,0,AT INTERSECTION,2030,4896
-105.253688,40.014535,Police Collision Report,COLLISION W/ MV - FRONT TO SIDE,1810682,2,ARAPAHOE AVE/30TH ST,30TH STREET,STATE HWY,     ,  ,2018/08/23 00:00:00+00,2018/08/23 20:54:00+00,2018,8,August,20,5,23,Thursday,20,Motorway Collision,Dark - Lighted,NONE,Non-Incapacitating Injury,0,0,1,40.014535,-105.253688,0,0,0,0,AT INTERSECTION,2054,4897
-105.223919,40.014541,Police Collision Report,COLLISION W/ MV - FRONT TO SIDE,1810665,2,ARAPAHOE AVE/56TH ST,ARAPAHOE AVE,STATE HWY,200,W ,2018/08/23 00:00:00+00,2018/08/23 15:59:00+00,2018,8,August,15,5,23,Thursday,15,Motorway Collision,Daylight,NONE,Non-Incapacitating Injury,0,0,1,40.014541,-105.223919,0,0,0,0,DRIVEWAY ACCESS RELATED,1559,4898
-105.256138,40.014716,Police Collision Report,COLLISION W/ MV - FRONT TO SIDE,1810606,2,1601  29TH ST      ,1601 29TH ST,,     ,  ,2018/08/22 00:00:00+00,2018/08/22 13:07:00+00,2018,8,August,13,4,22,Wednesday,13,Motorway Collision,Daylight,NONE,Property Damage Only,0,0,0,40.014716,-105.256138,0,0,0,0,PARKING LOT,1307,4899
-105.258517,40.014388,Police Collision Report,COLLISION W/ MV - FRONT TO SIDE,1810508,2,1590  28TH ST      ,28TH ST,STATE HWY,500,N ,2018/08/20 00:00:00+00,2018/08/20 00:00:00+00,2018,8,August,0,2,20,Monday,0,Motorway Collision,Daylight,NONE,Property Damage Only,0,0,0,40.014388,-105.258517,0,0,0,0,DRIVEWAY ACCESS RELATED,1445,4900
-105.244674,40.038243,Police Collision Report,COLLISION W/ MV - FRONT TO SIDE,1810597,2,FOOTHILLS PKWY/DIAGONAL HWY,DIAGONAL HWY - HWY 119,STATE HWY,     ,  ,2018/08/22 00:00:00+00,2018/08/22 09:31:00+00,2018,8,August,9,4,22,Wednesday,9,Motorway Collision,Daylight,NONE,Non-Incapacitating Injury,0,0,1,40.038243,-105.244674,0,0,0,0,AT INTERSECTION,935,4901
-105.266627,40.02386,Police Collision Report,COLLISION W/ MV - FRONT TO SIDE,1810833,2,23RD ST/MAPLETON AVE,MAPLETON AVE,CITY ST/CNTY RD,     ,  ,2018/08/25 00:00:00+00,2018/08/25 15:01:00+00,2018,8,August,15,7,25,Saturday,15,Motorway Collision,Daylight,NONE,Property Damage Only,0,0,0,40.02386,-105.266627,0,0,1,0,ROUNDABOUT,1300,4902
-105.272765,40.054641,Police Collision Report,COLLISION W/ MV - FRONT TO SIDE,1811097,2,19TH ST/VIOLET AVE,VIOLET AVE,CITY ST/CNTY RD,     ,  ,2018/08/30 00:00:00+00,2018/08/30 08:07:00+00,2018,8,August,8,5,30,Thursday,8,Motorway Collision,Daylight,NONE,Possible injury,0,0,0,40.054641,-105.272765,0,0,0,0,AT INTERSECTION,805,4903
-105.225448,40.014598,Police Collision Report,COLLISION W/ MV - FRONT TO SIDE,1811054,2,55TH ST/ARAPAHOE AVE,55TH ST,CITY ST/CNTY RD,60,S ,2018/08/29 00:00:00+00,2018/08/29 12:07:00+00,2018,8,August,12,4,29,Wednesday,12,Motorway Collision,Daylight,NONE,Non-Incapacitating Injury,0,0,1,40.014598,-105.225448,0,0,0,0,DRIVEWAY ACCESS RELATED,1207,4904
-105.26379,40.000067,Police Collision Report,COLLISION W/ MV - FRONT TO SIDE,1812985,2,BROADWAY/BASELINE RD,BROADWAY,STATE HWY,432,S ,2018/10/06 00:00:00+00,2018/10/06 11:35:00+00,2018,10,October,11,7,6,Saturday,11,Motorway Collision,Daylight,NONE,Non-Incapacitating Injury,0,0,1,40.000067,-105.26379,0,0,0,0,NON-INTERSECTION,1134,4905
-105.255238,39.985958,Police Collision Report,COLLISION W/ MV - FRONT TO SIDE,1812945,2,STANFORD AVE/REGIS DR,STANFORD,CITY ST/CNTY RD,     ,  ,2018/10/04 00:00:00+00,2018/10/04 00:00:00+00,2018,10,October,0,5,4,Thursday,0,Motorway Collision,Daylight,NONE,Property Damage Only,0,0,0,39.985958,-105.255238,0,0,0,0,AT INTERSECTION,1200,4906
-105.265914,40.021857,Police Collision Report,COLLISION W/ MV - FRONT TO SIDE,1812687,2,23RD ST/SPRUCE ST,SPRUCE,CITY ST/CNTY RD,     ,  ,2018/09/30 00:00:00+00,2018/09/30 14:42:00+00,2018,9,September,14,1,30,Sunday,14,Motorway Collision,Daylight,NONE,Property Damage Only,0,0,0,40.021857,-105.265914,0,0,0,0,AT INTERSECTION,1446,4907
-105.225463,40.017748,Police Collision Report,COLLISION W/ MV - FRONT TO SIDE,1812821,2,55TH ST/WESTERN AVE,55TH ST,CITY ST/CNTY RD,     ,  ,2018/10/03 00:00:00+00,2018/10/03 12:20:00+00,2018,10,October,12,4,3,Wednesday,12,Motorway Collision,Daylight,NONE,Property Damage Only,0,0,0,40.017748,-105.225463,0,0,0,0,AT INTERSECTION,1220,4908
-105.234741,40.014803,Police Collision Report,COLLISION W/ MV - FRONT TO SIDE,1812827,2,48TH ST/ARAPAHOE AVE,ARAPAHOE,STATE HWY,     ,  ,2018/10/03 00:00:00+00,2018/10/03 15:36:00+00,2018,10,October,15,4,3,Wednesday,15,Motorway Collision,Daylight,NONE,Property Damage Only,0,0,0,40.014803,-105.234741,0,0,0,0,AT INTERSECTION,1536,4909
-105.267699,40.003423,Police Collision Report,COLLISION W/ MV - FRONT TO SIDE,1812763,2,REGENT DR/BROADWAY,REGENT/20TH,STATE HWY,20,N ,2018/10/02 00:00:00+00,2018/10/02 12:16:00+00,2018,10,October,12,3,2,Tuesday,12,Motorway Collision,Daylight,NONE,Property Damage Only,0,0,0,40.003423,-105.267699,0,0,0,0,NON-INTERSECTION,1216,4910
-105.250079,40.014707,Police Collision Report,COLLISION W/ MV - FRONT TO SIDE,1812798,2,33RD ST/ARAPAHOE AVE,ARAPAHOE AVENUE,STATE HWY,     ,  ,2018/10/03 00:00:00+00,2018/10/03 08:13:00+00,2018,10,October,8,4,3,Wednesday,8,Motorway Collision,Daylight,NONE,Property Damage Only,0,0,0,40.014707,-105.250079,0,0,0,0,AT INTERSECTION,813,4911
-105.253572,40.02006,Police Collision Report,COLLISION W/ MV - FRONT TO SIDE,1812555,2,WALNUT ST/30TH ST,WALNUT ST,CITY ST/CNTY RD,437,E ,2018/09/27 00:00:00+00,2018/09/27 17:56:00+00,2018,9,September,17,5,27,Thursday,17,Motorway Collision,Daylight,NONE,Property Damage Only,0,0,0,40.02006,-105.253572,0,0,0,0,DRIVEWAY ACCESS RELATED,1756,4912
-105.258282,40.014544,Police Collision Report,COLLISION W/ MV - FRONT TO SIDE,1812531,2,28TH ST/ARAPAHOE AVE,ARAPAHOE,STATE HWY,     ,  ,2018/09/27 00:00:00+00,2018/09/27 10:42:00+00,2018,9,September,10,5,27,Thursday,10,Motorway Collision,Daylight,NONE,Property Damage Only,0,0,0,40.014544,-105.258282,0,0,0,0,AT INTERSECTION,1042,4913
-105.253425,40.00742,Police Collision Report,COLLISION W/ MV - FRONT TO SIDE,1812520,2,30TH ST/COLORADO AVE,COLORADO AVE,CITY ST/CNTY RD,     ,  ,2018/09/27 00:00:00+00,2018/09/27 08:11:00+00,2018,9,September,8,5,27,Thursday,8,Motorway Collision,Daylight,NONE,Property Damage Only,0,0,0,40.00742,-105.253425,0,0,0,0,AT INTERSECTION,810,4914
-105.258417,40.010314,Police Collision Report,COLLISION W/ MV - FRONT TO SIDE,1812713,3,28TH FRONTAGE RD/SUNDOWN LN,28TH ST,STATE HWY,264,S ,2018/10/01 00:00:00+00,2018/10/01 12:03:00+00,2018,10,October,12,2,1,Monday,12,Motorway Collision,Daylight,NONE,Property Damage Only,0,0,0,40.010314,-105.258417,0,0,0,0,NON-INTERSECTION,1203,4915
-105.225448,40.014598,Police Collision Report,COLLISION W/ MV - FRONT TO SIDE,1813251,2,55TH ST/ARAPAHOE AVE,55TH ST,CITY ST/CNTY RD,340,N ,2018/10/12 00:00:00+00,2018/10/12 17:07:00+00,2018,10,October,17,6,12,Friday,17,Motorway Collision,Daylight,NONE,Property Damage Only,0,0,0,40.014598,-105.225448,0,0,0,0,DRIVEWAY ACCESS RELATED,1707,4916
-105.25357,40.016678,Police Collision Report,COLLISION W/ MV - FRONT TO SIDE,1813362,2,1700  30TH ST      ,30TH ST,CITY ST/CNTY RD,200,N ,2018/10/15 00:00:00+00,2018/10/15 15:05:00+00,2018,10,October,15,2,15,Monday,15,Motorway Collision,Daylight,NONE,Property Damage Only,0,0,0,40.016678,-105.25357,0,0,0,0,DRIVEWAY ACCESS RELATED,1512,4917
-105.228112,40.014736,Police Collision Report,COLLISION W/ MV - FRONT TO SIDE,1813246,2,CONESTOGA ST/ARAPAHOE AVE,CONESTOGA ST,CITY ST/CNTY RD,215,N ,2018/10/12 00:00:00+00,2018/10/12 14:05:00+00,2018,10,October,14,6,12,Friday,14,Motorway Collision,Daylight,NONE,Property Damage Only,0,0,0,40.014736,-105.228112,0,0,0,0,DRIVEWAY ACCESS RELATED,1405,4918
-105.28216,40.061827,Police Collision Report,COLLISION W/ MV - FRONT TO SIDE,1813190,2,BROADWAY/LEE HILL DR,BROADWAY,CITY ST/CNTY RD,     ,  ,2018/10/11 00:00:00+00,2018/10/11 11:56:00+00,2018,10,October,11,5,11,Thursday,11,Motorway Collision,Daylight,NONE,Property Damage Only,0,0,0,40.061827,-105.28216,0,0,0,0,AT INTERSECTION,1155,4919
-105.229565,40.000134,Police Collision Report,COLLISION W/ MV - FRONT TO SIDE,1812234,2,BASELINE RD/CRESCENT DR,BASELINE RD,CITY ST/CNTY RD,     ,  ,2018/09/20 00:00:00+00,2018/09/20 16:25:00+00,2018,9,September,16,5,20,Thursday,16,Motorway Collision,Daylight,NONE,Non-Incapacitating Injury,0,0,1,40.000134,-105.229565,0,0,0,0,AT INTERSECTION,1625,4920
-105.258284,40.020627,Police Collision Report,COLLISION W/ MV - FRONT TO SIDE,1812236,2,1906  28TH ST      ,1906 28TH STREET,,     ,  ,2018/09/18 00:00:00+00,2018/09/20 17:02:00+00,2018,9,September,17,5,20,Thursday,17,Motorway Collision,Daylight,NONE,Property Damage Only,0,0,0,40.020627,-105.258284,0,0,0,0,PARKING LOT,1330,4921
-105.258436,40.032848,Police Collision Report,COLLISION W/ MV - FRONT TO SIDE,1812096,2,GLENWOOD DR/28TH ST,28TH ST,STATE HWY,     ,  ,2018/09/18 00:00:00+00,2018/09/18 05:08:00+00,2018,9,September,5,3,18,Tuesday,5,Motorway Collision,Dark - Lighted,NONE,Property Damage Only,0,0,0,40.032848,-105.258436,0,0,0,0,AT INTERSECTION,508,4922
-105.258282,40.014544,Police Collision Report,COLLISION W/ MV - FRONT TO SIDE,1812172,2,28TH ST/ARAPAHOE AVE,28TH STREET,STATE HWY,842,S ,2018/09/19 00:00:00+00,2018/09/19 17:16:00+00,2018,9,September,17,4,19,Wednesday,17,Motorway Collision,Daylight,NONE,Possible injury,0,0,0,40.014544,-105.258282,0,0,0,0,INTERSECTION RELATED,1716,4923
-105.282119,40.054599,Police Collision Report,COLLISION W/ MV - FRONT TO SIDE,1812111,2,VIOLET AVE/BROADWAY,BROADWAY,CITY ST/CNTY RD,     ,  ,2018/09/18 00:00:00+00,2018/09/18 12:08:00+00,2018,9,September,12,3,18,Tuesday,12,Motorway Collision,Daylight,NONE,Property Damage Only,0,0,0,40.054599,-105.282119,0,0,0,0,AT INTERSECTION,1208,4924
-105.2607,40.00822,Police Collision Report,COLLISION W/ MV - FRONT TO SIDE,1812085,2,26TH ST/COLORADO AVE,COLORADO,CITY ST/CNTY RD,     ,  ,2018/09/17 00:00:00+00,2018/09/17 19:17:00+00,2018,9,September,19,2,17,Monday,19,Motorway Collision,Dawn or Dusk,NONE,Incapacitating Injury,0,1,1,40.00822,-105.2607,0,0,1,0,AT INTERSECTION,1916,4925
-105.282131,40.061857,Police Collision Report,COLLISION W/ MV - FRONT TO SIDE,1812069,2,LEE HILL DR/BROADWAY,BROADWAY,CITY ST/CNTY RD,     ,  ,2018/09/17 00:00:00+00,2018/09/17 13:14:00+00,2018,9,September,13,2,17,Monday,13,Motorway Collision,Daylight,NONE,Incapacitating Injury,0,1,1,40.061857,-105.282131,0,0,0,0,AT INTERSECTION,1330,4926
-105.24066,40.014698,Police Collision Report,COLLISION W/ MV - FRONT TO SIDE,1812089,2,FOOTHILLS PKWY/ARAPAHOE AVE,FOOTHILLS PARKWAY,STATE HWY,     ,  ,2018/09/17 00:00:00+00,2018/09/17 20:24:00+00,2018,9,September,20,2,17,Monday,20,Motorway Collision,Dark - Lighted,NONE,Non-Incapacitating Injury,0,0,1,40.014698,-105.24066,0,0,0,0,AT INTERSECTION,2024,4927
-105.206879,40.061782,Police Collision Report,COLLISION W/ MV - FRONT TO SIDE,1812485,2,63RD ST/NAUTILUS DR,63RD ST,CITY ST/CNTY RD,     ,  ,2018/09/26 00:00:00+00,2018/09/26 15:18:00+00,2018,9,September,15,4,26,Wednesday,15,Motorway Collision,Daylight,NONE,Possible injury,0,0,0,40.061782,-105.206879,0,0,0,0,AT INTERSECTION,1518,4928
-105.22815,40.014579,Police Collision Report,COLLISION W/ MV - FRONT TO SIDE,1812480,2,ARAPAHOE AVE/CONESTOGA ST,5340 ARAPAHOE AVE,,     ,  ,2018/09/26 00:00:00+00,2018/09/26 13:14:00+00,2018,9,September,13,4,26,Wednesday,13,Motorway Collision,Daylight,NONE,Property Damage Only,0,0,0,40.014579,-105.22815,0,0,0,0,PARKING LOT,1314,4929
-105.259873,40.022111,Police Collision Report,COLLISION W/ MV - FRONT TO SIDE,1812440,2,2685  PEARL ST      ,2685 PEARL ST,CITY ST/CNTY RD,     ,  ,2018/06/25 00:00:00+00,2018/09/25 15:22:00+00,2018,9,September,15,3,25,Tuesday,15,Motorway Collision,Daylight,NONE,Property Damage Only,0,0,0,40.022111,-105.259873,0,0,0,0,PARKING LOT,1553,4930
-105.264773,40.036429,Police Collision Report,COLLISION W/ MV - FRONT TO SIDE,1812394,2,25TH ST/IRIS AVE,IRIS AVE,CITY ST/CNTY RD,     ,  ,2018/09/24 00:00:00+00,2018/09/24 13:18:00+00,2018,9,September,13,2,24,Monday,13,Motorway Collision,Daylight,NONE,Property Damage Only,0,0,0,40.036429,-105.264773,0,0,0,0,AT INTERSECTION,1315,4931
-105.283202,40.015101,Police Collision Report,COLLISION W/ MV - FRONT TO SIDE,1812401,2,9TH ST/CANYON BLVD,CANYON BLVD,CITY ST/CNTY RD,     ,  ,2018/09/24 00:00:00+00,2018/09/24 18:22:00+00,2018,9,September,18,2,24,Monday,18,Motorway Collision,Dawn or Dusk,NONE,Property Damage Only,0,0,0,40.015101,-105.283202,0,0,0,0,AT INTERSECTION,1822,4932
-105.258363,40.008082,Police Collision Report,COLLISION W/ MV - FRONT TO SIDE,1812279,2,COLORADO AVE/28TH FRONTAGE RD,COLORADO AVE,CITY ST/CNTY RD,     ,  ,2018/09/21 00:00:00+00,2018/09/21 16:54:00+00,2018,9,September,16,6,21,Friday,16,Motorway Collision,Daylight,NONE,Possible injury,0,0,0,40.008082,-105.258363,0,0,0,0,AT INTERSECTION,1654,4933
-105.258277,40.014693,Police Collision Report,COLLISION W/ MV - FRONT TO SIDE,1812281,2,1600  28TH ST      ,1600 28TH ST,,     ,  ,2018/09/21 00:00:00+00,2018/09/21 17:15:00+00,2018,9,September,17,6,21,Friday,17,Motorway Collision,Daylight,NONE,Property Damage Only,0,0,0,40.014693,-105.258277,0,0,0,0,PARKING LOT,1715,4934
-105.253767,40.023257,Police Collision Report,COLLISION W/ MV - FRONT TO SIDE,1812289,2,30TH ST/PEARL ST,30TH ST,CITY ST/CNTY RD,     ,  ,2018/09/21 00:00:00+00,2018/09/21 19:53:00+00,2018,9,September,19,6,21,Friday,19,Motorway Collision,Dark - Lighted,NONE,Property Damage Only,0,0,0,40.023257,-105.253767,0,0,0,0,AT INTERSECTION,1953,4935
-105.253634,40.014706,Police Collision Report,COLLISION W/ MV - FRONT TO SIDE,1812263,2,30TH ST/ARAPAHOE AVE,1650 30TH ST,,     ,  ,2018/09/21 00:00:00+00,2018/09/21 09:53:00+00,2018,9,September,9,6,21,Friday,9,Motorway Collision,Daylight,NONE,Property Damage Only,0,0,0,40.014706,-105.253634,0,0,0,0,PARKING LOT,953,4936
-105.253114,40.003757,Police Collision Report,COLLISION W/ MV - FRONT TO SIDE,1812274,2,E AURORA AVE/30TH ST,E. AURORA AVE,CITY ST/CNTY RD,375,W ,2018/09/21 00:00:00+00,2018/09/21 13:50:00+00,2018,9,September,13,6,21,Friday,13,Motorway Collision,Daylight,NONE,Property Damage Only,0,0,0,40.003757,-105.253114,0,0,0,0,DRIVEWAY ACCESS RELATED,1350,4937
-105.25839,40.008105,Police Collision Report,COLLISION W/ MV - FRONT TO SIDE,1811829,2,28TH FRONTAGE RD/COLORADO AVE,COLORADO AVE,CITY ST/CNTY RD,     ,  ,2018/09/11 00:00:00+00,2018/09/12 13:21:00+00,2018,9,September,13,4,12,Wednesday,13,Motorway Collision,Daylight,NONE,Possible injury,0,0,0,40.008105,-105.25839,0,0,1,0,AT INTERSECTION,1630,4938
-105.277469,40.007301,Police Collision Report,COLLISION W/ MV - FRONT TO SIDE,1811924,2,12TH ST/COLLEGE AVE,COLLEGE AVE,CITY ST/CNTY RD,     ,  ,2018/09/14 00:00:00+00,2018/09/14 11:54:00+00,2018,9,September,11,6,14,Friday,11,Motorway Collision,Daylight,NONE,Non-Incapacitating Injury,0,0,1,40.007301,-105.277469,0,0,0,0,AT INTERSECTION,1154,4939
-105.263012,40.017354,Police Collision Report,COLLISION W/ MV - FRONT TO SIDE,1811927,2,FOLSOM ST/CANYON BLVD,FOLSOM,STATE HWY,     ,  ,2018/09/14 00:00:00+00,2018/09/14 12:40:00+00,2018,9,September,12,6,14,Friday,12,Motorway Collision,Daylight,NONE,Property Damage Only,0,0,0,40.017354,-105.263012,0,0,0,0,AT INTERSECTION,1240,4940
-105.261236,39.9965,Police Collision Report,COLLISION W/ MV - FRONT TO SIDE,1811886,2,BROADWAY/27TH WAY,BROADWAY,,     ,  ,2018/09/13 00:00:00+00,2018/09/13 20:58:00+00,2018,9,September,20,5,13,Thursday,20,Motorway Collision,Daylight,NONE,Property Damage Only,0,0,0,39.9965,-105.261236,0,0,0,0,AT INTERSECTION,2058,4941
-105.244901,40.029254,Police Collision Report,COLLISION W/ MV - FRONT TO SIDE,1811940,3,VALMONT RD/FOOTHILLS PKWY,FOOTHILLS HWY,STATE HWY,     ,  ,2018/09/14 00:00:00+00,2018/09/14 16:23:00+00,2018,9,September,16,6,14,Friday,16,Motorway Collision,Daylight,NONE,Property Damage Only,0,0,0,40.029254,-105.244901,0,0,0,0,AT INTERSECTION,1623,4942
-105.258432,40.027325,Police Collision Report,COLLISION W/ MV - FRONT TO SIDE,1811941,2,28TH ST/BLUFF ST,28TH ST,STATE HWY,     ,  ,2018/09/14 00:00:00+00,2018/09/14 17:09:00+00,2018,9,September,17,6,14,Friday,17,Motorway Collision,Daylight,NONE,Property Damage Only,0,0,0,40.027325,-105.258432,0,0,0,0,AT INTERSECTION,1708,4943
-105.279367,40.020206,Police Collision Report,COLLISION W/ MV - FRONT TO SIDE,1810973,2,PINE ST/13TH ST,PINE ST,CITY ST/CNTY RD,     ,  ,2018/08/26 00:00:00+00,2018/08/26 00:00:00+00,2018,8,August,0,1,26,Sunday,0,Motorway Collision,Daylight,NONE,Property Damage Only,0,0,0,40.020206,-105.279367,0,0,0,0,NON-INTERSECTION,800,4944
-105.272693,40.054643,Police Collision Report,COLLISION W/ MV - FRONT TO SIDE,1811693,2,4500  19TH ST 651    ,4500 19TH ST #651,CITY ST/CNTY RD,     ,  ,2018/09/09 00:00:00+00,2018/09/09 07:14:00+00,2018,9,September,7,1,9,Sunday,7,Motorway Collision,Daylight,NONE,Property Damage Only,0,0,0,40.054643,-105.272693,0,0,0,0,NON-INTERSECTION,714,4945
-105.244862,40.029223,Police Collision Report,COLLISION W/ MV - FRONT TO SIDE,1811717,2,FOOTHILLS PKWY/VALMONT RD,FOOTHILLS PARKWAY,STATE HWY,     ,  ,2018/09/09 00:00:00+00,2018/09/09 20:04:00+00,2018,9,September,20,1,9,Sunday,20,Motorway Collision,Dark - Lighted,NONE,Possible injury,0,0,0,40.029223,-105.244862,0,0,0,0,AT INTERSECTION,2004,4946
-105.274025,40.017003,Police Collision Report,COLLISION W/ MV - FRONT TO SIDE,1811742,3,16TH ST/CANYON BLVD,CANYON BLVD,STATE HWY,     ,  ,2018/09/10 00:00:00+00,2018/09/10 15:44:00+00,2018,9,September,15,2,10,Monday,15,Motorway Collision,Daylight,NONE,Non-Incapacitating Injury,0,0,1,40.017003,-105.274025,0,0,0,0,AT INTERSECTION,1544,4947
-105.253704,40.026961,Police Collision Report,COLLISION W/ MV - FRONT TO SIDE,1807286,2,30TH ST/STEEL WORKS DR,30TH STREET,CITY ST/CNTY RD,     ,  ,2018/06/14 00:00:00+00,2018/06/14 11:47:00+00,2018,6,June,11,5,14,Thursday,11,Motorway Collision,Daylight,NONE,Property Damage Only,0,0,0,40.026961,-105.253704,0,0,0,0,AT INTERSECTION,1147,4948
-105.244187,40.025058,Police Collision Report,COLLISION W/ MV - FRONT TO SIDE,1807288,2,47TH ST/PEARL ST,PEARL PARKWAY,CITY ST/CNTY RD,     ,  ,2018/06/14 00:00:00+00,2018/06/14 12:11:00+00,2018,6,June,12,5,14,Thursday,12,Motorway Collision,Daylight,NONE,Property Damage Only,0,0,0,40.025058,-105.244187,0,0,0,0,AT INTERSECTION,1159,4949
-105.257148,39.980597,Police Collision Report,COLLISION W/ MV - FRONT TO SIDE,1807305,2,TABLE MESA DR/ITHACA DR,TABLE MESA,CITY ST/CNTY RD,     ,  ,2018/06/14 00:00:00+00,2018/06/14 17:10:00+00,2018,6,June,17,5,14,Thursday,17,Motorway Collision,Daylight,NONE,Property Damage Only,0,0,0,39.980597,-105.257148,0,0,0,0,AT INTERSECTION,1710,4950
-105.236396,40.000018,Police Collision Report,COLLISION W/ MV - FRONT TO SIDE,1807314,2,BASELINE RD/MOHAWK DR,MOHAWK DRIVE,CITY ST/CNTY RD,300,S ,2018/06/14 00:00:00+00,2018/06/14 18:41:00+00,2018,6,June,18,5,14,Thursday,18,Motorway Collision,Daylight,NONE,Non-Incapacitating Injury,0,0,1,40.000018,-105.236396,0,0,1,0,PARKING LOT,1810,4951
-105.265589,40.020837,Police Collision Report,COLLISION W/ MV - FRONT TO SIDE,1807318,2,23RD ST/PEARL ST,23RD ST.,CITY ST/CNTY RD,149,S ,2018/06/14 00:00:00+00,2018/06/14 18:58:00+00,2018,6,June,18,5,14,Thursday,18,Motorway Collision,Daylight,NONE,Property Damage Only,0,0,0,40.020837,-105.265589,0,0,0,0,CROSSOVER-RELATED,1855,4952
-105.263012,40.017354,Police Collision Report,COLLISION W/ MV - FRONT TO SIDE,1807337,2,FOLSOM ST/CANYON BLVD,CANYON,STATE HWY,     ,  ,2018/06/15 00:00:00+00,2018/06/15 04:58:00+00,2018,6,June,4,6,15,Friday,4,Motorway Collision,Dawn or Dusk,NONE,Property Damage Only,0,0,0,40.017354,-105.263012,0,0,0,0,AT INTERSECTION,458,4953
-105.263211,40.033182,Police Collision Report,COLLISION W/ MV - FRONT TO SIDE,1809921,3,GLENWOOD DR/FOLSOM ST,GLENWOOD DR,CITY ST/CNTY RD,200.5,W ,2018/08/08 11:15:59+00,2018/08/08 11:16:00+00,2018,8,August,11,4,8,Wednesday,11,Motorway Collision,Daylight,NONE,Property Damage Only,0,0,0,40.033182,-105.263211,0,0,0,0,NON-INTERSECTION,1116,4954
-105.248126,39.982373,Police Collision Report,COLLISION W/ MV - FRONT TO SIDE,1810183,2,4041  HANOVER AVE      ,BROADWAY,STATE HWY,     ,  ,2018/08/13 00:00:00+00,2018/08/13 14:54:00+00,2018,8,August,14,2,13,Monday,14,Motorway Collision,Daylight,NONE,Incapacitating Injury,0,2,2,39.982373,-105.248126,0,0,0,0,AT INTERSECTION,1454,4955
-105.235207,39.999986,Police Collision Report,COLLISION W/ MV - FRONT TO SIDE,1810142,2,4800  BASELINE RD      ,4800 BASELINE RD,,     ,  ,2018/08/12 00:00:00+00,2018/08/12 15:12:00+00,2018,8,August,15,1,12,Sunday,15,Motorway Collision,Daylight,NONE,Property Damage Only,0,0,0,39.999986,-105.235207,0,0,0,0,PARKING LOT,1511,4956
-105.263563,40.000114,Police Collision Report,COLLISION W/ MV - FRONT TO SIDE,1810084,2,BASELINE RD/BROADWAY,BASELINE ROAD,STATE HWY,380,E ,2018/08/11 00:00:00+00,2018/08/11 10:41:00+00,2018,8,August,10,7,11,Saturday,10,Motorway Collision,Daylight,NONE,Property Damage Only,0,0,0,40.000114,-105.263563,0,0,0,0,DRIVEWAY ACCESS RELATED,1041,4957
-105.258468,40.032817,Police Collision Report,COLLISION W/ MV - FRONT TO SIDE,1810097,2,28TH ST/GLENWOOD DR,28TH ST,STATE HWY,     ,  ,2018/08/11 00:00:00+00,2018/08/11 14:28:00+00,2018,8,August,14,7,11,Saturday,14,Motorway Collision,Daylight,NONE,Property Damage Only,0,0,0,40.032817,-105.258468,0,0,0,0,AT INTERSECTION,1428,4958