X,Y,ReportType,PrmaryCollsionType,CaseNumber,UnitsInvolved,Location,OnHighway,CrossStreet,FeetFromIntersection,DirectionFromIntersection,CollisionDate,ReportedDate,ReportedYear,ReportedMonth,ReportedMonthName,ReportedWeek,ReportedDayofWeekNum,ReportedDayofMonth,ReportedDayofWeek,ReportedHour,HitAndRunStatus,LightingCondition,WeatherCondition,Severity,NumKilled,NumSeriouslyInjured,NumInjuredOrKilled,Lat,Lon,DUI,AlcoholDrugSuspected,BicyclesInvolved,PedestriansInvolved,RoadDescription,Crash_Time,ESRI_OID
-105.279303,40.015822,Police Collision Report,COLLISION W/ MV - FRONT TO REAR,2206078,2,BROADWAY/CANYON BLVD,CANYON BLVD,STATE HWY,     ,W ,2022/06/28 00:00:00+00,2022/06/28 09:07:00+00,2022,6,June,9,3,28,Tuesday,9,Motorway Collision,Daylight,NONE,Property Damage Only,0,0,0,40.015822,-105.279303,0,0,0,0,INTERSECTION RELATED,907,6024
-105.239699,40.008435,Police Collision Report,COLLISION W/ MV - FRONT TO REAR,2206164,2,COLORADO AVE/FOOTHILLS PKWY,FOOTHILLS PKWY,STATE HWY,     ,  ,2022/06/30 00:00:00+00,2022/06/30 06:50:00+00,2022,6,June,6,5,30,Thursday,6,Hit-and-Run Collision,Daylight,NONE,Property Damage Only,0,0,0,40.008435,-105.239699,0,0,0,0,AT INTERSECTION,650,6025
-105.258352,40.017335,Police Collision Report,COLLISION W/ MV - FRONT TO REAR,2271730,2,CANYON BLVD/28TH ST,28TH ST,STATE HWY,     ,S ,2022/06/16 22:30:00+00,2022/06/20 12:34:25+00,2022,6,June,12,2,20,Monday,12,Motorway Collision,Dark - Lighted,NONE,Property Damage Only,0,0,0,40.017335,-105.258352,0,1,0,0,INTERSECTION RELATED,1023,6026
-105.237345,40.014775,Police Collision Report,COLLISION W/ MV - FRONT TO REAR,2206265,2,4610  ARAPAHOE AVE      ,ARAPAHOE AVE,STATE HWY,     ,E ,2022/07/02 00:00:00+00,2022/07/02 19:08:00+00,2022,7,July,19,7,2,Saturday,19,Motorway Collision,Daylight,NONE,Property Damage Only,0,0,0,40.014775,-105.237345,0,0,0,0,NON-INTERSECTION,1908,6027
-105.253564,40.023285,Police Collision Report,COLLISION W/ MV - FRONT TO REAR,2207093,2,30TH ST/PEARL PKWY,30TH ST,CITY ST/CNTY RD,     ,S ,2022/07/26 00:00:00+00,2022/07/26 15:13:00+00,2022,7,July,15,3,26,Tuesday,15,Motorway Collision,Daylight,NONE,Property Damage Only,0,0,0,40.023285,-105.253564,0,0,0,0,NON-INTERSECTION,1440,6028
-105.244815,40.02287,Police Collision Report,COLLISION W/ MV - FRONT TO REAR,2207103,2,FOOTHILLS PKWY/PEARL PKWY,SB CO 157 (FOOTHILLS PARKWAY),STATE HWY,     ,S ,2022/07/26 00:00:00+00,2022/07/26 16:49:00+00,2022,7,July,16,3,26,Tuesday,16,Motorway Collision,Daylight,NONE,Non-Incapacitating Injury,0,0,1,40.02287,-105.244815,0,0,0,0,NON-INTERSECTION,1642,6029
-105.258516,40.040103,Police Collision Report,COLLISION W/ MV - FRONT TO REAR,2206996,3,28TH ST/KALMIA AVE,28TH ST,STATE HWY,     ,N ,2022/07/23 00:00:00+00,2022/07/23 10:41:00+00,2022,7,July,10,7,23,Saturday,10,Motorway Collision,Daylight,NONE,Possible injury,0,0,0,40.040103,-105.258516,0,0,0,0,NON-INTERSECTION,1041,6030
-105.277361,40.000574,Police Collision Report,COLLISION W/ MV - FRONT TO REAR,2206999,2,728   12TH ST      ,12TH STREET,CITY ST/CNTY RD,     ,N ,2022/07/23 00:00:00+00,2022/07/23 11:15:00+00,2022,7,July,11,7,23,Saturday,11,Motorway Collision,Daylight,NONE,Property Damage Only,0,0,0,40.000574,-105.277361,0,0,0,0,NON-INTERSECTION,1115,6031
-105.272777,40.01716,Police Collision Report,COLLISION W/ MV - FRONT TO REAR,2207001,2,17TH ST/CANYON BLVD,CANYON BOULEVARD,STATE HWY,     ,  ,2022/07/23 00:00:00+00,2022/07/23 12:40:00+00,2022,7,July,12,7,23,Saturday,12,Motorway Collision,Daylight,NONE,Property Damage Only,0,0,0,40.01716,-105.272777,0,0,0,0,AT INTERSECTION,1238,6032
-105.277318,40.014367,Police Collision Report,COLLISION W/ MV - FRONT TO REAR,2207002,2,13TH ST/ARAPAHOE AVE,ARAPAHOE AVE,CITY ST/CNTY RD,     ,W ,2022/07/23 13:32:00+00,2022/07/23 13:32:00+00,2022,7,July,13,7,23,Saturday,13,Motorway Collision,Daylight,NONE,Property Damage Only,0,0,0,40.014367,-105.277318,0,0,0,0,NON-INTERSECTION,1332,6033
-105.282112,40.046385,Police Collision Report,COLLISION W/ MV - FRONT TO REAR,2206843,2,BROADWAY/POPLAR AVE,BROADWAY,CITY ST/CNTY RD,     ,  ,2022/07/19 00:00:00+00,2022/07/19 12:27:00+00,2022,7,July,12,3,19,Tuesday,12,Motorway Collision,Daylight,NONE,Property Damage Only,0,0,0,40.046385,-105.282112,0,0,0,0,AT INTERSECTION,1227,6034
-105.25098,40.027598,Police Collision Report,COLLISION W/ MV - FRONT TO REAR,2206874,3,BLUFF ST/JUNCTION PL,JUNCTION PLACE,CITY ST/CNTY RD,     ,S ,2022/07/20 00:00:00+00,2022/07/20 07:46:00+00,2022,7,July,7,4,20,Wednesday,7,Motorway Collision,Daylight,NONE,Property Damage Only,0,0,0,40.027598,-105.25098,0,0,0,0,INTERSECTION RELATED,745,6035
-105.277552,40.036418,Police Collision Report,COLLISION W/ MV - FRONT TO REAR,2206876,3,IRIS AVE/16TH ST,IRIS AVENUE,CITY ST/CNTY RD,     ,E ,2022/07/20 00:00:00+00,2022/07/20 08:29:00+00,2022,7,July,8,4,20,Wednesday,8,Motorway Collision,Daylight,NONE,Possible injury,0,0,0,40.036418,-105.277552,0,0,0,0,AT INTERSECTION,829,6036
-105.244674,40.038243,Police Collision Report,COLLISION W/ MV - FRONT TO REAR,2206879,3,FOOTHILLS PKWY/DIAGONAL HWY,FOOTHILLS PKWY EXIT RAMP,STATE HWY,     ,N ,2022/07/20 00:00:00+00,2022/07/20 09:02:00+00,2022,7,July,9,4,20,Wednesday,9,Motorway Collision,Daylight,NONE,Property Damage Only,0,0,0,40.038243,-105.244674,0,0,0,0,MID-BLOCK CROSSWALK,902,6037
-105.256668,40.000069,Police Collision Report,COLLISION W/ MV - FRONT TO REAR,2206880,2,HWY 36 WB ON RP @ BASELINE EB/BASELINE RD,US HWY 36,STATE HWY,     ,E ,2022/07/20 00:00:00+00,2022/07/20 09:10:00+00,2022,7,July,9,4,20,Wednesday,9,Motorway Collision,Daylight,NONE,Property Damage Only,0,0,0,40.000069,-105.256668,0,0,0,0,AT INTERSECTION,910,6038
-105.240833,40.014503,Police Collision Report,COLLISION W/ MV - FRONT TO REAR,2206937,2,ARAPAHOE AVE/FOOTHILLS PKWY,ARAPAHOE RD,STATE HWY,     ,  ,2022/07/21 00:00:00+00,2022/07/21 15:15:00+00,2022,7,July,15,5,21,Thursday,15,Motorway Collision,Daylight,NONE,Possible injury,0,0,0,40.014503,-105.240833,0,0,0,0,AT INTERSECTION,1515,6039
-105.253696,40.032853,Police Collision Report,COLLISION W/ MV - FRONT TO REAR,2207581,2,GLENWOOD DR/30TH ST,30TH ST,CITY ST/CNTY RD,     ,  ,2022/08/08 00:00:00+00,2022/08/08 16:33:00+00,2022,8,August,16,2,8,Monday,16,Motorway Collision,Daylight,NONE,Property Damage Only,0,0,0,40.032853,-105.253696,0,0,0,0,AT INTERSECTION,1630,6040
-105.262985,40.017486,Police Collision Report,COLLISION W/ MV - FRONT TO REAR,2207601,2,CANYON BLVD/FOLSOM ST,CANYON BLVD,STATE HWY,     ,W ,2022/08/09 00:00:00+00,2022/08/09 08:56:00+00,2022,8,August,8,3,9,Tuesday,8,Motorway Collision,Daylight,NONE,Property Damage Only,0,0,0,40.017486,-105.262985,0,0,0,0,INTERSECTION RELATED,856,6041
-105.283422,40.01316,Police Collision Report,COLLISION W/ MV - FRONT TO REAR,2207563,2,9TH ST/ARAPAHOE AVE,ARAPAHOE AVE,CITY ST/CNTY RD,     ,W ,2022/08/08 00:00:00+00,2022/08/08 10:07:00+00,2022,8,August,10,2,8,Monday,10,Motorway Collision,Daylight,NONE,Property Damage Only,0,0,0,40.01316,-105.283422,0,0,0,0,INTERSECTION RELATED,1005,6042
-105.250117,40.014735,Police Collision Report,COLLISION W/ MV - FRONT TO REAR,2207388,2,ARAPAHOE AVE/33RD ST,ARAPAHOE,STATE HWY,     ,W ,2022/08/03 00:00:00+00,2022/08/03 14:00:00+00,2022,8,August,14,4,3,Wednesday,14,Motorway Collision,Daylight,NONE,Property Damage Only,0,0,0,40.014735,-105.250117,0,0,0,0,NON-INTERSECTION,1359,6043
-105.232838,40.000001,Police Collision Report,COLLISION W/ MV - FRONT TO REAR,2207393,2,FOOTHILLS PKWY/BASELINE RD,FOOTHILLS PKY,STATE HWY,     ,N ,2022/08/03 00:00:00+00,2022/08/03 15:08:00+00,2022,8,August,15,4,3,Wednesday,15,Motorway Collision,Daylight,NONE,Property Damage Only,0,0,0,40.000001,-105.232838,0,0,0,0,NON-INTERSECTION,1508,6044
-105.270222,40.014626,Police Collision Report,COLLISION W/ MV - FRONT TO REAR,2206687,2,ARAPAHOE AVE/19TH ST,ARAPAHOE AVE,CITY ST/CNTY RD,     ,W ,2022/07/14 00:00:00+00,2022/07/14 14:10:00+00,2022,7,July,14,5,14,Thursday,14,Motorway Collision,Daylight,NONE,Property Damage Only,0,0,0,40.014626,-105.270222,0,0,0,0,INTERSECTION RELATED,1410,6045
-105.223919,40.014541,Police Collision Report,COLLISION W/ MV - FRONT TO REAR,2206810,2,ARAPAHOE AVE/56TH ST,ARAPAHOE AVE,STATE HWY,     ,E ,2022/07/18 00:00:00+00,2022/07/18 00:00:00+00,2022,7,July,0,2,18,Monday,0,Motorway Collision,Daylight,NONE,Property Damage Only,0,0,0,40.014541,-105.223919,0,0,0,0,CROSSOVER-RELATED,1221,6046
-105.268186,40.036449,Police Collision Report,COLLISION W/ MV - FRONT TO REAR,2206505,2,IRIS AVE/HERMOSA DR,IRIS AVE,CITY ST/CNTY RD,     ,  ,2022/07/09 00:00:00+00,2022/07/09 17:15:00+00,2022,7,July,17,7,9,Saturday,17,Motorway Collision,Daylight,NONE,Property Damage Only,0,0,0,40.036449,-105.268186,0,0,0,0,NON-INTERSECTION,1713,6047
-105.283214,40.014969,Police Collision Report,COLLISION W/ MV - FRONT TO REAR,2206522,3,CANYON BLVD/9TH ST,9TH ST,CITY ST/CNTY RD,     ,N ,2022/07/10 00:00:00+00,2022/07/17 00:00:00+00,2022,7,July,0,1,17,Sunday,0,Motorway Collision,Daylight,NONE,Property Damage Only,0,0,0,40.014969,-105.283214,0,0,0,0,NON-INTERSECTION,1323,6048
-105.285246,40.016798,Police Collision Report,COLLISION W/ MV - FRONT TO REAR,2206550,2,8TH ST/PEARL ST,PEARL ST,CITY ST/CNTY RD,     ,W ,2022/07/11 00:00:00+00,2022/07/12 00:00:00+00,2022,7,July,0,3,12,Tuesday,0,Motorway Collision,Daylight,NONE,Property Damage Only,0,0,0,40.016798,-105.285246,0,0,0,0,NON-INTERSECTION,1230,6049
-105.244714,40.022961,Police Collision Report,COLLISION W/ MV - FRONT TO REAR,2206547,2,PEARL PKWY/FOOTHILLS PKWY,PEARL PKWY,CITY ST/CNTY RD,     ,W ,2022/07/11 00:00:00+00,2022/07/11 12:46:00+00,2022,7,July,12,2,11,Monday,12,Motorway Collision,Daylight,NONE,Property Damage Only,0,0,0,40.022961,-105.244714,0,0,0,0,INTERSECTION RELATED,1246,6050
-105.262985,40.017486,Police Collision Report,COLLISION W/ MV - FRONT TO REAR,2207055,2,CANYON BLVD/FOLSOM ST,CANYON BLVD,STATE HWY,     ,E ,2022/07/25 00:00:00+00,2022/07/25 10:58:00+00,2022,7,July,10,2,25,Monday,10,Motorway Collision,Daylight,NONE,Possible injury,0,0,0,40.017486,-105.262985,0,0,0,0,INTERSECTION RELATED,1059,6051
-105.258504,40.020518,Police Collision Report,COLLISION W/ MV - FRONT TO REAR,2207060,2,28TH ST/WALNUT ST,28TH ST,STATE HWY,     ,S ,2022/07/25 00:00:00+00,2022/07/25 14:12:00+00,2022,7,July,14,2,25,Monday,14,Motorway Collision,Daylight,NONE,Property Damage Only,0,0,0,40.020518,-105.258504,0,0,0,0,INTERSECTION RELATED,1412,6052
-105.251283,40.014538,Police Collision Report,COLLISION W/ MV - FRONT TO REAR,2207412,2,3200  ARAPAHOE AVE      ,ARAPAHOE AVENUE,STATE HWY,     ,E ,2022/08/04 00:00:00+00,2022/08/04 09:24:00+00,2022,8,August,9,5,4,Thursday,9,Motorway Collision,Daylight,NONE,Possible injury,0,0,0,40.014538,-105.251283,0,0,0,0,DRIVEWAY ACCESS RELATED,925,6053
-105.24066,40.014698,Police Collision Report,COLLISION W/ MV - FRONT TO REAR,2207429,2,FOOTHILLS PKWY/ARAPAHOE AVE,FOOTHILLS PKY,STATE HWY,     ,N ,2022/08/04 00:00:00+00,2022/08/04 17:19:00+00,2022,8,August,17,5,4,Thursday,17,Motorway Collision,Daylight,NONE,Property Damage Only,0,0,0,40.014698,-105.24066,0,0,0,0,INTERSECTION RELATED,1719,6054
-105.232572,40.000025,Police Collision Report,COLLISION W/ MV - FRONT TO REAR,2207463,2,FOOTHILLS PKWY/BASELINE RD,FOOTHILLS PARKWAY,STATE HWY,     ,N ,2022/08/05 00:00:00+00,2022/08/05 12:48:00+00,2022,8,August,12,6,5,Friday,12,Motorway Collision,Daylight,NONE,Property Damage Only,0,0,0,40.000025,-105.232572,0,0,0,0,NON-INTERSECTION,1248,6055
-105.258282,40.014544,Police Collision Report,COLLISION W/ MV - FRONT TO REAR,2207494,2,28TH ST/ARAPAHOE AVE,28TH ST,STATE HWY,     ,S ,2022/08/06 00:00:00+00,2022/08/06 10:22:00+00,2022,8,August,10,7,6,Saturday,10,Motorway Collision,Daylight,NONE,Possible injury,0,0,0,40.014544,-105.258282,0,0,0,0,NON-INTERSECTION,1022,6056
-105.245631,40.022988,Police Collision Report,COLLISION W/ MV - FRONT TO REAR,2207106,2,FOOTHILLS SB OFF RP @ PEARL/PEARL PKWY,PEARL PKWY OFF RAMP,STATE HWY,     ,W ,2022/07/26 00:00:00+00,2022/07/26 17:15:00+00,2022,7,July,17,3,26,Tuesday,17,Motorway Collision,Daylight,NONE,Non-Incapacitating Injury,0,0,1,40.022988,-105.245631,0,0,0,0,RAMP-RELATED,1715,6057
-105.225448,40.014598,Police Collision Report,COLLISION W/ MV - FRONT TO REAR,2207109,2,55TH ST/ARAPAHOE AVE,55TH,CITY ST/CNTY RD,     ,  ,2022/07/26 00:00:00+00,2022/07/26 18:36:00+00,2022,7,July,18,3,26,Tuesday,18,Motorway Collision,Daylight,NONE,Property Damage Only,0,0,0,40.014598,-105.225448,0,0,0,0,AT INTERSECTION,1836,6058
-105.206674,40.014677,Police Collision Report,COLLISION W/ MV - FRONT TO REAR,2207142,2,ARAPAHOE AVE/63RD ST,ARAPAHOE AVE,STATE HWY,     ,E ,2022/07/27 00:00:00+00,2022/07/27 16:32:00+00,2022,7,July,16,4,27,Wednesday,16,Motorway Collision,Daylight,NONE,Property Damage Only,0,0,0,40.014677,-105.206674,0,0,0,0,NON-INTERSECTION,1631,6059
-105.263243,40.033153,Police Collision Report,COLLISION W/ MV - FRONT TO SIDE,2206212,2,FOLSOM ST/GLENWOOD DR,GLENWOOD DRIVE,CITY ST/CNTY RD,     ,  ,2022/07/01 00:00:00+00,2022/07/01 11:48:00+00,2022,7,July,11,6,1,Friday,11,Motorway Collision,Daylight,NONE,Property Damage Only,0,0,0,40.033153,-105.263243,0,0,0,0,AT INTERSECTION,1148,6060
-105.284884,40.020611,Police Collision Report,COLLISION W/ MV - FRONT TO SIDE,2206227,2,MAPLETON AVE/9TH ST,MAPLETON AVE,CITY ST/CNTY RD,     ,  ,2022/07/01 00:00:00+00,2022/07/01 15:19:00+00,2022,7,July,15,6,1,Friday,15,Motorway Collision,Daylight,NONE,Property Damage Only,0,0,0,40.020611,-105.284884,0,0,0,0,AT INTERSECTION,1519,6061
-105.253767,40.023257,Police Collision Report,COLLISION W/ MV - FRONT TO SIDE,2206081,2,30TH ST/PEARL ST,30TH STREET,CITY ST/CNTY RD,     ,N ,2022/06/06 00:00:00+00,2022/06/23 00:00:00+00,2022,6,June,0,5,23,Thursday,0,Motorway Collision,Daylight,NONE,Property Damage Only,0,0,0,40.023257,-105.253767,0,0,0,0,CROSSOVER-RELATED,1932,6062
-105.283422,40.01316,Police Collision Report,COLLISION W/ MV - FRONT TO SIDE,2206091,2,9TH ST/ARAPAHOE AVE,ARAPAHOE AVE,CITY ST/CNTY RD,     ,  ,2022/06/28 00:00:00+00,2022/06/28 13:06:00+00,2022,6,June,13,3,28,Tuesday,13,Motorway Collision,Daylight,NONE,Property Damage Only,0,0,0,40.01316,-105.283422,0,0,0,0,AT INTERSECTION,1306,6063
-105.290049,40.023693,Police Collision Report,COLLISION W/ MV - FRONT TO SIDE,2206092,2,DEWEY AVE/5TH ST,5TH STREET,CITY ST/CNTY RD,     ,  ,2022/06/28 00:00:00+00,2022/06/28 13:37:00+00,2022,6,June,13,3,28,Tuesday,13,Motorway Collision,Daylight,NONE,Property Damage Only,0,0,0,40.023693,-105.290049,0,0,0,0,AT INTERSECTION,1338,6064
-105.258391,40.005086,Police Collision Report,COLLISION W/ MV - FRONT TO SIDE,2206004,2,28TH FRONTAGE RD/E EUCLID AVE,28TH FRONTAGE ROAD,CITY ST/CNTY RD,     ,N ,2022/06/25 00:00:00+00,2022/06/25 18:03:00+00,2022,6,June,18,7,25,Saturday,18,Motorway Collision,Daylight,NONE,Possible injury,0,0,0,40.005086,-105.258391,0,0,0,0,AT INTERSECTION,1802,6065
-105.28213,40.027998,Police Collision Report,COLLISION W/ MV - FRONT TO SIDE,2205766,2,BROADWAY/CEDAR AVE,BROADWAY,CITY ST/CNTY RD,     ,  ,2022/06/18 00:00:00+00,2022/06/18 11:18:00+00,2022,6,June,11,7,18,Saturday,11,Motorway Collision,Daylight,NONE,Possible injury,0,0,0,40.027998,-105.28213,0,0,0,0,AT INTERSECTION,1118,6066
-105.253677,40.029218,Police Collision Report,COLLISION W/ MV - FRONT TO SIDE,2205934,2,VALMONT RD/30TH ST,VALMONT RD,CITY ST/CNTY RD,     ,E ,2022/06/23 00:00:00+00,2022/06/23 14:56:00+00,2022,6,June,14,5,23,Thursday,14,Motorway Collision,Daylight,NONE,Property Damage Only,0,0,0,40.029218,-105.253677,0,0,0,0,DRIVEWAY ACCESS RELATED,1456,6067
-105.28208,40.046415,Police Collision Report,COLLISION W/ MV - FRONT TO SIDE,2206250,2,POPLAR AVE/BROADWAY,BROADWAY,CITY ST/CNTY RD,     ,N ,2022/07/02 00:00:00+00,2022/07/02 13:10:00+00,2022,7,July,13,7,2,Saturday,13,Motorway Collision,Daylight,NONE,Property Damage Only,0,0,0,40.046415,-105.28208,0,0,0,0,AT INTERSECTION,1310,6068
-105.274928,40.005745,Police Collision Report,COLLISION W/ MV - FRONT TO SIDE,2209806,4,1016  14TH ST      ,14TH STREET,CITY ST/CNTY RD,     ,N ,2022/09/30 02:08:59+00,2022/09/30 02:09:00+00,2022,9,September,2,6,30,Friday,2,Motorway Collision,Dark - Lighted,NONE,Property Damage Only,0,0,0,40.005745,-105.274928,1,1,0,0,NON-INTERSECTION,208,6069
-105.255817,39.989295,Police Collision Report,COLLISION W/ MV - FRONT TO SIDE,2209562,2,S BROADWAY/DARTMOUTH AVE,BROADWAY,STATE HWY,     ,  ,2022/09/23 00:00:00+00,2022/09/23 10:02:00+00,2022,9,September,10,6,23,Friday,10,Motorway Collision,Daylight,NONE,Property Damage Only,0,0,0,39.989295,-105.255817,0,0,0,0,AT INTERSECTION,1002,6070
-105.237424,39.976305,Police Collision Report,COLLISION W/ MV - FRONT TO SIDE,2209711,2,MACKY WAY/CHAMBERS DR,MACKEY WAY,CITY ST/CNTY RD,     ,W ,2022/09/27 00:00:00+00,2022/09/27 15:34:00+00,2022,9,September,15,3,27,Tuesday,15,Motorway Collision,Daylight,NONE,Property Damage Only,0,0,0,39.976305,-105.237424,0,0,0,0,DRIVEWAY ACCESS RELATED,1534,6071
-105.23733,40.002711,Police Collision Report,COLLISION W/ MV - FRONT TO SIDE,2209778,2,MOHAWK DR/TALBOT DR,MOHAWK DRIVE,CITY ST/CNTY RD,     ,  ,2022/09/29 00:00:00+00,2022/09/29 12:02:00+00,2022,9,September,12,5,29,Thursday,12,Motorway Collision,Daylight,NONE,Property Damage Only,0,0,0,40.002711,-105.23733,0,0,0,0,AT INTERSECTION,1201,6072
-105.249862,39.98558,Police Collision Report,COLLISION W/ MV - FRONT TO SIDE,2209645,2,S BROADWAY/TABLE MESA DR,BROADWAY BLVD,STATE HWY,     ,  ,2022/09/25 00:00:00+00,2022/09/25 15:37:00+00,2022,9,September,15,1,25,Sunday,15,Motorway Collision,Daylight,NONE,Property Damage Only,0,0,0,39.98558,-105.249862,0,0,0,0,AT INTERSECTION,1537,6073
-105.260963,40.039156,Police Collision Report,COLLISION W/ MV - FRONT TO SIDE,2210004,2,3522  NOTTINGHAM CT 2     ,30TH ST,CITY ST/CNTY RD,     ,  ,2022/10/06 16:17:59+00,2022/10/06 16:18:00+00,2022,10,October,16,5,6,Thursday,16,Motorway Collision,Daylight,NONE,Property Damage Only,0,0,0,40.039156,-105.260963,0,0,0,0,AT INTERSECTION,1432,6074
-105.225376,40.015815,Police Collision Report,COLLISION W/ MV - FRONT TO SIDE,2210251,2,1700  55TH ST      ,55TH ST,CITY ST/CNTY RD,     ,N ,2022/10/12 00:00:00+00,2022/10/12 16:19:00+00,2022,10,October,16,4,12,Wednesday,16,Motorway Collision,Daylight,NONE,Possible injury,0,0,0,40.015815,-105.225376,0,0,0,0,NON-INTERSECTION,1615,6075
-105.263661,40.023399,Police Collision Report,COLLISION W/ MV - FRONT TO SIDE,2210312,2,FOLSOM ST/PINE ST,FOLSOM STREET,CITY ST/CNTY RD,     ,  ,2022/10/14 00:00:00+00,2022/10/14 01:44:00+00,2022,10,October,1,6,14,Friday,1,Motorway Collision,Dark - Lighted,NONE,Property Damage Only,0,0,0,40.023399,-105.263661,0,0,0,0,AT INTERSECTION,143,6076
-105.258777,40.010206,Police Collision Report,COLLISION W/ MV - FRONT TO SIDE,2210481,2,1345  28TH ST      ,28TH STREET,STATE HWY,     ,N ,2022/10/18 00:00:00+00,2022/10/18 16:47:00+00,2022,10,October,16,3,18,Tuesday,16,Motorway Collision,Daylight,NONE,Possible injury,0,0,0,40.010206,-105.258777,0,0,0,0,CROSSOVER-RELATED,1647,6077
-105.253677,40.029218,Police Collision Report,COLLISION W/ MV - FRONT TO SIDE,2210290,2,VALMONT RD/30TH ST,VALMONT ROAD,CITY ST/CNTY RD,     ,  ,2022/10/13 00:00:00+00,2022/10/13 14:10:00+00,2022,10,October,14,5,13,Thursday,14,Motorway Collision,Daylight,NONE,Possible injury,0,0,0,40.029218,-105.253677,0,0,0,0,AT INTERSECTION,1410,6078
-105.258282,40.014544,Police Collision Report,COLLISION W/ MV - FRONT TO SIDE,2210217,2,28TH ST/ARAPAHOE AVE,28TH ST,INTERSTATE,     ,S ,2022/10/11 00:00:00+00,2022/10/11 00:00:00+00,2022,10,October,0,3,11,Tuesday,0,Motorway Collision,Daylight,NONE,Property Damage Only,0,0,0,40.014544,-105.258282,0,0,0,0,DRIVEWAY ACCESS RELATED,1738,6079
-105.244187,40.025058,Police Collision Report,COLLISION W/ MV - FRONT TO SIDE,2210448,2,2499  47TH ST/PEARL ST      ,PEARL ST,CITY ST/CNTY RD,     ,  ,2022/10/17 00:00:00+00,2022/10/17 00:00:00+00,2022,10,October,0,2,17,Monday,0,Motorway Collision,Daylight,NONE,Property Damage Only,0,0,0,40.025058,-105.244187,0,0,0,0,AT INTERSECTION,1730,6080
-105.282003,40.005446,Police Collision Report,COLLISION W/ MV - FRONT TO SIDE,2210369,2,9TH ST/EUCLID AVE,EUCLID AVENUE,CITY ST/CNTY RD,     ,  ,2022/10/15 00:00:00+00,2022/10/15 12:31:00+00,2022,10,October,12,7,15,Saturday,12,Motorway Collision,Daylight,NONE,Property Damage Only,0,0,0,40.005446,-105.282003,0,0,0,0,AT INTERSECTION,1231,6081
-105.282979,40.011927,Police Collision Report,COLLISION W/ MV - FRONT TO SIDE,2210374,2,9TH ST/MARINE ST,9TH STREET,CITY ST/CNTY RD,     ,S ,2022/10/15 00:00:00+00,2022/10/15 15:27:00+00,2022,10,October,15,7,15,Saturday,15,Motorway Collision,Daylight,NONE,Non-Incapacitating Injury,0,0,1,40.011927,-105.282979,0,0,0,0,ALLEY RELATED,1527,6082
-105.258524,40.008127,Police Collision Report,COLLISION W/ MV - FRONT TO SIDE,2210393,2,28TH ST/COLORADO AVE,28TH STREET,STATE HWY,     ,  ,2022/10/16 00:00:00+00,2022/10/16 00:36:00+00,2022,10,October,0,1,16,Sunday,0,Motorway Collision,Dark - Lighted,NONE,Property Damage Only,0,0,0,40.008127,-105.258524,0,0,0,0,AT INTERSECTION,36,6083
-105.225069,40.027648,Police Collision Report,COLLISION W/ MV - FRONT TO SIDE,2210429,2,55TH ST/PEARL PKWY,PEARL PKWY,CITY ST/CNTY RD,     ,  ,2022/10/17 00:00:00+00,2022/10/17 08:41:00+00,2022,10,October,8,2,17,Monday,8,Motorway Collision,Daylight,NONE,Non-Incapacitating Injury,0,0,1,40.027648,-105.225069,0,0,0,0,AT INTERSECTION,835,6084
-105.243571,39.985825,Police Collision Report,COLLISION W/ MV - FRONT TO SIDE,2209797,2,S 44TH ST/TABLE MESA DR,TABLE MESA DR.,CITY ST/CNTY RD,     ,  ,2022/09/29 00:00:00+00,2022/09/29 21:05:00+00,2022,9,September,21,5,29,Thursday,21,Motorway Collision,Dark - Lighted,NONE,Property Damage Only,0,0,0,39.985825,-105.243571,0,0,0,0,AT INTERSECTION,2105,6085
-105.23281,39.999988,Police Collision Report,COLLISION W/ MV - FRONT TO SIDE,2209632,2,BASELINE RD/FOOTHILLS PKWY,BASELINE RD,STATE HWY,     ,  ,2022/09/25 00:00:00+00,2022/09/25 07:13:00+00,2022,9,September,7,1,25,Sunday,7,Motorway Collision,Daylight,NONE,Possible injury,0,0,0,39.999988,-105.23281,0,0,0,0,AT INTERSECTION,710,6086
-105.25371,40.029189,Police Collision Report,COLLISION W/ MV - FRONT TO SIDE,2209164,2,30TH ST/VALMONT RD,30TH ST,CITY ST/CNTY RD,     ,  ,2022/09/13 00:00:00+00,2022/09/13 10:07:00+00,2022,9,September,10,3,13,Tuesday,10,Motorway Collision,Daylight,NONE,Possible injury,0,0,0,40.029189,-105.25371,0,0,0,0,AT INTERSECTION,1006,6087
-105.265214,40.019937,Police Collision Report,COLLISION W/ MV - FRONT TO SIDE,2208741,2,WALNUT ST/23RD ST,23RD STREET,CITY ST/CNTY RD,     ,  ,2022/09/02 00:00:00+00,2022/09/02 13:58:00+00,2022,9,September,13,6,2,Friday,13,Motorway Collision,Daylight,NONE,Non-Incapacitating Injury,0,0,1,40.019937,-105.265214,0,0,0,0,AT INTERSECTION,1358,6088
-105.250117,40.014735,Police Collision Report,COLLISION W/ MV - FRONT TO SIDE,2208688,2,ARAPAHOE AVE/33RD ST,ARAPAHOE ROAD,STATE HWY,     ,W ,2022/09/01 00:00:00+00,2022/09/01 17:06:00+00,2022,9,September,17,5,1,Thursday,17,Motorway Collision,Daylight,NONE,Property Damage Only,0,0,0,40.014735,-105.250117,0,0,0,0,DRIVEWAY ACCESS RELATED,1706,6089