X,Y,ReportType,PrmaryCollsionType,CaseNumber,UnitsInvolved,Location,OnHighway,CrossStreet,FeetFromIntersection,DirectionFromIntersection,CollisionDate,ReportedDate,ReportedYear,ReportedMonth,ReportedMonthName,ReportedWeek,ReportedDayofWeekNum,ReportedDayofMonth,ReportedDayofWeek,ReportedHour,HitAndRunStatus,LightingCondition,WeatherCondition,Severity,NumKilled,NumSeriouslyInjured,NumInjuredOrKilled,Lat,Lon,DUI,AlcoholDrugSuspected,BicyclesInvolved,PedestriansInvolved,RoadDescription,Crash_Time,ESRI_OID
-105.249911,39.985461,Police Collision Report,COLLISION W/ MV - FRONT TO SIDE,2204562,2,TABLE MESA DR/S BROADWAY,SOUTH BROADWAY,STATE HWY,     ,S ,2022/05/15 00:00:00+00,2022/05/15 11:07:00+00,2022,5,May,11,1,15,Sunday,11,Motorway Collision,Daylight,NONE,Property Damage Only,0,0,0,39.985461,-105.249911,0,0,0,0,DRIVEWAY ACCESS RELATED,1107,6156
-105.26379,40.000067,Police Collision Report,COLLISION W/ MV - FRONT TO SIDE,2204501,2,BROADWAY/BASELINE RD,BROADWAY STREET,STATE HWY,     ,S ,2022/05/13 00:00:00+00,2022/05/13 15:16:00+00,2022,5,May,15,6,13,Friday,15,Motorway Collision,Daylight,NONE,Non-Incapacitating Injury,0,0,1,40.000067,-105.26379,0,0,0,0,INTERSECTION RELATED,1515,6157
-105.265056,40.000112,Police Collision Report,COLLISION W/ MV - FRONT TO SIDE,2204731,2,BASELINE RD/22ND ST,BASELINE RD,CITY ST/CNTY RD,     ,  ,2022/05/19 00:00:00+00,2022/05/19 16:30:00+00,2022,5,May,16,5,19,Thursday,16,Motorway Collision,Daylight,NONE,Possible injury,0,0,0,40.000112,-105.265056,0,0,0,0,AT INTERSECTION,1630,6158
-105.280563,40.024517,Police Collision Report,COLLISION W/ MV - FRONT TO SIDE,2204674,2,NORTH ST/13TH ST,13TH ST,CITY ST/CNTY RD,     ,  ,2022/05/18 00:00:00+00,2022/05/18 11:02:00+00,2022,5,May,11,4,18,Wednesday,11,Motorway Collision,Daylight,NONE,Property Damage Only,0,0,0,40.024517,-105.280563,0,0,0,0,AT INTERSECTION,1102,6159
-105.271168,40.02081,Police Collision Report,COLLISION W/ MV - FRONT TO SIDE,2204717,2,SPRUCE ST/19TH ST,19TH ST,CITY ST/CNTY RD,     ,  ,2022/05/19 00:00:00+00,2022/05/19 10:55:00+00,2022,5,May,10,5,19,Thursday,10,Motorway Collision,Daylight,NONE,Property Damage Only,0,0,0,40.02081,-105.271168,0,0,0,0,AT INTERSECTION,1055,6160
-105.23649,39.997915,Police Collision Report,COLLISION W/ MV - FRONT TO SIDE,2204696,2,MOHAWK DR/LAGUNA PL,MOHAWK DR,CITY ST/CNTY RD,     ,N ,2022/05/18 00:00:00+00,2022/05/18 16:32:00+00,2022,5,May,16,4,18,Wednesday,16,Motorway Collision,Daylight,NONE,Property Damage Only,0,0,0,39.997915,-105.23649,0,0,0,0,DRIVEWAY ACCESS RELATED,1632,6161
-105.250079,40.014707,Police Collision Report,COLLISION W/ MV - FRONT TO SIDE,2204698,2,33RD ST/ARAPAHOE AVE,33RD ST,STATE HWY,     ,  ,2022/05/18 00:00:00+00,2022/05/18 18:12:00+00,2022,5,May,18,4,18,Wednesday,18,Motorway Collision,Daylight,NONE,Non-Incapacitating Injury,0,0,1,40.014707,-105.250079,0,0,0,0,AT INTERSECTION,1632,6162
-105.258565,40.008102,Police Collision Report,COLLISION W/ MV - FRONT TO SIDE,2204793,2,COLORADO AVE/28TH ST,28TH ST,STATE HWY,     ,S ,2022/05/21 00:00:00+00,2022/05/21 09:54:00+00,2022,5,May,9,7,21,Saturday,9,Motorway Collision,Daylight,NONE,Property Damage Only,0,0,0,40.008102,-105.258565,0,0,0,0,NON-INTERSECTION,954,6163
-105.225418,40.014574,Police Collision Report,COLLISION W/ MV - FRONT TO SIDE,2204797,3,ARAPAHOE AVE/55TH ST,ARAPAHOE AVE.,STATE HWY,     ,E ,2022/05/21 00:00:00+00,2022/05/21 12:49:00+00,2022,5,May,12,7,21,Saturday,12,Hit-and-Run Collision,Daylight,NONE,Non-Incapacitating Injury,0,0,2,40.014574,-105.225418,0,0,0,0,NON-INTERSECTION,1249,6164
-105.258282,40.014544,Police Collision Report,COLLISION W/ MV - FRONT TO SIDE,2205509,2,28TH ST/ARAPAHOE AVE,26TH ST,CITY ST/CNTY RD,     ,  ,2022/06/10 00:00:00+00,2022/06/10 21:05:00+00,2022,6,June,21,6,10,Friday,21,Motorway Collision,Dark - Lighted,NONE,Property Damage Only,0,0,0,40.014544,-105.258282,0,0,0,0,AT INTERSECTION,2105,6165
-105.240833,40.014503,Police Collision Report,COLLISION W/ MV - FRONT TO SIDE,2205412,2,ARAPAHOE AVE/FOOTHILLS PKWY,ARAPAHOE AVE,STATE HWY,     ,  ,2022/06/08 00:00:00+00,2022/06/08 09:49:00+00,2022,6,June,9,4,8,Wednesday,9,Motorway Collision,Daylight,NONE,Incapacitating Injury,0,1,1,40.014503,-105.240833,0,0,0,0,AT INTERSECTION,949,6166
-105.231979,40.014606,Police Collision Report,COLLISION W/ MV - FRONT TO SIDE,2205430,2,ARAPAHOE AVE/EISENHOWER DR,ARAPAHOE AVE,STATE HWY,     ,  ,2022/06/08 00:00:00+00,2022/06/08 16:34:00+00,2022,6,June,16,4,8,Wednesday,16,Motorway Collision,Daylight,NONE,Possible injury,0,0,0,40.014606,-105.231979,0,0,0,0,AT INTERSECTION,1634,6167
-105.244714,40.022961,Police Collision Report,COLLISION W/ MV - FRONT TO SIDE,2205446,2,PEARL PKWY/FOOTHILLS PKWY,PEARL PKWY,CITY ST/CNTY RD,     ,  ,2022/06/09 00:00:00+00,2022/06/09 10:27:00+00,2022,6,June,10,5,9,Thursday,10,Motorway Collision,Daylight,NONE,Non-Incapacitating Injury,0,0,1,40.022961,-105.244714,0,0,0,0,AT INTERSECTION,1027,6168
-105.256034,40.029131,Police Collision Report,COLLISION W/ MV - FRONT TO SIDE,2205938,2,VALMONT RD/29TH ST,VALMONT ROAD,,     ,W ,2022/06/22 00:00:00+00,2022/06/22 19:56:00+00,2022,6,June,19,4,22,Wednesday,19,Motorway Collision,Daylight,NONE,Property Damage Only,0,0,0,40.029131,-105.256034,0,0,0,0,DRIVEWAY ACCESS RELATED,1950,6169
-105.290049,40.023693,Police Collision Report,COLLISION W/ MV - FRONT TO SIDE,2205919,2,DEWEY AVE/5TH ST,DEWEY AVE,CITY ST/CNTY RD,     ,  ,2022/06/23 00:00:00+00,2022/06/23 10:34:00+00,2022,6,June,10,5,23,Thursday,10,Motorway Collision,Daylight,NONE,Possible injury,0,0,0,40.023693,-105.290049,0,0,0,0,AT INTERSECTION,1034,6170
-105.278697,40.014093,Police Collision Report,COLLISION W/ MV - FRONT TO SIDE,2205806,3,BROADWAY/ARAPAHOE AVE,BROADWAY STREET,STATE HWY,     ,N ,2022/06/19 00:00:00+00,2022/06/19 16:25:00+00,2022,6,June,16,1,19,Sunday,16,Motorway Collision,Daylight,NONE,Property Damage Only,0,0,0,40.014093,-105.278697,0,0,0,0,INTERSECTION RELATED,1625,6171
-105.253572,40.02006,Police Collision Report,COLLISION W/ MV - FRONT TO SIDE,2205775,2,WALNUT ST/30TH ST,WALNUT ST,CITY ST/CNTY RD,     ,E ,2022/06/18 00:00:00+00,2022/06/18 14:45:00+00,2022,6,June,14,7,18,Saturday,14,Motorway Collision,Daylight,NONE,Property Damage Only,0,0,0,40.02006,-105.253572,0,0,0,0,DRIVEWAY ACCESS RELATED,1325,6172
-105.258504,40.020518,Police Collision Report,COLLISION W/ MV - FRONT TO SIDE,2205782,2,28TH ST/WALNUT ST,28TH ST,STATE HWY,     ,  ,2022/06/18 00:00:00+00,2022/06/18 21:32:00+00,2022,6,June,21,7,18,Saturday,21,Motorway Collision,Dark - Lighted,NONE,Property Damage Only,0,0,0,40.020518,-105.258504,0,0,0,0,AT INTERSECTION,2133,6173
-105.232067,39.986813,Police Collision Report,COLLISION W/ MV - FRONT TO SIDE,2205593,2,TABLE MESA DR/FOOTHILLS PKWY,TABLE MESA DR,CITY ST/CNTY RD,     ,  ,2022/06/13 00:00:00+00,2022/06/13 13:19:00+00,2022,6,June,13,2,13,Monday,13,Motorway Collision,Daylight,NONE,Property Damage Only,0,0,0,39.986813,-105.232067,0,0,0,0,AT INTERSECTION,1316,6174
-105.240082,39.988606,Police Collision Report,COLLISION W/ MV - FRONT TO SIDE,2205628,2,HAMILTON CT/MOORHEAD AVE,MOORHEAD AVE,,     ,  ,2022/06/14 15:12:59+00,2022/06/14 15:13:00+00,2022,6,June,15,3,14,Tuesday,15,Motorway Collision,Daylight,NONE,Property Damage Only,0,0,0,39.988606,-105.240082,0,0,0,0,DRIVEWAY ACCESS RELATED,1533,6175
-105.282125,40.030102,Police Collision Report,COLLISION W/ MV - FRONT TO SIDE,2205723,2,BROADWAY/ELDER AVE,BROADWAY,CITY ST/CNTY RD,     ,  ,2022/06/17 00:00:00+00,2022/06/17 09:53:00+00,2022,6,June,9,6,17,Friday,9,Motorway Collision,Daylight,NONE,Property Damage Only,0,0,0,40.030102,-105.282125,0,0,0,0,AT INTERSECTION,953,6176
-105.253719,40.036455,Police Collision Report,COLLISION W/ MV - FRONT TO SIDE,2205727,2,30TH ST/IRIS AVE,30TH ST,CITY ST/CNTY RD,     ,  ,2022/06/17 00:00:00+00,2022/06/17 11:54:00+00,2022,6,June,11,6,17,Friday,11,Motorway Collision,Daylight,NONE,Possible injury,0,0,0,40.036455,-105.253719,0,0,0,0,AT INTERSECTION,1154,6177
-105.236459,39.996305,Police Collision Report,COLLISION W/ MV - FRONT TO SIDE,2205730,3,500   MOHAWK DR      ,500 MOHAWK DR.,,     ,  ,2022/06/17 00:00:00+00,2022/06/17 12:58:00+00,2022,6,June,12,6,17,Friday,12,Motorway Collision,,NONE,Property Damage Only,0,0,0,39.996305,-105.236459,0,0,0,0,PARKING LOT,1258,6178
-105.247327,39.985843,Police Collision Report,COLLISION W/ MV - FRONT TO SIDE,2205670,2,TABLE MESA DR/S 40TH ST,TABLE MESA DR,,     ,  ,2022/06/15 00:00:00+00,2022/06/15 18:11:00+00,2022,6,June,18,4,15,Wednesday,18,Motorway Collision,Daylight,NONE,Possible injury,0,0,0,39.985843,-105.247327,0,0,0,0,AT INTERSECTION,1810,6179
-105.275827,40.008732,Police Collision Report,COLLISION W/ MV - FRONT TO SIDE,2205671,2,BROADWAY/PENNSYLVANIA AVE,BROADWAY,CITY ST/CNTY RD,     ,  ,2022/06/15 00:00:00+00,2022/06/15 19:27:00+00,2022,6,June,19,4,15,Wednesday,19,Motorway Collision,Daylight,NONE,Property Damage Only,0,0,0,40.008732,-105.275827,0,0,0,0,AT INTERSECTION,1927,6180
-105.282003,40.005446,Police Collision Report,COLLISION W/ MV - FRONT TO SIDE,2205695,2,9TH ST/EUCLID AVE,9TH STREET,CITY ST/CNTY RD,     ,  ,2022/06/16 00:00:00+00,2022/06/16 14:33:00+00,2022,6,June,14,5,16,Thursday,14,Motorway Collision,Daylight,NONE,Property Damage Only,0,0,0,40.005446,-105.282003,0,0,0,0,AT INTERSECTION,1433,6181
-105.26379,40.000067,Police Collision Report,COLLISION W/ MV - FRONT TO SIDE,2204977,2,BROADWAY/BASELINE RD,BROADWAY,STATE HWY,     ,  ,2022/05/26 00:00:00+00,2022/05/26 20:16:00+00,2022,5,May,20,5,26,Thursday,20,Motorway Collision,Daylight,NONE,Incapacitating Injury,0,1,2,40.000067,-105.26379,0,0,0,0,AT INTERSECTION,2016,6182
-105.282074,40.035003,Police Collision Report,COLLISION W/ MV - FRONT TO SIDE,2204931,2,HAWTHORN AVE/BROADWAY,HAWTHORN AVE,CITY ST/CNTY RD,     ,E ,2022/05/25 00:00:00+00,2022/05/25 13:34:00+00,2022,5,May,13,4,25,Wednesday,13,Motorway Collision,Daylight,NONE,Property Damage Only,0,0,0,40.035003,-105.282074,0,0,0,0,AT INTERSECTION,1334,6183
-105.271188,40.020774,Police Collision Report,COLLISION W/ MV - FRONT TO SIDE,2204915,2,19TH ST/SPRUCE ST,19TH ST,CITY ST/CNTY RD,     ,  ,2022/05/25 00:00:00+00,2022/05/25 08:48:00+00,2022,5,May,8,4,25,Wednesday,8,Motorway Collision,Daylight,NONE,Property Damage Only,0,0,0,40.020774,-105.271188,0,0,0,0,AT INTERSECTION,848,6184
-105.253772,40.020084,Police Collision Report,COLLISION W/ MV - FRONT TO SIDE,2205005,2,30TH ST/WALNUT ST,30TH ST,CITY ST/CNTY RD,     ,S ,2022/05/27 00:00:00+00,2022/05/27 15:08:00+00,2022,5,May,15,6,27,Friday,15,Motorway Collision,Daylight,NONE,Possible injury,0,0,0,40.020084,-105.253772,0,0,0,0,DRIVEWAY ACCESS RELATED,1507,6185
-105.258448,40.030081,Police Collision Report,COLLISION W/ MV - FRONT TO SIDE,2208972,2,3053  28TH ST      ,28TH STREET,STATE HWY,     ,N ,2022/09/08 00:00:00+00,2022/09/08 09:47:00+00,2022,9,September,9,5,8,Thursday,9,Motorway Collision,Daylight,NONE,Possible injury,0,0,0,40.030081,-105.258448,0,0,0,0,DRIVEWAY ACCESS RELATED,947,6186
-105.234612,40.029256,Police Collision Report,COLLISION W/ MV - FRONT TO SIDE,2209124,2,VALMONT RD/AIRPORT RD,VALMONT ROAD,CITY ST/CNTY RD,     ,E ,2022/09/12 00:00:00+00,2022/09/12 09:25:00+00,2022,9,September,9,2,12,Monday,9,Hit-and-Run Collision,Daylight,NONE,Property Damage Only,0,0,0,40.029256,-105.234612,0,0,0,0,NON-INTERSECTION,924,6187
-105.253059,39.999933,Police Collision Report,COLLISION W/ MV - FRONT TO SIDE,2209103,2,30TH ST/BASELINE RD,30TH ST,CITY ST/CNTY RD,     ,N ,2022/09/11 00:00:00+00,2022/09/11 12:10:00+00,2022,9,September,12,1,11,Sunday,12,Motorway Collision,Daylight,NONE,Property Damage Only,0,0,0,39.999933,-105.253059,0,0,0,0,NON-INTERSECTION,1210,6188
-105.279303,40.015822,Police Collision Report,COLLISION W/ MV - FRONT TO SIDE,2205524,2,BROADWAY/CANYON BLVD,BROADWAY,STATE HWY,     ,  ,2022/06/11 00:00:00+00,2022/06/11 12:21:00+00,2022,6,June,12,7,11,Saturday,12,Motorway Collision,Daylight,NONE,Property Damage Only,0,0,0,40.015822,-105.279303,0,0,0,0,AT INTERSECTION,1220,6189
-105.285592,40.012971,Police Collision Report,COLLISION W/ MV - FRONT TO SIDE,2205528,2,ARAPAHOE AVE/7TH ST,ARAPAHOE AVE,CITY ST/CNTY RD,     ,  ,2022/06/11 00:00:00+00,2022/06/11 14:26:00+00,2022,6,June,14,7,11,Saturday,14,Motorway Collision,Daylight,NONE,Property Damage Only,0,0,0,40.012971,-105.285592,0,0,0,0,AT INTERSECTION,1426,6190
-105.28216,40.061827,Police Collision Report,COLLISION W/ MV - FRONT TO SIDE,2205072,2,BROADWAY/LEE HILL DR,BROADWAY,CITY ST/CNTY RD,     ,  ,2022/05/29 00:00:00+00,2022/05/29 13:34:00+00,2022,5,May,13,1,29,Sunday,13,Motorway Collision,Daylight,NONE,Possible injury,0,0,0,40.061827,-105.28216,0,0,0,0,AT INTERSECTION,1334,6191
-105.276207,40.00733,Police Collision Report,COLLISION W/ MV - FRONT TO SIDE,2205199,2,COLLEGE AVE/13TH ST,COLLEGE AVE,CITY ST/CNTY RD,     ,W ,2022/06/02 00:00:00+00,2022/06/02 12:00:00+00,2022,6,June,12,5,2,Thursday,12,Motorway Collision,Daylight,NONE,Property Damage Only,0,0,0,40.00733,-105.276207,0,0,0,0,ALLEY RELATED,1159,6192
-105.255925,40.000177,Police Collision Report,COLLISION W/ MV - FRONT TO SIDE,2205249,2,BASELINE RD/29TH ST,BASELINE ROAD,CITY ST/CNTY RD,     ,  ,2022/06/03 00:00:00+00,2022/06/03 12:06:00+00,2022,6,June,12,6,3,Friday,12,Motorway Collision,Daylight,NONE,Possible injury,0,0,0,40.000177,-105.255925,0,0,0,0,AT INTERSECTION,1206,6193
-105.279657,40.016862,Police Collision Report,COLLISION W/ MV - FRONT TO SIDE,2205300,2,BROADWAY/WALNUT ST,BROADWAY AVE,CITY ST/CNTY RD,     ,  ,2022/06/04 00:00:00+00,2022/06/04 20:48:00+00,2022,6,June,20,7,4,Saturday,20,Motorway Collision,Dark - Lighted,NONE,Property Damage Only,0,0,0,40.016862,-105.279657,0,0,0,0,AT INTERSECTION,2048,6194
-105.260145,40.051015,Police Collision Report,COLLISION W/ MV - FRONT TO SIDE,2202753,2,28TH ST/JAY RD,28TH ST,STATE HWY,     ,  ,2022/03/26 00:00:00+00,2022/03/26 09:50:00+00,2022,3,March,9,7,26,Saturday,9,Motorway Collision,Daylight,NONE,Possible injury,0,0,0,40.051015,-105.260145,0,0,0,0,AT INTERSECTION,950,6195
-105.279657,40.016862,Police Collision Report,COLLISION W/ MV - FRONT TO SIDE,2202700,2,BROADWAY/WALNUT ST,WALNUT ST.,CITY ST/CNTY RD,     ,E ,2022/03/24 00:00:00+00,2022/03/24 16:46:00+00,2022,3,March,16,5,24,Thursday,16,Motorway Collision,Daylight,NONE,Property Damage Only,0,0,0,40.016862,-105.279657,0,0,0,0,NON-INTERSECTION,1646,6196
-105.263108,40.020368,Police Collision Report,COLLISION W/ MV - FRONT TO SIDE,2202969,3,WALNUT ST/FOLSOM ST,FOLSOM,CITY ST/CNTY RD,     ,W ,2022/04/01 00:00:00+00,2022/04/01 14:39:00+00,2022,4,April,14,6,1,Friday,14,Motorway Collision,Daylight,NONE,Possible injury,0,0,0,40.020368,-105.263108,0,0,0,0,INTERSECTION RELATED,1440,6197
-105.266285,40.017232,Police Collision Report,COLLISION W/ MV - FRONT TO REAR,2110040,2,22ND ST/CANYON BLVD,CANYON BLVD,STATE HWY,     ,W ,2021/10/19 00:00:00+00,2021/10/19 16:07:00+00,2021,10,October,16,3,19,Tuesday,16,Motorway Collision,Daylight,NONE,Property Damage Only,0,0,0,40.017232,-105.266285,0,0,0,0,NON-INTERSECTION,1605,6198
-105.255889,40.000147,Police Collision Report,COLLISION W/ MV - FRONT TO REAR,2110555,2,29TH ST/BASELINE RD,29TH ST,CITY ST/CNTY RD,     ,N ,2021/11/03 00:00:00+00,2021/11/03 17:24:00+00,2021,11,November,17,4,3,Wednesday,17,Motorway Collision,Daylight,NONE,Possible injury,0,0,0,40.000147,-105.255889,0,0,0,0,AT INTERSECTION,1724,6199
-105.258306,40.022242,Police Collision Report,COLLISION W/ MV - FRONT TO REAR,2110539,2,2800  PEARL ST      ,2800 PEARL ST,,     ,  ,2021/11/03 00:00:00+00,2021/11/03 11:26:00+00,2021,11,November,11,4,3,Wednesday,11,Motorway Collision,,NONE,Property Damage Only,0,0,0,40.022242,-105.258306,0,1,0,0,DRIVEWAY ACCESS RELATED,1126,6200
-105.26619,40.014612,Police Collision Report,COLLISION W/ MV - FRONT TO REAR,2110543,3,22ND ST/ARAPAHOE AVE,ARAPAHOE AVE,CITY ST/CNTY RD,     ,W ,2021/11/03 00:00:00+00,2021/11/03 12:57:00+00,2021,11,November,12,4,3,Wednesday,12,Motorway Collision,Daylight,NONE,Possible injury,0,0,0,40.014612,-105.26619,0,0,0,0,MID-BLOCK CROSSWALK,1257,6201
-105.239567,40.008522,Police Collision Report,COLLISION W/ MV - FRONT TO REAR,2110548,2,FOOTHILLS PKWY/COLORADO AVE,FOOTHILLS PKY,STATE HWY,     ,N ,2021/11/03 00:00:00+00,2021/11/03 15:23:00+00,2021,11,November,15,4,3,Wednesday,15,Motorway Collision,Daylight,NONE,Possible injury,0,0,0,40.008522,-105.239567,0,0,0,0,NON-INTERSECTION,1523,6202
-105.239567,40.008522,Police Collision Report,COLLISION W/ MV - FRONT TO REAR,2110550,3,FOOTHILLS PKWY/COLORADO AVE,FOOTHILLS PKY,STATE HWY,     ,N ,2021/11/03 00:00:00+00,2021/11/03 15:57:00+00,2021,11,November,15,4,3,Wednesday,15,Hit-and-Run Collision,Daylight,NONE,Property Damage Only,0,0,0,40.008522,-105.239567,0,0,0,0,NON-INTERSECTION,1556,6203
-105.244815,40.02287,Police Collision Report,COLLISION W/ MV - FRONT TO REAR,2110572,3,FOOTHILLS PKWY/PEARL PKWY,FOOTHILLS PARKWAY,STATE HWY,     ,N ,2021/11/04 00:00:00+00,2021/11/04 08:40:00+00,2021,11,November,8,5,4,Thursday,8,Motorway Collision,Daylight,NONE,Property Damage Only,0,0,0,40.02287,-105.244815,0,0,0,0,NON-INTERSECTION,840,6204
-105.276953,40.010476,Police Collision Report,COLLISION W/ MV - FRONT TO REAR,2110617,2,BROADWAY/UNIVERSITY AVE,BROADWAY,STATE HWY,     ,N ,2021/11/05 00:00:00+00,2021/11/05 12:02:00+00,2021,11,November,12,6,5,Friday,12,Motorway Collision,Daylight,NONE,Property Damage Only,0,0,0,40.010476,-105.276953,0,0,0,0,INTERSECTION RELATED,1202,6205
-105.26379,40.000067,Police Collision Report,COLLISION W/ MV - FRONT TO REAR,2110698,2,BROADWAY/BASELINE RD,BROADWAY,STATE HWY,     ,N ,2021/11/07 00:00:00+00,2021/11/07 14:54:00+00,2021,11,November,14,1,7,Sunday,14,Motorway Collision,Daylight,NONE,Property Damage Only,0,0,0,40.000067,-105.26379,0,0,0,0,NON-INTERSECTION,1454,6206
-105.253588,40.029219,Police Collision Report,COLLISION W/ MV - FRONT TO REAR,2110717,3,3003  VALMONT RD 225    ,3003 VALMONT,,     ,  ,2021/11/08 02:10:59+00,2021/11/08 02:11:00+00,2021,11,November,2,2,8,Monday,2,Motorway Collision,Dark - Unlighted,NONE,Property Damage Only,0,0,0,40.029219,-105.253588,1,1,0,0,NON-INTERSECTION,209,6207
-105.258357,40.000215,Police Collision Report,COLLISION W/ MV - FRONT TO REAR,2110644,2,US HIGHWAY 36/BASELINE RD,US HWY 36,STATE HWY,     ,E ,2021/11/06 00:00:00+00,2021/11/06 09:46:00+00,2021,11,November,9,7,6,Saturday,9,Motorway Collision,Daylight,NONE,Property Damage Only,0,0,0,40.000215,-105.258357,0,0,0,0,RAMP-RELATED,946,6208
-105.258357,40.000215,Police Collision Report,COLLISION W/ MV - FRONT TO REAR,2110646,2,US HIGHWAY 36/BASELINE RD,US 36,STATE HWY,     ,S ,2021/11/06 00:00:00+00,2021/11/06 10:24:00+00,2021,11,November,10,7,6,Saturday,10,Hit-and-Run Collision,Daylight,NONE,Property Damage Only,0,0,0,40.000215,-105.258357,0,0,0,0,RAMP-RELATED,1030,6209
-105.258357,40.000215,Police Collision Report,COLLISION W/ MV - FRONT TO REAR,2110645,3,US HIGHWAY 36/BASELINE RD,US HWY 36,STATE HWY,     ,E ,2021/11/06 00:00:00+00,2021/11/06 11:01:00+00,2021,11,November,11,7,6,Saturday,11,Hit-and-Run Collision,Daylight,NONE,Property Damage Only,0,0,0,40.000215,-105.258357,0,0,0,0,NON-INTERSECTION,1101,6210
-105.206674,40.014677,Police Collision Report,COLLISION W/ MV - FRONT TO REAR,2110518,2,ARAPAHOE AVE/63RD ST,ARAPAHOE AVE,STATE HWY,     ,W ,2021/11/02 00:00:00+00,2021/11/02 16:37:00+00,2021,11,November,16,3,2,Tuesday,16,Motorway Collision,Daylight,NONE,Non-Incapacitating Injury,0,0,1,40.014677,-105.206674,0,0,0,0,INTERSECTION RELATED,1637,6211
-105.258357,40.000215,Police Collision Report,COLLISION W/ MV - FRONT TO REAR,2110531,3,US HIGHWAY 36/BASELINE RD,US HWY 36,STATE HWY,     ,E ,2021/11/03 00:00:00+00,2021/11/03 08:30:00+00,2021,11,November,8,4,3,Wednesday,8,Hit-and-Run Collision,Daylight,NONE,Property Damage Only,0,0,0,40.000215,-105.258357,0,0,0,0,NON-INTERSECTION,830,6212
-105.24416,39.991899,Police Collision Report,COLLISION W/ MV - FRONT TO REAR,2110532,2,38200  US HIGHWAY 36      ,W/B US 36,STATE HWY,     ,  ,2021/11/03 00:00:00+00,2021/11/03 09:14:00+00,2021,11,November,9,4,3,Wednesday,9,Motorway Collision,Daylight,NONE,Property Damage Only,0,0,0,39.991899,-105.24416,0,0,0,0,NON-INTERSECTION,914,6213
-105.258492,40.017345,Police Collision Report,COLLISION W/ MV - FRONT TO REAR,2110533,2,28TH ST/CANYON BLVD,28TH ST,STATE HWY,     ,S ,2021/11/03 00:00:00+00,2021/11/03 08:59:00+00,2021,11,November,8,4,3,Wednesday,8,Motorway Collision,Daylight,NONE,Property Damage Only,0,0,0,40.017345,-105.258492,0,0,0,0,INTERSECTION RELATED,859,6214
-105.258419,40.016018,Police Collision Report,COLLISION W/ MV - FRONT TO REAR,2110457,2,1650  28TH ST      ,1650 28TH ST,OTHER RDWY,     ,  ,2021/10/31 20:19:00+00,2021/10/31 20:19:00+00,2021,10,October,20,1,31,Sunday,20,Motorway Collision,Dark - Lighted,NONE,Property Damage Only,0,0,0,40.016018,-105.258419,0,0,0,0,PARKING LOT,2019,6215
-105.262985,40.017486,Police Collision Report,COLLISION W/ MV - FRONT TO REAR,2110325,3,CANYON BLVD/FOLSOM ST,CANYON BOULEVARD,STATE HWY,     ,E ,2021/10/28 00:00:00+00,2021/10/28 12:41:00+00,2021,10,October,12,5,28,Thursday,12,Motorway Collision,Daylight,NONE,Property Damage Only,0,0,0,40.017486,-105.262985,0,0,0,0,AT INTERSECTION,1241,6216
-105.279684,40.007263,Police Collision Report,COLLISION W/ MV - FRONT TO REAR,2173824,2,1018  COLLEGE AVE      ,COLLEGE AVE,CITY ST/CNTY RD,     ,E ,2021/10/21 12:30:00+00,2021/10/27 14:52:48+00,2021,10,October,14,4,27,Wednesday,14,Motorway Collision,Daylight,NONE,Property Damage Only,0,0,0,40.007263,-105.279684,0,0,0,0,NON-INTERSECTION,1454,6217
-105.253767,40.023257,Police Collision Report,COLLISION W/ MV - FRONT TO REAR,2110355,2,30TH ST/PEARL ST,PEARL STREET,CITY ST/CNTY RD,     ,E ,2021/10/29 00:00:00+00,2021/10/29 07:00:00+00,2021,10,October,7,6,29,Friday,7,Motorway Collision,Dawn or Dusk,NONE,Property Damage Only,0,0,0,40.023257,-105.253767,0,0,0,0,AT INTERSECTION,700,6218
-105.258565,40.008102,Police Collision Report,COLLISION W/ MV - FRONT TO REAR,2110307,2,COLORADO AVE/28TH ST,COLORADO AVE,CITY ST/CNTY RD,     ,  ,2021/10/27 00:00:00+00,2021/10/27 20:10:00+00,2021,10,October,20,4,27,Wednesday,20,Motorway Collision,Dark - Lighted,NONE,Property Damage Only,0,0,0,40.008102,-105.258565,0,0,0,0,AT INTERSECTION,2010,6219
-105.23281,39.999988,Police Collision Report,COLLISION W/ MV - FRONT TO REAR,2110366,2,BASELINE RD/FOOTHILLS PKWY,FOOTHILLS PARKWAY,STATE HWY,     ,  ,2021/10/29 00:00:00+00,2021/10/29 11:55:00+00,2021,10,October,11,6,29,Friday,11,Motorway Collision,Daylight,NONE,Possible injury,0,0,0,39.999988,-105.23281,0,0,0,0,AT INTERSECTION,1155,6220
-105.279303,40.015822,Police Collision Report,COLLISION W/ MV - FRONT TO REAR,2110412,2,BROADWAY/CANYON BLVD,BROADWAY,STATE HWY,     ,S ,2021/10/30 00:00:00+00,2021/10/30 12:58:00+00,2021,10,October,12,7,30,Saturday,12,Motorway Collision,Daylight,NONE,Possible injury,0,0,0,40.015822,-105.279303,0,0,0,0,INTERSECTION RELATED,1258,6221
-105.267845,40.017353,Police Collision Report,COLLISION W/ MV - FRONT TO REAR,2110417,3,CANYON BLVD/21ST ST,CANYON BOULEVARD,STATE HWY,     ,  ,2021/10/30 00:00:00+00,2021/10/30 13:59:00+00,2021,10,October,13,7,30,Saturday,13,Motorway Collision,Daylight,NONE,Property Damage Only,0,0,0,40.017353,-105.267845,0,0,0,0,AT INTERSECTION,1359,6222