X,Y,ReportType,PrmaryCollsionType,CaseNumber,UnitsInvolved,Location,OnHighway,CrossStreet,FeetFromIntersection,DirectionFromIntersection,CollisionDate,ReportedDate,ReportedYear,ReportedMonth,ReportedMonthName,ReportedWeek,ReportedDayofWeekNum,ReportedDayofMonth,ReportedDayofWeek,ReportedHour,HitAndRunStatus,LightingCondition,WeatherCondition,Severity,NumKilled,NumSeriouslyInjured,NumInjuredOrKilled,Lat,Lon,DUI,AlcoholDrugSuspected,BicyclesInvolved,PedestriansInvolved,RoadDescription,Crash_Time,ESRI_OID
-105.262161,40.014529,Police Collision Report,COLLISION W/ MV - FRONT TO REAR,2110423,2,2478  ARAPAHOE AVE      ,2798 ARAPAHOE AVE,,     ,  ,2021/10/30 00:00:00+00,2021/10/30 17:18:00+00,2021,10,October,17,7,30,Saturday,17,Motorway Collision,,NONE,Property Damage Only,0,0,0,40.014529,-105.262161,0,0,0,0,PARKING LOT,1718,6223
-105.235207,39.999986,Police Collision Report,COLLISION W/ MV - FRONT TO REAR,2110424,2,4800  BASELINE RD      ,4800 BASELINE ROAD - PRIVATE,,     ,  ,2021/10/30 00:00:00+00,2021/10/30 17:20:00+00,2021,10,October,17,7,30,Saturday,17,Motorway Collision,Dawn or Dusk,NONE,Property Damage Only,0,0,0,39.999986,-105.235207,0,0,0,0,PARKING LOT,1720,6224
-105.260198,40.000304,Police Collision Report,COLLISION W/ MV - FRONT TO REAR,2110998,2,BASELINE RD/27TH WAY,BASELINE RD,STATE HWY,     ,  ,2021/11/16 00:00:00+00,2021/11/16 15:42:00+00,2021,11,November,15,3,16,Tuesday,15,Motorway Collision,Daylight,NONE,Property Damage Only,0,0,0,40.000304,-105.260198,0,0,0,0,AT INTERSECTION,1542,6225
-105.274647,40.014608,Police Collision Report,COLLISION W/ MV - FRONT TO REAR,2111000,2,ARAPAHOE AVE/15TH ST,ARAPAHOE AVE,CITY ST/CNTY RD,     ,W ,2021/11/16 00:00:00+00,2021/11/16 15:55:00+00,2021,11,November,15,3,16,Tuesday,15,Motorway Collision,Daylight,NONE,Property Damage Only,0,0,0,40.014608,-105.274647,0,0,0,0,INTERSECTION RELATED,1555,6226
-105.244901,40.029254,Police Collision Report,COLLISION W/ MV - FRONT TO REAR,2110920,2,VALMONT RD/FOOTHILLS PKWY,FOOTHILLS PKWY,STATE HWY,     ,  ,2021/11/14 00:00:00+00,2021/11/14 12:10:00+00,2021,11,November,12,1,14,Sunday,12,Motorway Collision,Daylight,NONE,Property Damage Only,0,0,0,40.029254,-105.244901,0,0,0,0,AT INTERSECTION,1210,6227
-105.25371,40.029189,Police Collision Report,COLLISION W/ MV - FRONT TO REAR,2110954,2,30TH ST/VALMONT RD,30TH ST,CITY ST/CNTY RD,     ,S ,2021/11/15 00:00:00+00,2021/11/15 00:00:00+00,2021,11,November,0,2,15,Monday,0,Motorway Collision,Daylight,NONE,Property Damage Only,0,0,0,40.029189,-105.25371,0,0,0,0,DRIVEWAY ACCESS RELATED,1056,6228
-105.270222,40.014626,Police Collision Report,COLLISION W/ MV - FRONT TO REAR,2110955,3,ARAPAHOE AVE/19TH ST,ARAPAHOE AVE,CITY ST/CNTY RD,     ,E ,2021/11/15 00:00:00+00,2021/11/15 15:10:00+00,2021,11,November,15,2,15,Monday,15,Motorway Collision,Daylight,NONE,Non-Incapacitating Injury,0,0,1,40.014626,-105.270222,0,0,0,0,INTERSECTION RELATED,1509,6229
-105.232572,40.000025,Police Collision Report,COLLISION W/ MV - FRONT TO REAR,2110847,2,FOOTHILLS PKWY/BASELINE RD,FOOTHILLS PARKWAY,STATE HWY,     ,S ,2021/11/12 00:00:00+00,2021/11/12 08:45:00+00,2021,11,November,8,6,12,Friday,8,Motorway Collision,Daylight,NONE,Property Damage Only,0,0,0,40.000025,-105.232572,0,0,0,0,INTERSECTION RELATED,845,6230
-105.234612,40.029256,Police Collision Report,COLLISION W/ MV - FRONT TO REAR,2110860,3,VALMONT RD/AIRPORT RD,VALMONT ROAD,CITY ST/CNTY RD,     ,E ,2021/11/12 00:00:00+00,2021/11/12 12:56:00+00,2021,11,November,12,6,12,Friday,12,Motorway Collision,Daylight,NONE,Property Damage Only,0,0,0,40.029256,-105.234612,0,0,0,0,INTERSECTION RELATED,1255,6231
-105.244815,40.02287,Police Collision Report,COLLISION W/ MV - FRONT TO REAR,2110869,2,FOOTHILLS PKWY/PEARL PKWY,FOOTHILLS PARKWAY,STATE HWY,     ,  ,2021/11/12 00:00:00+00,2021/11/12 16:13:00+00,2021,11,November,16,6,12,Friday,16,Motorway Collision,Daylight,NONE,Possible injury,0,0,0,40.02287,-105.244815,0,0,0,0,RAMP,1613,6232
-105.258394,40.000381,Police Collision Report,COLLISION W/ MV - FRONT TO REAR,2110889,2,28TH ST/BASELINE RD,S/B 28TH STREET OFF-RAMP,STATE HWY,     ,  ,2021/11/13 00:00:00+00,2021/11/13 11:01:00+00,2021,11,November,11,7,13,Saturday,11,Motorway Collision,Daylight,NONE,Property Damage Only,0,0,0,40.000381,-105.258394,0,0,0,0,AT INTERSECTION,1101,6233
-105.2799,40.009481,Police Collision Report,COLLISION W/ MV - FRONT TO REAR,2110811,2,PLEASANT ST/10TH ST,PLESANT ST,CITY ST/CNTY RD,     ,E ,2021/11/11 00:00:00+00,2021/12/08 00:00:00+00,2021,12,December,0,4,8,Wednesday,0,Motorway Collision,Daylight,NONE,Property Damage Only,0,0,0,40.009481,-105.2799,0,0,0,0,NON-INTERSECTION,923,6234
-105.27461,40.014588,Police Collision Report,COLLISION W/ MV - FRONT TO REAR,2110787,2,15TH ST/ARAPAHOE AVE,ARAPAHOE AVENUE,CITY ST/CNTY RD,     ,E ,2021/11/10 00:00:00+00,2021/11/10 11:02:00+00,2021,11,November,11,4,10,Wednesday,11,Motorway Collision,Daylight,NONE,Property Damage Only,0,0,0,40.014588,-105.27461,0,0,0,0,AT INTERSECTION,1102,6235
-105.24066,40.014698,Police Collision Report,COLLISION W/ MV - FRONT TO REAR,2110793,2,FOOTHILLS PKWY/ARAPAHOE AVE,FOOTHILLS PKY,STATE HWY,     ,  ,2021/11/10 00:00:00+00,2021/11/10 14:23:00+00,2021,11,November,14,4,10,Wednesday,14,Motorway Collision,Daylight,NONE,Property Damage Only,0,0,0,40.014698,-105.24066,0,0,0,0,AT INTERSECTION,1423,6236
-105.24066,40.014698,Police Collision Report,COLLISION W/ MV - FRONT TO REAR,2110794,2,FOOTHILLS PKWY/ARAPAHOE AVE,FOOTHILLS PARKWAY,STATE HWY,     ,  ,2021/11/10 00:00:00+00,2021/11/10 14:40:00+00,2021,11,November,14,4,10,Wednesday,14,Motorway Collision,Daylight,NONE,Property Damage Only,0,0,0,40.014698,-105.24066,0,0,0,0,AT INTERSECTION,1440,6237
-105.269017,40.014601,Police Collision Report,COLLISION W/ MV - FRONT TO REAR,2110798,3,20TH ST/ARAPAHOE AVE,ARAPAHOE AVE,CITY ST/CNTY RD,     ,W ,2021/11/10 00:00:00+00,2021/11/10 16:20:00+00,2021,11,November,16,4,10,Wednesday,16,Motorway Collision,Daylight,NONE,Property Damage Only,0,0,0,40.014601,-105.269017,0,0,0,0,MID-BLOCK CROSSWALK,1620,6238
-105.225069,40.027648,Police Collision Report,COLLISION W/ MV - FRONT TO REAR,2111904,2,55TH ST/PEARL PKWY,55TH ST,CITY ST/CNTY RD,     ,N ,2021/12/13 00:00:00+00,2021/12/13 17:01:00+00,2021,12,December,17,2,13,Monday,17,Motorway Collision,Dawn or Dusk,NONE,Property Damage Only,0,0,0,40.027648,-105.225069,0,0,0,0,INTERSECTION RELATED,1645,6239
-105.271664,40.005572,Police Collision Report,COLLISION W/ MV - FRONT TO REAR,2111802,2,BROADWAY/EUCLID AVE,BROADWAY,STATE HWY,     ,S ,2021/12/10 00:00:00+00,2021/12/10 16:29:00+00,2021,12,December,16,6,10,Friday,16,Motorway Collision,Dawn or Dusk,NONE,Property Damage Only,0,0,0,40.005572,-105.271664,0,0,0,0,INTERSECTION RELATED,1629,6240
-105.244862,40.029223,Police Collision Report,COLLISION W/ MV - FRONT TO REAR,2111831,2,FOOTHILLS PKWY/VALMONT RD,FOOTHILLS PKY,STATE HWY,     ,S ,2021/12/11 00:00:00+00,2021/12/11 16:14:00+00,2021,12,December,16,7,11,Saturday,16,Motorway Collision,Daylight,NONE,Property Damage Only,0,0,0,40.029223,-105.244862,0,0,0,0,INTERSECTION RELATED,1614,6241
-105.25015,40.016844,Police Collision Report,COLLISION W/ MV - FRONT TO REAR,2111724,2,1701  33RD ST      ,33RD STREET,CITY ST/CNTY RD,     ,  ,2021/12/08 00:00:00+00,2021/12/08 22:19:00+00,2021,12,December,22,4,8,Wednesday,22,Motorway Collision,Dark - Unlighted,NONE,Property Damage Only,0,0,0,40.016844,-105.25015,0,0,0,0,NON-INTERSECTION,2219,6242
-105.258524,40.008127,Police Collision Report,COLLISION W/ MV - FRONT TO REAR,2111666,2,28TH ST/COLORADO AVE,28TH STREET,STATE HWY,     ,S ,2021/12/07 00:00:00+00,2021/12/07 08:16:00+00,2021,12,December,8,3,7,Tuesday,8,Motorway Collision,Daylight,NONE,Possible injury,0,0,0,40.008127,-105.258524,0,0,0,0,AT INTERSECTION,812,6243
-105.282106,40.043642,Police Collision Report,COLLISION W/ MV - FRONT TO REAR,2111674,2,BROADWAY/NORWOOD AVE,BROADWAY,CITY ST/CNTY RD,     ,N ,2021/12/07 00:00:00+00,2021/12/07 10:51:00+00,2021,12,December,10,3,7,Tuesday,10,Motorway Collision,Daylight,NONE,Possible injury,0,0,0,40.043642,-105.282106,0,0,0,0,INTERSECTION RELATED,1051,6244
-105.261328,40.008161,Police Collision Report,COLLISION W/ MV - FRONT TO REAR,2111644,2,REGENT DR/COLORADO AVE,REGENT DR,CITY ST/CNTY RD,     ,  ,2021/12/06 00:00:00+00,2021/12/06 12:22:00+00,2021,12,December,12,2,6,Monday,12,Motorway Collision,Daylight,NONE,Property Damage Only,0,0,0,40.008161,-105.261328,0,0,0,0,AT INTERSECTION,1222,6245
-105.250079,40.014707,Police Collision Report,COLLISION W/ MV - FRONT TO REAR,2111508,2,33RD ST/ARAPAHOE AVE,33RD STREET,CITY ST/CNTY RD,     ,N ,2021/12/02 00:00:00+00,2021/12/02 12:27:00+00,2021,12,December,12,5,2,Thursday,12,Motorway Collision,Daylight,NONE,Property Damage Only,0,0,0,40.014707,-105.250079,0,0,0,0,DRIVEWAY ACCESS RELATED,1227,6246
-105.267721,40.003464,Police Collision Report,COLLISION W/ MV - FRONT TO REAR,2111511,2,BROADWAY/20TH ST,BROADWAY,STATE HWY,     ,N ,2021/12/02 00:00:00+00,2021/12/02 14:09:00+00,2021,12,December,14,5,2,Thursday,14,Motorway Collision,Daylight,NONE,Property Damage Only,0,0,0,40.003464,-105.267721,0,0,0,0,AT INTERSECTION,1409,6247
-105.244901,40.029254,Police Collision Report,COLLISION W/ MV - FRONT TO REAR,2111525,2,VALMONT RD/FOOTHILLS PKWY,FOOTHILLS,CITY ST/CNTY RD,     ,N ,2021/12/02 00:00:00+00,2021/12/02 21:34:00+00,2021,12,December,21,5,2,Thursday,21,Motorway Collision,Dark - Unlighted,NONE,Property Damage Only,0,0,0,40.029254,-105.244901,0,0,0,0,AT INTERSECTION,2134,6248
-105.231998,39.986966,Police Collision Report,COLLISION W/ MV - FRONT TO REAR,2111572,2,FOOTHILLS PKWY/TABLE MESA DR,FOOTHILLS PARKWAY,STATE HWY,     ,  ,2021/12/04 00:00:00+00,2021/12/04 09:36:00+00,2021,12,December,9,7,4,Saturday,9,Motorway Collision,Daylight,NONE,Property Damage Only,0,0,0,39.986966,-105.231998,0,0,0,0,RAMP,936,6249
-105.263133,40.02137,Police Collision Report,COLLISION W/ MV - FRONT TO REAR,2111586,2,PEARL ST/FOLSOM ST,PEARL ST,CITY ST/CNTY RD,     ,E ,2021/12/04 00:00:00+00,2021/12/04 15:40:00+00,2021,12,December,15,7,4,Saturday,15,Motorway Collision,Daylight,NONE,Property Damage Only,0,0,0,40.02137,-105.263133,0,0,0,0,NON-INTERSECTION,1540,6250
-105.253688,40.014535,Police Collision Report,COLLISION W/ MV - FRONT TO REAR,2111614,2,ARAPAHOE AVE/30TH ST,ARAPAHOE AVE,STATE HWY,     ,W ,2021/12/05 00:00:00+00,2021/12/05 12:31:00+00,2021,12,December,12,1,5,Sunday,12,Motorway Collision,Daylight,NONE,Property Damage Only,0,0,0,40.014535,-105.253688,0,0,0,0,INTERSECTION RELATED,1231,6251
-105.250117,40.014735,Police Collision Report,COLLISION W/ MV - FRONT TO REAR,2111384,2,ARAPAHOE AVE/33RD ST,ARAPAHOE AVE,STATE HWY,     ,E ,2021/11/29 00:00:00+00,2021/11/29 17:18:00+00,2021,11,November,17,2,29,Monday,17,Motorway Collision,Dark - Lighted,NONE,Property Damage Only,0,0,0,40.014735,-105.250117,0,0,0,0,DRIVEWAY ACCESS RELATED,1718,6252
-105.2131,40.014835,Police Collision Report,COLLISION W/ MV - FRONT TO REAR,2111385,2,ARAPAHOE AVE/CHERRYVALE RD,ARAPAHOE AVE,STATE HWY,     ,E ,2021/11/29 00:00:00+00,2021/11/29 17:14:00+00,2021,11,November,17,2,29,Monday,17,Motorway Collision,Dark - Lighted,NONE,Property Damage Only,0,0,0,40.014835,-105.2131,0,0,0,0,INTERSECTION RELATED,1714,6253
-105.244862,40.029223,Police Collision Report,COLLISION W/ MV - FRONT TO REAR,2111364,2,FOOTHILLS PKWY/VALMONT RD,FOOTHILLS PKWY,STATE HWY,     ,N ,2021/11/29 00:00:00+00,2021/11/29 10:19:00+00,2021,11,November,10,2,29,Monday,10,Motorway Collision,Daylight,NONE,Non-Incapacitating Injury,0,0,1,40.029223,-105.244862,0,0,0,0,INTERSECTION RELATED,1019,6254
-105.240833,40.014503,Police Collision Report,COLLISION W/ MV - FRONT TO REAR,2111452,2,ARAPAHOE AVE/FOOTHILLS PKWY,FOOTHILLS PKWY,STATE HWY,     ,S ,2021/12/01 00:00:00+00,2021/12/01 08:08:00+00,2021,12,December,8,4,1,Wednesday,8,Motorway Collision,Dawn or Dusk,NONE,Property Damage Only,0,0,0,40.014503,-105.240833,0,0,0,0,INTERSECTION RELATED,808,6255
-105.244862,40.029223,Police Collision Report,COLLISION W/ MV - FRONT TO REAR,2111454,2,FOOTHILLS PKWY/VALMONT RD,FOOTHILLS PKWY,INTERSTATE,     ,S ,2021/12/01 00:00:00+00,2021/12/01 09:24:00+00,2021,12,December,9,4,1,Wednesday,9,Motorway Collision,Daylight,NONE,Property Damage Only,0,0,0,40.029223,-105.244862,0,0,0,0,INTERSECTION RELATED,920,6256
-105.267699,40.003423,Police Collision Report,COLLISION W/ MV - FRONT TO REAR,2111462,2,REGENT DR/BROADWAY,REGENT DR,CITY ST/CNTY RD,     ,E ,2021/12/01 11:49:59+00,2021/12/01 11:50:00+00,2021,12,December,11,4,1,Wednesday,11,Motorway Collision,Daylight,NONE,Property Damage Only,0,0,0,40.003423,-105.267699,1,1,0,0,INTERSECTION RELATED,1150,6257
-105.253719,40.036455,Police Collision Report,COLLISION W/ MV - FRONT TO REAR,2111463,2,30TH ST/IRIS AVE,30TH ST,CITY ST/CNTY RD,     ,N ,2021/12/01 00:00:00+00,2021/12/01 12:08:00+00,2021,12,December,12,4,1,Wednesday,12,Motorway Collision,Daylight,NONE,Possible injury,0,0,0,40.036455,-105.253719,0,0,0,0,INTERSECTION RELATED,1208,6258
-105.253767,40.023257,Police Collision Report,COLLISION W/ MV - FRONT TO REAR,2111464,2,30TH ST/PEARL ST,30TH ST,CITY ST/CNTY RD,     ,S ,2021/12/01 00:00:00+00,2021/12/01 11:56:00+00,2021,12,December,11,4,1,Wednesday,11,Motorway Collision,Daylight,NONE,Property Damage Only,0,0,0,40.023257,-105.253767,0,0,0,0,INTERSECTION RELATED,1156,6259
-105.188054,40.072776,Police Collision Report,COLLISION W/ MV - FRONT TO REAR,2111467,2,71ST ST/LOOKOUT RD,LOOKOUT RD,CITY ST/CNTY RD,     ,W ,2021/12/01 00:00:00+00,2021/12/01 12:49:00+00,2021,12,December,12,4,1,Wednesday,12,Motorway Collision,Daylight,NONE,Property Damage Only,0,0,0,40.072776,-105.188054,0,0,0,0,AT INTERSECTION,1249,6260
-105.267721,40.003464,Police Collision Report,COLLISION W/ MV - FRONT TO REAR,2111499,2,BROADWAY/20TH ST,BROADWAY,STATE HWY,     ,  ,2021/12/02 00:00:00+00,2021/12/02 07:46:00+00,2021,12,December,7,5,2,Thursday,7,Motorway Collision,Dawn or Dusk,NONE,Property Damage Only,0,0,0,40.003464,-105.267721,0,0,0,0,AT INTERSECTION,746,6261
-105.244901,40.029254,Police Collision Report,COLLISION W/ MV - FRONT TO REAR,2201946,2,VALMONT RD/FOOTHILLS PKWY,FOOTHILLS PKWY,STATE HWY,     ,  ,2022/03/01 00:00:00+00,2022/03/01 13:56:00+00,2022,3,March,13,3,1,Tuesday,13,Motorway Collision,Daylight,NONE,Possible injury,0,0,0,40.029254,-105.244901,0,0,0,0,AT INTERSECTION,847,6262
-105.258436,40.029101,Police Collision Report,COLLISION W/ MV - FRONT TO REAR,2201955,2,28TH ST/VALMONT RD,28TH ST,STATE HWY,     ,N ,2022/03/01 00:00:00+00,2022/03/01 16:02:00+00,2022,3,March,16,3,1,Tuesday,16,Motorway Collision,Daylight,NONE,Property Damage Only,0,0,0,40.029101,-105.258436,0,0,0,0,INTERSECTION RELATED,1602,6263
-105.253564,40.023285,Police Collision Report,COLLISION W/ MV - FRONT TO REAR,2201906,2,30TH ST/PEARL PKWY,30TH ST,CITY ST/CNTY RD,     ,N ,2022/02/28 00:00:00+00,2022/02/28 13:08:00+00,2022,2,February,13,2,28,Monday,13,Motorway Collision,Daylight,NONE,Property Damage Only,0,0,0,40.023285,-105.253564,0,0,0,0,INTERSECTION RELATED,1308,6264
-105.206636,40.01471,Police Collision Report,COLLISION W/ MV - FRONT TO REAR,2201915,2,63RD ST/ARAPAHOE AVE,63RD ST,CITY ST/CNTY RD,     ,N ,2022/02/28 00:00:00+00,2022/02/28 16:07:00+00,2022,2,February,16,2,28,Monday,16,Motorway Collision,Daylight,NONE,Property Damage Only,0,0,0,40.01471,-105.206636,0,0,0,0,RAILROAD CROSSING RELATED,1607,6265
-105.260198,40.000304,Police Collision Report,COLLISION W/ MV - FRONT TO REAR,2201934,2,BASELINE RD/27TH WAY,BASELINE ROAD,STATE HWY,     ,W ,2022/03/01 00:00:00+00,2022/03/01 07:51:00+00,2022,3,March,7,3,1,Tuesday,7,Motorway Collision,Daylight,NONE,Property Damage Only,0,0,0,40.000304,-105.260198,0,0,0,0,INTERSECTION RELATED,751,6266
-105.275827,40.008732,Police Collision Report,COLLISION W/ MV - FRONT TO REAR,2202093,2,BROADWAY/PENNSYLVANIA AVE,13TH ST,CITY ST/CNTY RD,     ,S ,2022/03/05 00:00:00+00,2022/03/05 20:21:00+00,2022,3,March,20,7,5,Saturday,20,Motorway Collision,Dark - Lighted,NONE,Property Damage Only,0,0,0,40.008732,-105.275827,0,0,0,0,NON-INTERSECTION,2020,6267
-105.275827,40.008732,Police Collision Report,COLLISION W/ MV - FRONT TO REAR,2202027,2,BROADWAY/PENNSYLVANIA AVE,BROADWAY,STATE HWY,     ,N ,2022/03/03 00:00:00+00,2022/03/03 15:51:00+00,2022,3,March,15,5,3,Thursday,15,Motorway Collision,Daylight,NONE,Property Damage Only,0,0,0,40.008732,-105.275827,0,0,0,0,NON-INTERSECTION,1551,6268
-105.225418,40.014574,Police Collision Report,COLLISION W/ MV - FRONT TO REAR,2202053,2,ARAPAHOE AVE/55TH ST,55TH STREET,CITY ST/CNTY RD,     ,S ,2022/03/04 00:00:00+00,2022/03/04 12:10:00+00,2022,3,March,12,6,4,Friday,12,Motorway Collision,Daylight,NONE,Possible injury,0,0,0,40.014574,-105.225418,0,0,0,0,AT INTERSECTION,1210,6269
-105.282158,40.056301,Police Collision Report,COLLISION W/ MV - FRONT TO REAR,2201992,2,BROADWAY/ROSEWOOD AVE,BROADWAY,CITY ST/CNTY RD,     ,S ,2022/03/02 00:00:00+00,2022/03/02 15:49:00+00,2022,3,March,15,4,2,Wednesday,15,Motorway Collision,Daylight,NONE,Possible injury,0,0,0,40.056301,-105.282158,0,0,0,0,MID-BLOCK CROSSWALK,1549,6270
-105.253772,40.020084,Police Collision Report,COLLISION W/ MV - FRONT TO REAR,2201995,2,30TH ST/WALNUT ST,30TH STREET,CITY ST/CNTY RD,     ,S ,2022/03/02 00:00:00+00,2022/03/02 16:04:00+00,2022,3,March,16,4,2,Wednesday,16,Motorway Collision,Daylight,NONE,Property Damage Only,0,0,0,40.020084,-105.253772,0,0,0,0,INTERSECTION RELATED,1600,6271
-105.279959,40.01792,Police Collision Report,COLLISION W/ MV - FRONT TO REAR,2202006,2,2000  BROADWAY      ,BROADWAY,STATE HWY,     ,N ,2022/03/02 21:52:00+00,2022/03/02 23:59:11+00,2022,3,March,23,4,2,Wednesday,23,Motorway Collision,Dark - Lighted,NONE,Property Damage Only,0,0,0,40.01792,-105.279959,1,1,0,0,AT INTERSECTION,952,6272
-105.258407,40.022375,Police Collision Report,COLLISION W/ MV - FRONT TO REAR,2202137,2,28TH ST/PEARL ST,28TH ST,STATE HWY,     ,S ,2022/03/07 00:00:00+00,2022/03/07 14:54:00+00,2022,3,March,14,2,7,Monday,14,Motorway Collision,Daylight,NONE,Possible injury,0,0,0,40.022375,-105.258407,0,0,0,0,AT INTERSECTION,1454,6273
-105.276684,40.061861,Police Collision Report,COLLISION W/ MV - FRONT TO REAR,2110041,2,LEE HILL RD/28TH ST,LEE HILL DR,CITY ST/CNTY RD,     ,W ,2021/10/19 00:00:00+00,2021/10/19 00:00:00+00,2021,10,October,0,3,19,Tuesday,0,Motorway Collision,Daylight,NONE,Non-Incapacitating Injury,0,0,1,40.061861,-105.276684,0,0,0,0,INTERSECTION RELATED,1625,6274
-105.253772,40.020084,Police Collision Report,COLLISION W/ MV - FRONT TO REAR,2110743,2,30TH ST/WALNUT ST,30TH ST,CITY ST/CNTY RD,     ,N ,2021/11/08 00:00:00+00,2021/11/08 17:21:00+00,2021,11,November,17,2,8,Monday,17,Motorway Collision,Dark - Lighted,NONE,Property Damage Only,0,0,0,40.020084,-105.253772,0,0,0,0,NON-INTERSECTION,1721,6275
-105.247785,39.993996,Police Collision Report,COLLISION W/ MV - FRONT TO REAR,2110653,2,US HIGHWAY 36,HWY 36,STATE HWY,     ,E ,2021/11/06 00:00:00+00,2021/11/06 13:27:00+00,2021,11,November,13,7,6,Saturday,13,Motorway Collision,Daylight,NONE,Property Damage Only,0,0,0,39.993996,-105.247785,0,0,0,0,RAMP-RELATED,1327,6276
-105.249862,39.98558,Police Collision Report,COLLISION W/ MV - FRONT TO REAR,2111040,3,S BROADWAY/TABLE MESA DR,TABLE MESA DRIVE,CITY ST/CNTY RD,     ,W ,2021/11/18 00:00:00+00,2021/11/18 08:01:00+00,2021,11,November,8,5,18,Thursday,8,Motorway Collision,Daylight,NONE,Property Damage Only,0,0,0,39.98558,-105.249862,0,0,0,0,INTERSECTION RELATED,801,6277
-105.258436,40.029101,Police Collision Report,COLLISION W/ MV - FRONT TO REAR,2110913,2,28TH ST/VALMONT RD,28TH ST,STATE HWY,     ,S ,2021/11/14 00:00:00+00,2021/11/14 09:23:00+00,2021,11,November,9,1,14,Sunday,9,Motorway Collision,Daylight,NONE,Property Damage Only,0,0,0,40.029101,-105.258436,0,0,0,0,NON-INTERSECTION,923,6278
-105.253834,39.982955,Police Collision Report,COLLISION W/ MV - FRONT TO REAR,2111101,2,GILLASPIE DR/TABLE MESA DR,GILLASPIE DR,CITY ST/CNTY RD,     ,S ,2021/11/19 00:00:00+00,2021/11/19 00:00:00+00,2021,11,November,0,6,19,Friday,0,Motorway Collision,Dark - Unlighted,NONE,Property Damage Only,0,0,0,39.982955,-105.253834,0,0,0,0,AT INTERSECTION,1942,6279
-105.279303,40.015822,Police Collision Report,COLLISION W/ MV - FRONT TO REAR,2111116,2,BROADWAY/CANYON BLVD,BROADWAY,STATE HWY,     ,  ,2021/11/20 00:00:00+00,2021/11/20 09:28:00+00,2021,11,November,9,7,20,Saturday,9,Motorway Collision,Daylight,NONE,Property Damage Only,0,0,0,40.015822,-105.279303,0,0,0,0,AT INTERSECTION,928,6280
-105.232008,39.988907,Police Collision Report,COLLISION W/ MV - FRONT TO REAR,2111202,2,THUNDERBIRD CIR/THUNDERBIRD DR,THUNDERBIRD DR,CITY ST/CNTY RD,     ,N ,2021/11/22 00:00:00+00,2021/11/22 16:00:00+00,2021,11,November,16,2,22,Monday,16,Motorway Collision,Daylight,NONE,Possible injury,0,0,0,39.988907,-105.232008,0,0,0,0,INTERSECTION RELATED,1604,6281
-105.260145,40.051015,Police Collision Report,COLLISION W/ MV - FRONT TO REAR,2111206,2,28TH ST/JAY RD,28TH ST,STATE HWY,     ,N ,2021/11/22 00:00:00+00,2021/11/22 17:34:00+00,2021,11,November,17,2,22,Monday,17,Motorway Collision,Dawn or Dusk,NONE,Property Damage Only,0,0,0,40.051015,-105.260145,0,0,0,0,INTERSECTION RELATED,1734,6282
-105.25833,40.000198,Police Collision Report,COLLISION W/ MV - FRONT TO REAR,2111876,2,BASELINE RD/US HIGHWAY 36,US HWY 36,STATE HWY,     ,  ,2021/12/13 00:00:00+00,2021/12/13 08:25:00+00,2021,12,December,8,2,13,Monday,8,Motorway Collision,Daylight,NONE,Property Damage Only,0,0,0,40.000198,-105.25833,0,0,0,0,INTERSECTION RELATED,815,6283
-105.257829,40.000354,Police Collision Report,COLLISION W/ MV - FRONT TO REAR,2111890,2,BASELINE RD/28TH ST,S/B 28TH ST OFF-RAMP,STATE HWY,     ,N ,2021/12/13 00:00:00+00,2021/12/13 12:36:00+00,2021,12,December,12,2,13,Monday,12,Motorway Collision,Daylight,NONE,Property Damage Only,0,0,0,40.000354,-105.257829,0,0,0,0,AT INTERSECTION,1236,6284
-105.282101,40.036414,Police Collision Report,COLLISION W/ MV - FRONT TO REAR,2202266,2,BROADWAY/IRIS AVE,IRIS AVE,CITY ST/CNTY RD,     ,W ,2022/03/11 00:00:00+00,2022/03/11 16:16:00+00,2022,3,March,16,6,11,Friday,16,Motorway Collision,Daylight,NONE,Property Damage Only,0,0,0,40.036414,-105.282101,0,0,0,0,INTERSECTION RELATED,1616,6285
-105.258504,40.020518,Police Collision Report,COLLISION W/ MV - FRONT TO REAR,2202267,5,28TH ST/WALNUT ST,28TH STREET,STATE HWY,     ,N ,2022/03/11 00:00:00+00,2022/03/11 17:28:00+00,2022,3,March,17,6,11,Friday,17,Motorway Collision,Dawn or Dusk,NONE,Possible injury,0,0,0,40.020518,-105.258504,0,0,0,0,INTERSECTION RELATED,1728,6286
-105.258504,40.020518,Police Collision Report,COLLISION W/ MV - FRONT TO REAR,2202268,2,28TH ST/WALNUT ST,28TH ST,STATE HWY,     ,N ,2022/03/11 00:00:00+00,2022/03/11 17:30:00+00,2022,3,March,17,6,11,Friday,17,Motorway Collision,Daylight,NONE,Property Damage Only,0,0,0,40.020518,-105.258504,0,0,0,0,INTERSECTION RELATED,1731,6287
-105.234743,39.986514,Police Collision Report,COLLISION W/ MV - FRONT TO REAR,2202276,2,US HIGHWAY 36/TABLE MESA DR,US 36,INTERSTATE,     ,N ,2022/03/11 00:00:00+00,2022/03/11 20:54:00+00,2022,3,March,20,6,11,Friday,20,Motorway Collision,Dark - Unlighted,NONE,Incapacitating Injury,0,1,1,39.986514,-105.234743,0,0,0,0,NON-INTERSECTION,2057,6288