X,Y,ReportType,PrmaryCollsionType,CaseNumber,UnitsInvolved,Location,OnHighway,CrossStreet,FeetFromIntersection,DirectionFromIntersection,CollisionDate,ReportedDate,ReportedYear,ReportedMonth,ReportedMonthName,ReportedWeek,ReportedDayofWeekNum,ReportedDayofMonth,ReportedDayofWeek,ReportedHour,HitAndRunStatus,LightingCondition,WeatherCondition,Severity,NumKilled,NumSeriouslyInjured,NumInjuredOrKilled,Lat,Lon,DUI,AlcoholDrugSuspected,BicyclesInvolved,PedestriansInvolved,RoadDescription,Crash_Time,ESRI_OID
-105.258556,40.012152,Police Collision Report,COLLISION W/ MV - FRONT TO REAR,2202298,2,28TH ST/CORDRY CT,28TH ST,STATE HWY,     ,S ,2022/03/12 00:00:00+00,2022/03/12 12:34:00+00,2022,3,March,12,7,12,Saturday,12,Motorway Collision,Daylight,NONE,Possible injury,0,0,0,40.012152,-105.258556,0,0,0,0,NON-INTERSECTION,1234,6289
-105.249385,40.030806,Police Collision Report,COLLISION W/ MV - FRONT TO REAR,2202299,2,3100  34TH ST 26B    ,PEARL ST,CITY ST/CNTY RD,     ,W ,2022/03/12 12:07:00+00,2022/03/12 12:07:00+00,2022,3,March,12,7,12,Saturday,12,Motorway Collision,Daylight,NONE,Possible injury,0,0,0,40.030806,-105.249385,0,0,0,0,INTERSECTION RELATED,1315,6290
-105.282097,40.025514,Police Collision Report,COLLISION W/ MV - FRONT TO REAR,2201392,2,BROADWAY/ALPINE AVE,BROADWAY,CITY ST/CNTY RD,     ,  ,2022/02/12 00:00:00+00,2022/02/12 21:19:00+00,2022,2,February,21,7,12,Saturday,21,Motorway Collision,Dark - Lighted,NONE,Property Damage Only,0,0,0,40.025514,-105.282097,0,0,0,0,AT INTERSECTION,2100,6291
-105.249347,40.029229,Police Collision Report,COLLISION W/ MV - FRONT TO REAR,2201393,2,VALMONT RD/34TH ST,VALMONT ROAD,CITY ST/CNTY RD,     ,  ,2022/02/12 21:43:00+00,2022/02/12 21:43:00+00,2022,2,February,21,7,12,Saturday,21,Motorway Collision,Dark - Lighted,NONE,Property Damage Only,0,0,0,40.029229,-105.249347,1,1,0,0,AT INTERSECTION,2140,6292
-105.240833,40.014503,Police Collision Report,COLLISION W/ MV - FRONT TO REAR,2202225,2,ARAPAHOE AVE/FOOTHILLS PKWY,FOOTHILLS PKWY,STATE HWY,     ,N ,2022/03/10 00:00:00+00,2022/03/10 10:33:00+00,2022,3,March,10,5,10,Thursday,10,Motorway Collision,Daylight,NONE,Property Damage Only,0,0,0,40.014503,-105.240833,0,0,0,0,NON-INTERSECTION,1033,6293
-105.244862,40.029223,Police Collision Report,COLLISION W/ MV - FRONT TO REAR,2202253,3,FOOTHILLS PKWY/VALMONT RD,FOOTHILLS PARKWAY,STATE HWY,     ,N ,2022/03/11 00:00:00+00,2022/03/11 08:24:00+00,2022,3,March,8,6,11,Friday,8,Motorway Collision,Daylight,NONE,Non-Incapacitating Injury,0,0,1,40.029223,-105.244862,0,0,0,0,INTERSECTION RELATED,824,6294
-105.258524,40.008127,Police Collision Report,COLLISION W/ MV - FRONT TO REAR,2201605,3,28TH ST/COLORADO AVE,28TH ST,STATE HWY,     ,S ,2022/02/18 00:00:00+00,2022/02/18 20:32:00+00,2022,2,February,20,6,18,Friday,20,Hit-and-Run Collision,Dark - Lighted,NONE,Property Damage Only,0,0,0,40.008127,-105.258524,0,0,0,0,NON-INTERSECTION,2032,6295
-105.277469,40.007301,Police Collision Report,COLLISION W/ MV - FRONT TO REAR,2201607,2,12TH ST/COLLEGE AVE,COLLEGE AVE,CITY ST/CNTY RD,     ,  ,2022/02/18 00:00:00+00,2022/02/18 21:57:00+00,2022,2,February,21,6,18,Friday,21,Motorway Collision,Dark - Lighted,NONE,Property Damage Only,0,0,0,40.007301,-105.277469,0,0,0,0,ALLEY RELATED,2157,6296
-105.277729,40.015591,Police Collision Report,COLLISION W/ MV - FRONT TO REAR,2201659,2,1770  13TH ST      ,1770 13TH ST,,     ,  ,2022/02/20 00:00:00+00,2022/02/20 13:10:00+00,2022,2,February,13,1,20,Sunday,13,Motorway Collision,Daylight,NONE,Property Damage Only,0,0,0,40.015591,-105.277729,0,0,0,0,PARKING LOT,1310,6297
-105.277729,40.015591,Police Collision Report,COLLISION W/ MV - FRONT TO REAR,2201660,2,1770  13TH ST      ,1770 13TH ST,,     ,  ,2022/02/20 00:00:00+00,2022/02/20 13:55:00+00,2022,2,February,13,1,20,Sunday,13,Motorway Collision,Daylight,NONE,Property Damage Only,0,0,0,40.015591,-105.277729,0,0,0,0,PARKING LOT,1330,6298
-105.258492,40.017345,Police Collision Report,COLLISION W/ MV - FRONT TO REAR,2201576,2,28TH ST/CANYON BLVD,CANYON BLVD,STATE HWY,     ,  ,2022/02/18 00:00:00+00,2022/02/18 07:28:00+00,2022,2,February,7,6,18,Friday,7,Motorway Collision,Daylight,NONE,Property Damage Only,0,0,0,40.017345,-105.258492,0,0,0,0,AT INTERSECTION,728,6299
-105.256069,40.014709,Police Collision Report,COLLISION W/ MV - FRONT TO REAR,2201594,2,29TH ST/ARAPAHOE AVE,ARAPAHOE AVE,STATE HWY,     ,E ,2022/02/18 00:00:00+00,2022/02/18 14:39:00+00,2022,2,February,14,6,18,Friday,14,Motorway Collision,Daylight,NONE,Property Damage Only,0,0,0,40.014709,-105.256069,0,0,0,0,INTERSECTION RELATED,1439,6300
-105.258407,40.022375,Police Collision Report,COLLISION W/ MV - FRONT TO REAR,2201542,2,28TH ST/PEARL ST,28TH ST,CITY ST/CNTY RD,     ,  ,2022/02/17 00:00:00+00,2022/02/17 11:46:00+00,2022,2,February,11,5,17,Thursday,11,Motorway Collision,Daylight,NONE,Property Damage Only,0,0,0,40.022375,-105.258407,0,0,0,0,AT INTERSECTION,1143,6301
-105.279887,40.010518,Police Collision Report,COLLISION W/ MV - FRONT TO REAR,2201513,2,UNIVERSITY AVE/10TH ST,UNIVERSITY AVE,CITY ST/CNTY RD,     ,W ,2022/02/16 00:00:00+00,2022/02/16 12:05:00+00,2022,2,February,12,4,16,Wednesday,12,Motorway Collision,Daylight,NONE,Property Damage Only,0,0,0,40.010518,-105.279887,0,0,0,0,NON-INTERSECTION,1210,6302
-105.277436,40.00733,Police Collision Report,COLLISION W/ MV - FRONT TO REAR,2201725,2,COLLEGE AVE/12TH ST,COLLEGE AVE,CITY ST/CNTY RD,     ,W ,2022/02/22 00:00:00+00,2022/02/22 14:50:00+00,2022,2,February,14,3,22,Tuesday,14,Motorway Collision,Daylight,NONE,Property Damage Only,0,0,0,40.00733,-105.277436,0,0,0,0,INTERSECTION RELATED,1450,6303
-105.278634,40.046057,Police Collision Report,COLLISION W/ MV - FRONT TO REAR,2201715,2,15TH ST/ORCHARD AVE,ORCHARD AVE,CITY ST/CNTY RD,     ,E ,2022/02/22 00:00:00+00,2022/02/22 11:24:00+00,2022,2,February,11,3,22,Tuesday,11,Motorway Collision,Daylight,NONE,Property Damage Only,0,0,0,40.046057,-105.278634,0,0,0,0,NON-INTERSECTION,1124,6304
-105.27017,40.014571,Police Collision Report,COLLISION W/ MV - FRONT TO REAR,2201764,2,1904  ARAPAHOE AVE      ,ARAPAHOE AVENUE,CITY ST/CNTY RD,     ,  ,2022/02/23 00:00:00+00,2022/02/23 14:30:00+00,2022,2,February,14,4,23,Wednesday,14,Motorway Collision,Daylight,NONE,Property Damage Only,0,0,0,40.014571,-105.27017,0,0,0,0,AT INTERSECTION,1430,6305
-105.239567,40.008522,Police Collision Report,COLLISION W/ MV - FRONT TO REAR,2203205,2,FOOTHILLS PKWY/COLORADO AVE,FOOTHILLS PKY,STATE HWY,     ,S ,2022/04/07 00:00:00+00,2022/04/07 13:25:00+00,2022,4,April,13,5,7,Thursday,13,Motorway Collision,Daylight,NONE,Property Damage Only,0,0,0,40.008522,-105.239567,0,0,0,0,INTERSECTION RELATED,1325,6306
-105.261955,40.000172,Police Collision Report,COLLISION W/ MV - FRONT TO REAR,2203336,2,2450  BASELINE RD      ,2450 BASELINE RD,,     ,  ,2022/04/11 00:00:00+00,2022/04/11 13:16:00+00,2022,4,April,13,2,11,Monday,13,Motorway Collision,,NONE,Property Damage Only,0,0,0,40.000172,-105.261955,0,0,0,0,PARKING LOT,1316,6307
-105.279019,40.019204,Police Collision Report,COLLISION W/ MV - FRONT TO REAR,2203414,2,SPRUCE ST/13TH ST,SPRUCE ST,CITY ST/CNTY RD,     ,E ,2022/04/13 00:00:00+00,2022/04/13 18:03:00+00,2022,4,April,18,4,13,Wednesday,18,Motorway Collision,Daylight,NONE,Property Damage Only,0,0,0,40.019204,-105.279019,0,0,0,0,NON-INTERSECTION,1755,6308
-105.251977,40.023746,Police Collision Report,COLLISION W/ MV - FRONT TO REAR,2203433,2,PEARL PKWY/JUNCTION PL,PEARL PKWY,CITY ST/CNTY RD,     ,W ,2022/04/14 00:00:00+00,2022/04/14 12:21:00+00,2022,4,April,12,5,14,Thursday,12,Motorway Collision,Daylight,NONE,Property Damage Only,0,0,0,40.023746,-105.251977,0,0,0,0,INTERSECTION RELATED,1227,6309
-105.231627,39.986642,Police Collision Report,COLLISION W/ MV - FRONT TO REAR,2203434,3,SOUTH BOULDER RD/FOOTHILLS PKWY,SOUTH BOULDER ROAD,STATE HWY,     ,E ,2022/04/14 00:00:00+00,2022/04/14 12:27:00+00,2022,4,April,12,5,14,Thursday,12,Motorway Collision,Daylight,NONE,Possible injury,0,0,0,39.986642,-105.231627,0,0,0,0,INTERSECTION RELATED,1226,6310
-105.2678,40.000076,Police Collision Report,COLLISION W/ MV - FRONT TO REAR,2203444,2,20TH ST/BASELINE RD,BASELINE RD,CITY ST/CNTY RD,     ,E ,2022/04/14 00:00:00+00,2022/04/14 16:08:00+00,2022,4,April,16,5,14,Thursday,16,Motorway Collision,Daylight,NONE,Possible injury,0,0,0,40.000076,-105.2678,0,0,0,0,NON-INTERSECTION,1408,6311
-105.258504,40.020518,Police Collision Report,COLLISION W/ MV - FRONT TO REAR,2203493,3,28TH ST/WALNUT ST,28TH ST,CITY ST/CNTY RD,     ,  ,2022/04/15 00:00:00+00,2022/04/15 17:32:00+00,2022,4,April,17,6,15,Friday,17,Motorway Collision,Daylight,NONE,Property Damage Only,0,0,0,40.020518,-105.258504,0,0,0,0,AT INTERSECTION,1731,6312
-105.280364,40.018887,Police Collision Report,COLLISION W/ MV - FRONT TO REAR,2203549,2,BROADWAY/SPRUCE ST,BROADWAY,STATE HWY,     ,  ,2022/04/17 00:00:00+00,2022/04/17 20:55:00+00,2022,4,April,20,1,17,Sunday,20,Motorway Collision,Dark - Lighted,NONE,Property Damage Only,0,0,0,40.018887,-105.280364,0,0,0,0,AT INTERSECTION,2030,6313
-105.278663,40.005436,Police Collision Report,COLLISION W/ MV - FRONT TO REAR,2203563,2,EUCLID AVE/11TH ST,EUCLID AVE,CITY ST/CNTY RD,     ,E ,2022/04/16 00:00:00+00,2022/04/16 00:00:00+00,2022,4,April,0,7,16,Saturday,0,Motorway Collision,,NONE,Property Damage Only,0,0,0,40.005436,-105.278663,0,0,0,0,NON-INTERSECTION,130,6314
-105.282104,40.032865,Police Collision Report,COLLISION W/ MV - FRONT TO REAR,2203664,2,BROADWAY/FOREST AVE,BROADWAY,STATE HWY,     ,  ,2022/04/20 00:00:00+00,2022/04/20 19:47:00+00,2022,4,April,19,4,20,Wednesday,19,Motorway Collision,Dark - Lighted,NONE,Property Damage Only,0,0,0,40.032865,-105.282104,0,0,0,0,AT INTERSECTION,1948,6315
-105.237671,39.985731,Police Collision Report,COLLISION W/ MV - FRONT TO REAR,2203672,2,TABLE MESA DR/MOORHEAD AVE,TABLE MESA DRIVE,STATE HWY,     ,  ,2022/04/21 00:00:00+00,2022/04/21 08:31:00+00,2022,4,April,8,5,21,Thursday,8,Motorway Collision,Daylight,NONE,Property Damage Only,0,0,0,39.985731,-105.237671,0,0,0,0,AT INTERSECTION,831,6316
-105.201245,40.072777,Police Collision Report,COLLISION W/ MV - FRONT TO REAR,2203679,2,6550  LOOKOUT RD      ,SPINE,CITY ST/CNTY RD,     ,S ,2022/04/21 12:15:59+00,2022/04/21 12:16:00+00,2022,4,April,12,5,21,Thursday,12,Motorway Collision,Daylight,NONE,Possible injury,0,0,0,40.072777,-105.201245,0,1,0,0,AT INTERSECTION,1215,6317
-105.247458,40.024258,Police Collision Report,COLLISION W/ MV - FRONT TO REAR,2203686,2,PEARL ST/FRONTIER AVE,PEARL PKY,CITY ST/CNTY RD,     ,W ,2022/04/21 00:00:00+00,2022/04/21 16:54:00+00,2022,4,April,16,5,21,Thursday,16,Motorway Collision,Daylight,NONE,Property Damage Only,0,0,0,40.024258,-105.247458,0,0,0,0,RAILROAD CROSSING RELATED,1654,6318
-105.258317,40.014664,Police Collision Report,COLLISION W/ MV - FRONT TO REAR,2203720,2,ARAPAHOE AVE/28TH ST,ARAPAHOE,STATE HWY,     ,W ,2022/04/22 00:00:00+00,2022/04/22 14:39:00+00,2022,4,April,14,6,22,Friday,14,Motorway Collision,Daylight,NONE,Property Damage Only,0,0,0,40.014664,-105.258317,0,0,0,0,AT INTERSECTION,1438,6319
-105.234572,40.029228,Police Collision Report,COLLISION W/ MV - FRONT TO REAR,2203722,2,AIRPORT RD/VALMONT RD,AIRPORT,CITY ST/CNTY RD,     ,N ,2022/04/22 00:00:00+00,2022/04/22 16:20:00+00,2022,4,April,16,6,22,Friday,16,Motorway Collision,Daylight,NONE,Property Damage Only,0,0,0,40.029228,-105.234572,0,0,0,0,DRIVEWAY ACCESS RELATED,1619,6320
-105.258282,40.014544,Police Collision Report,COLLISION W/ MV - FRONT TO REAR,2202569,2,28TH ST/ARAPAHOE AVE,28TH ST,STATE HWY,     ,N ,2022/03/20 00:00:00+00,2022/03/20 09:16:00+00,2022,3,March,9,1,20,Sunday,9,Motorway Collision,Daylight,NONE,Property Damage Only,0,0,0,40.014544,-105.258282,0,0,0,0,INTERSECTION RELATED,916,6321
-105.253688,40.014535,Police Collision Report,COLLISION W/ MV - FRONT TO REAR,2202616,2,ARAPAHOE AVE/30TH ST,30TH ST,STATE HWY,     ,  ,2022/03/21 00:00:00+00,2022/06/13 00:00:00+00,2022,6,June,0,2,13,Monday,0,Motorway Collision,Daylight,NONE,Property Damage Only,0,0,0,40.014535,-105.253688,0,0,0,0,AT INTERSECTION,1712,6322
-105.276957,40.054592,Police Collision Report,COLLISION W/ MV - FRONT TO REAR,2202511,2,1590  VIOLET AVE      ,BROADWAY,CITY ST/CNTY RD,     ,S ,2022/03/18 11:38:59+00,2022/03/18 11:39:00+00,2022,3,March,11,6,18,Friday,11,Motorway Collision,Daylight,NONE,Property Damage Only,0,0,0,40.054592,-105.276957,1,1,0,0,INTERSECTION RELATED,1140,6323
-105.258306,40.022242,Police Collision Report,COLLISION W/ MV - FRONT TO REAR,2202517,2,2800  PEARL ST      ,1960 28TH ST,,     ,  ,2022/03/17 00:00:00+00,2022/03/18 14:26:00+00,2022,3,March,14,6,18,Friday,14,Motorway Collision,Daylight,NONE,Property Damage Only,0,0,0,40.022242,-105.258306,0,0,0,0,PARKING LOT,1800,6324
-105.258401,40.022241,Police Collision Report,COLLISION W/ MV - FRONT TO REAR,2202530,2,28TH ST/PEARL ST,28TH STREET,STATE HWY,     ,S ,2022/03/18 21:12:59+00,2022/03/18 21:13:00+00,2022,3,March,21,6,18,Friday,21,Motorway Collision,Dark - Lighted,NONE,Property Damage Only,0,0,0,40.022241,-105.258401,1,1,0,0,INTERSECTION RELATED,2113,6325
-105.258556,40.012152,Police Collision Report,COLLISION W/ MV - FRONT TO REAR,2202549,3,28TH ST/CORDRY CT,28TH ST,STATE HWY,     ,N ,2022/03/19 00:00:00+00,2022/03/19 12:18:00+00,2022,3,March,12,7,19,Saturday,12,Motorway Collision,Daylight,NONE,Property Damage Only,0,0,0,40.012152,-105.258556,0,0,0,0,NON-INTERSECTION,1219,6326
-105.240833,40.014503,Police Collision Report,COLLISION W/ MV - FRONT TO REAR,2202303,2,ARAPAHOE AVE/FOOTHILLS PKWY,FOOTHILLS PARKWAY,STATE HWY,     ,N ,2022/03/12 00:00:00+00,2022/03/12 14:53:00+00,2022,3,March,14,7,12,Saturday,14,Motorway Collision,Daylight,NONE,Possible injury,0,0,0,40.014503,-105.240833,0,0,0,0,INTERSECTION RELATED,1453,6327
-105.282152,40.05457,Police Collision Report,COLLISION W/ MV - FRONT TO REAR,2202387,2,BROADWAY/VIOLET AVE,BROADWAY,CITY ST/CNTY RD,     ,S ,2022/03/14 00:00:00+00,2022/03/14 17:07:00+00,2022,3,March,17,2,14,Monday,17,Motorway Collision,Daylight,NONE,Property Damage Only,0,0,0,40.05457,-105.282152,0,0,0,0,INTERSECTION RELATED,1707,6328
-105.278674,40.01413,Police Collision Report,COLLISION W/ MV - FRONT TO REAR,2202404,2,ARAPAHOE AVE/BROADWAY,ARAPAHOE AVE,CITY ST/CNTY RD,     ,W ,2022/03/15 00:00:00+00,2022/03/15 09:57:00+00,2022,3,March,9,3,15,Tuesday,9,Motorway Collision,Daylight,NONE,Property Damage Only,0,0,0,40.01413,-105.278674,0,0,0,0,NON-INTERSECTION,957,6329
-105.23281,39.999988,Police Collision Report,COLLISION W/ MV - FRONT TO REAR,2202437,2,BASELINE RD/FOOTHILLS PKWY,FOOTHILLS PKWY,STATE HWY,     ,N ,2022/03/15 00:00:00+00,2022/03/15 22:30:00+00,2022,3,March,22,3,15,Tuesday,22,Motorway Collision,Dark - Lighted,NONE,Property Damage Only,0,0,0,39.999988,-105.23281,0,0,0,0,INTERSECTION RELATED,2230,6330
-105.282063,40.025544,Police Collision Report,COLLISION W/ MV - FRONT TO REAR,2202475,2,ALPINE AVE/BROADWAY,ALPINE AVE,CITY ST/CNTY RD,     ,W ,2022/03/16 00:00:00+00,2022/03/16 16:31:00+00,2022,3,March,16,4,16,Wednesday,16,Motorway Collision,Daylight,NONE,Property Damage Only,0,0,0,40.025544,-105.282063,0,0,0,0,NON-INTERSECTION,1450,6331
-105.279314,40.015947,Police Collision Report,COLLISION W/ MV - FRONT TO REAR,2202817,2,CANYON BLVD/BROADWAY,CANYON BLVD,STATE HWY,     ,W ,2022/03/28 00:00:00+00,2022/03/28 12:30:00+00,2022,3,March,12,2,28,Monday,12,Motorway Collision,Daylight,NONE,Property Damage Only,0,0,0,40.015947,-105.279314,0,0,0,0,INTERSECTION RELATED,1230,6332
-105.244862,40.029223,Police Collision Report,COLLISION W/ MV - FRONT TO REAR,2202826,2,FOOTHILLS PKWY/VALMONT RD,VALMONT RD,CITY ST/CNTY RD,     ,  ,2022/03/28 00:00:00+00,2022/03/28 15:51:00+00,2022,3,March,15,2,28,Monday,15,Motorway Collision,Daylight,NONE,Property Damage Only,0,0,0,40.029223,-105.244862,0,0,0,0,AT INTERSECTION,1551,6333
-105.281804,40.023186,Police Collision Report,COLLISION W/ MV - FRONT TO REAR,2202945,2,BROADWAY/PORTLAND PL,BROADWAY,CITY ST/CNTY RD,     ,S ,2022/03/25 00:00:00+00,2022/03/25 00:00:00+00,2022,3,March,0,6,25,Friday,0,Hit-and-Run Collision,Daylight,NONE,Possible injury,0,0,0,40.023186,-105.281804,0,0,0,0,INTERSECTION RELATED,1016,6334
-105.277073,40.03639,Police Collision Report,COLLISION W/ MV - FRONT TO REAR,2202685,2,16TH ST/IRIS AVE,IRIS AVE,CITY ST/CNTY RD,     ,W ,2022/03/24 00:00:00+00,2022/03/24 08:26:00+00,2022,3,March,8,5,24,Thursday,8,Motorway Collision,Daylight,NONE,Possible injury,0,0,0,40.03639,-105.277073,0,0,0,0,INTERSECTION RELATED,825,6335
-105.281753,40.023219,Police Collision Report,COLLISION W/ MV - FRONT TO REAR,2202725,2,PORTLAND PL/BROADWAY,BROADWAY ST.,CITY ST/CNTY RD,     ,  ,2022/03/25 00:00:00+00,2022/03/25 10:16:00+00,2022,3,March,10,6,25,Friday,10,Motorway Collision,Daylight,NONE,Non-Incapacitating Injury,0,0,1,40.023219,-105.281753,0,0,0,0,AT INTERSECTION,1016,6336
-105.258282,40.014544,Police Collision Report,COLLISION W/ MV - FRONT TO REAR,2202731,2,28TH ST/ARAPAHOE AVE,28TH ST,STATE HWY,     ,S ,2022/03/25 00:00:00+00,2022/03/25 12:30:00+00,2022,3,March,12,6,25,Friday,12,Motorway Collision,Daylight,NONE,Property Damage Only,0,0,0,40.014544,-105.258282,0,0,0,0,NON-INTERSECTION,1230,6337
-105.260145,40.051015,Police Collision Report,COLLISION W/ MV - FRONT TO REAR,2202736,2,28TH ST/JAY RD,28TH STREET,STATE HWY,     ,  ,2022/03/25 00:00:00+00,2022/03/25 15:10:00+00,2022,3,March,15,6,25,Friday,15,Motorway Collision,Daylight,NONE,Property Damage Only,0,0,0,40.051015,-105.260145,0,0,0,0,AT INTERSECTION,1510,6338
-105.239567,40.008522,Police Collision Report,COLLISION W/ MV - FRONT TO REAR,2202740,2,FOOTHILLS PKWY/COLORADO AVE,FOOTHILLS PKY,STATE HWY,     ,S ,2022/03/25 00:00:00+00,2022/03/25 16:39:00+00,2022,3,March,16,6,25,Friday,16,Motorway Collision,Daylight,NONE,Property Damage Only,0,0,0,40.008522,-105.239567,0,0,0,0,INTERSECTION RELATED,1639,6339
-105.258282,40.014544,Police Collision Report,COLLISION W/ MV - FRONT TO REAR,2205346,2,28TH ST/ARAPAHOE AVE,28TH ST,STATE HWY,     ,S ,2022/06/06 00:00:00+00,2022/06/06 13:39:00+00,2022,6,June,13,2,6,Monday,13,Motorway Collision,Daylight,NONE,Property Damage Only,0,0,0,40.014544,-105.258282,0,0,0,0,NON-INTERSECTION,1339,6340
-105.232572,40.000025,Police Collision Report,COLLISION W/ MV - FRONT TO REAR,2205352,2,FOOTHILLS PKWY/BASELINE RD,FOOTHILLS PKWY,STATE HWY,     ,S ,2022/06/06 00:00:00+00,2022/06/06 15:20:00+00,2022,6,June,15,2,6,Monday,15,Motorway Collision,Daylight,NONE,Property Damage Only,0,0,0,40.000025,-105.232572,0,0,0,0,INTERSECTION RELATED,1520,6341
-105.258425,40.036444,Police Collision Report,COLLISION W/ MV - FRONT TO REAR,2205254,2,DIAGONAL HWY/28TH ST,DIAGONAL HIGHWAY,STATE HWY,     ,  ,2022/06/03 00:00:00+00,2022/06/03 13:39:00+00,2022,6,June,13,6,3,Friday,13,Motorway Collision,Daylight,NONE,Possible injury,0,0,0,40.036444,-105.258425,0,0,0,0,AT INTERSECTION,1339,6342
-105.244862,40.029223,Police Collision Report,COLLISION W/ MV - FRONT TO REAR,2205260,2,FOOTHILLS PKWY/VALMONT RD,FOOTHILLS PARKWAY,STATE HWY,     ,S ,2022/06/03 00:00:00+00,2022/06/03 15:18:00+00,2022,6,June,15,6,3,Friday,15,Motorway Collision,Daylight,NONE,Property Damage Only,0,0,0,40.029223,-105.244862,0,0,0,0,INTERSECTION RELATED,1518,6343
-105.253088,40.000926,Police Collision Report,COLLISION W/ MV - FRONT TO REAR,2205179,2,CANYON CREEK RD/30TH ST,CANYON CREEK DRIVE,CITY ST/CNTY RD,     ,E ,2022/06/01 00:00:00+00,2022/06/01 20:02:00+00,2022,6,June,20,4,1,Wednesday,20,Motorway Collision,Dawn or Dusk,NONE,Property Damage Only,0,0,0,40.000926,-105.253088,0,0,0,0,NON-INTERSECTION,2000,6344
-105.253688,40.014535,Police Collision Report,COLLISION W/ MV - FRONT TO REAR,2205205,2,ARAPAHOE AVE/30TH ST,ARAPAHOE AVENUE,STATE HWY,     ,E ,2022/06/02 00:00:00+00,2022/06/02 13:16:00+00,2022,6,June,13,5,2,Thursday,13,Motorway Collision,Daylight,NONE,Property Damage Only,0,0,0,40.014535,-105.253688,0,0,0,0,INTERSECTION RELATED,1316,6345
-105.258432,40.027325,Police Collision Report,COLLISION W/ MV - FRONT TO REAR,2205212,3,28TH ST/BLUFF ST,28TH STREET,STATE HWY,     ,S ,2022/06/02 00:00:00+00,2022/06/02 13:55:00+00,2022,6,June,13,5,2,Thursday,13,Motorway Collision,Daylight,NONE,Property Damage Only,0,0,0,40.027325,-105.258432,0,0,0,0,INTERSECTION RELATED,1355,6346
-105.283578,40.016098,Police Collision Report,COLLISION W/ MV - FRONT TO REAR,2204980,2,WALNUT ST/9TH ST,9TH STREET,CITY ST/CNTY RD,     ,N ,2022/05/26 23:17:59+00,2022/05/26 23:18:00+00,2022,5,May,23,5,26,Thursday,23,Motorway Collision,Dark - Lighted,NONE,Property Damage Only,0,0,0,40.016098,-105.283578,1,1,0,0,INTERSECTION RELATED,2318,6347
-105.282131,40.051606,Police Collision Report,COLLISION W/ MV - FRONT TO REAR,2204995,2,BROADWAY/TAMARACK AVE,BROADWAY,CITY ST/CNTY RD,     ,  ,2022/05/27 00:00:00+00,2022/05/27 12:37:00+00,2022,5,May,12,6,27,Friday,12,Motorway Collision,Daylight,NONE,Property Damage Only,0,0,0,40.051606,-105.282131,0,0,0,0,AT INTERSECTION,1237,6348
-105.2128,40.000117,Police Collision Report,COLLISION W/ MV - FRONT TO REAR,2205001,2,BASELINE RD/CHERRYVALE RD,BASELINE RD,STATE HWY,     ,W ,2022/05/27 00:00:00+00,2022/05/27 14:13:00+00,2022,5,May,14,6,27,Friday,14,Motorway Collision,Daylight,NONE,Property Damage Only,0,0,0,40.000117,-105.2128,0,0,0,0,AT INTERSECTION,1413,6349
-105.232067,39.986813,Police Collision Report,COLLISION W/ MV - FRONT TO REAR,2205009,2,TABLE MESA DR/FOOTHILLS PKWY,FOOTHILLS PKY,STATE HWY,     ,N ,2022/05/27 00:00:00+00,2022/05/27 16:27:00+00,2022,5,May,16,6,27,Friday,16,Motorway Collision,Daylight,NONE,Property Damage Only,0,0,0,39.986813,-105.232067,0,0,0,0,RAMP-RELATED,1627,6350
-105.255441,40.000144,Police Collision Report,COLLISION W/ MV - FRONT TO REAR,2204949,2,2915  BASELINE RD      ,2915 BASELINE RD,,     ,  ,2022/05/25 20:18:59+00,2022/05/25 20:19:00+00,2022,5,May,20,4,25,Wednesday,20,Motorway Collision,Dawn or Dusk,NONE,Property Damage Only,0,0,0,40.000144,-105.255441,0,0,0,0,PARKING LOT,1930,6351
-105.244862,40.029223,Police Collision Report,COLLISION W/ MV - FRONT TO REAR,2204956,2,FOOTHILLS PKWY/VALMONT RD,FOOTHILLS PKWY,STATE HWY,     ,  ,2022/05/26 00:00:00+00,2022/05/26 09:11:00+00,2022,5,May,9,5,26,Thursday,9,Motorway Collision,Daylight,NONE,Property Damage Only,0,0,0,40.029223,-105.244862,0,0,0,0,AT INTERSECTION,911,6352
-105.258436,40.029101,Police Collision Report,COLLISION W/ MV - FRONT TO REAR,2204960,2,28TH ST/VALMONT RD,28TH STREET,STATE HWY,     ,S ,2022/05/26 00:00:00+00,2022/05/26 11:20:00+00,2022,5,May,11,5,26,Thursday,11,Motorway Collision,Daylight,NONE,Property Damage Only,0,0,0,40.029101,-105.258436,0,0,0,0,INTERSECTION RELATED,1120,6353
-105.258282,40.014544,Police Collision Report,COLLISION W/ MV - FRONT TO REAR,2204964,2,28TH ST/ARAPAHOE AVE,28TH STREET,STATE HWY,     ,S ,2022/05/26 00:00:00+00,2022/05/26 12:36:00+00,2022,5,May,12,5,26,Thursday,12,Motorway Collision,Daylight,NONE,Property Damage Only,0,0,0,40.014544,-105.258282,0,0,0,0,INTERSECTION RELATED,1236,6354