X,Y,ReportType,PrmaryCollsionType,CaseNumber,UnitsInvolved,Location,OnHighway,CrossStreet,FeetFromIntersection,DirectionFromIntersection,CollisionDate,ReportedDate,ReportedYear,ReportedMonth,ReportedMonthName,ReportedWeek,ReportedDayofWeekNum,ReportedDayofMonth,ReportedDayofWeek,ReportedHour,HitAndRunStatus,LightingCondition,WeatherCondition,Severity,NumKilled,NumSeriouslyInjured,NumInjuredOrKilled,Lat,Lon,DUI,AlcoholDrugSuspected,BicyclesInvolved,PedestriansInvolved,RoadDescription,Crash_Time,ESRI_OID
-105.23281,39.999988,Police Collision Report,COLLISION W/ MV - FRONT TO REAR,2204974,2,BASELINE RD/FOOTHILLS PKWY,BASELINE RD,STATE HWY,     ,W ,2022/05/26 00:00:00+00,2022/05/26 18:32:00+00,2022,5,May,18,5,26,Thursday,18,Motorway Collision,Daylight,NONE,Property Damage Only,0,0,0,39.999988,-105.23281,0,0,0,0,INTERSECTION RELATED,1832,6355
-105.25839,40.008105,Police Collision Report,COLLISION W/ MV - FRONT TO REAR,2205620,2,28TH FRONTAGE RD/COLORADO AVE,28TH FRONTAGE RD,CITY ST/CNTY RD,     ,S ,2022/06/14 00:00:00+00,2022/06/14 12:15:00+00,2022,6,June,12,3,14,Tuesday,12,Motorway Collision,Daylight,NONE,Property Damage Only,0,0,0,40.008105,-105.25839,0,0,0,0,INTERSECTION RELATED,1215,6356
-105.225448,40.014598,Police Collision Report,COLLISION W/ MV - FRONT TO REAR,2205633,2,55TH ST/ARAPAHOE AVE,ARAPAHOE AVE,STATE HWY,     ,W ,2022/06/14 00:00:00+00,2022/06/14 17:39:00+00,2022,6,June,17,3,14,Tuesday,17,Motorway Collision,Dawn or Dusk,NONE,Non-Incapacitating Injury,0,0,1,40.014598,-105.225448,0,0,0,0,NON-INTERSECTION,1739,6357
-105.253716,40.037957,Police Collision Report,COLLISION W/ MV - FRONT TO REAR,2205661,2,30TH ST/DIAGONAL HWY,DIAGONAL HWY,STATE HWY,     ,E ,2022/06/15 00:00:00+00,2022/06/19 00:00:00+00,2022,6,June,0,1,19,Sunday,0,Motorway Collision,Daylight,NONE,Possible injury,0,0,0,40.037957,-105.253716,0,0,0,0,INTERSECTION RELATED,1455,6358
-105.255123,40.032854,Police Collision Report,COLLISION W/ MV - FRONT TO REAR,2205664,2,2955  GLENWOOD DR 220    ,2955 GLENWOOD DE,,     ,  ,2022/06/15 00:00:00+00,2022/06/15 15:48:00+00,2022,6,June,15,4,15,Wednesday,15,Motorway Collision,,NONE,Property Damage Only,0,0,0,40.032854,-105.255123,0,0,0,0,PARKING LOT,800,6359
-105.242465,40.022798,Police Collision Report,COLLISION W/ MV - FRONT TO REAR,2205699,2,47TH ST/PEARL PKWY,47TH ST,CITY ST/CNTY RD,     ,  ,2022/06/16 00:00:00+00,2022/06/16 16:52:00+00,2022,6,June,16,5,16,Thursday,16,Motorway Collision,Daylight,NONE,Property Damage Only,0,0,0,40.022798,-105.242465,0,0,0,0,AT INTERSECTION,1650,6360
-105.260145,40.051015,Police Collision Report,COLLISION W/ MV - FRONT TO REAR,2205771,2,28TH ST/JAY RD,28TH ST,STATE HWY,     ,S ,2022/06/18 00:00:00+00,2022/06/18 00:00:00+00,2022,6,June,0,7,18,Saturday,0,Motorway Collision,Daylight,NONE,Property Damage Only,0,0,0,40.051015,-105.260145,0,0,0,0,NON-INTERSECTION,1413,6361
-105.253634,40.014706,Police Collision Report,COLLISION W/ MV - FRONT TO REAR,2205901,2,30TH ST/ARAPAHOE AVE,30TH ST,CITY ST/CNTY RD,     ,  ,2022/06/22 00:00:00+00,2022/06/22 19:06:00+00,2022,6,June,19,4,22,Wednesday,19,Motorway Collision,Daylight,NONE,Property Damage Only,0,0,0,40.014706,-105.253634,0,0,0,0,AT INTERSECTION,1905,6362
-105.268186,40.036449,Police Collision Report,COLLISION W/ MV - FRONT TO REAR,2205478,3,IRIS AVE/HERMOSA DR,IRIS AVE,CITY ST/CNTY RD,     ,E ,2022/06/10 00:00:00+00,2022/06/10 08:14:00+00,2022,6,June,8,6,10,Friday,8,Motorway Collision,Daylight,NONE,Possible injury,0,0,0,40.036449,-105.268186,0,0,0,0,INTERSECTION RELATED,814,6363
-105.283214,40.014969,Police Collision Report,COLLISION W/ MV - FRONT TO REAR,2205467,2,CANYON BLVD/9TH ST,CANYON BLVD,STATE HWY,     ,E ,2022/06/09 00:00:00+00,2022/06/09 21:04:00+00,2022,6,June,21,5,9,Thursday,21,Motorway Collision,Dark - Lighted,NONE,Property Damage Only,0,0,0,40.014969,-105.283214,0,0,0,0,NON-INTERSECTION,2110,6364
-105.257739,40.000151,Police Collision Report,COLLISION W/ MV - FRONT TO REAR,2205319,2,2800  BASELINE RD      ,28TH ST,STATE HWY,     ,N ,2022/06/05 00:00:00+00,2022/06/05 13:02:00+00,2022,6,June,13,1,5,Sunday,13,Motorway Collision,Daylight,NONE,Property Damage Only,0,0,0,40.000151,-105.257739,0,0,0,0,INTERSECTION RELATED,1302,6365
-105.280606,40.015674,Police Collision Report,COLLISION W/ MV - FRONT TO REAR,2205359,2,CANYON BLVD/11TH ST,CANYON BLVD,STATE HWY,     ,E ,2022/06/06 00:00:00+00,2022/06/06 19:49:00+00,2022,6,June,19,2,6,Monday,19,Motorway Collision,Daylight,NONE,Property Damage Only,0,0,0,40.015674,-105.280606,0,0,0,0,NON-INTERSECTION,1949,6366
-105.206772,40.07115,Police Collision Report,COLLISION W/ MV - FRONT TO REAR,2205376,2,LOOKOUT RD/63RD ST,LOOKOUT RD,CITY ST/CNTY RD,     ,E ,2022/06/07 00:00:00+00,2022/06/07 11:13:00+00,2022,6,June,11,3,7,Tuesday,11,Motorway Collision,Daylight,NONE,Property Damage Only,0,0,0,40.07115,-105.206772,0,0,0,0,DRIVEWAY ACCESS RELATED,1111,6367
-105.268469,40.036422,Police Collision Report,COLLISION W/ MV - FRONT TO REAR,2205489,2,22ND ST/IRIS AVE,IRIS AVE,CITY ST/CNTY RD,     ,  ,2022/06/10 00:00:00+00,2022/06/10 11:15:00+00,2022,6,June,11,6,10,Friday,11,Motorway Collision,Daylight,NONE,Non-Incapacitating Injury,0,0,1,40.036422,-105.268469,0,0,0,0,AT INTERSECTION,1115,6368
-105.263563,40.000114,Police Collision Report,COLLISION W/ MV - FRONT TO REAR,2205492,2,BASELINE RD/BROADWAY,BROADWAY,STATE HWY,     ,N ,2022/06/10 00:00:00+00,2022/06/10 12:46:00+00,2022,6,June,12,6,10,Friday,12,Motorway Collision,Daylight,NONE,Non-Incapacitating Injury,0,0,1,40.000114,-105.263563,0,0,0,0,INTERSECTION RELATED,1246,6369
-105.258282,40.014544,Police Collision Report,COLLISION W/ MV - FRONT TO REAR,2205499,2,28TH ST/ARAPAHOE AVE,28TH ST,STATE HWY,     ,  ,2022/06/10 00:00:00+00,2022/06/10 15:22:00+00,2022,6,June,15,6,10,Friday,15,Motorway Collision,Daylight,NONE,Property Damage Only,0,0,0,40.014544,-105.258282,0,0,0,0,DRIVEWAY ACCESS RELATED,1520,6370
-105.231998,39.986966,Police Collision Report,COLLISION W/ MV - FRONT TO REAR,2205501,2,FOOTHILLS PKWY/TABLE MESA DR,FOOTHILLS PKY,STATE HWY,     ,N ,2022/06/10 00:00:00+00,2022/06/10 17:49:00+00,2022,6,June,17,6,10,Friday,17,Motorway Collision,Daylight,NONE,Possible injury,0,0,0,39.986966,-105.231998,0,0,0,0,INTERSECTION RELATED,1749,6371
-105.258516,40.040103,Police Collision Report,COLLISION W/ MV - FRONT TO REAR,2205561,2,28TH ST/KALMIA AVE,28TH ST,STATE HWY,     ,S ,2022/06/12 00:00:00+00,2022/06/12 14:43:00+00,2022,6,June,14,1,12,Sunday,14,Motorway Collision,Daylight,NONE,Non-Incapacitating Injury,0,0,2,40.040103,-105.258516,0,0,0,0,INTERSECTION RELATED,1432,6372
-105.258408,40.035532,Police Collision Report,COLLISION W/ MV - FRONT TO REAR,2205564,2,3348  28TH ST      ,3348 28TH ST,OTHER RDWY,     ,  ,2022/06/12 00:00:00+00,2022/06/12 16:32:00+00,2022,6,June,16,1,12,Sunday,16,Motorway Collision,,NONE,Property Damage Only,0,0,0,40.035532,-105.258408,0,0,0,0,PARKING LOT,1645,6373
-105.27461,40.014588,Police Collision Report,COLLISION W/ MV - FRONT TO REAR,2204523,2,15TH ST/ARAPAHOE AVE,ARAPAHOE,CITY ST/CNTY RD,     ,  ,2022/05/14 00:00:00+00,2022/05/14 09:48:00+00,2022,5,May,9,7,14,Saturday,9,Motorway Collision,Daylight,NONE,Possible injury,0,0,0,40.014588,-105.27461,0,0,0,0,AT INTERSECTION,948,6374
-105.239567,40.008522,Police Collision Report,COLLISION W/ MV - FRONT TO REAR,2204509,2,FOOTHILLS PKWY/COLORADO AVE,FOOTHILLS PKWY,STATE HWY,     ,N ,2022/05/13 00:00:00+00,2022/05/13 17:10:00+00,2022,5,May,17,6,13,Friday,17,Motorway Collision,Daylight,NONE,Possible injury,0,0,0,40.008522,-105.239567,0,0,0,0,NON-INTERSECTION,1712,6375
-105.279303,40.015822,Police Collision Report,COLLISION W/ MV - FRONT TO REAR,2204468,2,BROADWAY/CANYON BLVD,CANYON BLVD,STATE HWY,     ,W ,2022/05/13 00:11:59+00,2022/05/13 00:12:00+00,2022,5,May,0,6,13,Friday,0,Motorway Collision,Dark - Lighted,NONE,Property Damage Only,0,0,0,40.015822,-105.279303,1,1,0,0,INTERSECTION RELATED,11,6376
-105.258407,40.022375,Police Collision Report,COLLISION W/ MV - FRONT TO REAR,2204479,2,28TH ST/PEARL ST,28TH ST,STATE HWY,     ,N ,2022/05/13 00:00:00+00,2022/05/13 07:24:00+00,2022,5,May,7,6,13,Friday,7,Motorway Collision,Daylight,NONE,Property Damage Only,0,0,0,40.022375,-105.258407,0,0,0,0,CROSSOVER-RELATED,724,6377
-105.268982,40.014576,Police Collision Report,COLLISION W/ MV - FRONT TO REAR,2204500,2,2000  ARAPAHOE AVE      ,2000 ARAPAHOE,CITY ST/CNTY RD,     ,  ,2022/05/13 00:00:00+00,2022/05/13 14:39:00+00,2022,5,May,14,6,13,Friday,14,Motorway Collision,Daylight,NONE,Property Damage Only,0,0,0,40.014576,-105.268982,0,0,0,0,PARKING LOT,1439,6378
-105.271695,40.017213,Police Collision Report,COLLISION W/ MV - FRONT TO REAR,2204531,2,18TH ST/CANYON BLVD,18TH ST,STATE HWY,     ,N ,2022/05/14 00:00:00+00,2022/05/14 13:54:00+00,2022,5,May,13,7,14,Saturday,13,Motorway Collision,Daylight,NONE,Property Damage Only,0,0,0,40.017213,-105.271695,0,0,0,0,AT INTERSECTION,1352,6379
-105.282106,40.053096,Police Collision Report,COLLISION W/ MV - FRONT TO REAR,2204589,2,UNION AVE/BROADWAY,UNION AVE,CITY ST/CNTY RD,     ,  ,2022/05/16 00:00:00+00,2022/05/16 09:47:00+00,2022,5,May,9,2,16,Monday,9,Motorway Collision,Daylight,NONE,Property Damage Only,0,0,0,40.053096,-105.282106,0,0,0,0,MID-BLOCK CROSSWALK,949,6380
-105.262985,40.017486,Police Collision Report,COLLISION W/ MV - FRONT TO REAR,2204637,2,CANYON BLVD/FOLSOM ST,CANYON BLVD,STATE HWY,     ,E ,2022/05/17 00:00:00+00,2022/05/17 15:23:00+00,2022,5,May,15,3,17,Tuesday,15,Motorway Collision,Daylight,NONE,Possible injury,0,0,0,40.017486,-105.262985,0,0,0,0,INTERSECTION RELATED,1520,6381
-105.240833,40.014503,Police Collision Report,COLLISION W/ MV - FRONT TO REAR,2204215,2,ARAPAHOE AVE/FOOTHILLS PKWY,ARAPAHOE AVE,CITY ST/CNTY RD,     ,  ,2022/05/05 00:00:00+00,2022/05/05 00:00:00+00,2022,5,May,0,5,5,Thursday,0,Motorway Collision,Dark - Lighted,NONE,Property Damage Only,0,0,0,40.014503,-105.240833,0,0,0,0,AT INTERSECTION,2313,6382
-105.253634,40.014706,Police Collision Report,COLLISION W/ MV - FRONT TO REAR,2204435,2,30TH ST/ARAPAHOE AVE,30TH ST,CITY ST/CNTY RD,     ,  ,2022/05/11 00:00:00+00,2022/05/11 21:14:00+00,2022,5,May,21,4,11,Wednesday,21,Motorway Collision,Dark - Lighted,NONE,Property Damage Only,0,0,0,40.014706,-105.253634,0,0,0,0,AT INTERSECTION,2114,6383
-105.256668,40.000069,Police Collision Report,COLLISION W/ MV - FRONT TO REAR,2204445,3,HWY 36 WB ON RP @ BASELINE EB/BASELINE RD,US 36,STATE HWY,     ,E ,2022/05/12 00:00:00+00,2022/05/12 09:03:00+00,2022,5,May,9,5,12,Thursday,9,Motorway Collision,Daylight,NONE,Property Damage Only,0,0,0,40.000069,-105.256668,0,0,0,0,NON-INTERSECTION,903,6384
-105.258277,40.014693,Police Collision Report,COLLISION W/ MV - FRONT TO REAR,2204459,2,1600  28TH ST      ,1650 28TH STREET,,     ,  ,2022/03/30 00:00:00+00,2022/03/30 00:00:00+00,2022,3,March,0,4,30,Wednesday,0,Motorway Collision,Daylight,NONE,Property Damage Only,0,0,0,40.014693,-105.258277,0,0,0,0,PARKING LOT,1530,6385
-105.267699,40.003423,Police Collision Report,COLLISION W/ MV - FRONT TO REAR,2203951,2,REGENT DR/BROADWAY,REGENT DR,CITY ST/CNTY RD,     ,E ,2022/04/28 00:00:00+00,2022/04/28 14:03:00+00,2022,4,April,14,5,28,Thursday,14,Motorway Collision,Daylight,NONE,Property Damage Only,0,0,0,40.003423,-105.267699,0,0,0,0,NON-INTERSECTION,1403,6386
-105.225448,40.014598,Police Collision Report,COLLISION W/ MV - FRONT TO REAR,2203953,2,55TH ST/ARAPAHOE AVE,55TH ST,CITY ST/CNTY RD,     ,S ,2022/04/28 00:00:00+00,2022/04/28 14:12:00+00,2022,4,April,14,5,28,Thursday,14,Motorway Collision,Daylight,NONE,Property Damage Only,0,0,0,40.014598,-105.225448,0,0,0,0,INTERSECTION RELATED,1412,6387
-105.270222,40.014626,Police Collision Report,COLLISION W/ MV - FRONT TO REAR,2204002,2,ARAPAHOE AVE/19TH ST,ARAPAHOE AVE,CITY ST/CNTY RD,     ,  ,2022/04/29 00:00:00+00,2022/04/29 16:18:00+00,2022,4,April,16,6,29,Friday,16,Motorway Collision,Daylight,NONE,Possible injury,0,0,0,40.014626,-105.270222,0,0,0,0,AT INTERSECTION,1618,6388
-105.261328,40.008161,Police Collision Report,COLLISION W/ MV - FRONT TO REAR,2204043,2,REGENT DR/COLORADO AVE,REGENT DR,CITY ST/CNTY RD,     ,  ,2022/05/01 00:00:00+00,2022/05/01 00:13:00+00,2022,5,May,0,1,1,Sunday,0,Motorway Collision,Dark - Lighted,NONE,Property Damage Only,0,0,0,40.008161,-105.261328,0,0,0,0,INTERSECTION RELATED,13,6389
-105.264083,40.008226,Police Collision Report,COLLISION W/ MV - FRONT TO REAR,2203831,3,FOLSOM ST/COLORADO AVE,FOLSOM ST,CITY ST/CNTY RD,     ,N ,2022/04/25 16:55:59+00,2022/04/25 16:56:00+00,2022,4,April,16,2,25,Monday,16,Motorway Collision,Daylight,NONE,Property Damage Only,0,0,0,40.008226,-105.264083,0,1,0,0,INTERSECTION RELATED,1704,6390
-105.253634,40.014706,Police Collision Report,COLLISION W/ MV - FRONT TO REAR,2203895,2,30TH ST/ARAPAHOE AVE,30TH ST,CITY ST/CNTY RD,     ,  ,2022/04/27 00:00:00+00,2022/04/27 08:30:00+00,2022,4,April,8,4,27,Wednesday,8,Motorway Collision,Daylight,NONE,Property Damage Only,0,0,0,40.014706,-105.253634,0,0,0,0,AT INTERSECTION,830,6391
-105.276953,40.010476,Police Collision Report,COLLISION W/ MV - FRONT TO REAR,2203900,2,BROADWAY/UNIVERSITY AVE,BROADWAY,STATE HWY,     ,N ,2022/04/27 00:00:00+00,2022/04/27 10:05:00+00,2022,4,April,10,4,27,Wednesday,10,Motorway Collision,Daylight,NONE,Possible injury,0,0,0,40.010476,-105.276953,0,0,0,0,INTERSECTION RELATED,1005,6392
-105.24066,40.014698,Police Collision Report,COLLISION W/ MV - FRONT TO REAR,2203908,2,FOOTHILLS PKWY/ARAPAHOE AVE,FOOTHILLS PARKWAY,STATE HWY,     ,S ,2022/04/27 00:00:00+00,2022/04/27 13:00:00+00,2022,4,April,13,4,27,Wednesday,13,Motorway Collision,Daylight,NONE,Property Damage Only,0,0,0,40.014698,-105.24066,0,0,0,0,INTERSECTION RELATED,1300,6393
-105.23281,39.999988,Police Collision Report,COLLISION W/ MV - FRONT TO REAR,2203710,2,BASELINE RD/FOOTHILLS PKWY,FOOTHILLS PKY,STATE HWY,     ,N ,2022/04/22 00:00:00+00,2022/04/22 12:04:00+00,2022,4,April,12,6,22,Friday,12,Motorway Collision,Daylight,NONE,Property Damage Only,0,0,0,39.999988,-105.23281,0,0,0,0,INTERSECTION RELATED,1204,6394
-105.244862,40.029223,Police Collision Report,COLLISION W/ MV - FRONT TO REAR,2203815,2,FOOTHILLS PKWY/VALMONT RD,FOOTHILLS PARKWAY,STATE HWY,     ,W ,2022/04/25 00:00:00+00,2022/04/25 12:08:00+00,2022,4,April,12,2,25,Monday,12,Motorway Collision,Daylight,NONE,Non-Incapacitating Injury,0,0,2,40.029223,-105.244862,0,0,0,0,AT INTERSECTION,1142,6395
-105.258357,40.000215,Police Collision Report,COLLISION W/ MV - FRONT TO REAR,2204268,2,US HIGHWAY 36/BASELINE RD,US HWY 36,STATE HWY,     ,  ,2022/05/07 00:00:00+00,2022/05/07 01:54:00+00,2022,5,May,1,7,7,Saturday,1,Motorway Collision,Dark - Unlighted,NONE,Property Damage Only,0,0,0,40.000215,-105.258357,0,0,0,0,NON-INTERSECTION,154,6396
-105.276216,40.00183,Police Collision Report,COLLISION W/ MV - FRONT TO REAR,2204289,2,13TH ST/CASCADE AVE,13TH,CITY ST/CNTY RD,     ,N ,2022/05/07 00:00:00+00,2022/05/07 15:21:00+00,2022,5,May,15,7,7,Saturday,15,Motorway Collision,Daylight,NONE,Property Damage Only,0,0,0,40.00183,-105.276216,0,0,0,0,NON-INTERSECTION,1520,6397
-105.280606,40.015674,Police Collision Report,COLLISION W/ MV - FRONT TO REAR,2210890,2,1099  CANYON BLVD/11TH ST      ,11TH ST,CITY ST/CNTY RD,     ,N ,2022/10/30 01:00:59+00,2022/10/30 01:01:00+00,2022,10,October,1,1,30,Sunday,1,Hit-and-Run Collision,Dark - Lighted,NONE,Possible injury,0,0,0,40.015674,-105.280606,1,1,0,0,AT INTERSECTION,130,6398
-105.275328,40.016604,Police Collision Report,COLLISION W/ MV - FRONT TO REAR,2210790,2,1500  CANYON BLVD      ,CANYON,STATE HWY,     ,E ,2022/10/27 00:00:00+00,2022/10/27 14:46:00+00,2022,10,October,14,5,27,Thursday,14,Motorway Collision,Daylight,NONE,Property Damage Only,0,0,0,40.016604,-105.275328,0,0,0,0,NON-INTERSECTION,1449,6399
-105.255334,39.999971,Police Collision Report,COLLISION W/ MV - FRONT TO REAR,2209853,2,2920  BASELINE RD      ,2920 BASELINE,OTHER RDWY,     ,  ,2022/10/01 00:00:00+00,2022/10/01 02:49:00+00,2022,10,October,2,7,1,Saturday,2,Motorway Collision,Dark - Lighted,NONE,Property Damage Only,0,0,0,39.999971,-105.255334,0,0,0,0,PARKING LOT,249,6400
-105.260159,40.000452,Police Collision Report,COLLISION W/ MV - FRONT TO REAR,2210737,2,27TH WAY/BASELINE RD,27TH WAY,CITY ST/CNTY RD,     ,  ,2022/10/25 00:00:00+00,2022/10/25 20:13:00+00,2022,10,October,20,3,25,Tuesday,20,Motorway Collision,Dark - Lighted,NONE,Property Damage Only,0,0,0,40.000452,-105.260159,0,0,0,0,INTERSECTION RELATED,2013,6401
-105.258436,40.029101,Police Collision Report,COLLISION W/ MV - FRONT TO REAR,2210800,3,28TH ST/VALMONT RD,28TH ST,STATE HWY,     ,S ,2022/10/27 00:00:00+00,2022/10/27 18:21:00+00,2022,10,October,18,5,27,Thursday,18,Motorway Collision,Dawn or Dusk,NONE,Property Damage Only,0,0,0,40.029101,-105.258436,0,0,0,0,AT INTERSECTION,1821,6402
-105.276317,40.009289,Police Collision Report,COLLISION W/ MV - FRONT TO REAR,2210824,2,1275  13TH ST      ,1275 13TH STREET,,     ,  ,2022/10/28 00:00:00+00,2022/10/28 14:16:00+00,2022,10,October,14,6,28,Friday,14,Motorway Collision,Daylight,NONE,Property Damage Only,0,0,0,40.009289,-105.276317,0,0,0,0,PARKING LOT,1416,6403
-105.279303,40.015822,Police Collision Report,COLLISION W/ MV - FRONT TO REAR,2210868,3,BROADWAY/CANYON BLVD,CANYON BOULEVARD,STATE HWY,     ,  ,2022/10/29 00:00:00+00,2022/10/29 13:37:00+00,2022,10,October,13,7,29,Saturday,13,Motorway Collision,Daylight,NONE,Property Damage Only,0,0,0,40.015822,-105.279303,0,0,0,0,AT INTERSECTION,1337,6404
-105.27537,40.016622,Police Collision Report,COLLISION W/ MV - FRONT TO REAR,2210648,3,15TH ST/CANYON BLVD,CANYON BLVD,STATE HWY,     ,E ,2022/10/23 00:00:00+00,2022/10/23 18:24:00+00,2022,10,October,18,1,23,Sunday,18,Motorway Collision,Dawn or Dusk,NONE,Property Damage Only,0,0,0,40.016622,-105.27537,0,0,0,0,NON-INTERSECTION,1825,6405
-105.225448,40.014598,Police Collision Report,COLLISION W/ MV - FRONT TO REAR,2210749,2,55TH ST/ARAPAHOE AVE,ARAPAHOE AVE,STATE HWY,     ,W ,2022/10/26 00:00:00+00,2022/10/26 10:14:00+00,2022,10,October,10,4,26,Wednesday,10,Motorway Collision,Daylight,NONE,Property Damage Only,0,0,0,40.014598,-105.225448,0,0,0,0,DRIVEWAY ACCESS RELATED,1014,6406
-105.267721,40.003464,Police Collision Report,COLLISION W/ MV - FRONT TO REAR,2210679,2,BROADWAY/20TH ST,BROADWAY,STATE HWY,     ,S ,2022/10/24 00:00:00+00,2022/10/24 14:37:00+00,2022,10,October,14,2,24,Monday,14,Motorway Collision,Daylight,NONE,Property Damage Only,0,0,0,40.003464,-105.267721,0,0,0,0,NON-INTERSECTION,1437,6407
-105.280606,40.015674,Police Collision Report,COLLISION W/ MV - FRONT TO REAR,2210683,2,CANYON BLVD/11TH ST,CANYON BLVD,STATE HWY,     ,E ,2022/10/24 00:00:00+00,2022/10/24 15:14:00+00,2022,10,October,15,2,24,Monday,15,Motorway Collision,Daylight,NONE,Property Damage Only,0,0,0,40.015674,-105.280606,0,0,0,0,DRIVEWAY ACCESS RELATED,1514,6408
-105.253763,40.037979,Police Collision Report,COLLISION W/ MV - FRONT TO REAR,2210689,2,DIAGONAL HWY/30TH ST,DIAGONAL HWY,STATE HWY,     ,W ,2022/10/24 00:00:00+00,2022/10/24 17:36:00+00,2022,10,October,17,2,24,Monday,17,Motorway Collision,Daylight,NONE,Property Damage Only,0,0,0,40.037979,-105.253763,0,0,0,0,NON-INTERSECTION,1736,6409
-105.258556,40.012152,Police Collision Report,COLLISION W/ MV - FRONT TO REAR,2210716,2,28TH ST/CORDRY CT,28TH ST,STATE HWY,     ,N ,2022/10/25 00:00:00+00,2022/10/25 11:45:00+00,2022,10,October,11,3,25,Tuesday,11,Motorway Collision,Daylight,NONE,Property Damage Only,0,0,0,40.012152,-105.258556,0,0,0,0,INTERSECTION RELATED,1145,6410
-105.258317,40.014664,Police Collision Report,COLLISION W/ MV - FRONT TO REAR,2210758,2,ARAPAHOE AVE/28TH ST,28TH ST,STATE HWY,     ,S ,2022/10/26 00:00:00+00,2022/10/26 14:37:00+00,2022,10,October,14,4,26,Wednesday,14,Motorway Collision,Daylight,NONE,Property Damage Only,0,0,0,40.014664,-105.258317,0,0,0,0,INTERSECTION RELATED,1436,6411
-105.231554,39.9939,Police Collision Report,COLLISION W/ MV - FRONT TO REAR,2210762,2,400   FOOTHILLS PKWY      ,CO 157,STATE HWY,     ,N ,2022/10/26 00:00:00+00,2022/10/26 18:11:00+00,2022,10,October,18,4,26,Wednesday,18,Motorway Collision,Dawn or Dusk,NONE,Property Damage Only,0,0,0,39.9939,-105.231554,0,0,0,0,NON-INTERSECTION,1811,6412
-105.258482,40.036463,Police Collision Report,COLLISION W/ MV - FRONT TO REAR,2210273,2,28TH ST/IRIS AVE,28TH STREET,STATE HWY,     ,  ,2022/10/13 00:00:00+00,2022/10/13 09:01:00+00,2022,10,October,9,5,13,Thursday,9,Motorway Collision,Daylight,NONE,Property Damage Only,0,0,0,40.036463,-105.258482,0,0,0,0,AT INTERSECTION,901,6413
-105.258306,40.022242,Police Collision Report,COLLISION W/ MV - FRONT TO REAR,2210363,2,2800  PEARL ST      ,28TH STREET,STATE HWY,     ,  ,2022/10/15 00:00:00+00,2022/10/15 10:07:00+00,2022,10,October,10,7,15,Saturday,10,Motorway Collision,Daylight,NONE,Possible injury,0,0,0,40.022242,-105.258306,0,0,0,0,AT INTERSECTION,1007,6414
-105.249911,39.985461,Police Collision Report,COLLISION W/ MV - FRONT TO REAR,2210488,2,TABLE MESA DR/S BROADWAY,BROADWAY,STATE HWY,     ,  ,2022/10/18 00:00:00+00,2022/10/18 00:00:00+00,2022,10,October,0,3,18,Tuesday,0,Motorway Collision,Dark - Lighted,NONE,Property Damage Only,0,0,0,39.985461,-105.249911,0,0,0,0,AT INTERSECTION,2141,6415
-105.244862,40.029223,Police Collision Report,COLLISION W/ MV - FRONT TO REAR,2210546,2,FOOTHILLS PKWY/VALMONT RD,FOOTHILLS PKWY,STATE HWY,     ,S ,2022/10/20 00:00:00+00,2022/10/20 15:40:00+00,2022,10,October,15,5,20,Thursday,15,Motorway Collision,Daylight,NONE,Property Damage Only,0,0,0,40.029223,-105.244862,0,0,0,0,INTERSECTION RELATED,1539,6416
-105.244862,40.029223,Police Collision Report,COLLISION W/ MV - FRONT TO REAR,2210610,2,FOOTHILLS PKWY/VALMONT RD,FOOTHILLS PARKWAY,STATE HWY,     ,N ,2022/10/22 00:00:00+00,2022/10/22 13:10:00+00,2022,10,October,13,7,22,Saturday,13,Motorway Collision,Daylight,NONE,Property Damage Only,0,0,0,40.029223,-105.244862,0,0,0,0,NON-INTERSECTION,1310,6417
-105.277318,40.014367,Police Collision Report,COLLISION W/ MV - FRONT TO REAR,2210504,2,13TH ST/ARAPAHOE AVE,ARAPAHOE AVE,CITY ST/CNTY RD,     ,E ,2022/10/19 00:00:00+00,2022/10/19 10:00:00+00,2022,10,October,10,4,19,Wednesday,10,Motorway Collision,Daylight,NONE,Possible injury,0,0,0,40.014367,-105.277318,0,0,0,0,NON-INTERSECTION,1000,6418
-105.268186,40.036449,Police Collision Report,COLLISION W/ MV - FRONT TO REAR,2210427,2,IRIS AVE/HERMOSA DR,IRIS AVE,CITY ST/CNTY RD,     ,E ,2022/10/17 00:00:00+00,2022/10/17 08:35:00+00,2022,10,October,8,2,17,Monday,8,Motorway Collision,Daylight,NONE,Property Damage Only,0,0,0,40.036449,-105.268186,0,0,0,0,AT INTERSECTION,840,6419
-105.255889,40.000147,Police Collision Report,COLLISION W/ MV - FRONT TO REAR,2209980,2,29TH ST/BASELINE RD,BASELINE RD,CITY ST/CNTY RD,     ,E ,2022/10/05 00:00:00+00,2022/10/05 08:05:00+00,2022,10,October,8,4,5,Wednesday,8,Motorway Collision,Daylight,NONE,Property Damage Only,0,0,0,40.000147,-105.255889,0,0,0,0,DRIVEWAY ACCESS RELATED,745,6420
-105.253729,40.032823,Police Collision Report,COLLISION W/ MV - FRONT TO REAR,2210506,2,30TH ST/GLENWOOD DR,GLENWOOD DR,CITY ST/CNTY RD,     ,W ,2022/10/19 00:00:00+00,2022/10/19 11:08:00+00,2022,10,October,11,4,19,Wednesday,11,Motorway Collision,Daylight,NONE,Possible injury,0,0,0,40.032823,-105.253729,0,0,0,0,INTERSECTION RELATED,1108,6421