X,Y,ReportType,PrmaryCollsionType,CaseNumber,UnitsInvolved,Location,OnHighway,CrossStreet,FeetFromIntersection,DirectionFromIntersection,CollisionDate,ReportedDate,ReportedYear,ReportedMonth,ReportedMonthName,ReportedWeek,ReportedDayofWeekNum,ReportedDayofMonth,ReportedDayofWeek,ReportedHour,HitAndRunStatus,LightingCondition,WeatherCondition,Severity,NumKilled,NumSeriouslyInjured,NumInjuredOrKilled,Lat,Lon,DUI,AlcoholDrugSuspected,BicyclesInvolved,PedestriansInvolved,RoadDescription,Crash_Time,ESRI_OID
-105.244901,40.029254,Police Collision Report,COLLISION W/ MV - FRONT TO REAR,2210097,2,VALMONT RD/FOOTHILLS PKWY,VALMONT ROAD,CITY ST/CNTY RD,     ,  ,2022/10/07 00:00:00+00,2022/10/07 19:00:00+00,2022,10,October,19,6,7,Friday,19,Motorway Collision,Dark - Lighted,NONE,Property Damage Only,0,0,0,40.029254,-105.244901,0,0,0,0,AT INTERSECTION,1901,6422
-105.270255,40.014596,Police Collision Report,COLLISION W/ MV - FRONT TO REAR,2203159,2,19TH ST/ARAPAHOE AVE,ARAPAHOE AVE,CITY ST/CNTY RD,     ,W ,2022/04/06 00:00:00+00,2022/04/06 07:34:00+00,2022,4,April,7,4,6,Wednesday,7,Motorway Collision,Daylight,NONE,Property Damage Only,0,0,0,40.014596,-105.270255,0,0,0,0,NON-INTERSECTION,734,6423
-105.258482,40.036463,Police Collision Report,COLLISION W/ MV - FRONT TO REAR,2203173,2,28TH ST/IRIS AVE,28TH ST,STATE HWY,     ,  ,2022/04/05 00:00:00+00,2022/04/05 00:00:00+00,2022,4,April,0,3,5,Tuesday,0,Motorway Collision,Daylight,NONE,Property Damage Only,0,0,0,40.036463,-105.258482,0,0,0,0,AT INTERSECTION,1215,6424
-105.282101,40.036414,Police Collision Report,COLLISION W/ MV - FRONT TO REAR,2203093,2,BROADWAY/IRIS AVE,BROADWAY,CITY ST/CNTY RD,     ,  ,2022/04/04 00:00:00+00,2022/04/04 17:52:00+00,2022,4,April,17,2,4,Monday,17,Motorway Collision,Daylight,NONE,Property Damage Only,0,0,0,40.036414,-105.282101,0,0,0,0,AT INTERSECTION,1700,6425
-105.232572,40.000025,Police Collision Report,COLLISION W/ MV - FRONT TO REAR,2204885,2,FOOTHILLS PKWY/BASELINE RD,FOOTHILLS PKWY,STATE HWY,     ,S ,2022/05/24 00:00:00+00,2022/05/24 11:04:00+00,2022,5,May,11,3,24,Tuesday,11,Motorway Collision,Daylight,NONE,Property Damage Only,0,0,0,40.000025,-105.232572,0,0,0,0,INTERSECTION RELATED,1104,6426
-105.25371,40.029189,Police Collision Report,COLLISION W/ MV - FRONT TO REAR,2210986,3,30TH ST/VALMONT RD,30TH ST,CITY ST/CNTY RD,     ,N ,2022/11/02 00:00:00+00,2022/11/02 11:24:00+00,2022,11,November,11,4,2,Wednesday,11,Motorway Collision,Daylight,NONE,Possible injury,0,0,0,40.029189,-105.25371,0,0,0,0,NON-INTERSECTION,1124,6427
-105.271664,40.005572,Police Collision Report,COLLISION W/ MV - FRONT TO REAR,2210611,2,BROADWAY/EUCLID AVE,BROADWAY,STATE HWY,     ,S ,2022/10/22 00:00:00+00,2022/10/22 14:11:00+00,2022,10,October,14,7,22,Saturday,14,Motorway Collision,Daylight,NONE,Property Damage Only,0,0,0,40.005572,-105.271664,0,0,0,0,INTERSECTION RELATED,1410,6428
-105.28213,40.027998,Police Collision Report,COLLISION W/ MV - FRONT TO REAR,2210949,2,BROADWAY/CEDAR AVE,BROADWAY,CITY ST/CNTY RD,     ,  ,2022/10/31 00:00:00+00,2022/10/31 15:12:00+00,2022,10,October,15,2,31,Monday,15,Motorway Collision,Daylight,NONE,Possible injury,0,0,0,40.027998,-105.28213,0,0,0,0,AT INTERSECTION,1512,6429
-105.231998,39.986966,Police Collision Report,COLLISION W/ MV - FRONT TO REAR,2211066,2,FOOTHILLS PKWY/TABLE MESA DR,FOOTHILLS PKY,STATE HWY,     ,N ,2022/11/04 00:00:00+00,2022/11/04 15:03:00+00,2022,11,November,15,6,4,Friday,15,Motorway Collision,Daylight,NONE,Property Damage Only,0,0,0,39.986966,-105.231998,0,0,0,0,INTERSECTION RELATED,1506,6430
-105.244862,40.029223,Police Collision Report,COLLISION W/ MV - FRONT TO REAR,2211139,3,FOOTHILLS PKWY/VALMONT RD,FOOTHILLS PKWY,STATE HWY,     ,N ,2022/11/07 00:00:00+00,2022/11/07 08:31:00+00,2022,11,November,8,2,7,Monday,8,Motorway Collision,Daylight,NONE,Possible injury,0,0,0,40.029223,-105.244862,0,0,0,0,INTERSECTION RELATED,831,6431
-105.272553,40.014615,Police Collision Report,COLLISION W/ MV - FRONT TO REAR,2211064,2,ARAPAHOE AVE/17TH ST,ARAPAHOE AVENUE,CITY ST/CNTY RD,     ,E ,2022/11/04 00:00:00+00,2022/11/04 14:44:00+00,2022,11,November,14,6,4,Friday,14,Motorway Collision,Daylight,NONE,Property Damage Only,0,0,0,40.014615,-105.272553,0,0,0,0,DRIVEWAY ACCESS RELATED,1444,6432
-105.260115,39.999069,Police Collision Report,COLLISION W/ MV - FRONT TO REAR,2211083,2,MOORHEAD AVE/27TH WAY,MOORHEAD AVENUE,CITY ST/CNTY RD,     ,  ,2022/11/05 00:00:00+00,2022/11/05 11:34:00+00,2022,11,November,11,7,5,Saturday,11,Motorway Collision,Daylight,NONE,Property Damage Only,0,0,0,39.999069,-105.260115,0,0,0,0,AT INTERSECTION,1134,6433
-105.272584,40.013601,Police Collision Report,COLLISION W/ MV - FRONT TO REAR,2211086,2,17TH ST/MARINE ST,17TH STREET,CITY ST/CNTY RD,     ,N ,2022/11/05 00:00:00+00,2022/11/05 13:43:00+00,2022,11,November,13,7,5,Saturday,13,Motorway Collision,Daylight,NONE,Possible injury,0,0,0,40.013601,-105.272584,0,0,0,0,INTERSECTION RELATED,1343,6434
-105.257829,40.000354,Police Collision Report,COLLISION W/ MV - FRONT TO REAR,2211118,2,BASELINE RD/28TH ST,BASELINE RD,CITY ST/CNTY RD,     ,E ,2022/11/06 00:00:00+00,2022/11/06 16:38:00+00,2022,11,November,16,1,6,Sunday,16,Motorway Collision,Daylight,NONE,Property Damage Only,0,0,0,40.000354,-105.257829,0,0,0,0,INTERSECTION RELATED,1638,6435
-105.266229,40.014639,Police Collision Report,COLLISION W/ MV - FRONT TO REAR,2211216,2,ARAPAHOE AVE/22ND ST,ARAPAHOE AVE,CITY ST/CNTY RD,     ,E ,2022/11/09 00:00:00+00,2022/11/09 12:36:00+00,2022,11,November,12,4,9,Wednesday,12,Motorway Collision,Daylight,NONE,Non-Incapacitating Injury,0,0,1,40.014639,-105.266229,0,0,0,0,NON-INTERSECTION,1236,6436
-105.258524,40.008127,Police Collision Report,COLLISION W/ MV - FRONT TO REAR,2211270,3,28TH ST/COLORADO AVE,28TH ST,STATE HWY,     ,S ,2022/11/10 00:00:00+00,2022/11/10 18:55:00+00,2022,11,November,18,5,10,Thursday,18,Motorway Collision,Dark - Lighted,NONE,Possible injury,0,0,0,40.008127,-105.258524,0,0,0,0,INTERSECTION RELATED,1854,6437
-105.278697,40.014093,Police Collision Report,COLLISION W/ MV - FRONT TO REAR,2211268,2,1699  BROADWAY/ARAPAHOE AVE      ,BROADWAY STREET,STATE HWY,     ,  ,2022/11/10 18:20:00+00,2022/11/10 18:27:00+00,2022,11,November,18,5,10,Thursday,18,Motorway Collision,Dark - Lighted,NONE,Property Damage Only,0,0,0,40.014093,-105.278697,0,0,0,0,AT INTERSECTION,1820,6438
,,Police Collision Report,COLLISION W/ MV - FRONT TO REAR,2211413,2,34TH ST / VALMONT RD,34TH ST,CITY ST/CNTY RD,     ,N ,2022/11/15 00:00:00+00,2022/11/15 16:11:00+00,2022,11,November,16,3,15,Tuesday,16,Motorway Collision,Dawn or Dusk,NONE,Property Damage Only,0,0,0,,,0,0,0,0,AT INTERSECTION,1611,6439
-105.234743,39.986514,Police Collision Report,COLLISION W/ MV - FRONT TO REAR,2211159,3,US HIGHWAY 36/TABLE MESA DR,US HWY 36,STATE HWY,     ,E ,2022/11/07 00:00:00+00,2022/11/07 17:36:00+00,2022,11,November,17,2,7,Monday,17,Motorway Collision,Dark - Unlighted,NONE,Property Damage Only,0,0,0,39.986514,-105.234743,0,0,0,0,NON-INTERSECTION,1736,6440
-105.258484,40.023416,Police Collision Report,COLLISION W/ MV - FRONT TO REAR,2211150,2,28TH ST/SPRUCE ST,28TH ST,STATE HWY,     ,  ,2022/11/07 00:00:00+00,2022/11/07 14:32:00+00,2022,11,November,14,2,7,Monday,14,Motorway Collision,Daylight,NONE,Non-Incapacitating Injury,0,0,1,40.023416,-105.258484,0,0,0,0,MID-BLOCK CROSSWALK,1432,6441
-105.263158,40.021342,Police Collision Report,COLLISION W/ MV - FRONT TO REAR,2211247,2,\    FOLSOM ST/PEARL ST      ,PEARL STREET,CITY ST/CNTY RD,     ,  ,2022/11/10 00:00:00+00,2022/11/10 08:44:00+00,2022,11,November,8,5,10,Thursday,8,Motorway Collision,Daylight,NONE,Possible injury,0,0,0,40.021342,-105.263158,0,0,0,0,AT INTERSECTION,844,6442
-105.235089,39.986412,Police Collision Report,COLLISION W/ MV - FRONT TO REAR,2211249,2,TABLE MESA DR/HWY 36 EB ON RP @ T MESA WB,TABLE MESA DRIVE,STATE HWY,     ,W ,2022/11/10 00:00:00+00,2022/11/10 08:49:00+00,2022,11,November,8,5,10,Thursday,8,Motorway Collision,Daylight,NONE,Property Damage Only,0,0,0,39.986412,-105.235089,0,0,0,0,INTERSECTION RELATED,849,6443
-105.270222,40.014626,Police Collision Report,COLLISION W/ MV - FRONT TO REAR,2211253,2,ARAPAHOE AVE/19TH ST,ARAPAHOE AVENUE,CITY ST/CNTY RD,     ,E ,2022/11/10 00:00:00+00,2022/11/10 10:15:00+00,2022,11,November,10,5,10,Thursday,10,Motorway Collision,Daylight,NONE,Possible injury,0,0,0,40.014626,-105.270222,0,0,0,0,NON-INTERSECTION,1015,6444
-105.258315,40.017033,Police Collision Report,COLLISION W/ MV - FRONT TO REAR,2211340,2,1685  28TH ST      ,1685 28TH ST,,     ,  ,2022/11/13 00:00:00+00,2022/11/13 12:56:00+00,2022,11,November,12,1,13,Sunday,12,Motorway Collision,Daylight,NONE,Property Damage Only,0,0,0,40.017033,-105.258315,0,0,0,0,PARKING LOT,1256,6445
-105.26379,40.000067,Police Collision Report,COLLISION W/ MV - FRONT TO REAR,2211260,2,BROADWAY/BASELINE RD,BROADWAY,STATE HWY,     ,S ,2022/11/10 00:00:00+00,2022/11/10 11:53:00+00,2022,11,November,11,5,10,Thursday,11,Motorway Collision,Daylight,NONE,Property Damage Only,0,0,0,40.000067,-105.26379,0,0,0,0,INTERSECTION RELATED,1153,6446
-105.249911,39.985461,Police Collision Report,COLLISION W/ MV - FRONT TO REAR,2211553,2,TABLE MESA DR/S BROADWAY,TABLE MESA DR,CITY ST/CNTY RD,     ,E ,2022/11/20 00:00:00+00,2022/11/20 09:52:00+00,2022,11,November,9,1,20,Sunday,9,Motorway Collision,Daylight,NONE,Property Damage Only,0,0,0,39.985461,-105.249911,0,0,0,0,DRIVEWAY ACCESS RELATED,950,6447
-105.263661,40.023399,Police Collision Report,COLLISION W/ MV - FRONT TO REAR,2211768,2,2199  FOLSOM ST/PINE ST      ,PINE ST,CITY ST/CNTY RD,     ,E ,2022/11/28 08:22:59+00,2022/11/28 08:23:00+00,2022,11,November,8,2,28,Monday,8,Motorway Collision,Daylight,NONE,Property Damage Only,0,0,0,40.023399,-105.263661,1,1,0,0,NON-INTERSECTION,823,6448
-105.247521,40.02923,Police Collision Report,COLLISION W/ MV - FRONT TO REAR,2204713,2,VALMONT RD/WILDERNESS PL,VALMONT ROAD,CITY ST/CNTY RD,     ,  ,2022/05/19 00:00:00+00,2022/05/19 09:23:00+00,2022,5,May,9,5,19,Thursday,9,Motorway Collision,Daylight,NONE,Property Damage Only,0,0,0,40.02923,-105.247521,0,0,0,0,AT INTERSECTION,920,6449
-105.231998,39.986966,Police Collision Report,COLLISION W/ MV - FRONT TO REAR,2204665,2,FOOTHILLS PKWY/TABLE MESA DR,FOOTHILLS PKWY,STATE HWY,     ,N ,2022/05/18 00:00:00+00,2022/05/18 08:35:00+00,2022,5,May,8,4,18,Wednesday,8,Motorway Collision,Daylight,NONE,Property Damage Only,0,0,0,39.986966,-105.231998,0,0,0,0,RAMP-RELATED,835,6450
-105.231637,39.986764,Police Collision Report,COLLISION W/ MV - FRONT TO REAR,2204673,2,TABLE MESA DR/SOUTH BOULDER RD,TABLE MESA DR,CITY ST/CNTY RD,     ,W ,2022/05/18 00:00:00+00,2022/05/18 10:48:00+00,2022,5,May,10,4,18,Wednesday,10,Motorway Collision,Daylight,NONE,Property Damage Only,0,0,0,39.986764,-105.231637,0,0,0,0,INTERSECTION RELATED,1048,6451
-105.276238,40.007301,Police Collision Report,COLLISION W/ MV - FRONT TO REAR,2204133,2,13TH ST/COLLEGE AVE,13TH STREET,CITY ST/CNTY RD,     ,N ,2022/05/03 00:00:00+00,2022/05/03 16:15:00+00,2022,5,May,16,3,3,Tuesday,16,Motorway Collision,Daylight,NONE,Property Damage Only,0,0,0,40.007301,-105.276238,0,0,0,0,NON-INTERSECTION,1615,6452
-105.282131,40.061857,Police Collision Report,COLLISION W/ MV - FRONT TO REAR,2211842,2,LEE HILL DR/BROADWAY,BROADWAY,CITY ST/CNTY RD,     ,S ,2022/11/30 00:00:00+00,2022/11/30 09:36:00+00,2022,11,November,9,4,30,Wednesday,9,Motorway Collision,Daylight,NONE,Property Damage Only,0,0,0,40.061857,-105.282131,0,0,0,0,NON-INTERSECTION,936,6453
-105.263228,40.039389,Police Collision Report,COLLISION W/ MV - FRONT TO REAR,2211862,2,KALMIA AVE/N 26TH ST,NORTH 26TH STREET,CITY ST/CNTY RD,     ,  ,2022/11/30 00:00:00+00,2022/11/30 18:39:00+00,2022,11,November,18,4,30,Wednesday,18,Motorway Collision,Dark - Lighted,NONE,Property Damage Only,0,0,0,40.039389,-105.263228,0,0,0,0,AT INTERSECTION,1839,6454
-105.240833,40.014503,Police Collision Report,COLLISION W/ MV - FRONT TO REAR,2211820,2,ARAPAHOE AVE/FOOTHILLS PKWY,ARAPAHOE AVE,STATE HWY,     ,W ,2022/11/29 00:00:00+00,2022/11/29 00:00:00+00,2022,11,November,0,3,29,Tuesday,0,Motorway Collision,Dark - Lighted,NONE,Property Damage Only,0,0,0,40.014503,-105.240833,0,0,0,0,INTERSECTION RELATED,1656,6455
,,Police Collision Report,COLLISION W/ MV - FRONT TO REAR,2211821,2,BROADWAY / LEE HILL DR,BROADWAY,CITY ST/CNTY RD,     ,S ,2022/11/29 00:00:00+00,2022/11/29 17:52:00+00,2022,11,November,17,3,29,Tuesday,17,Motorway Collision,Dark - Lighted,NONE,Property Damage Only,0,0,0,,,0,0,0,0,INTERSECTION RELATED,1752,6456
-105.258272,40.017365,Police Collision Report,COLLISION W/ MV - FRONT TO REAR,2211714,2,CANYON BLVD/28TH ST,28TH ST,STATE HWY,     ,N ,2022/11/26 00:00:00+00,2022/11/26 11:28:00+00,2022,11,November,11,7,26,Saturday,11,Motorway Collision,Daylight,NONE,Property Damage Only,0,0,0,40.017365,-105.258272,0,0,0,0,INTERSECTION RELATED,1127,6457
-105.244815,40.02287,Police Collision Report,COLLISION W/ MV - FRONT TO REAR,2211524,2,FOOTHILLS PKWY/PEARL PKWY,S/B FOOTHILLS PARKWAY OFF-RAMP,STATE HWY,     ,  ,2022/11/19 00:00:00+00,2022/11/19 09:59:00+00,2022,11,November,9,7,19,Saturday,9,Motorway Collision,Daylight,NONE,Property Damage Only,0,0,0,40.02287,-105.244815,0,0,0,0,AT INTERSECTION,959,6458
-105.225413,40.014574,Police Collision Report,COLLISION W/ MV - FRONT TO REAR,2211611,2,5500  ARAPAHOE AVE      ,5500 ARAPAHOE AVE,,     ,  ,2022/11/22 00:00:00+00,2022/11/22 16:12:00+00,2022,11,November,16,3,22,Tuesday,16,Motorway Collision,Daylight,NONE,Property Damage Only,0,0,0,40.014574,-105.225413,0,0,0,0,PARKING LOT,1612,6459
-105.258476,40.03511,Police Collision Report,COLLISION W/ MV - FRONT TO REAR,2211564,2,3325  28TH ST      ,28TH STREET,STATE HWY,     ,S ,2022/11/20 00:00:00+00,2022/11/20 18:15:00+00,2022,11,November,18,1,20,Sunday,18,Motorway Collision,Dark - Lighted,NONE,Possible injury,0,0,0,40.03511,-105.258476,0,0,0,0,MID-BLOCK CROSSWALK,1817,6460
-105.269948,40.004537,Police Collision Report,COLLISION W/ MV - FRONT TO REAR,2210873,3,949   BROADWAY      ,BROADWAY,STATE HWY,     ,S ,2022/10/29 00:00:00+00,2022/10/29 15:18:00+00,2022,10,October,15,7,29,Saturday,15,Motorway Collision,Daylight,NONE,Non-Incapacitating Injury,0,0,1,40.004537,-105.269948,0,0,0,0,NON-INTERSECTION,1518,6461
-105.244862,40.029223,Police Collision Report,COLLISION W/ MV - FRONT TO REAR,2211879,2,FOOTHILLS PKWY/VALMONT RD,FOOTHILLS PKWY,STATE HWY,     ,N ,2022/12/01 00:00:00+00,2022/12/01 11:27:00+00,2022,12,December,11,5,1,Thursday,11,Motorway Collision,Daylight,NONE,Property Damage Only,0,0,0,40.029223,-105.244862,0,0,0,0,NON-INTERSECTION,1127,6462
-105.260873,40.021728,Police Collision Report,COLLISION W/ MV - FRONT TO REAR,2211885,3,PEARL ST/26TH ST,PEARL ST,CITY ST/CNTY RD,     ,W ,2022/12/01 00:00:00+00,2022/12/01 15:29:00+00,2022,12,December,15,5,1,Thursday,15,Motorway Collision,Daylight,NONE,Property Damage Only,0,0,0,40.021728,-105.260873,0,0,0,0,INTERSECTION RELATED,1524,6463
-105.258348,40.025516,Police Collision Report,COLLISION W/ MV - FRONT TO REAR,2211940,3,28TH ST/MAPLETON AVE,28TH STREET,STATE HWY,     ,N ,2022/12/03 00:00:00+00,2022/12/03 12:30:00+00,2022,12,December,12,7,3,Saturday,12,Motorway Collision,Daylight,NONE,Non-Incapacitating Injury,0,0,1,40.025516,-105.258348,0,0,0,0,NON-INTERSECTION,1230,6464
-105.232572,40.000025,Police Collision Report,COLLISION W/ MV - FRONT TO REAR,2208559,2,FOOTHILLS PKWY/BASELINE RD,FOOTHILLS PKWY,STATE HWY,     ,N ,2022/08/29 00:00:00+00,2022/08/29 15:26:00+00,2022,8,August,15,2,29,Monday,15,Motorway Collision,Daylight,NONE,Property Damage Only,0,0,0,40.000025,-105.232572,0,0,0,0,NON-INTERSECTION,1515,6465
-105.258282,40.014544,Police Collision Report,COLLISION W/ MV - FRONT TO REAR,2208454,3,28TH ST/ARAPAHOE AVE,28TH ST,STATE HWY,     ,  ,2022/08/27 00:00:00+00,2022/08/27 12:06:00+00,2022,8,August,12,7,27,Saturday,12,Motorway Collision,Daylight,NONE,Non-Incapacitating Injury,0,0,1,40.014544,-105.258282,0,0,0,0,NON-INTERSECTION,1210,6466
-105.28209,40.030076,Police Collision Report,COLLISION W/ MV - FRONT TO REAR,2209405,2,ELDER AVE/BROADWAY,BROADWAY,CITY ST/CNTY RD,     ,N ,2022/09/19 00:00:00+00,2022/09/19 10:21:00+00,2022,9,September,10,2,19,Monday,10,Motorway Collision,Daylight,NONE,Non-Incapacitating Injury,0,0,1,40.030076,-105.28209,0,0,0,0,INTERSECTION RELATED,1021,6467
-105.252079,40.040142,Police Collision Report,COLLISION W/ MV - FRONT TO REAR,2208645,2,KALMIA AVE/SILVERTON ST,IRIS AVE,CITY ST/CNTY RD,     ,W ,2022/08/31 00:00:00+00,2022/08/31 17:29:00+00,2022,8,August,17,4,31,Wednesday,17,Motorway Collision,Daylight,NONE,Property Damage Only,0,0,0,40.040142,-105.252079,0,0,0,0,INTERSECTION RELATED,1729,6468
-105.258436,40.029101,Police Collision Report,COLLISION W/ MV - FRONT TO REAR,2209007,2,28TH ST/VALMONT RD,28TH ST,STATE HWY,     ,S ,2022/09/08 00:00:00+00,2022/09/08 17:16:00+00,2022,9,September,17,5,8,Thursday,17,Motorway Collision,Daylight,NONE,Property Damage Only,0,0,0,40.029101,-105.258436,0,0,0,0,INTERSECTION RELATED,1716,6469
-105.232572,40.000025,Police Collision Report,COLLISION W/ MV - FRONT TO REAR,2209034,2,FOOTHILLS PKWY/BASELINE RD,FOOTHILLS PKWY,STATE HWY,     ,N ,2022/09/09 00:00:00+00,2022/09/09 14:28:00+00,2022,9,September,14,6,9,Friday,14,Motorway Collision,Daylight,NONE,Property Damage Only,0,0,0,40.000025,-105.232572,0,0,0,0,NON-INTERSECTION,1428,6470
-105.234743,39.986514,Police Collision Report,COLLISION W/ MV - FRONT TO REAR,2208941,2,39098  US HIGHWAY 36/TABLE MESA DR      ,US HIGHWAY 36,STATE HWY,     ,W ,2022/09/07 00:00:00+00,2022/09/07 15:51:00+00,2022,9,September,15,4,7,Wednesday,15,Motorway Collision,Daylight,NONE,Property Damage Only,0,0,0,39.986514,-105.234743,0,0,0,0,NON-INTERSECTION,1540,6471
-105.22815,40.014579,Police Collision Report,COLLISION W/ MV - FRONT TO REAR,2209265,2,ARAPAHOE AVE/CONESTOGA ST,ARAPAHOE AVENUE,STATE HWY,     ,  ,2022/09/15 00:00:00+00,2022/09/15 10:29:00+00,2022,9,September,10,5,15,Thursday,10,Motorway Collision,Daylight,NONE,Property Damage Only,0,0,0,40.014579,-105.22815,0,0,0,0,AT INTERSECTION,1029,6472
-105.258492,40.017345,Police Collision Report,COLLISION W/ MV - FRONT TO REAR,2208897,2,28TH ST/CANYON BLVD,CANYON BLVD,STATE HWY,     ,W ,2022/09/05 00:00:00+00,2022/09/05 00:00:00+00,2022,9,September,0,2,5,Monday,0,Motorway Collision,Dark - Lighted,NONE,Property Damage Only,0,0,0,40.017345,-105.258492,0,0,0,0,INTERSECTION RELATED,2235,6473
-105.234056,39.986819,Police Collision Report,COLLISION W/ MV - FRONT TO REAR,2208890,2,HWY 36 WB ON RP @ T MESA/TABLE MESA DR,US HWY 36,STATE HWY,     ,W ,2022/09/06 00:00:00+00,2022/09/06 00:00:00+00,2022,9,September,0,3,6,Tuesday,0,Motorway Collision,Daylight,NONE,Property Damage Only,0,0,0,39.986819,-105.234056,0,0,0,0,NON-INTERSECTION,839,6474
-105.263065,40.014614,Police Collision Report,COLLISION W/ MV - FRONT TO REAR,2209215,2,FOLSOM ST/ARAPAHOE AVE,ARAPAHOE AVENUE,CITY ST/CNTY RD,     ,  ,2022/09/01 00:00:00+00,2022/09/01 00:00:00+00,2022,9,September,0,5,1,Thursday,0,Motorway Collision,Daylight,NONE,Property Damage Only,0,0,0,40.014614,-105.263065,0,0,0,0,AT INTERSECTION,1700,6475
-105.260231,40.000459,Police Collision Report,COLLISION W/ MV - FRONT TO REAR,2209245,2,28TH ST OFF RAMP/BASELINE RD,28TH ST,STATE HWY,     ,N ,2022/09/14 00:00:00+00,2022/09/14 18:49:00+00,2022,9,September,18,4,14,Wednesday,18,Motorway Collision,Dawn or Dusk,NONE,Property Damage Only,0,0,0,40.000459,-105.260231,0,0,0,0,RAMP-RELATED,1849,6476
-105.258492,40.017345,Police Collision Report,COLLISION W/ MV - FRONT TO REAR,2208994,2,28TH ST/CANYON BLVD,28TH ST.,STATE HWY,     ,  ,2022/09/08 00:00:00+00,2022/09/08 14:11:00+00,2022,9,September,14,5,8,Thursday,14,Motorway Collision,Daylight,NONE,Possible injury,0,0,0,40.017345,-105.258492,0,0,0,0,INTERSECTION RELATED,1410,6477
-105.260159,40.000452,Police Collision Report,COLLISION W/ MV - FRONT TO REAR,2209174,2,27TH WAY/BASELINE RD,27TH WAY,CITY ST/CNTY RD,     ,S ,2022/09/13 00:00:00+00,2022/09/13 13:13:00+00,2022,9,September,13,3,13,Tuesday,13,Motorway Collision,Daylight,NONE,Property Damage Only,0,0,0,40.000452,-105.260159,0,0,0,0,INTERSECTION RELATED,1313,6478
-105.258934,40.000439,Police Collision Report,COLLISION W/ MV - FRONT TO REAR,2208799,2,BASELINE RD/HWY 36 EB ON RP @ BASELINE WB,HWY 36 EXIT RAMP,STATE HWY,     ,S ,2022/09/02 00:00:00+00,2022/09/07 00:00:00+00,2022,9,September,0,4,7,Wednesday,0,Motorway Collision,Daylight,NONE,Property Damage Only,0,0,0,40.000439,-105.258934,0,0,0,0,INTERSECTION RELATED,1800,6479
-105.267753,40.003418,Police Collision Report,COLLISION W/ MV - FRONT TO REAR,2208989,2,869   BROADWAY/REGENT DR      ,BROADWAY,STATE HWY,     ,  ,2022/09/08 00:00:00+00,2022/09/08 12:20:00+00,2022,9,September,12,5,8,Thursday,12,Motorway Collision,Daylight,NONE,Property Damage Only,0,0,0,40.003418,-105.267753,0,0,0,0,AT INTERSECTION,1220,6480
-105.257018,40.003705,Police Collision Report,COLLISION W/ MV - FRONT TO REAR,2208440,3,2850  E AURORA AVEE      ,E. AURORA AVE,CITY ST/CNTY RD,     ,E ,2022/08/27 00:00:00+00,2022/08/27 01:26:00+00,2022,8,August,1,7,27,Saturday,1,Hit-and-Run Collision,Dark - Unlighted,NONE,Property Damage Only,0,0,0,40.003705,-105.257018,0,0,0,0,NON-INTERSECTION,125,6481
-105.281092,40.000095,Police Collision Report,COLLISION W/ MV - FRONT TO REAR,2208510,2,BASELINE RD/LINCOLN PL,BASELINE RD,CITY ST/CNTY RD,     ,E ,2022/08/28 14:05:00+00,2022/08/28 14:05:00+00,2022,8,August,14,1,28,Sunday,14,Motorway Collision,Daylight,NONE,Possible injury,0,0,0,40.000095,-105.281092,0,1,0,0,MID-BLOCK CROSSWALK,1346,6482
-105.279314,40.015947,Police Collision Report,COLLISION W/ MV - FRONT TO REAR,2208514,2,CANYON BLVD/BROADWAY,CANYON BLVD,STATE HWY,     ,W ,2022/08/28 00:00:00+00,2022/08/28 13:41:00+00,2022,8,August,13,1,28,Sunday,13,Motorway Collision,Daylight,NONE,Property Damage Only,0,0,0,40.015947,-105.279314,0,1,0,0,INTERSECTION RELATED,1341,6483
-105.253043,40.000084,Police Collision Report,COLLISION W/ MV - FRONT TO REAR,2208384,2,BASELINE RD/30TH ST,30TH STREET,CITY ST/CNTY RD,     ,  ,2022/08/26 00:00:00+00,2022/08/26 10:15:00+00,2022,8,August,10,6,26,Friday,10,Motorway Collision,Daylight,NONE,Property Damage Only,0,0,0,40.000084,-105.253043,0,0,0,0,AT INTERSECTION,1015,6484
-105.267786,40.014608,Police Collision Report,COLLISION W/ MV - FRONT TO REAR,2208404,2,21ST ST/ARAPAHOE AVE,ARAPAHOE AVENUE,CITY ST/CNTY RD,     ,E ,2022/08/26 00:00:00+00,2022/08/26 15:42:00+00,2022,8,August,15,6,26,Friday,15,Motorway Collision,Daylight,NONE,Property Damage Only,0,0,0,40.014608,-105.267786,0,0,0,0,MID-BLOCK CROSSWALK,1542,6485
-105.244862,40.029223,Police Collision Report,COLLISION W/ MV - FRONT TO REAR,2208574,2,FOOTHILLS PKWY/VALMONT RD,FOOTHILLS PKWY,STATE HWY,     ,N ,2022/08/30 00:00:00+00,2022/08/30 07:39:00+00,2022,8,August,7,3,30,Tuesday,7,Motorway Collision,Daylight,NONE,Property Damage Only,0,0,0,40.029223,-105.244862,0,0,0,0,INTERSECTION RELATED,739,6486