X,Y,ReportType,PrmaryCollsionType,CaseNumber,UnitsInvolved,Location,OnHighway,CrossStreet,FeetFromIntersection,DirectionFromIntersection,CollisionDate,ReportedDate,ReportedYear,ReportedMonth,ReportedMonthName,ReportedWeek,ReportedDayofWeekNum,ReportedDayofMonth,ReportedDayofWeek,ReportedHour,HitAndRunStatus,LightingCondition,WeatherCondition,Severity,NumKilled,NumSeriouslyInjured,NumInjuredOrKilled,Lat,Lon,DUI,AlcoholDrugSuspected,BicyclesInvolved,PedestriansInvolved,RoadDescription,Crash_Time,ESRI_OID
-105.243557,40.022837,Police Collision Report,COLLISION W/ MV - FRONT TO REAR,1813193,2,PEARL PKWY/FOOTHILLS NB OFF RP @ PEARL,PEARL STREET,CITY ST/CNTY RD,78,W ,2018/10/11 00:00:00+00,2018/10/11 12:46:00+00,2018,10,October,12,5,11,Thursday,12,Motorway Collision,Daylight,NONE,Property Damage Only,0,0,0,40.022837,-105.243557,0,0,0,0,INTERSECTION RELATED,1246,6619
-105.253763,40.037979,Police Collision Report,COLLISION W/ MV - FRONT TO REAR,1813207,2,DIAGONAL HWY/30TH ST,30TH ST,CITY ST/CNTY RD,8,S ,2018/10/11 00:00:00+00,2018/10/11 17:28:00+00,2018,10,October,17,5,11,Thursday,17,Motorway Collision,Daylight,NONE,Property Damage Only,0,0,0,40.037979,-105.253763,0,0,0,0,INTERSECTION RELATED,1729,6620
-105.244815,40.02287,Police Collision Report,COLLISION W/ MV - FRONT TO REAR,1813232,2,FOOTHILLS PKWY/PEARL PKWY,PEARL ST,CITY ST/CNTY RD,     ,  ,2018/10/12 00:00:00+00,2018/10/12 09:44:00+00,2018,10,October,9,6,12,Friday,9,Motorway Collision,Daylight,NONE,Property Damage Only,0,0,0,40.02287,-105.244815,0,0,0,0,AT INTERSECTION,940,6621
-105.232572,40.000025,Police Collision Report,COLLISION W/ MV - FRONT TO REAR,1813236,2,FOOTHILLS PKWY/BASELINE RD,FOOTHILLS,STATE HWY,60,N ,2018/10/11 00:00:00+00,2018/10/11 10:56:00+00,2018,10,October,10,5,11,Thursday,10,Motorway Collision,Daylight,NONE,Property Damage Only,0,0,0,40.000025,-105.232572,0,0,0,0,INTERSECTION RELATED,750,6622
-105.235491,40.014695,Police Collision Report,COLLISION W/ MV - FRONT TO REAR,1813367,2,4747  ARAPAHOE AVE      ,48TH ST,STATE HWY,     ,  ,2018/10/15 00:00:00+00,2018/10/15 16:30:00+00,2018,10,October,16,2,15,Monday,16,Motorway Collision,Daylight,NONE,Property Damage Only,0,0,0,40.014695,-105.235491,0,0,0,0,AT INTERSECTION,1043,6623
-105.263012,40.017354,Police Collision Report,COLLISION W/ MV - FRONT TO REAR,1813335,2,FOLSOM ST/CANYON BLVD,CANYON,STATE HWY,30,W ,2018/10/14 00:00:00+00,2018/10/14 18:42:00+00,2018,10,October,18,1,14,Sunday,18,Motorway Collision,Dark - Lighted,NONE,Property Damage Only,0,0,0,40.017354,-105.263012,0,0,0,0,INTERSECTION RELATED,1842,6624
-105.245631,40.022988,Police Collision Report,COLLISION W/ MV - FRONT TO REAR,1813344,2,FOOTHILLS SB OFF RP @ PEARL/PEARL PKWY,FOOTHILLS HWY,STATE HWY,     ,  ,2018/10/15 00:00:00+00,2018/10/15 08:09:00+00,2018,10,October,8,2,15,Monday,8,Motorway Collision,Daylight,NONE,Property Damage Only,0,0,0,40.022988,-105.245631,0,0,0,0,PARKING LOT,805,6625
-105.275725,40.017676,Police Collision Report,COLLISION W/ MV - FRONT TO REAR,1813250,2,15TH ST/WALNUT ST,WALNUT ST,CITY ST/CNTY RD,125,W ,2018/10/12 00:00:00+00,2018/10/12 17:02:00+00,2018,10,October,17,6,12,Friday,17,Motorway Collision,Daylight,NONE,Property Damage Only,0,0,0,40.017676,-105.275725,0,0,0,0,NON-INTERSECTION,1701,6626
-105.258403,40.029131,Police Collision Report,COLLISION W/ MV - FRONT TO REAR,1807481,2,VALMONT RD/28TH ST,28TH ST,STATE HWY,     ,  ,2018/06/18 12:31:00+00,2018/06/18 12:31:00+00,2018,6,June,12,2,18,Monday,12,Motorway Collision,Daylight,NONE,Possible injury,0,0,0,40.029131,-105.258403,0,0,0,0,INTERSECTION RELATED,1252,6627
-105.237671,39.985731,Police Collision Report,COLLISION W/ MV - FRONT TO REAR,1807489,2,TABLE MESA DR/MOORHEAD AVE,TABLE MESA,CITY ST/CNTY RD,267,W ,2018/06/18 00:00:00+00,2018/06/18 16:08:00+00,2018,6,June,16,2,18,Monday,16,Motorway Collision,Daylight,NONE,Possible injury,0,0,0,39.985731,-105.237671,0,0,0,0,INTERSECTION RELATED,1608,6628
-105.258484,40.023416,Police Collision Report,COLLISION W/ MV - FRONT TO REAR,1815032,2,28TH ST/SPRUCE ST,28TH STREET,STATE HWY,215,N ,2018/11/23 00:00:00+00,2018/11/23 17:33:00+00,2018,11,November,17,6,23,Friday,17,Motorway Collision,Dark - Lighted,NONE,Possible injury,0,0,0,40.023416,-105.258484,0,0,0,0,NON-INTERSECTION,1733,6629
-105.253606,40.02053,Police Collision Report,COLLISION W/ MV - FRONT TO REAR,1815088,2,1955  30TH ST      ,WALNUT ST,CITY ST/CNTY RD,250,E ,2018/11/25 00:00:00+00,2018/11/25 22:27:00+00,2018,11,November,22,1,25,Sunday,22,Motorway Collision,Dark - Lighted,NONE,Property Damage Only,0,0,0,40.02053,-105.253606,0,0,0,0,NON-INTERSECTION,2228,6630
-105.254077,39.983119,Police Collision Report,COLLISION W/ MV - FRONT TO REAR,1815096,2,TABLE MESA DR/GILLASPIE DR,GILLASPIE DR,CITY ST/CNTY RD,     ,  ,2018/11/26 00:00:00+00,2018/11/26 08:42:00+00,2018,11,November,8,2,26,Monday,8,Motorway Collision,Daylight,NONE,Property Damage Only,0,0,0,39.983119,-105.254077,0,0,0,0,AT INTERSECTION,842,6631
-105.258357,40.000215,Police Collision Report,COLLISION W/ MV - FRONT TO REAR,1815132,2,US HIGHWAY 36/BASELINE RD,US HWY 36,STATE HWY,1891,E ,2018/11/27 00:00:00+00,2018/11/27 07:55:00+00,2018,11,November,7,3,27,Tuesday,7,Motorway Collision,Daylight,NONE,Property Damage Only,0,0,0,40.000215,-105.258357,0,0,0,0,NON-INTERSECTION,755,6632
-105.244862,40.029223,Police Collision Report,COLLISION W/ MV - FRONT TO REAR,1815187,2,FOOTHILLS PKWY/VALMONT RD,FOOTHILLS PKWY,STATE HWY,200,S ,2018/11/28 00:00:00+00,2018/11/28 10:35:00+00,2018,11,November,10,4,28,Wednesday,10,Motorway Collision,Daylight,NONE,Property Damage Only,0,0,0,40.029223,-105.244862,0,0,0,0,INTERSECTION RELATED,1028,6633
-105.267753,40.003418,Police Collision Report,COLLISION W/ MV - FRONT TO REAR,1815313,3,BROADWAY/REGENT DR,18TH ST,CITY ST/CNTY RD,96,S ,2018/11/30 00:00:00+00,2018/11/30 19:20:00+00,2018,11,November,19,6,30,Friday,19,Motorway Collision,Dark - Lighted,NONE,Property Damage Only,0,0,0,40.003418,-105.267753,0,0,0,0,NON-INTERSECTION,1920,6634
-105.262116,40.014529,Police Collision Report,COLLISION W/ MV - FRONT TO REAR,1815631,2,2482  ARAPAHOE AVE      ,2482 ARAPAHOE AVE,,     ,  ,2018/02/08 00:00:00+00,2018/12/08 12:57:00+00,2018,12,December,12,7,8,Saturday,12,Motorway Collision,Daylight,NONE,Property Damage Only,0,0,0,40.014529,-105.262116,0,0,0,0,PARKING LOT,1257,6635
-105.225431,40.017778,Police Collision Report,COLLISION W/ MV - FRONT TO REAR,1815593,2,WESTERN AVE/55TH ST,55TH,CITY ST/CNTY RD,200,S ,2018/12/07 00:00:00+00,2018/12/07 16:34:00+00,2018,12,December,16,6,7,Friday,16,Motorway Collision,Dark - Lighted,NONE,Property Damage Only,0,0,0,40.017778,-105.225431,0,0,0,0,INTERSECTION RELATED,1634,6636
-105.253043,40.000084,Police Collision Report,COLLISION W/ MV - FRONT TO REAR,1815584,3,BASELINE RD/30TH ST,30TH ST,CITY ST/CNTY RD,700,N ,2018/12/07 00:00:00+00,2018/12/07 14:23:00+00,2018,12,December,14,6,7,Friday,14,Motorway Collision,Daylight,NONE,Possible injury,0,0,0,40.000084,-105.253043,0,0,0,0,DRIVEWAY ACCESS RELATED,1423,6637
-105.247785,39.993996,Police Collision Report,COLLISION W/ MV - FRONT TO REAR,1815585,2,38000  US HIGHWAY 36      ,EB HWY 36 OFF RAMP,STATE HWY,     ,  ,2018/12/07 00:00:00+00,2018/12/07 14:26:00+00,2018,12,December,14,6,7,Friday,14,Motorway Collision,Daylight,NONE,Property Damage Only,0,0,0,39.993996,-105.247785,0,0,0,0,PARKING LOT,1420,6638
-105.229526,40.000103,Police Collision Report,COLLISION W/ MV - FRONT TO REAR,1815556,3,CRESCENT DR/BASELINE RD,BASELINE,CITY ST/CNTY RD,400,W ,2018/12/06 00:00:00+00,2018/12/06 17:30:00+00,2018,12,December,17,5,6,Thursday,17,Motorway Collision,Dark - Lighted,NONE,Possible injury,0,0,0,40.000103,-105.229526,0,0,0,0,INTERSECTION RELATED,1730,6639
-105.232572,40.000025,Police Collision Report,COLLISION W/ MV - FRONT TO REAR,1815558,4,FOOTHILLS PKWY/BASELINE RD,BASELINE RD,STATE HWY,275,W ,2018/12/06 00:00:00+00,2018/12/06 17:41:00+00,2018,12,December,17,5,6,Thursday,17,Motorway Collision,Dark - Lighted,NONE,Property Damage Only,0,0,0,40.000025,-105.232572,0,0,0,0,INTERSECTION RELATED,1741,6640
-105.270059,40.003637,Police Collision Report,COLLISION W/ MV - FRONT TO REAR,1815548,2,AURORA AVE/18TH ST,18TH ST,CITY ST/CNTY RD,385,S ,2018/12/06 00:00:00+00,2018/12/06 15:43:00+00,2018,12,December,15,5,6,Thursday,15,Motorway Collision,Daylight,NONE,Property Damage Only,0,0,0,40.003637,-105.270059,0,0,0,0,NON-INTERSECTION,1543,6641
-105.253043,40.000084,Police Collision Report,COLLISION W/ MV - FRONT TO REAR,1815635,2,BASELINE RD/30TH ST,BASELINE ROAD,CITY ST/CNTY RD,450,W ,2018/12/08 00:00:00+00,2018/12/08 14:45:00+00,2018,12,December,14,7,8,Saturday,14,Motorway Collision,Daylight,NONE,Property Damage Only,0,0,0,40.000084,-105.253043,0,0,0,0,NON-INTERSECTION,1445,6642
-105.232305,39.98689,Police Collision Report,COLLISION W/ MV - FRONT TO REAR,1815677,2,5170  TABLE MESA DR      ,FOOTHILLS PKWY,STATE HWY,     ,  ,2018/12/09 17:34:59+00,2018/12/09 17:35:00+00,2018,12,December,17,1,9,Sunday,17,Motorway Collision,Dark - Lighted,NONE,Property Damage Only,0,0,0,39.98689,-105.232305,0,0,0,0,INTERSECTION RELATED,1735,6643
-105.253677,40.029218,Police Collision Report,COLLISION W/ MV - FRONT TO REAR,1815704,2,VALMONT RD/30TH ST,VALMONT RD,CITY ST/CNTY RD,535,E ,2018/12/10 00:00:00+00,2018/12/10 17:20:00+00,2018,12,December,17,2,10,Monday,17,Motorway Collision,Dark - Unlighted,NONE,Possible injury,0,0,0,40.029218,-105.253677,0,0,0,0,DRIVEWAY ACCESS RELATED,1720,6644
-105.263012,40.017354,Police Collision Report,COLLISION W/ MV - FRONT TO REAR,1815438,2,FOLSOM ST/CANYON BLVD,FOLSOM,CITY ST/CNTY RD,     ,  ,2018/11/28 00:00:00+00,2018/11/28 00:00:00+00,2018,11,November,0,4,28,Wednesday,0,Motorway Collision,Daylight,NONE,Possible injury,0,0,0,40.017354,-105.263012,0,0,0,0,INTERSECTION RELATED,845,6645
-105.288591,40.019436,Police Collision Report,COLLISION W/ MV - FRONT TO REAR,1815441,2,6TH ST/HIGHLAND AVE,HIGHLAND AVE,CITY ST/CNTY RD,70,E ,2018/12/04 00:00:00+00,2018/12/04 14:05:00+00,2018,12,December,14,3,4,Tuesday,14,Motorway Collision,Daylight,NONE,Property Damage Only,0,0,0,40.019436,-105.288591,0,0,0,0,INTERSECTION RELATED,1405,6646
-105.258456,40.036493,Police Collision Report,COLLISION W/ MV - FRONT TO REAR,1815408,2,IRIS AVE/28TH ST,28TH ST,STATE HWY,     ,  ,2018/12/03 00:00:00+00,2018/12/03 15:25:00+00,2018,12,December,15,2,3,Monday,15,Motorway Collision,Daylight,NONE,Property Damage Only,0,0,0,40.036493,-105.258456,0,0,0,0,INTERSECTION RELATED,1524,6647
-105.260145,40.051015,Police Collision Report,COLLISION W/ MV - FRONT TO REAR,1815425,2,28TH ST/JAY RD,28TH,STATE HWY,     ,  ,2018/12/04 00:00:00+00,2018/12/04 08:40:00+00,2018,12,December,8,3,4,Tuesday,8,Motorway Collision,Daylight,NONE,Possible injury,0,0,0,40.051015,-105.260145,0,0,0,0,INTERSECTION RELATED,840,6648
-105.258403,40.029131,Police Collision Report,COLLISION W/ MV - FRONT TO REAR,1815430,2,VALMONT RD/28TH ST,28TH ST,STATE HWY,     ,  ,2018/12/04 00:00:00+00,2018/12/04 10:26:00+00,2018,12,December,10,3,4,Tuesday,10,Motorway Collision,Daylight,NONE,Possible injury,0,0,0,40.029131,-105.258403,0,0,0,0,INTERSECTION RELATED,1025,6649
-105.253425,40.00742,Police Collision Report,COLLISION W/ MV - FRONT TO REAR,1815353,2,30TH ST/COLORADO AVE,COLORADO AVE,CITY ST/CNTY RD,450,E ,2018/12/01 00:00:00+00,2018/12/01 17:55:00+00,2018,12,December,17,7,1,Saturday,17,Motorway Collision,Dark - Lighted,NONE,Property Damage Only,0,0,0,40.00742,-105.253425,0,0,0,0,DRIVEWAY ACCESS RELATED,1755,6650
-105.258282,40.014544,Police Collision Report,COLLISION W/ MV - FRONT TO REAR,1815380,2,28TH ST/ARAPAHOE AVE,28TH STREET,STATE HWY,     ,  ,2018/12/02 00:00:00+00,2018/12/02 18:14:00+00,2018,12,December,18,1,2,Sunday,18,Motorway Collision,Dark - Lighted,NONE,Property Damage Only,0,0,0,40.014544,-105.258282,0,0,0,0,AT INTERSECTION,1812,6651
-105.258504,40.020518,Police Collision Report,COLLISION W/ MV - FRONT TO REAR,1815161,2,28TH ST/WALNUT ST,28TH ST,CITY ST/CNTY RD,     ,  ,2018/11/27 00:00:00+00,2018/11/27 18:30:00+00,2018,11,November,18,3,27,Tuesday,18,Motorway Collision,Dark - Lighted,NONE,Property Damage Only,0,0,0,40.020518,-105.258504,0,0,0,0,NON-INTERSECTION,1820,6652
-105.201983,40.072787,Police Collision Report,COLLISION W/ MV - FRONT TO REAR,1815181,2,6510  LOOKOUT RD      ,6510 LOOKOUT ROAD,,     ,  ,2018/11/28 00:00:00+00,2018/11/28 08:10:00+00,2018,11,November,8,4,28,Wednesday,8,Motorway Collision,Daylight,NONE,Property Damage Only,0,0,0,40.072787,-105.201983,0,0,0,0,PARKING LOT,810,6653
-105.244862,40.029223,Police Collision Report,COLLISION W/ MV - FRONT TO REAR,1815202,2,FOOTHILLS PKWY/VALMONT RD,FOOTHILLS HWY,STATE HWY,750,S ,2018/11/28 00:00:00+00,2018/11/28 16:03:00+00,2018,11,November,16,4,28,Wednesday,16,Motorway Collision,Daylight,NONE,Property Damage Only,0,0,0,40.029223,-105.244862,0,0,0,0,NON-INTERSECTION,1604,6654
-105.188054,40.072776,Police Collision Report,COLLISION W/ MV - FRONT TO REAR,1815207,2,71ST ST/LOOKOUT RD,71ST,CITY ST/CNTY RD,30,N ,2018/11/28 00:00:00+00,2018/11/28 17:18:00+00,2018,11,November,17,4,28,Wednesday,17,Motorway Collision,Dark - Lighted,NONE,Property Damage Only,0,0,0,40.072776,-105.188054,0,0,0,0,INTERSECTION RELATED,1718,6655
-105.253544,40.020893,Police Collision Report,COLLISION W/ MV - FRONT TO REAR,1815210,2,2000  30TH ST      ,30TH ST,CITY ST/CNTY RD,323,N ,2018/11/28 00:00:00+00,2018/11/28 17:45:00+00,2018,11,November,17,4,28,Wednesday,17,Motorway Collision,Dark - Lighted,NONE,Possible injury,0,0,0,40.020893,-105.253544,0,0,0,0,NON-INTERSECTION,1745,6656
-105.232572,40.000025,Police Collision Report,COLLISION W/ MV - FRONT TO REAR,1815212,2,FOOTHILLS PKWY/BASELINE RD,FOOTHILLS PKY,STATE HWY,     ,  ,2018/11/28 00:00:00+00,2018/11/28 18:07:00+00,2018,11,November,18,4,28,Wednesday,18,Motorway Collision,Dark - Lighted,NONE,Property Damage Only,0,0,0,40.000025,-105.232572,0,0,0,0,AT INTERSECTION,1807,6657
-105.278257,40.012875,Police Collision Report,COLLISION W/ MV - FRONT TO REAR,1815220,2,BROADWAY/MARINE ST,BROADWAY,STATE HWY,87,S ,2018/11/28 00:00:00+00,2018/11/28 22:11:00+00,2018,11,November,22,4,28,Wednesday,22,Motorway Collision,Dark - Lighted,NONE,Non-Incapacitating Injury,0,0,1,40.012875,-105.278257,0,0,1,0,INTERSECTION RELATED,2211,6658
-105.25371,40.029189,Police Collision Report,COLLISION W/ MV - FRONT TO REAR,1815230,2,30TH ST/VALMONT RD,VALMONT ROAD,CITY ST/CNTY RD,     ,  ,2018/11/29 00:00:00+00,2018/11/29 08:15:00+00,2018,11,November,8,5,29,Thursday,8,Motorway Collision,Daylight,NONE,Property Damage Only,0,0,0,40.029189,-105.25371,0,0,0,0,AT INTERSECTION,815,6659
-105.258407,40.022375,Police Collision Report,COLLISION W/ MV - FRONT TO REAR,1815244,2,28TH ST/PEARL ST,28TH ST,STATE HWY,60,N ,2018/11/29 00:00:00+00,2018/11/29 11:31:00+00,2018,11,November,11,5,29,Thursday,11,Motorway Collision,Daylight,NONE,Property Damage Only,0,0,0,40.022375,-105.258407,0,0,0,0,INTERSECTION RELATED,1131,6660
-105.271664,40.005572,Police Collision Report,COLLISION W/ MV - FRONT TO REAR,1815253,3,BROADWAY/EUCLID AVE,BROADWAY,STATE HWY,85,W ,2018/11/29 00:00:00+00,2018/11/29 15:36:00+00,2018,11,November,15,5,29,Thursday,15,Motorway Collision,Dawn or Dusk,NONE,Possible injury,0,0,0,40.005572,-105.271664,0,0,0,0,NON-INTERSECTION,1537,6661
-105.25379,40.018331,Police Collision Report,COLLISION W/ MV - FRONT TO REAR,1815255,2,1797  30TH ST      ,1797 30TH ST,,     ,  ,2018/11/29 00:00:00+00,2018/11/29 16:14:00+00,2018,11,November,16,5,29,Thursday,16,Motorway Collision,Daylight,NONE,Property Damage Only,0,0,0,40.018331,-105.25379,0,0,0,0,PARKING LOT,1614,6662
-105.258394,40.000381,Police Collision Report,COLLISION W/ MV - FRONT TO REAR,1815260,2,28TH ST/BASELINE RD,28TH,CITY ST/CNTY RD,150,E ,2018/11/29 00:00:00+00,2018/11/29 17:03:00+00,2018,11,November,17,5,29,Thursday,17,Motorway Collision,Dark - Lighted,NONE,Property Damage Only,0,0,0,40.000381,-105.258394,0,0,0,0,NON-INTERSECTION,1700,6663
-105.24066,40.014698,Police Collision Report,COLLISION W/ MV - FRONT TO REAR,1815279,2,FOOTHILLS PKWY/ARAPAHOE AVE,FOOTHILLS PKWY,STATE HWY,     ,  ,2018/11/30 00:00:00+00,2018/11/30 07:20:00+00,2018,11,November,7,6,30,Friday,7,Motorway Collision,Daylight,NONE,Property Damage Only,0,0,0,40.014698,-105.24066,0,0,0,0,AT INTERSECTION,720,6664
-105.256094,40.017033,Police Collision Report,COLLISION W/ MV - FRONT TO REAR,1815300,2,29TH ST/CANYON BLVD,29TH STREET,,275,N ,2018/11/30 00:00:00+00,2018/11/30 14:01:00+00,2018,11,November,14,6,30,Friday,14,Motorway Collision,Daylight,NONE,Property Damage Only,0,0,0,40.017033,-105.256094,0,0,0,0,NON-INTERSECTION,1401,6665
-105.245431,39.985822,Police Collision Report,COLLISION W/ MV - FRONT TO REAR,1813136,3,S 42ND ST/TABLE MESA DR,TABLE MESA DR,CITY ST/CNTY RD,156,W ,2018/10/09 00:00:00+00,2018/10/09 17:12:00+00,2018,10,October,17,3,9,Tuesday,17,Motorway Collision,Daylight,NONE,Property Damage Only,0,0,0,39.985822,-105.245431,0,0,0,0,INTERSECTION RELATED,1711,6666
-105.291483,40.020594,Police Collision Report,COLLISION W/ MV - FRONT TO REAR,1815395,2,MAPLETON AVE/4TH ST,MAPLETON,CITY ST/CNTY RD,     ,  ,2018/12/03 00:00:00+00,2018/12/03 08:11:00+00,2018,12,December,8,2,3,Monday,8,Motorway Collision,Daylight,NONE,Property Damage Only,0,0,0,40.020594,-105.291483,0,0,0,0,AT INTERSECTION,811,6667
-105.244815,40.02287,Police Collision Report,COLLISION W/ MV - FRONT TO REAR,1815452,2,FOOTHILLS PKWY/PEARL PKWY,PEARL ST,CITY ST/CNTY RD,125,E ,2018/12/04 00:00:00+00,2018/12/04 18:06:00+00,2018,12,December,18,3,4,Tuesday,18,Motorway Collision,Dark - Lighted,NONE,Possible injury,0,0,0,40.02287,-105.244815,0,0,0,0,INTERSECTION RELATED,1806,6668
-105.258565,40.008102,Police Collision Report,COLLISION W/ MV - FRONT TO REAR,1815455,2,COLORADO AVE/28TH ST,28TH STREET,STATE HWY,50,W ,2018/12/04 00:00:00+00,2018/12/04 18:37:00+00,2018,12,December,18,3,4,Tuesday,18,Motorway Collision,Dark - Lighted,NONE,Property Damage Only,0,0,0,40.008102,-105.258565,0,0,0,0,NON-INTERSECTION,1837,6669
-105.256117,40.015878,Police Collision Report,COLLISION W/ MV - FRONT TO REAR,1815480,2,1675  29TH ST      ,1675 29TH STREET,CITY ST/CNTY RD,     ,  ,2018/12/05 00:00:00+00,2018/12/05 11:51:00+00,2018,12,December,11,4,5,Wednesday,11,Motorway Collision,Daylight,NONE,Property Damage Only,0,0,0,40.015878,-105.256117,0,0,0,0,PARKING LOT,1152,6670
-105.258436,40.029101,Police Collision Report,COLLISION W/ MV - FRONT TO REAR,1814743,2,28TH ST/VALMONT RD,VALMONT RD,STATE HWY,     ,  ,2018/11/15 00:00:00+00,2018/11/15 12:01:00+00,2018,11,November,12,5,15,Thursday,12,Motorway Collision,Daylight,NONE,Property Damage Only,0,0,0,40.029101,-105.258436,0,0,0,0,AT INTERSECTION,1200,6671
-105.232572,40.000025,Police Collision Report,COLLISION W/ MV - FRONT TO REAR,1814744,2,FOOTHILLS PKWY/BASELINE RD,FOOTHILLS PKWY,STATE HWY,     ,  ,2018/11/15 00:00:00+00,2018/11/15 12:59:00+00,2018,11,November,12,5,15,Thursday,12,Motorway Collision,Daylight,NONE,Property Damage Only,0,0,0,40.000025,-105.232572,0,0,0,0,AT INTERSECTION,1300,6672
-105.283211,40.014969,Police Collision Report,COLLISION W/ MV - FRONT TO REAR,1814708,3,900   CANYON BLVD BLK    ,CANYON BLVD,STATE HWY,171,E ,2018/11/14 18:01:59+00,2018/11/14 18:01:00+00,2018,11,November,18,4,14,Wednesday,18,Motorway Collision,Dark - Unlighted,NONE,Property Damage Only,0,0,0,40.014969,-105.283211,1,1,0,0,NON-INTERSECTION,1747,6673
-105.263563,40.000114,Police Collision Report,COLLISION W/ MV - FRONT TO REAR,1814816,2,BASELINE RD/BROADWAY,BASELINE,STATE HWY,10,E ,2018/11/16 00:00:00+00,2018/11/16 20:51:00+00,2018,11,November,20,6,16,Friday,20,Motorway Collision,Dark - Lighted,NONE,Possible injury,0,0,0,40.000114,-105.263563,0,0,0,0,INTERSECTION RELATED,2051,6674
-105.240833,40.014503,Police Collision Report,COLLISION W/ MV - FRONT TO REAR,1814782,2,ARAPAHOE AVE/FOOTHILLS PKWY,FOOTHILLS PARKWAY,STATE HWY,150,S ,2018/11/16 00:00:00+00,2018/11/16 08:36:00+00,2018,11,November,8,6,16,Friday,8,Motorway Collision,Daylight,NONE,Possible injury,0,0,0,40.014503,-105.240833,0,0,0,0,INTERSECTION RELATED,830,6675
-105.255889,40.000147,Police Collision Report,COLLISION W/ MV - FRONT TO REAR,1814799,2,29TH ST/BASELINE RD,BASELINE ROAD,CITY ST/CNTY RD,50,E ,2018/11/16 00:00:00+00,2018/11/16 15:06:00+00,2018,11,November,15,6,16,Friday,15,Motorway Collision,Daylight,NONE,Property Damage Only,0,0,0,40.000147,-105.255889,0,0,0,0,AT INTERSECTION,1506,6676
-105.263033,40.014644,Police Collision Report,COLLISION W/ MV - FRONT TO REAR,1814801,2,ARAPAHOE AVE/FOLSOM ST,ARAPAHOE AVE,CITY ST/CNTY RD,128,W ,2018/11/16 00:00:00+00,2018/11/16 15:26:00+00,2018,11,November,15,6,16,Friday,15,Motorway Collision,Daylight,NONE,Possible injury,0,0,0,40.014644,-105.263033,0,0,0,0,INTERSECTION RELATED,1526,6677
-105.267699,40.003423,Police Collision Report,COLLISION W/ MV - FRONT TO REAR,1814148,2,REGENT DR/BROADWAY,REGENT,CITY ST/CNTY RD,300,E ,2018/10/31 00:00:00+00,2018/10/31 00:00:00+00,2018,10,October,0,4,31,Wednesday,0,Motorway Collision,Daylight,NONE,Property Damage Only,0,0,0,40.003423,-105.267699,0,0,0,0,NON-INTERSECTION,1647,6678
-105.271664,40.005572,Police Collision Report,COLLISION W/ MV - FRONT TO REAR,1814651,2,BROADWAY/EUCLID AVE,BROADWAY ST.,STATE HWY,     ,  ,2018/11/13 00:00:00+00,2018/11/13 16:46:00+00,2018,11,November,16,3,13,Tuesday,16,Motorway Collision,Dawn or Dusk,NONE,Property Damage Only,0,0,0,40.005572,-105.271664,0,0,0,0,AT INTERSECTION,1646,6679
-105.253704,40.026961,Police Collision Report,COLLISION W/ MV - FRONT TO REAR,1814653,2,30TH ST/STEEL WORKS DR,30TH ST,CITY ST/CNTY RD,100,S ,2018/11/13 00:00:00+00,2018/11/13 17:33:00+00,2018,11,November,17,3,13,Tuesday,17,Motorway Collision,Dark - Lighted,NONE,Property Damage Only,0,0,0,40.026961,-105.253704,0,0,0,0,INTERSECTION RELATED,1733,6680
-105.26313,40.029145,Police Collision Report,COLLISION W/ MV - FRONT TO REAR,1814670,2,VALMONT RD/FOLSOM ST,FOLSOM RD,CITY ST/CNTY RD,300,N ,2018/11/14 00:00:00+00,2018/11/14 01:27:00+00,2018,11,November,1,4,14,Wednesday,1,Motorway Collision,Dark - Unlighted,NONE,Possible injury,0,0,0,40.029145,-105.26313,0,0,0,0,NON-INTERSECTION,126,6681
-105.255817,39.989251,Police Collision Report,COLLISION W/ MV - FRONT TO REAR,1814675,2,DARTMOUTH AVE/S BROADWAY,BROADWAY,STATE HWY,     ,  ,2018/11/14 00:00:00+00,2018/11/14 08:33:00+00,2018,11,November,8,4,14,Wednesday,8,Motorway Collision,Daylight,NONE,Property Damage Only,0,0,0,39.989251,-105.255817,0,0,0,0,AT INTERSECTION,833,6682
-105.253634,40.014706,Police Collision Report,COLLISION W/ MV - FRONT TO REAR,1814645,2,30TH ST/ARAPAHOE AVE,ARAPAHOE,STATE HWY,200,E ,2018/11/13 00:00:00+00,2018/11/13 15:38:00+00,2018,11,November,15,3,13,Tuesday,15,Motorway Collision,Daylight,NONE,Property Damage Only,0,0,0,40.014706,-105.253634,0,0,0,0,NON-INTERSECTION,1538,6683
-105.258482,40.036463,Police Collision Report,COLLISION W/ MV - FRONT TO REAR,1814646,2,28TH ST/IRIS AVE,IRIS AVE,CITY ST/CNTY RD,30,W ,2018/11/13 00:00:00+00,2018/11/13 15:33:00+00,2018,11,November,15,3,13,Tuesday,15,Motorway Collision,Daylight,NONE,Property Damage Only,0,0,0,40.036463,-105.258482,0,0,0,0,INTERSECTION RELATED,1533,6684