X,Y,ReportType,PrmaryCollsionType,CaseNumber,UnitsInvolved,Location,OnHighway,CrossStreet,FeetFromIntersection,DirectionFromIntersection,CollisionDate,ReportedDate,ReportedYear,ReportedMonth,ReportedMonthName,ReportedWeek,ReportedDayofWeekNum,ReportedDayofMonth,ReportedDayofWeek,ReportedHour,HitAndRunStatus,LightingCondition,WeatherCondition,Severity,NumKilled,NumSeriouslyInjured,NumInjuredOrKilled,Lat,Lon,DUI,AlcoholDrugSuspected,BicyclesInvolved,PedestriansInvolved,RoadDescription,Crash_Time,ESRI_OID
-105.282101,40.036414,Police Collision Report,COLLISION W/ MV - FRONT TO REAR,1903169,2,BROADWAY/IRIS AVE,BROADWAY,CITY ST/CNTY RD,45,N ,2019/03/25 00:00:00+00,2019/03/25 16:42:00+00,2019,3,March,16,2,25,Monday,16,Motorway Collision,Daylight,NONE,Property Damage Only,0,0,0,40.036414,-105.282101,0,0,0,0,INTERSECTION RELATED,1642,6752
-105.258357,40.000215,Police Collision Report,COLLISION W/ MV - FRONT TO REAR,1903193,2,US HIGHWAY 36/BASELINE RD,US HWY 36 OFF RAMP,STATE HWY,35,S ,2019/03/26 00:00:00+00,2019/03/26 11:43:00+00,2019,3,March,11,3,26,Tuesday,11,Motorway Collision,Daylight,NONE,Property Damage Only,0,0,0,40.000215,-105.258357,0,0,0,0,INTERSECTION RELATED,1143,6753
-105.253767,40.023257,Police Collision Report,COLLISION W/ MV - FRONT TO REAR,1903195,3,30TH ST/PEARL ST,30TH ST,CITY ST/CNTY RD,300,S ,2019/03/26 00:00:00+00,2019/03/26 12:59:00+00,2019,3,March,12,3,26,Tuesday,12,Motorway Collision,Daylight,NONE,Possible injury,0,0,0,40.023257,-105.253767,0,0,0,0,INTERSECTION RELATED,1259,6754
-105.240833,40.014503,Police Collision Report,COLLISION W/ MV - FRONT TO REAR,1903205,2,ARAPAHOE AVE/FOOTHILLS PKWY,ARAPAHOE AVE,STATE HWY,20,W ,2019/03/26 00:00:00+00,2019/03/26 16:10:00+00,2019,3,March,16,3,26,Tuesday,16,Motorway Collision,Daylight,NONE,Property Damage Only,0,0,0,40.014503,-105.240833,0,0,0,0,INTERSECTION RELATED,1610,6755
-105.249862,39.98558,Police Collision Report,COLLISION W/ MV - FRONT TO REAR,1903207,2,S BROADWAY/TABLE MESA DR,BROADWAY,STATE HWY,     ,  ,2019/03/26 00:00:00+00,2019/03/26 16:14:00+00,2019,3,March,16,3,26,Tuesday,16,Motorway Collision,Daylight,NONE,Property Damage Only,0,0,0,39.98558,-105.249862,0,0,0,0,AT INTERSECTION,1620,6756
-105.249911,39.985461,Police Collision Report,COLLISION W/ MV - FRONT TO REAR,1903200,2,TABLE MESA DR/S BROADWAY,BROADWAY,STATE HWY,40,N ,2019/03/25 00:00:00+00,2019/03/27 00:00:00+00,2019,3,March,0,4,27,Wednesday,0,Motorway Collision,Daylight,NONE,Possible injury,0,0,0,39.985461,-105.249911,0,0,0,0,INTERSECTION RELATED,847,6757
-105.253634,40.014706,Police Collision Report,COLLISION W/ MV - FRONT TO REAR,1903230,2,30TH ST/ARAPAHOE AVE,30TH ST,CITY ST/CNTY RD,75,N ,2019/03/27 00:00:00+00,2019/03/27 12:03:00+00,2019,3,March,12,4,27,Wednesday,12,Motorway Collision,Daylight,NONE,Property Damage Only,0,0,0,40.014706,-105.253634,0,0,0,0,INTERSECTION RELATED,1142,6758
-105.206734,40.071175,Police Collision Report,COLLISION W/ MV - FRONT TO REAR,1903286,2,63RD ST/LOOKOUT RD,LOOKOUT RD,CITY ST/CNTY RD,     ,  ,2019/03/28 00:00:00+00,2019/03/28 17:29:00+00,2019,3,March,17,5,28,Thursday,17,Motorway Collision,Dawn or Dusk,NONE,Possible injury,0,0,0,40.071175,-105.206734,0,0,0,0,AT INTERSECTION,1729,6759
-105.258317,40.014664,Police Collision Report,COLLISION W/ MV - FRONT TO REAR,1814271,2,ARAPAHOE AVE/28TH ST,28TH ST,STATE HWY,585,S ,2018/11/03 00:00:00+00,2018/11/03 11:14:00+00,2018,11,November,11,7,3,Saturday,11,Motorway Collision,Daylight,NONE,Property Damage Only,0,0,0,40.014664,-105.258317,0,0,0,0,INTERSECTION RELATED,1114,6760
-105.279657,40.016862,Police Collision Report,COLLISION W/ MV - FRONT TO REAR,1814274,2,BROADWAY/WALNUT ST,BROADWAY,CITY ST/CNTY RD,32,S ,2018/11/03 00:00:00+00,2018/11/03 13:31:00+00,2018,11,November,13,7,3,Saturday,13,Motorway Collision,Daylight,NONE,Property Damage Only,0,0,0,40.016862,-105.279657,0,0,0,0,INTERSECTION RELATED,1331,6761
-105.262985,40.017486,Police Collision Report,COLLISION W/ MV - FRONT TO REAR,1814323,2,CANYON BLVD/FOLSOM ST,CANYON BLVD,CITY ST/CNTY RD,114,W ,2018/11/04 00:00:00+00,2018/11/04 16:13:00+00,2018,11,November,16,1,4,Sunday,16,Motorway Collision,Dawn or Dusk,NONE,Property Damage Only,0,0,0,40.017486,-105.262985,0,0,0,0,DRIVEWAY ACCESS RELATED,1613,6762
-105.258482,40.036463,Police Collision Report,COLLISION W/ MV - FRONT TO REAR,1814383,3,28TH ST/IRIS AVE,IRIS AVE,STATE HWY,291,W ,2018/11/06 00:00:00+00,2018/11/06 10:31:00+00,2018,11,November,10,3,6,Tuesday,10,Motorway Collision,Daylight,NONE,Property Damage Only,0,0,0,40.036463,-105.258482,0,0,0,0,NON-INTERSECTION,1031,6763
-105.244862,40.029223,Police Collision Report,COLLISION W/ MV - FRONT TO REAR,1814373,2,FOOTHILLS PKWY/VALMONT RD,FOOTHILLS PARKWAY,STATE HWY,     ,  ,2018/11/06 00:00:00+00,2018/11/06 06:25:00+00,2018,11,November,6,3,6,Tuesday,6,Motorway Collision,Daylight,NONE,Possible injury,0,0,0,40.029223,-105.244862,0,0,0,0,AT INTERSECTION,625,6764
-105.234741,40.014803,Police Collision Report,COLLISION W/ MV - FRONT TO REAR,1814387,2,48TH ST/ARAPAHOE AVE,ARAPAHOE,STATE HWY,76,E ,2018/11/06 00:00:00+00,2018/11/06 12:43:00+00,2018,11,November,12,3,6,Tuesday,12,Motorway Collision,Daylight,NONE,Property Damage Only,0,0,0,40.014803,-105.234741,0,0,0,0,INTERSECTION RELATED,1243,6765
-105.261365,40.00819,Police Collision Report,COLLISION W/ MV - FRONT TO REAR,1814391,2,COLORADO AVE/REGENT DR,COLORADO AVE,CITY ST/CNTY RD,     ,  ,2018/11/06 00:00:00+00,2018/11/06 17:01:00+00,2018,11,November,17,3,6,Tuesday,17,Motorway Collision,Dark - Unlighted,NONE,Property Damage Only,0,0,0,40.00819,-105.261365,0,0,0,0,AT INTERSECTION,1701,6766
-105.274647,40.014608,Police Collision Report,COLLISION W/ MV - FRONT TO REAR,1814356,2,ARAPAHOE AVE/15TH ST,ARAPAHOE AVE,CITY ST/CNTY RD,42,W ,2018/11/05 00:00:00+00,2018/11/05 15:56:00+00,2018,11,November,15,2,5,Monday,15,Motorway Collision,Daylight,NONE,Property Damage Only,0,0,0,40.014608,-105.274647,0,0,0,0,INTERSECTION RELATED,1605,6767
-105.225448,40.014598,Police Collision Report,COLLISION W/ MV - FRONT TO REAR,1814358,2,55TH ST/ARAPAHOE AVE,ARAPAHOE,STATE HWY,     ,  ,2018/11/05 00:00:00+00,2018/11/05 16:10:00+00,2018,11,November,16,2,5,Monday,16,Motorway Collision,Daylight,NONE,Possible injury,0,0,0,40.014598,-105.225448,0,0,0,0,AT INTERSECTION,1610,6768
-105.234115,40.015911,Police Collision Report,COLLISION W/ MV - FRONT TO REAR,1814452,2,4860  RIVERBEND RD      ,RIVERBEND ROAD,CITY ST/CNTY RD,375,E ,2018/11/08 00:00:00+00,2018/11/08 10:05:00+00,2018,11,November,10,5,8,Thursday,10,Motorway Collision,Daylight,NONE,Property Damage Only,0,0,0,40.015911,-105.234115,0,0,0,0,ROUNDABOUT,911,6769
-105.258534,40.014525,Police Collision Report,COLLISION W/ MV - FRONT TO REAR,1814454,2,2798  ARAPAHOE AVE      ,28TH STREET,STATE HWY,     ,  ,2018/11/08 00:00:00+00,2018/11/08 11:06:00+00,2018,11,November,11,5,8,Thursday,11,Motorway Collision,Daylight,NONE,Property Damage Only,0,0,0,40.014525,-105.258534,0,0,0,0,INTERSECTION RELATED,1106,6770
-105.258337,40.007186,Police Collision Report,COLLISION W/ MV - FRONT TO REAR,1814395,2,E COLLEGE AVE/28TH FRONTAGE RD,28TH ST,STATE HWY,600,S ,2018/11/06 00:00:00+00,2018/11/06 17:50:00+00,2018,11,November,17,3,6,Tuesday,17,Motorway Collision,Dark - Unlighted,NONE,Non-Incapacitating Injury,0,0,1,40.007186,-105.258337,0,0,0,0,NON-INTERSECTION,1746,6771
-105.258571,40.043598,Police Collision Report,COLLISION W/ MV - FRONT TO REAR,1814396,2,28TH ST/PALO PKWY,28TH ST.,STATE HWY,150,S ,2018/11/06 00:00:00+00,2018/11/06 18:15:00+00,2018,11,November,18,3,6,Tuesday,18,Motorway Collision,Dark - Lighted,NONE,Property Damage Only,0,0,0,40.043598,-105.258571,0,0,0,0,INTERSECTION RELATED,1816,6772
-105.235919,40.014836,Police Collision Report,COLLISION W/ MV - FRONT TO REAR,1814406,2,4715  ARAPAHOE AVE      ,4715 ARAPAHOE AVE,CITY ST/CNTY RD,     ,  ,2018/11/07 00:00:00+00,2018/11/07 09:37:00+00,2018,11,November,9,4,7,Wednesday,9,Motorway Collision,Daylight,NONE,Property Damage Only,0,0,0,40.014836,-105.235919,0,0,0,0,DRIVEWAY ACCESS RELATED,935,6773
-105.263012,40.017354,Police Collision Report,COLLISION W/ MV - FRONT TO REAR,1814407,2,FOLSOM ST/CANYON BLVD,FOLSOM STREET,CITY ST/CNTY RD,77,N ,2018/11/07 00:00:00+00,2018/11/07 10:49:00+00,2018,11,November,10,4,7,Wednesday,10,Motorway Collision,Daylight,NONE,Property Damage Only,0,0,0,40.017354,-105.263012,0,0,0,0,INTERSECTION RELATED,1049,6774
-105.260198,40.000304,Police Collision Report,COLLISION W/ MV - FRONT TO REAR,1814415,2,BASELINE RD/27TH WAY,BASELINE,STATE HWY,100,E ,2018/11/07 00:00:00+00,2018/11/07 12:58:00+00,2018,11,November,12,4,7,Wednesday,12,Motorway Collision,Daylight,NONE,Possible injury,0,0,0,40.000304,-105.260198,0,0,0,0,INTERSECTION RELATED,1258,6775
-105.253564,40.023285,Police Collision Report,COLLISION W/ MV - FRONT TO REAR,1814446,2,30TH ST/PEARL PKWY,PEARL ST,CITY ST/CNTY RD,     ,  ,2018/11/08 00:00:00+00,2018/11/08 09:04:00+00,2018,11,November,9,5,8,Thursday,9,Motorway Collision,Daylight,NONE,Property Damage Only,0,0,0,40.023285,-105.253564,0,0,0,0,AT INTERSECTION,905,6776
-105.245631,40.022988,Police Collision Report,COLLISION W/ MV - FRONT TO REAR,1814495,2,FOOTHILLS SB OFF RP @ PEARL/PEARL PKWY,S/B FOOTHILLS PARKWAY OFF-RAMP,STATE HWY,     ,  ,2018/11/09 00:00:00+00,2018/11/09 14:12:00+00,2018,11,November,14,6,9,Friday,14,Motorway Collision,Daylight,NONE,Possible injury,0,0,0,40.022988,-105.245631,0,0,0,0,AT INTERSECTION,1412,6777
-105.269744,40.004528,Police Collision Report,COLLISION W/ MV - FRONT TO REAR,1814496,3,BROADWAY/18TH ST,BROADWAY,STATE HWY,30,N ,2018/11/09 00:00:00+00,2018/11/09 14:20:00+00,2018,11,November,14,6,9,Friday,14,Motorway Collision,Daylight,NONE,Property Damage Only,0,0,0,40.004528,-105.269744,0,0,0,0,INTERSECTION RELATED,1420,6778
-105.285625,40.01294,Police Collision Report,COLLISION W/ MV - FRONT TO REAR,1814524,2,7TH ST/ARAPAHOE AVE,7TH STREET,CITY ST/CNTY RD,180,S ,2018/11/10 00:00:00+00,2018/11/10 10:58:00+00,2018,11,November,10,7,10,Saturday,10,Motorway Collision,Dark - Lighted,NONE,Property Damage Only,0,0,0,40.01294,-105.285625,0,0,0,0,NON-INTERSECTION,100,6779
-105.258357,40.000215,Police Collision Report,COLLISION W/ MV - FRONT TO REAR,1814538,2,US HIGHWAY 36/BASELINE RD,US HIGHWAY 36,STATE HWY,     ,  ,2018/11/10 00:00:00+00,2018/11/10 17:24:00+00,2018,11,November,17,7,10,Saturday,17,Motorway Collision,Dawn or Dusk,NONE,Property Damage Only,0,0,0,40.000215,-105.258357,0,0,0,0,NON-INTERSECTION,1722,6780
-105.258357,40.000215,Police Collision Report,COLLISION W/ MV - FRONT TO REAR,1814540,2,US HIGHWAY 36/BASELINE RD,US HWY 36,STATE HWY,745,E ,2018/11/10 00:00:00+00,2018/11/10 17:55:00+00,2018,11,November,17,7,10,Saturday,17,Motorway Collision,Dark - Lighted,NONE,Possible injury,0,0,0,40.000215,-105.258357,0,0,0,0,NON-INTERSECTION,1730,6781
-105.258357,40.000215,Police Collision Report,COLLISION W/ MV - FRONT TO REAR,1814543,2,US HIGHWAY 36/BASELINE RD,US HIGHWAY 36,STATE HWY,     ,  ,2018/11/10 00:00:00+00,2018/11/10 18:06:00+00,2018,11,November,18,7,10,Saturday,18,Motorway Collision,Dark - Lighted,NONE,Possible injury,0,0,0,40.000215,-105.258357,0,0,0,0,INTERSECTION RELATED,1809,6782
-105.236394,40.000018,Police Collision Report,COLLISION W/ MV - FRONT TO REAR,1814597,2,4700  BASELINE RD      ,PRIVATE PROPERTY,,     ,  ,2018/11/12 00:00:00+00,2018/11/12 09:57:00+00,2018,11,November,9,2,12,Monday,9,Motorway Collision,Daylight,NONE,Property Damage Only,0,0,0,40.000018,-105.236394,0,0,0,0,PARKING LOT,958,6783
-105.238429,40.022074,Police Collision Report,COLLISION W/ MV - FRONT TO REAR,1814599,3,49TH ST/PEARL PKWY,PEARL PKWY,CITY ST/CNTY RD,63,W ,2018/11/12 00:00:00+00,2018/11/12 11:23:00+00,2018,11,November,11,2,12,Monday,11,Motorway Collision,Daylight,NONE,Non-Incapacitating Injury,0,0,1,40.022074,-105.238429,0,0,0,0,INTERSECTION RELATED,1123,6784
-105.262985,40.017486,Police Collision Report,COLLISION W/ MV - FRONT TO REAR,1814601,2,CANYON BLVD/FOLSOM ST,CANYON BLVD S ALLEY,CITY ST/CNTY RD,185,W ,2018/11/12 00:00:00+00,2018/11/12 12:19:00+00,2018,11,November,12,2,12,Monday,12,Motorway Collision,Daylight,NONE,Possible injury,0,0,0,40.017486,-105.262985,0,0,0,0,DRIVEWAY ACCESS RELATED,1215,6785
-105.255334,39.999971,Police Collision Report,COLLISION W/ MV - FRONT TO REAR,1814626,2,2920  BASELINE RD      ,BASELINE,CITY ST/CNTY RD,204,E ,2018/11/13 00:00:00+00,2018/11/13 08:03:00+00,2018,11,November,8,3,13,Tuesday,8,Motorway Collision,Daylight,NONE,Property Damage Only,0,0,0,39.999971,-105.255334,0,0,0,0,NON-INTERSECTION,803,6786
-105.261365,40.00819,Police Collision Report,COLLISION W/ MV - FRONT TO REAR,1814237,2,COLORADO AVE/REGENT DR,REGENT DRIVE,CITY ST/CNTY RD,     ,  ,2018/11/02 00:00:00+00,2018/11/02 12:31:00+00,2018,11,November,12,6,2,Friday,12,Motorway Collision,Daylight,NONE,Property Damage Only,0,0,0,40.00819,-105.261365,0,0,0,0,AT INTERSECTION,1230,6787
-105.258348,40.025516,Police Collision Report,COLLISION W/ MV - FRONT TO REAR,1814251,2,28TH ST/MAPLETON AVE,28TH ST,CITY ST/CNTY RD,     ,  ,2018/11/02 00:00:00+00,2018/11/02 17:57:00+00,2018,11,November,17,6,2,Friday,17,Motorway Collision,Dawn or Dusk,NONE,Property Damage Only,0,0,0,40.025516,-105.258348,0,0,0,0,AT INTERSECTION,1757,6788
-105.253059,39.999933,Police Collision Report,COLLISION W/ MV - FRONT TO REAR,1814254,3,30TH ST/BASELINE RD,30TH STREET,CITY ST/CNTY RD,     ,  ,2018/11/02 18:57:00+00,2018/11/02 20:33:00+00,2018,11,November,20,6,2,Friday,20,Motorway Collision,Dark - Lighted,NONE,Property Damage Only,0,0,0,39.999933,-105.253059,1,1,0,0,AT INTERSECTION,1857,6789
-105.26379,40.000067,Police Collision Report,COLLISION W/ MV - FRONT TO REAR,1815470,2,BROADWAY/BASELINE RD,BASELINE ROAD,STATE HWY,     ,  ,2018/12/05 00:00:00+00,2018/12/05 08:49:00+00,2018,12,December,8,4,5,Wednesday,8,Motorway Collision,Daylight,NONE,Property Damage Only,0,0,0,40.000067,-105.26379,0,0,0,0,AT INTERSECTION,849,6790
-105.24066,40.014698,Police Collision Report,COLLISION W/ MV - FRONT TO REAR,1814117,2,FOOTHILLS PKWY/ARAPAHOE AVE,ARAPAHOE,STATE HWY,     ,  ,2018/10/31 00:00:00+00,2018/10/31 10:07:00+00,2018,10,October,10,4,31,Wednesday,10,Motorway Collision,Daylight,NONE,Property Damage Only,0,0,0,40.014698,-105.24066,0,0,0,0,INTERSECTION RELATED,1007,6791
-105.283217,40.015025,Police Collision Report,COLLISION W/ MV - FRONT TO REAR,1902622,2,901   CANYON BLVD      ,901 CANYON BLVD,,     ,  ,2019/03/12 17:37:59+00,2019/03/12 17:38:00+00,2019,3,March,17,3,12,Tuesday,17,Motorway Collision,Daylight,NONE,Property Damage Only,0,0,0,40.015025,-105.283217,1,1,0,0,PARKING LOT,1532,6792
-105.258504,40.020518,Police Collision Report,COLLISION W/ MV - FRONT TO REAR,1902633,3,28TH ST/WALNUT ST,28TH,STATE HWY,100,N ,2019/03/12 00:00:00+00,2019/03/12 17:58:00+00,2019,3,March,17,3,12,Tuesday,17,Motorway Collision,Daylight,NONE,Property Damage Only,0,0,0,40.020518,-105.258504,0,0,0,0,INTERSECTION RELATED,1758,6793
-105.27995,40.01683,Police Collision Report,COLLISION W/ MV - FRONT TO REAR,1902636,2,1175  WALNUT ST      ,1175 WALNUT STREET,,     ,  ,2019/03/12 00:00:00+00,2019/03/12 17:59:00+00,2019,3,March,17,3,12,Tuesday,17,Motorway Collision,Dawn or Dusk,NONE,Property Damage Only,0,0,0,40.01683,-105.27995,0,0,0,0,PARKING LOT,1758,6794
-105.279314,40.015947,Police Collision Report,COLLISION W/ MV - FRONT TO REAR,1902695,2,CANYON BLVD/BROADWAY,CANYON BLVD,STATE HWY,130,W ,2019/03/14 00:00:00+00,2019/03/14 15:51:00+00,2019,3,March,15,5,14,Thursday,15,Motorway Collision,Daylight,NONE,Property Damage Only,0,0,0,40.015947,-105.279314,0,0,0,0,INTERSECTION RELATED,1551,6795
-105.267721,40.003464,Police Collision Report,COLLISION W/ MV - FRONT TO REAR,1902697,2,BROADWAY/20TH ST,BROADWAY,STATE HWY,     ,  ,2019/03/14 00:00:00+00,2019/03/14 16:18:00+00,2019,3,March,16,5,14,Thursday,16,Motorway Collision,Daylight,NONE,Possible injury,0,0,0,40.003464,-105.267721,0,0,0,0,INTERSECTION RELATED,1545,6796
-105.258282,40.014544,Police Collision Report,COLLISION W/ MV - FRONT TO REAR,1902700,2,28TH ST/ARAPAHOE AVE,28TH ST,CITY ST/CNTY RD,     ,  ,2019/03/14 00:00:00+00,2019/03/14 18:25:00+00,2019,3,March,18,5,14,Thursday,18,Motorway Collision,Daylight,NONE,Property Damage Only,0,0,0,40.014544,-105.258282,0,0,0,0,AT INTERSECTION,1831,6797
-105.253136,40.00517,Police Collision Report,COLLISION W/ MV - FRONT TO REAR,1902711,2,30TH ST/E EUCLID AVE,30TH STREET,CITY ST/CNTY RD,50,S ,2019/03/15 00:00:00+00,2019/03/15 08:52:00+00,2019,3,March,8,6,15,Friday,8,Motorway Collision,Daylight,NONE,Property Damage Only,0,0,0,40.00517,-105.253136,0,0,0,0,INTERSECTION RELATED,852,6798
-105.253726,40.034322,Police Collision Report,COLLISION W/ MV - FRONT TO REAR,1902764,2,3295  30TH ST      ,3295 30TH ST,,     ,  ,2019/03/16 00:00:00+00,2019/03/16 10:24:00+00,2019,3,March,10,7,16,Saturday,10,Motorway Collision,Daylight,NONE,Property Damage Only,0,0,0,40.034322,-105.253726,0,0,0,0,INTERSECTION RELATED,1024,6799
-105.263158,40.021342,Police Collision Report,COLLISION W/ MV - FRONT TO REAR,1902822,2,FOLSOM ST/PEARL ST,PEARL,CITY ST/CNTY RD,     ,  ,2019/03/17 00:00:00+00,2019/03/17 12:05:00+00,2019,3,March,12,1,17,Sunday,12,Motorway Collision,Daylight,NONE,Possible injury,0,0,0,40.021342,-105.263158,0,0,0,0,INTERSECTION RELATED,1205,6800
-105.258394,40.000381,Police Collision Report,COLLISION W/ MV - FRONT TO REAR,1902825,2,28TH ST/BASELINE RD,27TH WAY,STATE HWY,     ,  ,2019/03/17 00:00:00+00,2019/03/17 13:46:00+00,2019,3,March,13,1,17,Sunday,13,Motorway Collision,Daylight,NONE,Property Damage Only,0,0,0,40.000381,-105.258394,0,0,0,0,INTERSECTION RELATED,1346,6801
-105.255889,40.000147,Police Collision Report,COLLISION W/ MV - FRONT TO REAR,1902826,2,29TH ST/BASELINE RD,BASELINE RD,CITY ST/CNTY RD,90,E ,2019/03/17 00:00:00+00,2019/03/17 14:02:00+00,2019,3,March,14,1,17,Sunday,14,Motorway Collision,Daylight,NONE,Possible injury,0,0,0,40.000147,-105.255889,0,0,0,0,DRIVEWAY ACCESS RELATED,1402,6802
-105.279314,40.015947,Police Collision Report,COLLISION W/ MV - FRONT TO REAR,1902428,2,CANYON BLVD/BROADWAY,BROADWAY,STATE HWY,100,S ,2019/03/07 00:00:00+00,2019/03/07 09:46:00+00,2019,3,March,9,5,7,Thursday,9,Motorway Collision,Daylight,NONE,Property Damage Only,0,0,0,40.015947,-105.279314,0,0,0,0,INTERSECTION RELATED,946,6803
-105.263563,40.000114,Police Collision Report,COLLISION W/ MV - FRONT TO REAR,1902447,2,BASELINE RD/BROADWAY,BASELINE RD,STATE HWY,20,W ,2019/03/07 00:00:00+00,2019/03/07 16:23:00+00,2019,3,March,16,5,7,Thursday,16,Motorway Collision,Daylight,NONE,Possible injury,0,0,0,40.000114,-105.263563,0,0,0,0,AT INTERSECTION,1623,6804
-105.253722,40.025501,Police Collision Report,COLLISION W/ MV - FRONT TO REAR,1902448,3,30TH ST/MAPLETON AVE,30TH,CITY ST/CNTY RD,     ,  ,2019/03/07 00:00:00+00,2019/03/07 16:26:00+00,2019,3,March,16,5,7,Thursday,16,Motorway Collision,Daylight,NONE,Property Damage Only,0,0,0,40.025501,-105.253722,0,0,0,0,AT INTERSECTION,1626,6805
-105.253767,40.023257,Police Collision Report,COLLISION W/ MV - FRONT TO REAR,1902343,3,30TH ST/PEARL ST,30TH ST,CITY ST/CNTY RD,557,S ,2019/03/05 00:00:00+00,2019/03/05 12:43:00+00,2019,3,March,12,3,5,Tuesday,12,Motorway Collision,Daylight,NONE,Property Damage Only,0,0,0,40.023257,-105.253767,0,0,0,0,NON-INTERSECTION,1242,6806
-105.25372,40.031198,Police Collision Report,COLLISION W/ MV - FRONT TO REAR,1902346,2,30TH ST/EAGLE WAY,30TH ST,CITY ST/CNTY RD,     ,  ,2019/03/05 00:00:00+00,2019/03/05 14:22:00+00,2019,3,March,14,3,5,Tuesday,14,Motorway Collision,Daylight,NONE,Non-Incapacitating Injury,0,0,1,40.031198,-105.25372,0,0,0,0,AT INTERSECTION,1422,6807
-105.243132,40.029251,Police Collision Report,COLLISION W/ MV - FRONT TO REAR,1902358,2,VALMONT RD/47TH ST,VALMONT RD,CITY ST/CNTY RD,77,W ,2019/03/05 00:00:00+00,2019/03/05 16:38:00+00,2019,3,March,16,3,5,Tuesday,16,Motorway Collision,Daylight,NONE,Property Damage Only,0,0,0,40.029251,-105.243132,0,0,0,0,INTERSECTION RELATED,1638,6808
-105.247521,40.02923,Police Collision Report,COLLISION W/ MV - FRONT TO REAR,1902389,2,VALMONT RD/WILDERNESS PL,VALMONT RD,CITY ST/CNTY RD,35,W ,2019/03/06 00:00:00+00,2019/03/06 08:15:00+00,2019,3,March,8,4,6,Wednesday,8,Motorway Collision,Daylight,NONE,Property Damage Only,0,0,0,40.02923,-105.247521,0,0,0,0,NON-INTERSECTION,815,6809
-105.258272,40.017365,Police Collision Report,COLLISION W/ MV - FRONT TO REAR,1902396,2,CANYON BLVD/28TH ST,CANYON BLVD,CITY ST/CNTY RD,15,W ,2019/03/06 00:00:00+00,2019/03/06 10:23:00+00,2019,3,March,10,4,6,Wednesday,10,Motorway Collision,Daylight,NONE,Property Damage Only,0,0,0,40.017365,-105.258272,0,0,0,0,INTERSECTION RELATED,1023,6810
-105.258482,40.036463,Police Collision Report,COLLISION W/ MV - FRONT TO REAR,1902401,2,28TH ST/DIAGONAL HWY,28TH ST,STATE HWY,30,S ,2019/03/06 00:00:00+00,2019/03/06 11:14:00+00,2019,3,March,11,4,6,Wednesday,11,Motorway Collision,Daylight,NONE,Possible injury,0,0,0,40.036463,-105.258482,0,0,0,0,INTERSECTION RELATED,1114,6811
-105.264638,40.01737,Police Collision Report,COLLISION W/ MV - FRONT TO REAR,1902440,2,CANYON BLVD/23RD ST,CANYON BLVD,STATE HWY,15,W ,2019/03/07 00:00:00+00,2019/03/07 15:16:00+00,2019,3,March,15,5,7,Thursday,15,Motorway Collision,Daylight,NONE,Property Damage Only,0,0,0,40.01737,-105.264638,0,0,0,0,AT INTERSECTION,1514,6812
-105.232448,39.987076,Police Collision Report,COLLISION W/ MV - FRONT TO REAR,1902490,2,TABLE MESA DR/FOOTHILLS SB OFF RP @ T MESA,TABLE MESA DR,CITY ST/CNTY RD,     ,  ,2019/03/08 00:00:00+00,2019/03/08 14:15:00+00,2019,3,March,14,6,8,Friday,14,Motorway Collision,Daylight,NONE,Possible injury,0,0,0,39.987076,-105.232448,0,0,0,0,INTERSECTION RELATED,1415,6813
-105.206734,40.071175,Police Collision Report,COLLISION W/ MV - FRONT TO REAR,1902583,2,63RD ST/LOOKOUT RD,63RD ST,CITY ST/CNTY RD,     ,  ,2019/03/11 00:00:00+00,2019/03/11 13:21:00+00,2019,3,March,13,2,11,Monday,13,Motorway Collision,Daylight,NONE,Property Damage Only,0,0,0,40.071175,-105.206734,0,0,0,0,INTERSECTION RELATED,1321,6814
-105.232572,40.000025,Police Collision Report,COLLISION W/ MV - FRONT TO REAR,1902056,2,FOOTHILLS PKWY/BASELINE RD,FOOTHILLS PKWY,STATE HWY,     ,  ,2019/02/25 00:00:00+00,2019/02/25 15:27:00+00,2019,2,February,15,2,25,Monday,15,Motorway Collision,Daylight,NONE,Property Damage Only,0,0,0,40.000025,-105.232572,0,0,0,0,INTERSECTION RELATED,1527,6815
-105.236396,40.000018,Police Collision Report,COLLISION W/ MV - FRONT TO REAR,1902058,2,BASELINE RD/MOHAWK DR,BASELINE,CITY ST/CNTY RD,150,E ,2019/02/25 00:00:00+00,2019/02/25 16:01:00+00,2019,2,February,16,2,25,Monday,16,Motorway Collision,Daylight,NONE,Property Damage Only,0,0,0,40.000018,-105.236396,0,0,0,0,INTERSECTION RELATED,1602,6816
-105.253634,40.014706,Police Collision Report,COLLISION W/ MV - FRONT TO REAR,1902038,2,30TH ST/ARAPAHOE AVE,30TH ST,STATE HWY,     ,  ,2019/02/25 00:00:00+00,2019/02/25 08:02:00+00,2019,2,February,8,2,25,Monday,8,Motorway Collision,Daylight,NONE,Property Damage Only,0,0,0,40.014706,-105.253634,0,0,0,0,AT INTERSECTION,802,6817