X,Y,ReportType,PrmaryCollsionType,CaseNumber,UnitsInvolved,Location,OnHighway,CrossStreet,FeetFromIntersection,DirectionFromIntersection,CollisionDate,ReportedDate,ReportedYear,ReportedMonth,ReportedMonthName,ReportedWeek,ReportedDayofWeekNum,ReportedDayofMonth,ReportedDayofWeek,ReportedHour,HitAndRunStatus,LightingCondition,WeatherCondition,Severity,NumKilled,NumSeriouslyInjured,NumInjuredOrKilled,Lat,Lon,DUI,AlcoholDrugSuspected,BicyclesInvolved,PedestriansInvolved,RoadDescription,Crash_Time,ESRI_OID
-105.247521,40.02923,Police Collision Report,COLLISION W/ MV - FRONT TO REAR,1713353,3,VALMONT RD/WILDERNESS PL,VALMONT RD,CITY ST/CNTY RD,40,W ,2017/10/10 00:00:00+00,2017/10/10 12:04:00+00,2017,10,October,12,3,10,Tuesday,12,Motorway Collision,Daylight,NONE,Property Damage Only,0,0,0,40.02923,-105.247521,0,0,0,0,NON-INTERSECTION,1204,7220
-105.258468,40.032817,Police Collision Report,COLLISION W/ MV - FRONT TO REAR,1713361,2,28TH ST/GLENWOOD DR,28TH ST,STATE HWY,     ,  ,2017/10/10 00:00:00+00,2017/10/10 14:52:00+00,2017,10,October,14,3,10,Tuesday,14,Motorway Collision,Daylight,NONE,Property Damage Only,0,0,0,40.032817,-105.258468,0,0,0,0,AT INTERSECTION,1452,7221
-105.263012,40.017354,Police Collision Report,COLLISION W/ MV - FRONT TO REAR,1713372,2,FOLSOM ST/CANYON BLVD,FOLSOM ST,CITY ST/CNTY RD,67,N ,2017/10/10 00:00:00+00,2017/10/11 00:00:00+00,2017,10,October,0,4,11,Wednesday,0,Motorway Collision,Daylight,NONE,Property Damage Only,0,0,0,40.017354,-105.263012,0,0,0,0,INTERSECTION RELATED,1740,7222
-105.276953,40.010476,Police Collision Report,COLLISION W/ MV - FRONT TO REAR,1713418,2,BROADWAY/UNIVERSITY AVE,BROADWAY,CITY ST/CNTY RD,100,S ,2017/10/11 00:00:00+00,2017/10/11 16:48:00+00,2017,10,October,16,4,11,Wednesday,16,Motorway Collision,Daylight,NONE,Property Damage Only,0,0,0,40.010476,-105.276953,0,0,0,0,INTERSECTION RELATED,1650,7223
-105.253634,40.014706,Police Collision Report,COLLISION W/ MV - FRONT TO REAR,1713420,2,30TH ST/ARAPAHOE AVE,30TH ST,CITY ST/CNTY RD,250,S ,2017/10/11 00:00:00+00,2017/10/15 00:00:00+00,2017,10,October,0,1,15,Sunday,0,Motorway Collision,Dawn or Dusk,NONE,Property Damage Only,0,0,0,40.014706,-105.253634,0,0,0,0,NON-INTERSECTION,1759,7224
-105.244862,40.029223,Police Collision Report,COLLISION W/ MV - FRONT TO REAR,1713407,2,FOOTHILLS PKWY/VALMONT RD,FOOTHILLS PKWY,STATE HWY,     ,  ,,2017/10/11 12:56:00+00,2017,10,October,12,4,11,Wednesday,12,Motorway Collision,Daylight,NONE,Property Damage Only,0,0,0,40.029223,-105.244862,0,0,0,0,INTERSECTION RELATED,1220,7225
-105.263032,40.016251,Police Collision Report,COLLISION W/ MV - FRONT TO REAR,1713507,2,FOLSOM ST/GOSS ST,FOLSOM ST,CITY ST/CNTY RD,55,N ,2017/10/13 00:00:00+00,2017/10/13 11:59:00+00,2017,10,October,11,6,13,Friday,11,Motorway Collision,Daylight,NONE,Possible injury,0,0,0,40.016251,-105.263032,0,0,0,0,NON-INTERSECTION,1201,7226
-105.258317,40.014664,Police Collision Report,COLLISION W/ MV - FRONT TO REAR,1713519,2,ARAPAHOE AVE/28TH ST,28TH ST,STATE HWY,40,S ,2017/10/13 00:00:00+00,2017/10/14 00:00:00+00,2017,10,October,0,7,14,Saturday,0,Motorway Collision,Daylight,NONE,Possible injury,0,0,0,40.014664,-105.258317,0,0,0,0,INTERSECTION RELATED,1415,7227
-105.265132,40.054679,Police Collision Report,COLLISION W/ MV - FRONT TO REAR,1713504,2,28TH ST/VIOLET AVE,VIOLET,CITY ST/CNTY RD,     ,  ,2017/10/13 00:00:00+00,2017/10/13 11:21:00+00,2017,10,October,11,6,13,Friday,11,Motorway Collision,Daylight,NONE,Property Damage Only,0,0,0,40.054679,-105.265132,0,0,0,0,AT INTERSECTION,1122,7228
-105.240833,40.014503,Police Collision Report,COLLISION W/ MV - FRONT TO REAR,1713534,2,ARAPAHOE AVE/FOOTHILLS PKWY,ARAPAHOE AVE,STATE HWY,150,N ,2017/10/13 00:00:00+00,2017/10/13 21:03:00+00,2017,10,October,21,6,13,Friday,21,Motorway Collision,Dark - Unlighted,NONE,Property Damage Only,0,0,0,40.014503,-105.240833,0,0,0,0,INTERSECTION RELATED,2104,7229
-105.272786,40.043678,Police Collision Report,COLLISION W/ MV - FRONT TO REAR,1713557,2,19TH ST/NORWOOD AVE,19TH ST,CITY ST/CNTY RD,768,S ,2017/10/13 00:00:00+00,2017/10/14 07:32:00+00,2017,10,October,7,7,14,Saturday,7,Motorway Collision,Daylight,NONE,Possible injury,0,0,0,40.043678,-105.272786,0,0,0,0,NON-INTERSECTION,1330,7230
-105.261082,39.996607,Police Collision Report,COLLISION W/ MV - FRONT TO REAR,1713463,3,27TH WAY/BROADWAY,BROADWAY,STATE HWY,     ,  ,2017/10/12 00:00:00+00,2017/10/12 15:11:00+00,2017,10,October,15,5,12,Thursday,15,Motorway Collision,Daylight,NONE,Possible injury,0,0,0,39.996607,-105.261082,0,0,0,0,AT INTERSECTION,1511,7231
-105.25833,40.000198,Police Collision Report,COLLISION W/ MV - FRONT TO REAR,1713468,2,BASELINE RD/US HIGHWAY 36,28TH,STATE HWY,     ,  ,2017/10/12 00:00:00+00,2017/10/12 16:13:00+00,2017,10,October,16,5,12,Thursday,16,Motorway Collision,Daylight,NONE,Property Damage Only,0,0,0,40.000198,-105.25833,0,0,0,0,INTERSECTION RELATED,1613,7232
-105.258524,40.008127,Police Collision Report,COLLISION W/ MV - FRONT TO REAR,1713494,2,28TH ST/COLORADO AVE,COLORADO,STATE HWY,200,S ,2017/10/13 00:00:00+00,2017/10/13 08:07:00+00,2017,10,October,8,6,13,Friday,8,Motorway Collision,Daylight,NONE,Property Damage Only,0,0,0,40.008127,-105.258524,0,0,0,0,INTERSECTION RELATED,800,7233
-105.23281,39.999988,Police Collision Report,COLLISION W/ MV - FRONT TO REAR,1713686,3,BASELINE RD/FOOTHILLS PKWY,FOOTHILLS PKWY,STATE HWY,     ,  ,2017/10/17 00:00:00+00,2017/10/17 14:10:00+00,2017,10,October,14,3,17,Tuesday,14,Motorway Collision,Daylight,NONE,Property Damage Only,0,0,0,39.999988,-105.23281,0,0,0,0,AT INTERSECTION,1410,7234
-105.277073,40.03639,Police Collision Report,COLLISION W/ MV - FRONT TO REAR,1713660,2,16TH ST/IRIS AVE,16TH STREET,CITY ST/CNTY RD,394,W ,2017/10/16 00:00:00+00,2017/10/16 20:21:00+00,2017,10,October,20,2,16,Monday,20,Motorway Collision,Dark - Lighted,NONE,Property Damage Only,0,0,0,40.03639,-105.277073,0,0,0,0,NON-INTERSECTION,2021,7235
-105.249841,39.97031,Police Collision Report,COLLISION W/ MV - FRONT TO REAR,1713671,2,GILLASPIE DR/KITTRELL CT,GILLAPSIE,CITY ST/CNTY RD,374,N ,2017/10/17 00:00:00+00,2017/10/17 10:05:00+00,2017,10,October,10,3,17,Tuesday,10,Motorway Collision,Daylight,NONE,Property Damage Only,0,0,0,39.97031,-105.249841,0,0,0,0,NON-INTERSECTION,900,7236
-105.237987,40.014827,Police Collision Report,COLLISION W/ MV - FRONT TO REAR,1713646,2,ARAPAHOE AVE/MACARTHUR DR,ARAPAHOE,STATE HWY,78,W ,2017/10/16 00:00:00+00,2017/10/16 00:00:00+00,2017,10,October,0,2,16,Monday,0,Motorway Collision,Daylight,NONE,Property Damage Only,0,0,0,40.014827,-105.237987,0,0,0,0,NON-INTERSECTION,1557,7237
-105.253006,40.000057,Police Collision Report,COLLISION W/ MV - FRONT TO REAR,1713590,2,700   30TH ST      ,31ST ST,CITY ST/CNTY RD,120,N ,2017/10/15 00:00:00+00,2017/10/15 11:47:00+00,2017,10,October,11,1,15,Sunday,11,Motorway Collision,Daylight,NONE,Property Damage Only,0,0,0,40.000057,-105.253006,0,0,0,0,NON-INTERSECTION,1030,7238
-105.258394,40.000381,Police Collision Report,COLLISION W/ MV - FRONT TO REAR,1713598,2,28TH ST/BASELINE RD,27TH WAY,CITY ST/CNTY RD,50,S ,2017/10/15 14:19:00+00,2017/10/15 14:19:00+00,2017,10,October,14,1,15,Sunday,14,Motorway Collision,Daylight,NONE,Property Damage Only,0,0,0,40.000381,-105.258394,0,0,0,0,AT INTERSECTION,1419,7239
-105.269744,40.004528,Police Collision Report,COLLISION W/ MV - FRONT TO REAR,1713601,2,BROADWAY/18TH ST,BROADWAY,CITY ST/CNTY RD,60,S ,2017/10/15 00:00:00+00,2017/10/16 00:00:00+00,2017,10,October,0,2,16,Monday,0,Motorway Collision,Daylight,NONE,Property Damage Only,0,0,0,40.004528,-105.269744,0,0,0,0,NON-INTERSECTION,1637,7240
-105.253059,39.999933,Police Collision Report,COLLISION W/ MV - FRONT TO REAR,1713608,2,30TH ST/BASELINE RD,BASELINE RD,CITY ST/CNTY RD,     ,  ,2017/10/15 00:00:00+00,2017/10/15 19:02:00+00,2017,10,October,19,1,15,Sunday,19,Motorway Collision,Dark - Lighted,NONE,Property Damage Only,0,0,0,39.999933,-105.253059,0,0,0,0,AT INTERSECTION,1908,7241
-105.178531,40.072718,Police Collision Report,COLLISION W/ MV - FRONT TO REAR,1713625,2,N 75TH ST/LOOKOUT RD,N 75TH ST,CITY ST/CNTY RD,750,S ,2017/10/16 00:00:00+00,2017/10/16 10:28:00+00,2017,10,October,10,2,16,Monday,10,Motorway Collision,Daylight,NONE,Property Damage Only,0,0,0,40.072718,-105.178531,0,0,0,0,NON-INTERSECTION,1025,7242
-105.24642,39.982973,Police Collision Report,COLLISION W/ MV - FRONT TO REAR,1714553,3,740   S 41ST STS      ,HANOVER AVE,CITY ST/CNTY RD,75,N ,2017/11/04 00:00:00+00,2017/11/04 11:48:00+00,2017,11,November,11,7,4,Saturday,11,Motorway Collision,Daylight,NONE,Property Damage Only,0,0,0,39.982973,-105.24642,0,0,0,0,DRIVEWAY ACCESS RELATED,1145,7243
-105.244815,40.02287,Police Collision Report,COLLISION W/ MV - FRONT TO REAR,1714556,2,FOOTHILLS PKWY/PEARL PKWY,PEARL PKWY,CITY ST/CNTY RD,145,S ,2017/11/04 00:00:00+00,2017/11/04 11:56:00+00,2017,11,November,11,7,4,Saturday,11,Motorway Collision,Daylight,NONE,Property Damage Only,0,0,0,40.02287,-105.244815,0,0,0,0,INTERSECTION RELATED,1156,7244
-105.269561,40.00444,Police Collision Report,COLLISION W/ MV - FRONT TO REAR,1714557,3,18TH ST/BROADWAY,BROADWAY,STATE HWY,     ,  ,2017/11/04 00:00:00+00,2017/11/04 12:42:00+00,2017,11,November,12,7,4,Saturday,12,Motorway Collision,Daylight,NONE,Property Damage Only,0,0,0,40.00444,-105.269561,0,0,0,0,AT INTERSECTION,1243,7245
-105.258468,40.032817,Police Collision Report,COLLISION W/ MV - FRONT TO REAR,1714527,2,28TH ST/GLENWOOD DR,28TH,STATE HWY,295,S ,2017/11/03 19:25:59+00,2017/11/03 19:26:00+00,2017,11,November,19,6,3,Friday,19,Motorway Collision,Dawn or Dusk,NONE,Property Damage Only,0,0,0,40.032817,-105.258468,1,1,0,0,NON-INTERSECTION,1730,7246
-105.232484,39.987059,Police Collision Report,COLLISION W/ MV - FRONT TO REAR,1714623,2,FOOTHILLS SB OFF RP @ T MESA/TABLE MESA DR,FOOTHILLS OFF RAMP,STATE HWY,     ,  ,2017/11/05 00:00:00+00,2017/11/05 15:53:00+00,2017,11,November,15,1,5,Sunday,15,Motorway Collision,Daylight,NONE,Possible injury,0,0,0,39.987059,-105.232484,0,0,0,0,PARKING LOT,1557,7247
-105.280971,40.016592,Police Collision Report,COLLISION W/ MV - FRONT TO REAR,1714571,2,11TH ST/WALNUT ST,WALNUT ST,,     ,  ,2017/11/04 00:00:00+00,2017/11/04 16:17:00+00,2017,11,November,16,7,4,Saturday,16,Motorway Collision,Daylight,NONE,Property Damage Only,0,0,0,40.016592,-105.280971,0,0,0,0,AT INTERSECTION,1628,7248
-105.234379,39.9865,Police Collision Report,COLLISION W/ MV - FRONT TO REAR,1714740,2,4900  TABLE MESA DR      ,TABLE MESA DR.,CITY ST/CNTY RD,15,E ,2017/11/08 00:00:00+00,2017/11/08 09:40:00+00,2017,11,November,9,4,8,Wednesday,9,Motorway Collision,Daylight,NONE,Property Damage Only,0,0,0,39.9865,-105.234379,0,0,0,0,INTERSECTION RELATED,1010,7249
-105.274729,40.010544,Police Collision Report,COLLISION W/ MV - FRONT TO REAR,1715175,2,UNIVERSITY AVE/15TH ST,UNIVERSITY AVE,CITY ST/CNTY RD,     ,  ,2017/11/16 00:00:00+00,2017/11/16 15:53:00+00,2017,11,November,15,5,16,Thursday,15,Motorway Collision,Daylight,NONE,Possible injury,0,0,0,40.010544,-105.274729,0,0,0,0,AT INTERSECTION,1554,7250
-105.241998,40.022493,Police Collision Report,COLLISION W/ MV - FRONT TO REAR,1715157,2,4740  PEARL PKWY      ,4740 PEARL ST,,     ,  ,2017/11/16 00:00:00+00,2017/11/16 10:01:00+00,2017,11,November,10,5,16,Thursday,10,Motorway Collision,Daylight,NONE,Property Damage Only,0,0,0,40.022493,-105.241998,0,0,0,0,PARKING LOT,940,7251
-105.25833,40.000198,Police Collision Report,COLLISION W/ MV - FRONT TO REAR,1715171,2,BASELINE RD/US HIGHWAY 36,BASELINE ROAD,STATE HWY,     ,  ,2017/11/16 00:00:00+00,2017/11/16 14:55:00+00,2017,11,November,14,5,16,Thursday,14,Motorway Collision,Daylight,NONE,Property Damage Only,0,0,0,40.000198,-105.25833,0,0,0,0,AT INTERSECTION,1455,7252
-105.272536,40.012585,Police Collision Report,COLLISION W/ MV - FRONT TO REAR,1715111,2,ATHENS ST/17TH ST,17TH ST,CITY ST/CNTY RD,20,S ,2017/11/15 00:00:00+00,2017/11/19 00:00:00+00,2017,11,November,0,1,19,Sunday,0,Motorway Collision,Dark - Unlighted,NONE,Possible injury,0,0,0,40.012585,-105.272536,0,0,1,0,INTERSECTION RELATED,1725,7253
-105.24066,40.014698,Police Collision Report,COLLISION W/ MV - FRONT TO REAR,1715108,2,FOOTHILLS PKWY/ARAPAHOE AVE,FOOTHILLS PRKWAY,STATE HWY,     ,  ,2017/11/15 00:00:00+00,2017/11/15 17:40:00+00,2017,11,November,17,4,15,Wednesday,17,Motorway Collision,Dark - Lighted,NONE,Property Damage Only,0,0,0,40.014698,-105.24066,0,0,0,0,AT INTERSECTION,1740,7254
-105.232008,39.988907,Police Collision Report,COLLISION W/ MV - FRONT TO REAR,1715114,2,THUNDERBIRD CIR/THUNDERBIRD DR,THUNDERBIRD CIR,CITY ST/CNTY RD,35,E ,2017/11/15 00:00:00+00,2017/11/15 17:52:00+00,2017,11,November,17,4,15,Wednesday,17,Motorway Collision,Dark - Lighted,NONE,Property Damage Only,0,0,0,39.988907,-105.232008,0,0,0,0,INTERSECTION RELATED,1752,7255
-105.24066,40.014698,Police Collision Report,COLLISION W/ MV - FRONT TO REAR,1715115,2,FOOTHILLS PKWY/ARAPAHOE AVE,FOOTHILLS PARKWAY,STATE HWY,122,N ,2017/11/15 00:00:00+00,2017/11/16 00:00:00+00,2017,11,November,0,5,16,Thursday,0,Motorway Collision,Dawn or Dusk,NONE,Property Damage Only,0,0,0,40.014698,-105.24066,0,0,0,0,INTERSECTION RELATED,1806,7256
-105.242465,40.022798,Police Collision Report,COLLISION W/ MV - FRONT TO REAR,1715085,2,47TH ST/PEARL PKWY,47TH,CITY ST/CNTY RD,     ,  ,2017/11/15 00:00:00+00,2017/11/15 11:25:00+00,2017,11,November,11,4,15,Wednesday,11,Motorway Collision,Daylight,NONE,Possible injury,0,0,0,40.022798,-105.242465,0,0,0,0,AT INTERSECTION,1126,7257
-105.240833,40.014503,Police Collision Report,COLLISION W/ MV - FRONT TO REAR,1715091,2,ARAPAHOE AVE/FOOTHILLS PKWY,FOOTHILLS PKWY,STATE HWY,     ,  ,2017/11/15 00:00:00+00,2017/11/15 12:58:00+00,2017,11,November,12,4,15,Wednesday,12,Motorway Collision,Daylight,NONE,Property Damage Only,0,0,0,40.014503,-105.240833,0,0,0,0,AT INTERSECTION,1258,7258
-105.284114,40.018109,Police Collision Report,COLLISION W/ MV - FRONT TO REAR,1715095,2,9TH ST/SPRUCE ST,9TH ST,CITY ST/CNTY RD,     ,  ,2017/11/09 00:00:00+00,2017/11/15 11:22:00+00,2017,11,November,11,4,15,Wednesday,11,Motorway Collision,Daylight,NONE,Possible injury,0,0,0,40.018109,-105.284114,0,0,0,0,AT INTERSECTION,1600,7259
-105.263563,40.000114,Police Collision Report,COLLISION W/ MV - FRONT TO REAR,1715058,2,BASELINE RD/BROADWAY,BROADWAY,STATE HWY,300,N ,2017/11/14 00:00:00+00,2017/11/14 18:16:00+00,2017,11,November,18,3,14,Tuesday,18,Motorway Collision,Dark - Lighted,NONE,Possible injury,0,0,0,40.000114,-105.263563,0,0,0,0,INTERSECTION RELATED,1817,7260
-105.261082,39.996607,Police Collision Report,COLLISION W/ MV - FRONT TO REAR,1715061,2,27TH WAY/BROADWAY,27TH WAY,CITY ST/CNTY RD,342,E ,2017/11/14 00:00:00+00,2017/11/14 22:40:00+00,2017,11,November,22,3,14,Tuesday,22,Motorway Collision,Dark - Lighted,NONE,Property Damage Only,0,0,0,39.996607,-105.261082,0,0,0,0,NON-INTERSECTION,2240,7261
-105.276926,40.010517,Police Collision Report,COLLISION W/ MV - FRONT TO REAR,1715075,2,UNIVERSITY AVE/BROADWAY,BROADWAY,STATE HWY,     ,  ,2017/11/15 00:00:00+00,2017/11/15 09:57:00+00,2017,11,November,9,4,15,Wednesday,9,Motorway Collision,Daylight,NONE,Property Damage Only,0,0,0,40.010517,-105.276926,0,0,0,0,INTERSECTION RELATED,955,7262
-105.254582,40.000065,Police Collision Report,COLLISION W/ MV - FRONT TO REAR,1715029,2,CANYON CREEK RD/BASELINE RD,BASELINE RD,CITY ST/CNTY RD,30,E ,2017/11/14 00:00:00+00,2017/11/14 08:11:00+00,2017,11,November,8,3,14,Tuesday,8,Motorway Collision,Daylight,NONE,Property Damage Only,0,0,0,40.000065,-105.254582,0,0,0,0,NON-INTERSECTION,811,7263
-105.267753,40.003418,Police Collision Report,COLLISION W/ MV - FRONT TO REAR,1715037,2,BROADWAY/REGENT DR,BROADWAY,STATE HWY,465,S ,2017/11/14 00:00:00+00,2017/11/14 10:52:00+00,2017,11,November,10,3,14,Tuesday,10,Motorway Collision,Daylight,NONE,Possible injury,0,0,0,40.003418,-105.267753,0,0,0,0,NON-INTERSECTION,1050,7264
-105.258432,40.027325,Police Collision Report,COLLISION W/ MV - FRONT TO REAR,1715041,2,28TH ST/BLUFF ST,28TH ST,STATE HWY,532,S ,2017/11/14 00:00:00+00,2017/11/14 13:52:00+00,2017,11,November,13,3,14,Tuesday,13,Motorway Collision,Daylight,NONE,Possible injury,0,0,0,40.027325,-105.258432,0,0,0,0,NON-INTERSECTION,1352,7265
-105.282099,40.039086,Police Collision Report,COLLISION W/ MV - FRONT TO REAR,1715052,2,BROADWAY/KALMIA AVE,BROADWAY,CITY ST/CNTY RD,100,N ,2017/11/14 00:00:00+00,2017/11/14 17:06:00+00,2017,11,November,17,3,14,Tuesday,17,Motorway Collision,Dark - Lighted,NONE,Property Damage Only,0,0,0,40.039086,-105.282099,0,0,0,0,NON-INTERSECTION,1706,7266
-105.276268,40.00951,Police Collision Report,COLLISION W/ MV - FRONT TO REAR,1714918,3,PLEASANT ST/BROADWAY,,STATE HWY,     ,  ,2017/11/11 00:00:00+00,2017/11/11 18:20:00+00,2017,11,November,18,7,11,Saturday,18,Motorway Collision,Dawn or Dusk,NONE,Possible injury,0,0,0,40.00951,-105.276268,1,1,0,0,AT INTERSECTION,1824,7267
-105.23281,39.999988,Police Collision Report,COLLISION W/ MV - FRONT TO REAR,1714964,2,BASELINE RD/FOOTHILLS PKWY,FOOTHILLS,STATE HWY,     ,  ,2017/11/12 00:00:00+00,2017/11/12 16:22:00+00,2017,11,November,16,1,12,Sunday,16,Motorway Collision,Daylight,NONE,Property Damage Only,0,0,0,39.999988,-105.23281,0,0,0,0,AT INTERSECTION,1622,7268
-105.234781,40.014837,Police Collision Report,COLLISION W/ MV - FRONT TO REAR,1715002,2,ARAPAHOE AVE/48TH ST,ARAPAHOE AVE,STATE HWY,45,W ,2017/11/13 00:00:00+00,2017/11/13 16:10:00+00,2017,11,November,16,2,13,Monday,16,Motorway Collision,Daylight,NONE,Non-Incapacitating Injury,0,0,1,40.014837,-105.234781,0,0,0,0,INTERSECTION RELATED,1610,7269
-105.243567,40.000028,Police Collision Report,COLLISION W/ MV - FRONT TO REAR,1715001,2,BASELINE RD/MEADOWBROOK DR,BASELINE,CITY ST/CNTY RD,20,E ,2017/11/13 00:00:00+00,2017/11/13 16:21:00+00,2017,11,November,16,2,13,Monday,16,Motorway Collision,Daylight,NONE,Property Damage Only,0,0,0,40.000028,-105.243567,0,0,0,0,AT INTERSECTION,1621,7270
-105.26379,40.000067,Police Collision Report,COLLISION W/ MV - FRONT TO REAR,1714843,2,BROADWAY/BASELINE RD,BASELINE ROAD,STATE HWY,60,N ,2017/11/10 00:00:00+00,2017/11/10 09:05:00+00,2017,11,November,9,6,10,Friday,9,Motorway Collision,Daylight,NONE,Property Damage Only,0,0,0,40.000067,-105.26379,0,0,0,0,INTERSECTION RELATED,900,7271
-105.246635,40.014655,Police Collision Report,COLLISION W/ MV - FRONT TO REAR,1714854,2,38TH ST/ARAPAHOE AVE,38TH ST,CITY ST/CNTY RD,20,E ,2017/11/10 00:00:00+00,2017/11/10 15:02:00+00,2017,11,November,15,6,10,Friday,15,Motorway Collision,Daylight,NONE,Property Damage Only,0,0,0,40.014655,-105.246635,0,0,0,0,INTERSECTION RELATED,1503,7272
-105.258504,40.020518,Police Collision Report,COLLISION W/ MV - FRONT TO REAR,1714861,2,28TH ST/WALNUT ST,28TH ST,STATE HWY,75,S ,2017/11/10 00:00:00+00,2017/11/10 17:08:00+00,2017,11,November,17,6,10,Friday,17,Motorway Collision,Dark - Lighted,NONE,Possible injury,0,0,0,40.020518,-105.258504,0,0,0,0,INTERSECTION RELATED,1708,7273
-105.253136,40.00517,Police Collision Report,COLLISION W/ MV - FRONT TO REAR,1714865,3,30TH ST/E EUCLID AVE,30TH,CITY ST/CNTY RD,300,S ,2017/11/10 00:00:00+00,2017/11/11 00:00:00+00,2017,11,November,0,7,11,Saturday,0,Motorway Collision,Dark - Lighted,NONE,Property Damage Only,0,0,0,40.00517,-105.253136,0,0,0,0,INTERSECTION RELATED,1732,7274
-105.231998,39.986966,Police Collision Report,COLLISION W/ MV - FRONT TO REAR,1714896,2,FOOTHILLS PKWY/TABLE MESA DR,FOOTHILLS,CITY ST/CNTY RD,100,S ,2017/11/11 00:00:00+00,2017/11/11 09:45:00+00,2017,11,November,9,7,11,Saturday,9,Motorway Collision,Daylight,NONE,Possible injury,0,0,0,39.986966,-105.231998,0,0,0,0,INTERSECTION RELATED,946,7275
-105.225448,40.014598,Police Collision Report,COLLISION W/ MV - FRONT TO REAR,1714905,2,55TH ST/ARAPAHOE AVE,55TH STREET,STATE HWY,140,W ,2017/11/11 00:00:00+00,2017/11/11 13:13:00+00,2017,11,November,13,7,11,Saturday,13,Motorway Collision,Daylight,NONE,Property Damage Only,0,0,0,40.014598,-105.225448,0,0,0,0,INTERSECTION RELATED,1310,7276
-105.267763,40.003446,Police Collision Report,COLLISION W/ MV - FRONT TO REAR,1714906,3,20TH ST/BROADWAY,BROADWAY,STATE HWY,300,N ,2017/11/11 00:00:00+00,2017/11/11 13:40:00+00,2017,11,November,13,7,11,Saturday,13,Motorway Collision,Daylight,NONE,Property Damage Only,0,0,0,40.003446,-105.267763,0,0,0,0,INTERSECTION RELATED,1341,7277
-105.236099,39.985861,Police Collision Report,COLLISION W/ MV - FRONT TO REAR,1715210,2,TABLE MESA DR/US HIGHWAY 36 ON RAMP,TABLE MESA DRIVE,STATE HWY,     ,  ,2017/11/17 00:00:00+00,2017/11/17 07:37:00+00,2017,11,November,7,6,17,Friday,7,Motorway Collision,Daylight,NONE,Possible injury,0,0,0,39.985861,-105.236099,0,0,0,0,INTERSECTION RELATED,735,7278
-105.260501,40.01741,Police Collision Report,COLLISION W/ MV - FRONT TO REAR,1715242,2,2595  CANYON BLVD      ,2595 CANYON BLCD,,     ,  ,2017/11/16 00:00:00+00,2017/11/16 15:32:00+00,2017,11,November,15,5,16,Thursday,15,Motorway Collision,Daylight,NONE,Property Damage Only,0,0,0,40.01741,-105.260501,0,0,0,0,PARKING LOT,1445,7279
-105.282065,40.036389,Police Collision Report,COLLISION W/ MV - FRONT TO REAR,1715243,2,IRIS AVE/BROADWAY,BROADWAY,CITY ST/CNTY RD,175,E ,2017/11/17 00:00:00+00,2017/11/17 14:01:00+00,2017,11,November,14,6,17,Friday,14,Motorway Collision,Daylight,NONE,Property Damage Only,0,0,0,40.036389,-105.282065,0,0,0,0,INTERSECTION RELATED,1400,7280
-105.269017,40.014601,Police Collision Report,COLLISION W/ MV - FRONT TO REAR,1715245,2,20TH ST/ARAPAHOE AVE,ARAPAHOE,CITY ST/CNTY RD,     ,  ,2017/11/17 00:00:00+00,2017/11/17 14:40:00+00,2017,11,November,14,6,17,Friday,14,Motorway Collision,Daylight,NONE,Property Damage Only,0,0,0,40.014601,-105.269017,0,0,0,0,AT INTERSECTION,1441,7281
-105.258282,40.014544,Police Collision Report,COLLISION W/ MV - FRONT TO REAR,1715357,2,28TH ST/ARAPAHOE AVE,28TH ST,STATE HWY,     ,  ,2017/11/20 00:00:00+00,2017/11/20 17:34:00+00,2017,11,November,17,2,20,Monday,17,Motorway Collision,Dark - Lighted,NONE,Property Damage Only,0,0,0,40.014544,-105.258282,0,0,0,0,AT INTERSECTION,1734,7282
-105.263661,40.023399,Police Collision Report,COLLISION W/ MV - FRONT TO REAR,1715287,2,FOLSOM ST/PINE ST,FOLSOM ST,CITY ST/CNTY RD,20,S ,2017/11/18 00:00:00+00,2017/11/18 16:02:00+00,2017,11,November,16,7,18,Saturday,16,Motorway Collision,Daylight,NONE,Property Damage Only,0,0,0,40.023399,-105.263661,0,0,0,0,INTERSECTION RELATED,1603,7283
-105.255926,40.000012,Police Collision Report,COLLISION W/ MV - FRONT TO REAR,1715391,2,2900  BASELINE RD      ,2900 BASELINE RD,,     ,  ,2017/11/21 00:00:00+00,2017/11/21 14:25:00+00,2017,11,November,14,3,21,Tuesday,14,Motorway Collision,Daylight,NONE,Property Damage Only,0,0,0,40.000012,-105.255926,0,0,0,0,PARKING LOT,1426,7284
-105.244815,40.02287,Police Collision Report,COLLISION W/ MV - FRONT TO REAR,1715395,2,FOOTHILLS PKWY/PEARL PKWY,FOOTHILLS PKWY,STATE HWY,     ,  ,2017/11/21 00:00:00+00,2017/11/22 00:00:00+00,2017,11,November,0,4,22,Wednesday,0,Motorway Collision,Daylight,NONE,Property Damage Only,0,0,0,40.02287,-105.244815,0,0,0,0,PARKING LOT,1508,7285