X,Y,ReportType,PrmaryCollsionType,CaseNumber,UnitsInvolved,Location,OnHighway,CrossStreet,FeetFromIntersection,DirectionFromIntersection,CollisionDate,ReportedDate,ReportedYear,ReportedMonth,ReportedMonthName,ReportedWeek,ReportedDayofWeekNum,ReportedDayofMonth,ReportedDayofWeek,ReportedHour,HitAndRunStatus,LightingCondition,WeatherCondition,Severity,NumKilled,NumSeriouslyInjured,NumInjuredOrKilled,Lat,Lon,DUI,AlcoholDrugSuspected,BicyclesInvolved,PedestriansInvolved,RoadDescription,Crash_Time,ESRI_OID
-105.258272,40.017365,Police Collision Report,COLLISION W/ MV - FRONT TO REAR,1715396,2,CANYON BLVD/28TH ST,CANYON BLVD,STATE HWY,     ,  ,2017/11/21 00:00:00+00,2017/11/21 15:12:00+00,2017,11,November,15,3,21,Tuesday,15,Motorway Collision,Daylight,NONE,Possible injury,0,0,0,40.017365,-105.258272,0,0,0,0,DRIVEWAY ACCESS RELATED,1510,7286
-105.282152,40.05457,Police Collision Report,COLLISION W/ MV - FRONT TO REAR,1715535,2,BROADWAY/VIOLET AVE,VIOLET AVE,CITY ST/CNTY RD,10,S ,,2017/11/26 17:43:00+00,2017,11,November,17,1,26,Sunday,17,Motorway Collision,Dark - Lighted,NONE,Possible injury,0,0,0,40.05457,-105.282152,0,0,0,0,INTERSECTION RELATED,1743,7287
-105.269744,40.004528,Police Collision Report,COLLISION W/ MV - FRONT TO REAR,1715539,2,BROADWAY/18TH ST,REGENT DR,STATE HWY,380,N ,2017/11/26 00:00:00+00,2017/11/27 00:00:00+00,2017,11,November,0,2,27,Monday,0,Motorway Collision,Dark - Lighted,NONE,Property Damage Only,0,0,0,40.004528,-105.269744,0,0,0,0,NON-INTERSECTION,1909,7288
-105.258492,40.017345,Police Collision Report,COLLISION W/ MV - FRONT TO REAR,1715509,2,28TH ST/CANYON BLVD,CANYON BLVD,STATE HWY,150,N ,2017/11/25 00:00:00+00,2017/11/25 18:39:00+00,2017,11,November,18,7,25,Saturday,18,Motorway Collision,Dawn or Dusk,NONE,Property Damage Only,0,0,0,40.017345,-105.258492,0,0,0,0,NON-INTERSECTION,1839,7289
-105.206359,40.071208,Police Collision Report,COLLISION W/ MV - FRONT TO REAR,1715435,2,6315  LOOKOUT RD      ,LOOKOUT,,     ,  ,2017/11/22 00:00:00+00,2017/11/22 17:11:00+00,2017,11,November,17,4,22,Wednesday,17,Motorway Collision,Dark - Lighted,NONE,Property Damage Only,0,0,0,40.071208,-105.206359,0,0,0,0,AT INTERSECTION,1712,7290
-105.285692,40.024506,Police Collision Report,COLLISION W/ MV - FRONT TO REAR,1715420,2,9TH ST/NORTH ST,9TH STREET,CITY ST/CNTY RD,     ,  ,2017/11/22 00:00:00+00,2017/11/22 10:18:00+00,2017,11,November,10,4,22,Wednesday,10,Motorway Collision,Daylight,NONE,Incapacitating Injury,0,1,1,40.024506,-105.285692,0,0,0,0,INTERSECTION RELATED,1018,7291
-105.263121,40.021317,Police Collision Report,COLLISION W/ MV - FRONT TO REAR,1715541,2,2500  PEARL ST      ,PEARL ST,CITY ST/CNTY RD,     ,  ,2017/11/26 20:57:00+00,2017/11/26 23:09:00+00,2017,11,November,23,1,26,Sunday,23,Motorway Collision,Dark - Lighted,NONE,Possible injury,0,0,0,40.021317,-105.263121,1,1,0,0,AT INTERSECTION,2057,7292
-105.287317,40.053031,Police Collision Report,COLLISION W/ MV - FRONT TO REAR,1715542,2,770   UNION AVE      ,770 UNION,CITY ST/CNTY RD,     ,  ,2017/11/26 00:00:00+00,2017/11/26 21:29:00+00,2017,11,November,21,1,26,Sunday,21,Motorway Collision,Dark - Unlighted,NONE,Property Damage Only,0,0,0,40.053031,-105.287317,0,0,0,0,NON-INTERSECTION,1800,7293
-105.244862,40.029223,Police Collision Report,COLLISION W/ MV - FRONT TO REAR,1715552,4,FOOTHILLS PKWY/VALMONT RD,FOOTHILLS PKWY,STATE HWY,1300,N ,2017/11/27 00:00:00+00,2017/11/27 07:34:00+00,2017,11,November,7,2,27,Monday,7,Motorway Collision,Daylight,NONE,Possible injury,0,0,0,40.029223,-105.244862,0,0,0,0,NON-INTERSECTION,730,7294
-105.267753,40.003418,Police Collision Report,COLLISION W/ MV - FRONT TO REAR,1715565,2,BROADWAY/REGENT DR,BROADWAY,STATE HWY,119,S ,2017/11/27 00:00:00+00,2017/11/27 11:07:00+00,2017,11,November,11,2,27,Monday,11,Motorway Collision,Daylight,NONE,Property Damage Only,0,0,0,40.003418,-105.267753,0,0,0,0,NON-INTERSECTION,1107,7295
-105.257691,40.014723,Police Collision Report,COLLISION W/ MV - FRONT TO REAR,1715581,2,ARAPAHOE AVE/CULVER CT,ARAPAHOE AVE,STATE HWY,25,W ,2017/11/27 00:00:00+00,2017/11/27 15:38:00+00,2017,11,November,15,2,27,Monday,15,Motorway Collision,Daylight,NONE,Property Damage Only,0,0,0,40.014723,-105.257691,0,0,0,0,INTERSECTION RELATED,1537,7296
-105.282112,40.046385,Police Collision Report,COLLISION W/ MV - FRONT TO REAR,1715602,2,BROADWAY/POPLAR AVE,BROADWAY,CITY ST/CNTY RD,120,S ,2017/11/28 00:00:00+00,2017/11/28 07:39:00+00,2017,11,November,7,3,28,Tuesday,7,Motorway Collision,Daylight,NONE,Possible injury,0,0,0,40.046385,-105.282112,0,0,0,0,NON-INTERSECTION,739,7297
-105.26509,40.000084,Police Collision Report,COLLISION W/ MV - FRONT TO REAR,1715872,2,22ND ST/BASELINE RD,BASELINE RD,CITY ST/CNTY RD,20,W ,2017/12/03 00:00:00+00,2017/12/03 16:43:00+00,2017,12,December,16,1,3,Sunday,16,Motorway Collision,Dark - Unlighted,NONE,Property Damage Only,0,0,0,40.000084,-105.26509,0,0,0,0,INTERSECTION RELATED,1644,7298
-105.260159,40.000452,Police Collision Report,COLLISION W/ MV - FRONT TO REAR,1715874,2,27TH WAY/BASELINE RD,BASELINE RD,STATE HWY,325,W ,2017/12/03 00:00:00+00,2017/12/03 17:32:00+00,2017,12,December,17,1,3,Sunday,17,Motorway Collision,Dark - Lighted,NONE,Property Damage Only,0,0,0,40.000452,-105.260159,0,0,0,0,INTERSECTION RELATED,1732,7299
-105.275319,40.036425,Police Collision Report,COLLISION W/ MV - FRONT TO REAR,1715921,2,IRIS AVE/IRIS CT,IRIS AVE,CITY ST/CNTY RD,10,E ,2017/12/05 00:00:00+00,2017/12/05 08:24:00+00,2017,12,December,8,3,5,Tuesday,8,Motorway Collision,Daylight,NONE,Non-Incapacitating Injury,0,0,1,40.036425,-105.275319,0,0,0,0,DRIVEWAY ACCESS RELATED,824,7300
-105.206734,40.071175,Police Collision Report,COLLISION W/ MV - FRONT TO REAR,1715927,2,63RD ST/LOOKOUT RD,LOOKOUT RD,CITY ST/CNTY RD,     ,  ,2017/10/05 00:00:00+00,2017/12/05 10:59:00+00,2017,12,December,10,3,5,Tuesday,10,Motorway Collision,Daylight,NONE,Possible injury,0,0,0,40.071175,-105.206734,0,0,0,0,INTERSECTION RELATED,1059,7301
-105.28325,40.027966,Police Collision Report,COLLISION W/ MV - FRONT TO REAR,1715964,3,1100  CEDAR AVE BLK    ,CEDAR AVE,CITY ST/CNTY RD,80,E ,2017/12/06 03:21:59+00,2017/12/06 03:22:00+00,2017,12,December,3,4,6,Wednesday,3,Motorway Collision,Dark - Unlighted,NONE,Property Damage Only,0,0,0,40.027966,-105.28325,1,1,0,0,NON-INTERSECTION,126,7302
-105.272504,40.011209,Police Collision Report,COLLISION W/ MV - FRONT TO REAR,1715984,2,17TH ST/HILLSIDE RD,17TH,CITY ST/CNTY RD,     ,  ,2017/12/06 00:00:00+00,2017/12/06 15:04:00+00,2017,12,December,15,4,6,Wednesday,15,Motorway Collision,Daylight,NONE,Property Damage Only,0,0,0,40.011209,-105.272504,0,0,0,0,AT INTERSECTION,1506,7303
-105.232067,39.986813,Police Collision Report,COLLISION W/ MV - FRONT TO REAR,1715985,2,TABLE MESA DR/FOOTHILLS PKWY,TABLE MESA DR.,CITY ST/CNTY RD,     ,  ,2017/12/06 00:00:00+00,2017/12/10 00:00:00+00,2017,12,December,0,1,10,Sunday,0,Motorway Collision,Daylight,NONE,Property Damage Only,0,0,0,39.986813,-105.232067,0,0,0,0,INTERSECTION RELATED,1513,7304
-105.283422,40.01316,Police Collision Report,COLLISION W/ MV - FRONT TO REAR,1715988,2,9TH ST/ARAPAHOE AVE,ARAPAHOE AVE,CITY ST/CNTY RD,115,E ,2017/12/06 00:00:00+00,2017/12/06 16:19:00+00,2017,12,December,16,4,6,Wednesday,16,Motorway Collision,Dawn or Dusk,NONE,Property Damage Only,0,0,0,40.01316,-105.283422,0,0,0,0,NON-INTERSECTION,1619,7305
-105.245671,40.023014,Police Collision Report,COLLISION W/ MV - FRONT TO REAR,1715793,2,PEARL PKWY/FOOTHILLS SB OFF RP @ PEARL,FOOTHILLS PARKWAY,STATE HWY,     ,  ,2017/12/01 00:00:00+00,2017/12/01 19:35:00+00,2017,12,December,19,6,1,Friday,19,Motorway Collision,Dark - Lighted,NONE,Property Damage Only,0,0,0,40.023014,-105.245671,0,0,0,0,AT INTERSECTION,1935,7306
-105.282065,40.036389,Police Collision Report,COLLISION W/ MV - FRONT TO REAR,1715814,2,IRIS AVE/BROADWAY,IRIS,CITY ST/CNTY RD,250,S ,2017/12/02 00:00:00+00,2017/12/02 09:59:00+00,2017,12,December,9,7,2,Saturday,9,Motorway Collision,Daylight,NONE,Property Damage Only,0,0,0,40.036389,-105.282065,0,0,0,0,AT INTERSECTION,1000,7307
-105.258432,40.027325,Police Collision Report,COLLISION W/ MV - FRONT TO REAR,1715790,2,28TH ST/BLUFF ST,28TH ST,CITY ST/CNTY RD,130,S ,2017/12/01 00:00:00+00,2017/12/01 17:56:00+00,2017,12,December,17,6,1,Friday,17,Motorway Collision,Dark - Lighted,NONE,Property Damage Only,0,0,0,40.027325,-105.258432,0,0,0,0,NON-INTERSECTION,1756,7308
-105.236796,39.988089,Police Collision Report,COLLISION W/ MV - FRONT TO REAR,1715868,2,PAWNEE DR/APACHE RD,FOOTHILLS PKWY OFFRAMP,STATE HWY,     ,  ,2017/12/03 00:00:00+00,2017/12/03 12:23:00+00,2017,12,December,12,1,3,Sunday,12,Motorway Collision,Daylight,NONE,Property Damage Only,0,0,0,39.988089,-105.236796,0,0,0,0,AT INTERSECTION,1220,7309
-105.24133,39.973608,Police Collision Report,COLLISION W/ MV - FRONT TO REAR,1715878,2,GREENBRIAR BLVD/CHAMBERS DR,GREENBRIAR,CITY ST/CNTY RD,     ,  ,2017/12/03 00:00:00+00,2017/12/03 20:48:00+00,2017,12,December,20,1,3,Sunday,20,Motorway Collision,Dark - Unlighted,NONE,Property Damage Only,0,0,0,39.973608,-105.24133,0,0,0,0,INTERSECTION RELATED,2048,7310
-105.253767,40.023257,Police Collision Report,COLLISION W/ MV - FRONT TO REAR,1715889,2,30TH ST/PEARL ST,30TH ST,CITY ST/CNTY RD,326,N ,2017/12/04 00:00:00+00,2017/12/04 10:52:00+00,2017,12,December,10,2,4,Monday,10,Motorway Collision,Daylight,NONE,Property Damage Only,0,0,0,40.023257,-105.253767,0,0,0,0,NON-INTERSECTION,1052,7311
-105.261328,40.008161,Police Collision Report,COLLISION W/ MV - FRONT TO REAR,1715775,2,REGENT DR/COLORADO AVE,REGENT,CITY ST/CNTY RD,     ,  ,2017/12/01 00:00:00+00,2017/12/01 13:06:00+00,2017,12,December,13,6,1,Friday,13,Motorway Collision,Daylight,NONE,Property Damage Only,0,0,0,40.008161,-105.261328,0,0,0,0,INTERSECTION RELATED,1305,7312
-105.258282,40.014544,Police Collision Report,COLLISION W/ MV - FRONT TO REAR,1715776,2,28TH ST/ARAPAHOE AVE,28TH ST,STATE HWY,388,N ,2017/12/01 00:00:00+00,2017/12/01 12:45:00+00,2017,12,December,12,6,1,Friday,12,Motorway Collision,Daylight,NONE,Property Damage Only,0,0,0,40.014544,-105.258282,0,0,0,0,INTERSECTION RELATED,1246,7313
-105.244815,40.02287,Police Collision Report,COLLISION W/ MV - FRONT TO REAR,1715741,2,FOOTHILLS PKWY/PEARL PKWY,FOOTHILLS PARKWAY,STATE HWY,     ,  ,2017/11/30 00:00:00+00,2017/11/30 18:00:00+00,2017,11,November,18,5,30,Thursday,18,Motorway Collision,Dark - Lighted,NONE,Property Damage Only,0,0,0,40.02287,-105.244815,0,0,0,0,INTERSECTION RELATED,1800,7314
-105.229567,39.999964,Police Collision Report,COLLISION W/ MV - FRONT TO REAR,1715709,2,BASELINE RD/MANHATTAN DR,FOOTHILLS PARKWAY,STATE HWY,     ,  ,2017/11/30 00:00:00+00,2017/11/30 09:28:00+00,2017,11,November,9,5,30,Thursday,9,Motorway Collision,Daylight,NONE,Property Damage Only,0,0,0,39.999964,-105.229567,0,0,0,0,AT INTERSECTION,928,7315
-105.258516,40.040103,Police Collision Report,COLLISION W/ MV - FRONT TO REAR,1715634,3,28TH ST/KALMIA AVE,28TH. ST.,STATE HWY,150,N ,2017/11/28 00:00:00+00,2017/11/28 16:46:00+00,2017,11,November,16,3,28,Tuesday,16,Motorway Collision,Dark - Unlighted,NONE,Property Damage Only,0,0,0,40.040103,-105.258516,0,0,0,0,INTERSECTION RELATED,1646,7316
-105.258407,40.022375,Police Collision Report,COLLISION W/ MV - FRONT TO REAR,1715636,3,28TH ST/PEARL ST,28TH ST,STATE HWY,135,N ,2017/11/28 00:00:00+00,2017/11/28 17:36:00+00,2017,11,November,17,3,28,Tuesday,17,Motorway Collision,Dark - Lighted,NONE,Property Damage Only,0,0,0,40.022375,-105.258407,0,0,0,0,INTERSECTION RELATED,1736,7317
-105.235751,39.986983,Police Collision Report,COLLISION W/ MV - FRONT TO REAR,1715654,3,38800  US HIGHWAY 36      ,HWY 36,STATE HWY,1000,W ,2017/11/29 00:00:00+00,2017/11/29 08:39:00+00,2017,11,November,8,4,29,Wednesday,8,Motorway Collision,Daylight,NONE,Possible injury,0,0,0,39.986983,-105.235751,0,0,0,0,NON-INTERSECTION,839,7318
-105.234743,39.986514,Police Collision Report,COLLISION W/ MV - FRONT TO REAR,1715659,2,US HIGHWAY 36/TABLE MESA DR,US HWY 36,STATE HWY,425,W ,,2017/11/29 09:50:00+00,2017,11,November,9,4,29,Wednesday,9,Motorway Collision,Daylight,NONE,Property Damage Only,0,0,0,39.986514,-105.234743,0,0,0,0,NON-INTERSECTION,952,7319
-105.260198,40.000304,Police Collision Report,COLLISION W/ MV - FRONT TO REAR,1715660,2,BASELINE RD/27TH WAY,BASELINE RD,STATE HWY,     ,  ,2017/11/01 00:00:00+00,2017/11/01 00:00:00+00,2017,11,November,0,4,1,Wednesday,0,Motorway Collision,Daylight,NONE,Property Damage Only,0,0,0,40.000304,-105.260198,0,0,0,0,AT INTERSECTION,1330,7320
-105.28056,40.015655,Police Collision Report,COLLISION W/ MV - FRONT TO REAR,1715667,2,11TH ST/CANYON BLVD,BROADWAY,CITY ST/CNTY RD,     ,  ,2017/11/29 00:00:00+00,2017/11/29 12:49:00+00,2017,11,November,12,4,29,Wednesday,12,Motorway Collision,Daylight,NONE,Property Damage Only,0,0,0,40.015655,-105.28056,0,0,0,0,INTERSECTION RELATED,1249,7321
-105.246923,39.982262,Police Collision Report,COLLISION W/ MV - FRONT TO REAR,1715679,2,S BROADWAY/HANOVER AVE,S. BROADWAY,STATE HWY,20,N ,2017/11/29 00:00:00+00,2017/11/29 17:17:00+00,2017,11,November,17,4,29,Wednesday,17,Motorway Collision,Dark - Lighted,NONE,Property Damage Only,0,0,0,39.982262,-105.246923,0,0,0,0,AT INTERSECTION,1717,7322
-105.240833,40.014503,Police Collision Report,COLLISION W/ MV - FRONT TO REAR,1805750,2,ARAPAHOE AVE/FOOTHILLS PKWY,ARAPAHOE AVE,STATE HWY,155,E ,2018/05/11 00:00:00+00,2018/05/11 13:31:00+00,2018,5,May,13,6,11,Friday,13,Motorway Collision,Daylight,NONE,Property Damage Only,0,0,0,40.014503,-105.240833,0,0,0,0,NON-INTERSECTION,1331,7323
-105.258492,40.017345,Police Collision Report,COLLISION W/ MV - FRONT TO REAR,1805765,2,28TH ST/CANYON BLVD,28TH ST,STATE HWY,131,N ,2018/05/11 00:00:00+00,2018/05/11 16:40:00+00,2018,5,May,16,6,11,Friday,16,Motorway Collision,Daylight,NONE,Property Damage Only,0,0,0,40.017345,-105.258492,0,0,0,0,NON-INTERSECTION,1616,7324
-105.258317,40.014664,Police Collision Report,COLLISION W/ MV - FRONT TO REAR,1805735,3,ARAPAHOE AVE/28TH ST,ARAPAHOE AVENUE,STATE HWY,     ,  ,2018/05/11 00:00:00+00,2018/05/11 09:03:00+00,2018,5,May,9,6,11,Friday,9,Motorway Collision,Daylight,NONE,Property Damage Only,0,0,0,40.014664,-105.258317,0,0,0,0,AT INTERSECTION,903,7325
-105.258317,40.014664,Police Collision Report,COLLISION W/ MV - FRONT TO REAR,1805901,2,ARAPAHOE AVE/28TH ST,28TH ST,STATE HWY,141,S ,2018/05/14 00:00:00+00,2018/05/14 15:17:00+00,2018,5,May,15,2,14,Monday,15,Motorway Collision,Daylight,NONE,Property Damage Only,0,0,0,40.014664,-105.258317,0,0,0,0,INTERSECTION RELATED,1540,7326
-105.23281,39.999988,Police Collision Report,COLLISION W/ MV - FRONT TO REAR,1805903,2,BASELINE RD/FOOTHILLS PKWY,FOOTHILLS PKWY,STATE HWY,190,S ,2018/05/14 00:00:00+00,2018/05/14 17:00:00+00,2018,5,May,17,2,14,Monday,17,Motorway Collision,Daylight,NONE,Property Damage Only,0,0,0,39.999988,-105.23281,0,0,0,0,INTERSECTION RELATED,1700,7327
-105.253634,40.014706,Police Collision Report,COLLISION W/ MV - FRONT TO REAR,1805907,2,30TH ST/ARAPAHOE AVE,ARAPAHOE AVE,STATE HWY,5,W ,2018/05/14 00:00:00+00,2018/05/14 20:54:00+00,2018,5,May,20,2,14,Monday,20,Motorway Collision,Dark - Lighted,NONE,Property Damage Only,0,0,0,40.014706,-105.253634,0,0,0,0,INTERSECTION RELATED,2100,7328
-105.278674,40.01413,Police Collision Report,COLLISION W/ MV - FRONT TO REAR,1805983,2,ARAPAHOE AVE/BROADWAY,BROADWAY AVE,STATE HWY,79,S ,2018/05/16 00:00:00+00,2018/05/16 11:10:00+00,2018,5,May,11,4,16,Wednesday,11,Motorway Collision,Daylight,NONE,Property Damage Only,0,0,0,40.01413,-105.278674,0,0,0,0,INTERSECTION RELATED,1110,7329
-105.280516,40.023435,Police Collision Report,COLLISION W/ MV - FRONT TO REAR,1805950,2,13TH ST/PORTLAND PL,PORTLAND,CITY ST/CNTY RD,100,W ,2018/05/15 00:00:00+00,2018/05/15 16:02:00+00,2018,5,May,16,3,15,Tuesday,16,Motorway Collision,Daylight,NONE,Property Damage Only,0,0,0,40.023435,-105.280516,0,0,0,0,NON-INTERSECTION,1602,7330
-105.276238,40.007301,Police Collision Report,COLLISION W/ MV - FRONT TO REAR,1805992,2,13TH ST/COLLEGE AVE,13TH ST,CITY ST/CNTY RD,30,N ,2018/05/16 00:00:00+00,2018/05/16 13:00:00+00,2018,5,May,13,4,16,Wednesday,13,Motorway Collision,Daylight,NONE,Property Damage Only,0,0,0,40.007301,-105.276238,0,0,0,0,INTERSECTION RELATED,1301,7331
-105.225448,40.014598,Police Collision Report,COLLISION W/ MV - FRONT TO REAR,1805997,2,55TH ST/ARAPAHOE AVE,ARAPAHOE AVENUE,STATE HWY,     ,  ,2018/05/16 00:00:00+00,2018/05/16 14:22:00+00,2018,5,May,14,4,16,Wednesday,14,Motorway Collision,Daylight,NONE,Property Damage Only,0,0,0,40.014598,-105.225448,0,0,0,0,AT INTERSECTION,1422,7332
-105.258403,40.029131,Police Collision Report,COLLISION W/ MV - FRONT TO REAR,1805890,2,VALMONT RD/28TH ST,VALMONT RD,CITY ST/CNTY RD,38,E ,2018/05/14 00:00:00+00,2018/05/14 10:04:00+00,2018,5,May,10,2,14,Monday,10,Motorway Collision,Daylight,NONE,Property Damage Only,0,0,0,40.029131,-105.258403,0,0,0,0,AT INTERSECTION,1004,7333
-105.2131,40.014835,Police Collision Report,COLLISION W/ MV - FRONT TO REAR,1805955,2,ARAPAHOE AVE/CHERRYVALE RD,ARAPAHOE,STATE HWY,40,E ,2018/05/15 00:00:00+00,2018/05/15 17:50:00+00,2018,5,May,17,3,15,Tuesday,17,Motorway Collision,Daylight,NONE,Property Damage Only,0,0,0,40.014835,-105.2131,0,0,0,0,NON-INTERSECTION,1750,7334
-105.283202,40.015101,Police Collision Report,COLLISION W/ MV - FRONT TO REAR,1805660,3,9TH ST/CANYON BLVD,9TH STREET,CITY ST/CNTY RD,320,S ,2018/05/09 00:00:00+00,2018/05/09 15:59:00+00,2018,5,May,15,4,9,Wednesday,15,Motorway Collision,Daylight,NONE,Property Damage Only,0,0,0,40.015101,-105.283202,0,0,0,0,NON-INTERSECTION,1559,7335
-105.240833,40.014503,Police Collision Report,COLLISION W/ MV - FRONT TO REAR,1805606,2,ARAPAHOE AVE/FOOTHILLS PKWY,ARAPAHOE AVE.,STATE HWY,     ,  ,2018/05/08 00:00:00+00,2018/05/08 15:48:00+00,2018,5,May,15,3,8,Tuesday,15,Motorway Collision,Daylight,NONE,Property Damage Only,0,0,0,40.014503,-105.240833,0,0,0,0,AT INTERSECTION,1548,7336
-105.239461,39.984856,Police Collision Report,COLLISION W/ MV - FRONT TO REAR,1805617,3,TANTRA DR/TABLE MESA DR,TABLE MESA DR,CITY ST/CNTY RD,305,W ,2018/05/08 00:00:00+00,2018/05/08 17:46:00+00,2018,5,May,17,3,8,Tuesday,17,Motorway Collision,Daylight,NONE,Property Damage Only,0,0,0,39.984856,-105.239461,0,0,0,0,NON-INTERSECTION,1745,7337
-105.28381,40.01712,Police Collision Report,COLLISION W/ MV - FRONT TO REAR,1805664,3,PEARL ST/9TH ST,9TH ST,CITY ST/CNTY RD,46,N ,2018/05/09 00:00:00+00,2018/05/09 16:28:00+00,2018,5,May,16,4,9,Wednesday,16,Motorway Collision,Daylight,NONE,Property Damage Only,0,0,0,40.01712,-105.28381,0,0,0,0,INTERSECTION RELATED,1545,7338
-105.253688,40.014535,Police Collision Report,COLLISION W/ MV - FRONT TO REAR,1805695,2,ARAPAHOE AVE/30TH ST,30TH ST,STATE HWY,     ,  ,2018/05/10 00:00:00+00,2018/05/10 12:00:00+00,2018,5,May,12,5,10,Thursday,12,Motorway Collision,Daylight,NONE,Property Damage Only,0,0,0,40.014535,-105.253688,0,0,0,0,INTERSECTION RELATED,1200,7339
-105.260153,39.999094,Police Collision Report,COLLISION W/ MV - FRONT TO REAR,1805704,2,27TH WAY/MOORHEAD AVE,MOORHEAD AVE,CITY ST/CNTY RD,     ,  ,2018/05/10 00:00:00+00,2018/05/10 13:51:00+00,2018,5,May,13,5,10,Thursday,13,Motorway Collision,Daylight,NONE,Property Damage Only,0,0,0,39.999094,-105.260153,0,0,0,0,INTERSECTION RELATED,1350,7340
-105.243608,39.985849,Police Collision Report,COLLISION W/ MV - FRONT TO REAR,1805709,2,TABLE MESA DR/S 44TH ST,TABLE MESA DRIVE,CITY ST/CNTY RD,     ,  ,2018/05/10 00:00:00+00,2018/05/10 14:34:00+00,2018,5,May,14,5,10,Thursday,14,Motorway Collision,Daylight,NONE,Property Damage Only,0,0,0,39.985849,-105.243608,0,0,0,0,AT INTERSECTION,1434,7341
-105.260159,40.000452,Police Collision Report,COLLISION W/ MV - FRONT TO REAR,1805710,2,27TH WAY/BASELINE RD,BASELINE RD,CITY ST/CNTY RD,     ,  ,2018/05/10 00:00:00+00,2018/05/10 14:53:00+00,2018,5,May,14,5,10,Thursday,14,Motorway Collision,Daylight,NONE,Property Damage Only,0,0,0,40.000452,-105.260159,0,0,0,0,AT INTERSECTION,1452,7342
-105.2678,40.000076,Police Collision Report,COLLISION W/ MV - FRONT TO REAR,1805715,2,20TH ST/BASELINE RD,BASELINE RD,CITY ST/CNTY RD,     ,  ,2018/05/10 00:00:00+00,2018/05/10 18:02:00+00,2018,5,May,18,5,10,Thursday,18,Motorway Collision,Daylight,NONE,Property Damage Only,0,0,0,40.000076,-105.2678,0,0,0,0,NON-INTERSECTION,1802,7343
-105.258282,40.014544,Police Collision Report,COLLISION W/ MV - FRONT TO REAR,1805544,2,28TH ST/ARAPAHOE AVE,28TH ST,STATE HWY,     ,  ,2018/05/07 00:00:00+00,2018/05/07 10:47:00+00,2018,5,May,10,2,7,Monday,10,Motorway Collision,Daylight,NONE,Property Damage Only,0,0,0,40.014544,-105.258282,0,0,0,0,AT INTERSECTION,1045,7344
-105.258436,40.029068,Police Collision Report,COLLISION W/ MV - FRONT TO REAR,1805556,2,2995  28TH ST      ,PRIVATE PARKING LOT,,     ,  ,2018/05/04 14:00:00+00,2018/05/07 14:58:00+00,2018,5,May,14,2,7,Monday,14,Motorway Collision,Daylight,NONE,Property Damage Only,0,0,0,40.029068,-105.258436,0,0,0,0,PARKING LOT,1400,7345
-105.264658,40.01464,Police Collision Report,COLLISION W/ MV - FRONT TO REAR,1805557,3,ARAPAHOE AVE/23RD ST,ARAPAHOE AVE,CITY ST/CNTY RD,45,E ,2018/05/07 00:00:00+00,2018/05/07 15:05:00+00,2018,5,May,15,2,7,Monday,15,Motorway Collision,Daylight,NONE,Property Damage Only,0,0,0,40.01464,-105.264658,0,0,0,0,NON-INTERSECTION,1510,7346
-105.227601,40.029258,Police Collision Report,COLLISION W/ MV - FRONT TO REAR,1805566,3,VALMONT RD/STERLING CIR,VALMONT,CITY ST/CNTY RD,144,W ,2018/05/07 00:00:00+00,2018/05/07 17:31:00+00,2018,5,May,17,2,7,Monday,17,Motorway Collision,Daylight,NONE,Possible injury,0,0,0,40.029258,-105.227601,0,0,0,0,NON-INTERSECTION,1731,7347
-105.240833,40.014503,Police Collision Report,COLLISION W/ MV - FRONT TO REAR,1805572,2,ARAPAHOE AVE/FOOTHILLS PKWY,FOOTHILLS,STATE HWY,     ,  ,2018/05/07 00:00:00+00,2018/05/07 21:07:00+00,2018,5,May,21,2,7,Monday,21,Motorway Collision,Dark - Lighted,NONE,Property Damage Only,0,0,0,40.014503,-105.240833,0,0,0,0,AT INTERSECTION,2135,7348
-105.279314,40.015947,Police Collision Report,COLLISION W/ MV - FRONT TO REAR,1805588,4,CANYON BLVD/BROADWAY,CANYON BLVD,STATE HWY,102,W ,2018/05/08 11:32:59+00,2018/05/08 11:33:00+00,2018,5,May,11,3,8,Tuesday,11,Motorway Collision,Daylight,NONE,Non-Incapacitating Injury,0,0,1,40.015947,-105.279314,1,1,0,0,INTERSECTION RELATED,1133,7349
-105.22815,40.014579,Police Collision Report,COLLISION W/ MV - FRONT TO REAR,1805594,3,ARAPAHOE AVE/CONESTOGA ST,ARAPAHOE RD,STATE HWY,23,W ,2018/05/08 00:00:00+00,2018/05/08 12:39:00+00,2018,5,May,12,3,8,Tuesday,12,Motorway Collision,Daylight,NONE,Property Damage Only,0,0,0,40.014579,-105.22815,0,0,0,0,AT INTERSECTION,1239,7350
-105.272734,40.054671,Police Collision Report,COLLISION W/ MV - FRONT TO REAR,1805314,2,VIOLET AVE/19TH ST,VIOLET AVE,,     ,  ,2018/05/02 00:00:00+00,2018/05/02 00:02:00+00,2018,5,May,0,4,2,Wednesday,0,Motorway Collision,Dark - Unlighted,NONE,Property Damage Only,0,0,0,40.054671,-105.272734,0,0,0,0,AT INTERSECTION,2,7351
-105.26379,40.000067,Police Collision Report,COLLISION W/ MV - FRONT TO REAR,1805334,2,BROADWAY/BASELINE RD,BROADWAY,STATE HWY,111,N ,2018/05/02 00:00:00+00,2018/05/02 12:00:00+00,2018,5,May,12,4,2,Wednesday,12,Motorway Collision,Daylight,NONE,Non-Incapacitating Injury,0,0,1,40.000067,-105.26379,0,0,0,0,INTERSECTION RELATED,1200,7352