X,Y,ReportType,PrmaryCollsionType,CaseNumber,UnitsInvolved,Location,OnHighway,CrossStreet,FeetFromIntersection,DirectionFromIntersection,CollisionDate,ReportedDate,ReportedYear,ReportedMonth,ReportedMonthName,ReportedWeek,ReportedDayofWeekNum,ReportedDayofMonth,ReportedDayofWeek,ReportedHour,HitAndRunStatus,LightingCondition,WeatherCondition,Severity,NumKilled,NumSeriouslyInjured,NumInjuredOrKilled,Lat,Lon,DUI,AlcoholDrugSuspected,BicyclesInvolved,PedestriansInvolved,RoadDescription,Crash_Time,ESRI_OID
-105.225423,40.029232,Police Collision Report,COLLISION W/ MV - FRONT TO REAR,1804557,2,55TH ST/VALMONT RD,55TH ST,CITY ST/CNTY RD,290,S ,2018/04/16 00:00:00+00,2018/04/16 07:01:00+00,2018,4,April,7,2,16,Monday,7,Motorway Collision,Daylight,NONE,Property Damage Only,0,0,0,40.029232,-105.225423,0,0,0,0,DRIVEWAY ACCESS RELATED,700,7420
-105.258317,40.014664,Police Collision Report,COLLISION W/ MV - FRONT TO REAR,1804571,2,ARAPAHOE AVE/28TH ST,28TH ST,STATE HWY,50,S ,2018/04/16 00:00:00+00,2018/04/16 12:56:00+00,2018,4,April,12,2,16,Monday,12,Motorway Collision,Daylight,NONE,Property Damage Only,0,0,0,40.014664,-105.258317,0,0,0,0,INTERSECTION RELATED,1256,7421
-105.206772,40.07115,Police Collision Report,COLLISION W/ MV - FRONT TO REAR,1804574,2,LOOKOUT RD/63RD ST,63RD ST,CITY ST/CNTY RD,60,S ,2018/04/16 00:00:00+00,2018/04/16 15:17:00+00,2018,4,April,15,2,16,Monday,15,Motorway Collision,Daylight,NONE,Possible injury,0,0,0,40.07115,-105.206772,0,0,0,0,INTERSECTION RELATED,1516,7422
-105.257005,40.000125,Police Collision Report,COLLISION W/ MV - FRONT TO REAR,1802798,2,US HIGHWAY 36 OFF RAMP WB/BASELINE RD,W/B US 36 OFF-RAMP,STATE HWY,     ,  ,2018/03/09 00:00:00+00,2018/03/09 08:57:00+00,2018,3,March,8,6,9,Friday,8,Motorway Collision,Daylight,NONE,Possible injury,0,0,0,40.000125,-105.257005,0,0,0,0,AT INTERSECTION,857,7423
-105.243281,39.988065,Police Collision Report,COLLISION W/ MV - FRONT TO REAR,1802824,2,4365  MARTIN DR      ,BROADWAY,CITY ST/CNTY RD,50,S ,2018/03/09 00:00:00+00,2018/03/09 15:04:00+00,2018,3,March,15,6,9,Friday,15,Motorway Collision,Dark - Lighted,NONE,Property Damage Only,0,0,0,39.988065,-105.243281,0,0,0,0,INTERSECTION RELATED,1900,7424
-105.272454,40.005982,Police Collision Report,COLLISION W/ MV - FRONT TO REAR,1802706,3,16TH ST/BROADWAY,BROADWAY,STATE HWY,     ,  ,2018/03/07 00:00:00+00,2018/03/07 16:08:00+00,2018,3,March,16,4,7,Wednesday,16,Motorway Collision,Daylight,NONE,Property Damage Only,0,0,0,40.005982,-105.272454,0,0,0,0,AT INTERSECTION,1608,7425
-105.258492,40.017345,Police Collision Report,COLLISION W/ MV - FRONT TO REAR,1802661,3,28TH ST/CANYON BLVD,CANYON BLVD,STATE HWY,     ,  ,2018/03/06 00:00:00+00,2018/03/06 14:08:00+00,2018,3,March,14,3,6,Tuesday,14,Motorway Collision,Daylight,NONE,Possible injury,0,0,0,40.017345,-105.258492,0,0,0,0,AT INTERSECTION,1407,7426
-105.225448,40.014598,Police Collision Report,COLLISION W/ MV - FRONT TO REAR,1802664,3,55TH ST/ARAPAHOE AVE,ARAPAHOE AVE,STATE HWY,135,E ,2018/03/06 00:00:00+00,2018/03/06 16:04:00+00,2018,3,March,16,3,6,Tuesday,16,Motorway Collision,Daylight,NONE,Possible injury,0,0,0,40.014598,-105.225448,0,0,0,0,INTERSECTION RELATED,1603,7427
-105.213063,40.014807,Police Collision Report,COLLISION W/ MV - FRONT TO REAR,1802695,2,CHERRYVALE RD/ARAPAHOE AVE,ARAPAHOE AVE,STATE HWY,105,W ,2018/03/07 00:00:00+00,2018/03/07 13:39:00+00,2018,3,March,13,4,7,Wednesday,13,Motorway Collision,Daylight,NONE,Property Damage Only,0,0,0,40.014807,-105.213063,0,0,0,0,INTERSECTION RELATED,1339,7428
-105.244862,40.029223,Police Collision Report,COLLISION W/ MV - FRONT TO REAR,1802962,2,FOOTHILLS PKWY/VALMONT RD,VALMONT RD,CITY ST/CNTY RD,     ,  ,2018/03/12 00:00:00+00,2018/03/12 18:20:00+00,2018,3,March,18,2,12,Monday,18,Motorway Collision,Daylight,NONE,Possible injury,0,0,0,40.029223,-105.244862,0,0,0,0,AT INTERSECTION,1818,7429
-105.272553,40.014615,Police Collision Report,COLLISION W/ MV - FRONT TO REAR,1802987,3,ARAPAHOE AVE/17TH ST,ARAPAHOE ROAD,CITY ST/CNTY RD,100,E ,2018/03/13 00:00:00+00,2018/03/13 10:03:00+00,2018,3,March,10,3,13,Tuesday,10,Motorway Collision,Daylight,NONE,Possible injury,0,0,0,40.014615,-105.272553,0,0,0,0,AT INTERSECTION,1003,7430
-105.244862,40.029223,Police Collision Report,COLLISION W/ MV - FRONT TO REAR,1802922,3,FOOTHILLS PKWY/VALMONT RD,FOOTHILLS PKWY,STATE HWY,58,S ,2018/03/12 00:00:00+00,2018/03/12 08:11:00+00,2018,3,March,8,2,12,Monday,8,Motorway Collision,Daylight,NONE,Property Damage Only,0,0,0,40.029223,-105.244862,0,0,0,0,INTERSECTION RELATED,811,7431
-105.232067,39.986813,Police Collision Report,COLLISION W/ MV - FRONT TO REAR,1803018,2,TABLE MESA DR/FOOTHILLS PKWY,FOOTHILLS PKWY,STATE HWY,     ,  ,2018/03/13 00:00:00+00,2018/03/13 15:28:00+00,2018,3,March,15,3,13,Tuesday,15,Motorway Collision,Daylight,NONE,Property Damage Only,0,0,0,39.986813,-105.232067,0,0,0,0,INTERSECTION RELATED,1528,7432
-105.253059,39.999933,Police Collision Report,COLLISION W/ MV - FRONT TO REAR,1803019,2,30TH ST/BASELINE RD,30TH ST,CITY ST/CNTY RD,170,N ,2018/03/10 00:00:00+00,2018/03/13 15:23:00+00,2018,3,March,15,3,13,Tuesday,15,Motorway Collision,Dark - Lighted,NONE,Property Damage Only,0,0,0,39.999933,-105.253059,0,0,0,0,NON-INTERSECTION,2126,7433
-105.274837,40.015053,Police Collision Report,COLLISION W/ MV - FRONT TO REAR,1803025,3,15TH ST/ARAPAHOE | GROVE ALLEY,ARAPAHOE AVE,CITY ST/CNTY RD,64,W ,2018/03/13 00:00:00+00,2018/03/13 17:38:00+00,2018,3,March,17,3,13,Tuesday,17,Motorway Collision,Daylight,NONE,Possible injury,0,0,0,40.015053,-105.274837,0,0,0,0,INTERSECTION RELATED,1738,7434
-105.258484,40.040133,Police Collision Report,COLLISION W/ MV - FRONT TO REAR,1803164,2,KALMIA AVE/28TH ST,28TH STREET,STATE HWY,     ,  ,2018/03/16 00:00:00+00,2018/03/16 15:37:00+00,2018,3,March,15,6,16,Friday,15,Motorway Collision,Daylight,NONE,Property Damage Only,0,0,0,40.040133,-105.258484,0,0,0,0,AT INTERSECTION,1537,7435
-105.258357,40.000215,Police Collision Report,COLLISION W/ MV - FRONT TO REAR,1803087,2,US HIGHWAY 36/BASELINE RD,US HIGHWAY 36,STATE HWY,1138,E ,2018/03/15 00:00:00+00,2018/03/15 08:19:00+00,2018,3,March,8,5,15,Thursday,8,Motorway Collision,Daylight,NONE,Property Damage Only,0,0,0,40.000215,-105.258357,0,0,0,0,NON-INTERSECTION,817,7436
-105.248404,40.007276,Police Collision Report,COLLISION W/ MV - FRONT TO REAR,1803089,2,35TH ST/COLORADO AVE,COLORADO AVE,CITY ST/CNTY RD,75,S ,2018/03/15 00:00:00+00,2018/03/15 08:52:00+00,2018,3,March,8,5,15,Thursday,8,Motorway Collision,Daylight,NONE,Property Damage Only,0,0,0,40.007276,-105.248404,0,0,0,0,INTERSECTION RELATED,852,7437
-105.245832,39.980933,Police Collision Report,COLLISION W/ MV - FRONT TO REAR,1803095,2,S BROADWAY/DARLEY AVE,BROADWAY,STATE HWY,     ,  ,2018/03/15 00:00:00+00,2018/03/15 11:22:00+00,2018,3,March,11,5,15,Thursday,11,Motorway Collision,Daylight,NONE,Property Damage Only,0,0,0,39.980933,-105.245832,0,0,0,0,AT INTERSECTION,1122,7438
-105.258282,40.014544,Police Collision Report,COLLISION W/ MV - FRONT TO REAR,1802411,2,28TH ST/ARAPAHOE AVE,ARAPAHOE AVE,STATE HWY,     ,  ,2018/02/28 00:00:00+00,2018/02/28 08:40:00+00,2018,2,February,8,4,28,Wednesday,8,Motorway Collision,Daylight,NONE,Possible injury,0,0,0,40.014544,-105.258282,0,0,0,0,AT INTERSECTION,840,7439
-105.262985,40.017486,Police Collision Report,COLLISION W/ MV - FRONT TO REAR,1802414,2,CANYON BLVD/FOLSOM ST,CANYON BLVD,STATE HWY,35,W ,2018/02/28 00:00:00+00,2018/02/28 08:57:00+00,2018,2,February,8,4,28,Wednesday,8,Motorway Collision,Daylight,NONE,Possible injury,0,0,0,40.017486,-105.262985,0,0,0,0,NON-INTERSECTION,857,7440
-105.258565,40.008102,Police Collision Report,COLLISION W/ MV - FRONT TO REAR,1802361,2,COLORADO AVE/28TH ST,COLORADO AVE,CITY ST/CNTY RD,     ,  ,2018/02/26 00:00:00+00,2018/02/26 18:14:00+00,2018,2,February,18,2,26,Monday,18,Motorway Collision,Dawn or Dusk,NONE,Property Damage Only,0,0,0,40.008102,-105.258565,0,0,0,0,AT INTERSECTION,1828,7441
-105.250117,40.014735,Police Collision Report,COLLISION W/ MV - FRONT TO REAR,1802385,2,ARAPAHOE AVE/33RD ST,ARAPAHOE RD,STATE HWY,50,E ,2018/02/27 00:00:00+00,2018/02/27 13:51:00+00,2018,2,February,13,3,27,Tuesday,13,Motorway Collision,Daylight,NONE,Property Damage Only,0,0,0,40.014735,-105.250117,0,0,0,0,NON-INTERSECTION,1351,7442
-105.229565,40.000134,Police Collision Report,COLLISION W/ MV - FRONT TO REAR,1802340,2,BASELINE RD/CRESCENT DR,FOOTHILLS PKWY,STATE HWY,     ,  ,2018/02/26 00:00:00+00,2018/02/26 11:49:00+00,2018,2,February,11,2,26,Monday,11,Motorway Collision,Daylight,NONE,Property Damage Only,0,0,0,40.000134,-105.229565,0,0,0,0,AT INTERSECTION,1148,7443
-105.256065,40.029102,Police Collision Report,COLLISION W/ MV - FRONT TO REAR,1802244,2,29TH ST/VALMONT RD,VALMONT RD,CITY ST/CNTY RD,50,W ,2018/02/24 00:00:00+00,2018/02/24 10:21:00+00,2018,2,February,10,7,24,Saturday,10,Motorway Collision,Daylight,NONE,Property Damage Only,0,0,0,40.029102,-105.256065,0,0,0,0,NON-INTERSECTION,1022,7444
-105.278079,40.020476,Police Collision Report,COLLISION W/ MV - FRONT TO REAR,1802246,2,PINE ST/14TH ST,14TH ST,CITY ST/CNTY RD,200,S ,2018/02/24 00:00:00+00,2018/02/24 13:39:00+00,2018,2,February,13,7,24,Saturday,13,Motorway Collision,Daylight,NONE,Property Damage Only,0,0,0,40.020476,-105.278079,0,0,0,0,NON-INTERSECTION,1335,7445
-105.29252,40.020557,Police Collision Report,COLLISION W/ MV - FRONT TO REAR,1802298,2,311   MAPLETON AVE      ,,,     ,  ,2018/02/25 00:00:00+00,2018/02/25 10:57:00+00,2018,2,February,10,1,25,Sunday,10,Motorway Collision,Daylight,NONE,Property Damage Only,0,0,0,40.020557,-105.29252,0,0,0,0,PARKING LOT,1057,7446
-105.258272,40.017365,Police Collision Report,COLLISION W/ MV - FRONT TO REAR,1802303,2,CANYON BLVD/28TH ST,CANYON BLVD,STATE HWY,     ,  ,2018/02/25 00:00:00+00,2018/02/25 13:50:00+00,2018,2,February,13,1,25,Sunday,13,Motorway Collision,Daylight,NONE,Property Damage Only,0,0,0,40.017365,-105.258272,0,0,0,0,AT INTERSECTION,1349,7447
-105.267753,40.003418,Police Collision Report,COLLISION W/ MV - FRONT TO REAR,1802304,2,BROADWAY/REGENT DR,REGENT DR.,CITY ST/CNTY RD,20,E ,2018/02/25 00:00:00+00,2018/02/25 13:57:00+00,2018,2,February,13,1,25,Sunday,13,Motorway Collision,Daylight,NONE,Property Damage Only,0,0,0,40.003418,-105.267753,0,0,0,0,INTERSECTION RELATED,1357,7448
-105.276953,40.010476,Police Collision Report,COLLISION W/ MV - FRONT TO REAR,1802466,2,BROADWAY/UNIVERSITY AVE,UNIVERSITY,CITY ST/CNTY RD,50,W ,2018/03/01 00:00:00+00,2018/03/01 19:10:00+00,2018,3,March,19,5,1,Thursday,19,Motorway Collision,Dark - Unlighted,NONE,Property Damage Only,0,0,0,40.010476,-105.276953,0,0,0,0,INTERSECTION RELATED,1905,7449
-105.273764,40.005641,Police Collision Report,COLLISION W/ MV - FRONT TO REAR,1802488,4,1015  15TH ST      ,EUCLID AVE,CITY ST/CNTY RD,119,E ,2018/03/02 01:45:00+00,2018/03/02 02:37:00+00,2018,3,March,2,6,2,Friday,2,Motorway Collision,Dark - Unlighted,NONE,Property Damage Only,0,0,0,40.005641,-105.273764,1,1,0,0,NON-INTERSECTION,145,7450
-105.206734,40.071175,Police Collision Report,COLLISION W/ MV - FRONT TO REAR,1802440,2,63RD ST/LOOKOUT RD,LOOKOUT ROAD,CITY ST/CNTY RD,     ,  ,2018/03/01 00:00:00+00,2018/03/01 07:56:00+00,2018,3,March,7,5,1,Thursday,7,Motorway Collision,Daylight,NONE,Possible injury,0,0,0,40.071175,-105.206734,0,0,0,0,AT INTERSECTION,756,7451
-105.281677,40.018617,Police Collision Report,COLLISION W/ MV - FRONT TO REAR,1802430,2,11TH ST/SPRUCE ST,SPRUCE ST,CITY ST/CNTY RD,115,E ,2018/02/28 00:00:00+00,2018/02/28 18:24:00+00,2018,2,February,18,4,28,Wednesday,18,Motorway Collision,Dark - Lighted,NONE,Possible injury,0,0,0,40.018617,-105.281677,0,0,0,0,INTERSECTION RELATED,1740,7452
-105.287228,40.012971,Police Collision Report,COLLISION W/ MV - FRONT TO REAR,1802613,2,ARAPAHOE AVE/6TH ST,ARAPAHOE,CITY ST/CNTY RD,150,W ,2018/03/05 00:00:00+00,2018/03/05 07:43:00+00,2018,3,March,7,2,5,Monday,7,Motorway Collision,Daylight,NONE,Property Damage Only,0,0,0,40.012971,-105.287228,0,0,0,0,NON-INTERSECTION,745,7453
-105.274674,40.007207,Police Collision Report,COLLISION W/ MV - FRONT TO REAR,1802618,2,BROADWAY/COLLEGE AVE,BROADWAY,STATE HWY,420,S ,2018/03/05 00:00:00+00,2018/03/05 13:12:00+00,2018,3,March,13,2,5,Monday,13,Motorway Collision,Daylight,NONE,Property Damage Only,0,0,0,40.007207,-105.274674,0,0,0,0,NON-INTERSECTION,1312,7454
-105.262985,40.017486,Police Collision Report,COLLISION W/ MV - FRONT TO REAR,1802624,2,CANYON BLVD/FOLSOM ST,FOLSOM ST,CITY ST/CNTY RD,30,S ,2018/03/05 00:00:00+00,2018/03/05 15:25:00+00,2018,3,March,15,2,5,Monday,15,Motorway Collision,Daylight,NONE,Possible injury,0,0,0,40.017486,-105.262985,0,0,0,0,NON-INTERSECTION,1525,7455
-105.231998,39.986966,Police Collision Report,COLLISION W/ MV - FRONT TO REAR,1802639,2,FOOTHILLS PKWY/TABLE MESA DR,FOOTHILLS PKY,STATE HWY,763,N ,2018/03/06 00:00:00+00,2018/03/06 07:46:00+00,2018,3,March,7,3,6,Tuesday,7,Motorway Collision,Daylight,NONE,Property Damage Only,0,0,0,39.986966,-105.231998,0,0,0,0,NON-INTERSECTION,756,7456
-105.253724,40.017351,Police Collision Report,COLLISION W/ MV - FRONT TO REAR,1802516,2,1740  30TH ST      ,30TH ST,CITY ST/CNTY RD,     ,  ,2018/03/02 00:00:00+00,2018/03/02 16:26:00+00,2018,3,March,16,6,2,Friday,16,Motorway Collision,Daylight,NONE,Property Damage Only,0,0,0,40.017351,-105.253724,0,0,0,0,NON-INTERSECTION,1315,7457
-105.249911,39.985461,Police Collision Report,COLLISION W/ MV - FRONT TO REAR,1802565,2,TABLE MESA DR/S BROADWAY,TABLE MESA DRIVE,STATE HWY,75,S ,2018/03/03 00:00:00+00,2018/03/03 14:13:00+00,2018,3,March,14,7,3,Saturday,14,Motorway Collision,Daylight,NONE,Possible injury,0,0,0,39.985461,-105.249911,0,0,0,0,INTERSECTION RELATED,1413,7458
-105.258432,40.027325,Police Collision Report,COLLISION W/ MV - FRONT TO REAR,1803763,2,28TH ST/BLUFF ST,28TH STREET,STATE HWY,35,S ,2018/03/29 00:00:00+00,2018/03/29 12:20:00+00,2018,3,March,12,5,29,Thursday,12,Motorway Collision,Daylight,NONE,Possible injury,0,0,0,40.027325,-105.258432,0,0,0,0,NON-INTERSECTION,1220,7459
-105.258456,40.024513,Police Collision Report,COLLISION W/ MV - FRONT TO REAR,1803769,2,PINE ST/28TH ST,PINE,STATE HWY,     ,  ,2018/03/29 00:00:00+00,2018/03/29 14:50:00+00,2018,3,March,14,5,29,Thursday,14,Motorway Collision,Daylight,NONE,Property Damage Only,0,0,0,40.024513,-105.258456,0,0,0,0,AT INTERSECTION,1450,7460
-105.244901,40.029254,Police Collision Report,COLLISION W/ MV - FRONT TO REAR,1803718,2,VALMONT RD/FOOTHILLS PKWY,VALMONT ROAD,STATE HWY,     ,  ,2018/03/28 00:00:00+00,2018/03/28 09:08:00+00,2018,3,March,9,4,28,Wednesday,9,Motorway Collision,Daylight,NONE,Possible injury,0,0,0,40.029254,-105.244901,0,0,0,0,AT INTERSECTION,907,7461
-105.261328,40.008161,Police Collision Report,COLLISION W/ MV - FRONT TO REAR,1803694,2,REGENT DR/COLORADO AVE,REGENT DR,CITY ST/CNTY RD,100,S ,2018/03/27 00:00:00+00,2018/03/27 16:08:00+00,2018,3,March,16,3,27,Tuesday,16,Motorway Collision,Daylight,NONE,Property Damage Only,0,0,0,40.008161,-105.261328,0,0,0,0,NON-INTERSECTION,1609,7462
-105.253634,40.014706,Police Collision Report,COLLISION W/ MV - FRONT TO REAR,1803912,2,30TH ST/ARAPAHOE AVE,30TH ST,CITY ST/CNTY RD,620,S ,2018/04/02 00:00:00+00,2018/04/02 13:23:00+00,2018,4,April,13,2,2,Monday,13,Motorway Collision,Daylight,NONE,Non-Incapacitating Injury,0,0,2,40.014706,-105.253634,0,0,0,0,DRIVEWAY ACCESS RELATED,1323,7463
-105.214681,40.064026,Police Collision Report,COLLISION W/ MV - FRONT TO REAR,1803818,2,5920  LONGBOW DR      ,5920 LONGBOW,,     ,  ,2018/03/30 00:00:00+00,2018/03/30 15:08:00+00,2018,3,March,15,6,30,Friday,15,Motorway Collision,Daylight,NONE,Property Damage Only,0,0,0,40.064026,-105.214681,0,0,0,0,PARKING LOT,1508,7464
-105.249911,39.985461,Police Collision Report,COLLISION W/ MV - FRONT TO REAR,1803967,2,TABLE MESA DR/S BROADWAY,TABLE MESA DR,CITY ST/CNTY RD,545,W ,2018/04/03 00:00:00+00,2018/04/03 17:01:00+00,2018,4,April,17,3,3,Tuesday,17,Motorway Collision,Daylight,NONE,Property Damage Only,0,0,0,39.985461,-105.249911,0,0,0,0,DRIVEWAY ACCESS RELATED,1700,7465
-105.225069,40.027648,Police Collision Report,COLLISION W/ MV - FRONT TO REAR,1803969,2,55TH ST/PEARL PKWY,55TH ST,CITY ST/CNTY RD,     ,  ,2018/04/03 00:00:00+00,2018/04/03 17:06:00+00,2018,4,April,17,3,3,Tuesday,17,Motorway Collision,Daylight,NONE,Possible injury,0,0,0,40.027648,-105.225069,0,0,0,0,AT INTERSECTION,1705,7466
-105.265132,40.054679,Police Collision Report,COLLISION W/ MV - FRONT TO REAR,1803632,2,28TH ST/VIOLET AVE,VIOLET AVE,CITY ST/CNTY RD,     ,  ,2018/03/26 00:00:00+00,2018/03/26 00:00:00+00,2018,3,March,0,2,26,Monday,0,Motorway Collision,Daylight,NONE,Property Damage Only,0,0,0,40.054679,-105.265132,0,0,0,0,AT INTERSECTION,953,7467
-105.239567,40.008522,Police Collision Report,COLLISION W/ MV - FRONT TO REAR,1804001,2,FOOTHILLS PKWY/COLORADO AVE,FOOTHILLS PKWY,STATE HWY,60,N ,2018/04/04 00:00:00+00,2018/04/04 11:05:00+00,2018,4,April,11,4,4,Wednesday,11,Motorway Collision,Daylight,NONE,Possible injury,0,0,0,40.008522,-105.239567,0,0,0,0,NON-INTERSECTION,1104,7468
-105.277552,40.036418,Police Collision Report,COLLISION W/ MV - FRONT TO REAR,1804028,2,IRIS AVE/16TH ST,IRIS AVE,CITY ST/CNTY RD,261,E ,2018/04/04 00:00:00+00,2018/04/04 17:15:00+00,2018,4,April,17,4,4,Wednesday,17,Motorway Collision,Daylight,NONE,Property Damage Only,0,0,0,40.036418,-105.277552,0,0,0,0,NON-INTERSECTION,1715,7469
-105.231998,39.986966,Police Collision Report,COLLISION W/ MV - FRONT TO REAR,1803982,2,FOOTHILLS PKWY/TABLE MESA DR,TABLE MESA   FOOTHILLS PKWY,STATE HWY,190,N ,2018/04/03 00:00:00+00,2018/04/03 23:20:00+00,2018,4,April,23,3,3,Tuesday,23,Motorway Collision,Dark - Lighted,NONE,Possible injury,0,0,0,39.986966,-105.231998,0,0,0,0,INTERSECTION RELATED,2320,7470
-105.258565,40.008102,Police Collision Report,COLLISION W/ MV - FRONT TO REAR,1803997,2,COLORADO AVE/28TH ST,28TH STREET,STATE HWY,600,S ,2018/04/04 00:00:00+00,2018/04/04 10:13:00+00,2018,4,April,10,4,4,Wednesday,10,Motorway Collision,Daylight,NONE,Property Damage Only,0,0,0,40.008102,-105.258565,0,0,0,0,NON-INTERSECTION,1013,7471
-105.225448,40.014598,Police Collision Report,COLLISION W/ MV - FRONT TO REAR,1804049,2,55TH ST/ARAPAHOE AVE,ARAPAHOE AVE,STATE HWY,325,E ,2018/04/05 00:00:00+00,2018/04/05 08:45:00+00,2018,4,April,8,5,5,Thursday,8,Motorway Collision,Daylight,NONE,Possible injury,0,0,0,40.014598,-105.225448,0,0,0,0,NON-INTERSECTION,840,7472
-105.256668,40.000069,Police Collision Report,COLLISION W/ MV - FRONT TO REAR,1804050,2,HWY 36 WB ON RP @ BASELINE EB/BASELINE RD,HWY 36,STATE HWY,1200,S ,2018/04/05 00:00:00+00,2018/04/05 08:47:00+00,2018,4,April,8,5,5,Thursday,8,Motorway Collision,Daylight,NONE,Property Damage Only,0,0,0,40.000069,-105.256668,0,0,0,0,NON-INTERSECTION,845,7473
-105.234741,40.014803,Police Collision Report,COLLISION W/ MV - FRONT TO REAR,1804059,2,48TH ST/ARAPAHOE AVE,48TH STREET,CITY ST/CNTY RD,     ,  ,2018/04/05 00:00:00+00,2018/04/05 10:35:00+00,2018,4,April,10,5,5,Thursday,10,Motorway Collision,Daylight,NONE,Non-Incapacitating Injury,0,0,1,40.014803,-105.234741,0,0,0,0,AT INTERSECTION,1035,7474
-105.253772,40.020084,Police Collision Report,COLLISION W/ MV - FRONT TO REAR,1804065,2,30TH ST/WALNUT ST,WALNUT ST,CITY ST/CNTY RD,     ,  ,2018/04/05 00:00:00+00,2018/04/05 13:04:00+00,2018,4,April,13,5,5,Thursday,13,Motorway Collision,Daylight,NONE,Property Damage Only,0,0,0,40.020084,-105.253772,0,0,0,0,INTERSECTION RELATED,1305,7475
-105.249911,39.985461,Police Collision Report,COLLISION W/ MV - FRONT TO REAR,1803358,2,TABLE MESA DR/S BROADWAY,BROADWAY ST.,STATE HWY,     ,  ,2018/03/19 00:00:00+00,2018/03/19 16:48:00+00,2018,3,March,16,2,19,Monday,16,Motorway Collision,Daylight,NONE,Property Damage Only,0,0,0,39.985461,-105.249911,0,0,0,0,AT INTERSECTION,1714,7476
-105.258484,40.040133,Police Collision Report,COLLISION W/ MV - FRONT TO REAR,1803360,2,KALMIA AVE/28TH ST,28TH ST,STATE HWY,65,N ,2018/03/19 00:00:00+00,2018/03/19 17:30:00+00,2018,3,March,17,2,19,Monday,17,Motorway Collision,Daylight,NONE,Property Damage Only,0,0,0,40.040133,-105.258484,0,0,0,0,NON-INTERSECTION,1602,7477
-105.25892,40.000437,Police Collision Report,COLLISION W/ MV - FRONT TO REAR,1803212,2,HWY 36 EB ON RP @ BASELINE WB/BASELINE RD,US HWY 36 EB RAMP,STATE HWY,     ,  ,2018/03/17 00:00:00+00,2018/03/17 11:43:00+00,2018,3,March,11,7,17,Saturday,11,Motorway Collision,Daylight,NONE,Property Damage Only,0,0,0,40.000437,-105.25892,0,0,0,0,PARKING LOT,1143,7478
-105.278702,40.009448,Police Collision Report,COLLISION W/ MV - FRONT TO REAR,1803457,2,11TH ST/PLEASANT ST,11TH,CITY ST/CNTY RD,15,N ,2018/03/21 00:00:00+00,2018/03/21 18:26:00+00,2018,3,March,18,4,21,Wednesday,18,Motorway Collision,Dark - Unlighted,NONE,Property Damage Only,0,0,0,40.009448,-105.278702,0,0,0,0,AT INTERSECTION,1830,7479
-105.263033,40.014644,Police Collision Report,COLLISION W/ MV - FRONT TO REAR,1803450,2,ARAPAHOE AVE/FOLSOM ST,ARAPAHOE AVE,CITY ST/CNTY RD,     ,  ,2018/03/21 00:00:00+00,2018/03/21 16:29:00+00,2018,3,March,16,4,21,Wednesday,16,Motorway Collision,Daylight,NONE,Property Damage Only,0,0,0,40.014644,-105.263033,0,0,0,0,AT INTERSECTION,1629,7480
-105.246896,39.982247,Police Collision Report,COLLISION W/ MV - FRONT TO REAR,1803451,2,HANOVER AVE/S BROADWAY,BROADWAY,STATE HWY,3995,S ,2018/03/21 00:00:00+00,2018/03/21 16:12:00+00,2018,3,March,16,4,21,Wednesday,16,Motorway Collision,Daylight,NONE,Property Damage Only,0,0,0,39.982247,-105.246896,0,0,0,0,NON-INTERSECTION,1650,7481
-105.253404,40.00745,Police Collision Report,COLLISION W/ MV - FRONT TO REAR,1803386,2,COLORADO AVE/30TH ST,30TH STREET,CITY ST/CNTY RD,71,N ,2018/03/20 00:00:00+00,2018/03/20 11:32:00+00,2018,3,March,11,3,20,Tuesday,11,Motorway Collision,Daylight,NONE,Property Damage Only,0,0,0,40.00745,-105.253404,0,0,0,0,INTERSECTION RELATED,1132,7482
-105.263563,40.000114,Police Collision Report,COLLISION W/ MV - FRONT TO REAR,1803392,2,BASELINE RD/BROADWAY,BROADWAY,CITY ST/CNTY RD,47.4,W ,2018/03/20 00:00:00+00,2018/03/20 12:43:00+00,2018,3,March,12,3,20,Tuesday,12,Motorway Collision,Daylight,NONE,Possible injury,0,0,0,40.000114,-105.263563,0,0,0,0,INTERSECTION RELATED,1247,7483
-105.232067,39.986813,Police Collision Report,COLLISION W/ MV - FRONT TO REAR,1803427,2,TABLE MESA DR/FOOTHILLS PKWY,FOOTHILLS,STATE HWY,     ,  ,2018/03/21 00:00:00+00,2018/03/21 09:47:00+00,2018,3,March,9,4,21,Wednesday,9,Motorway Collision,Daylight,NONE,Possible injury,0,0,0,39.986813,-105.232067,0,0,0,0,AT INTERSECTION,947,7484
-105.272529,40.005485,Police Collision Report,COLLISION W/ MV - FRONT TO REAR,1803511,2,EUCLID AVE/16TH ST,EUCLID,CITY ST/CNTY RD,10,W ,2018/03/22 00:00:00+00,2018/03/22 20:44:00+00,2018,3,March,20,5,22,Thursday,20,Motorway Collision,Dark - Lighted,NONE,Property Damage Only,0,0,0,40.005485,-105.272529,0,0,0,0,NON-INTERSECTION,2044,7485
-105.279303,40.015822,Police Collision Report,COLLISION W/ MV - FRONT TO REAR,1803499,2,BROADWAY/CANYON BLVD,BROADWAY,CITY ST/CNTY RD,45,N ,2018/03/22 00:00:00+00,2018/03/22 16:40:00+00,2018,3,March,16,5,22,Thursday,16,Motorway Collision,Daylight,NONE,Property Damage Only,0,0,0,40.015822,-105.279303,0,0,0,0,INTERSECTION RELATED,1657,7486