X,Y,ReportType,PrmaryCollsionType,CaseNumber,UnitsInvolved,Location,OnHighway,CrossStreet,FeetFromIntersection,DirectionFromIntersection,CollisionDate,ReportedDate,ReportedYear,ReportedMonth,ReportedMonthName,ReportedWeek,ReportedDayofWeekNum,ReportedDayofMonth,ReportedDayofWeek,ReportedHour,HitAndRunStatus,LightingCondition,WeatherCondition,Severity,NumKilled,NumSeriouslyInjured,NumInjuredOrKilled,Lat,Lon,DUI,AlcoholDrugSuspected,BicyclesInvolved,PedestriansInvolved,RoadDescription,Crash_Time,ESRI_OID
-105.26619,40.014612,Police Collision Report,COLLISION W/ MV - FRONT TO REAR,1803502,2,22ND ST/ARAPAHOE AVE,22ND ST,CITY ST/CNTY RD,30,N ,2018/03/22 17:11:00+00,2018/03/22 17:11:00+00,2018,3,March,17,5,22,Thursday,17,Motorway Collision,Daylight,NONE,Property Damage Only,0,0,0,40.014612,-105.26619,0,0,0,0,INTERSECTION RELATED,1711,7487
-105.231998,39.986966,Police Collision Report,COLLISION W/ MV - FRONT TO REAR,1803504,2,FOOTHILLS PKWY/TABLE MESA DR,FOOTHILLS,STATE HWY,     ,N ,2018/03/22 00:00:00+00,2018/03/22 17:30:00+00,2018,3,March,17,5,22,Thursday,17,Motorway Collision,Daylight,NONE,Property Damage Only,0,0,0,39.986966,-105.231998,0,0,0,0,NON-INTERSECTION,1730,7488
-105.258282,40.014544,Police Collision Report,COLLISION W/ MV - FRONT TO REAR,1803506,2,28TH ST/ARAPAHOE AVE,ARAPAHOE AVE,CITY ST/CNTY RD,80,W ,2018/03/22 00:00:00+00,2018/03/22 18:08:00+00,2018,3,March,18,5,22,Thursday,18,Motorway Collision,Daylight,NONE,Property Damage Only,0,0,0,40.014544,-105.258282,0,0,0,0,NON-INTERSECTION,1645,7489
-105.256069,40.014709,Police Collision Report,COLLISION W/ MV - FRONT TO REAR,1803531,2,29TH ST/ARAPAHOE AVE,ARAPAHOE AVE,STATE HWY,35,W ,2018/03/23 00:00:00+00,2018/03/23 10:14:00+00,2018,3,March,10,6,23,Friday,10,Motorway Collision,Daylight,NONE,Property Damage Only,0,0,0,40.014709,-105.256069,0,0,0,0,INTERSECTION RELATED,1014,7490
-105.282131,40.061857,Police Collision Report,COLLISION W/ MV - FRONT TO REAR,1803533,2,LEE HILL DR/BROADWAY,LEE HILL DRIVE,CITY ST/CNTY RD,     ,  ,2018/03/23 00:00:00+00,2018/03/23 10:49:00+00,2018,3,March,10,6,23,Friday,10,Motorway Collision,Daylight,NONE,Property Damage Only,0,0,0,40.061857,-105.282131,0,0,0,0,AT INTERSECTION,1048,7491
-105.234743,39.986514,Police Collision Report,COLLISION W/ MV - FRONT TO REAR,1803537,2,US HIGHWAY 36/TABLE MESA DR,TABLE MESA DR,CITY ST/CNTY RD,65,E ,2018/03/23 00:00:00+00,2018/03/23 11:17:00+00,2018,3,March,11,6,23,Friday,11,Motorway Collision,Daylight,NONE,Property Damage Only,0,0,0,39.986514,-105.234743,0,0,0,0,INTERSECTION RELATED,1117,7492
-105.260231,40.000459,Police Collision Report,COLLISION W/ MV - FRONT TO REAR,1803539,3,28TH ST OFF RAMP/BASELINE RD,28TH STREET,STATE HWY,     ,  ,2018/03/23 00:00:00+00,2018/03/23 11:54:00+00,2018,3,March,11,6,23,Friday,11,Motorway Collision,Daylight,NONE,Property Damage Only,0,0,0,40.000459,-105.260231,0,0,0,0,NON-INTERSECTION,1154,7493
-105.232572,40.000025,Police Collision Report,COLLISION W/ MV - FRONT TO REAR,1803540,2,FOOTHILLS PKWY/BASELINE RD,BASELINE,CITY ST/CNTY RD,20,E ,2018/03/23 00:00:00+00,2018/03/23 12:31:00+00,2018,3,March,12,6,23,Friday,12,Motorway Collision,Daylight,NONE,Property Damage Only,0,0,0,40.000025,-105.232572,0,0,0,0,NON-INTERSECTION,1231,7494
-105.226513,39.996521,Police Collision Report,COLLISION W/ MV - FRONT TO REAR,1803548,2,TENINO AVE/ONEIDA ST,TENINO AVENUE,CITY ST/CNTY RD,     ,  ,2018/03/23 00:00:00+00,2018/03/24 00:00:00+00,2018,3,March,0,7,24,Saturday,0,Motorway Collision,Daylight,NONE,Property Damage Only,0,0,0,39.996521,-105.226513,0,0,1,0,NON-INTERSECTION,1528,7495
-105.258436,40.029101,Police Collision Report,COLLISION W/ MV - FRONT TO REAR,1803529,2,28TH ST/VALMONT RD,28TH STREET,STATE HWY,     ,  ,2018/03/23 00:00:00+00,2018/03/23 10:06:00+00,2018,3,March,10,6,23,Friday,10,Motorway Collision,Daylight,NONE,Property Damage Only,0,0,0,40.029101,-105.258436,0,0,0,0,AT INTERSECTION,1007,7496
-105.263563,40.000114,Police Collision Report,COLLISION W/ MV - FRONT TO REAR,1803587,2,BASELINE RD/BROADWAY,BASELINE RD,STATE HWY,50,E ,2018/03/24 00:00:00+00,2018/03/24 15:03:00+00,2018,3,March,15,7,24,Saturday,15,Motorway Collision,Daylight,NONE,Property Damage Only,0,0,0,40.000114,-105.263563,0,0,0,0,INTERSECTION RELATED,1502,7497
-105.244901,40.029254,Police Collision Report,COLLISION W/ MV - FRONT TO REAR,1803672,2,VALMONT RD/FOOTHILLS PKWY,FOOTHILLS HWY,STATE HWY,     ,  ,2018/03/27 00:00:00+00,2018/03/27 07:58:00+00,2018,3,March,7,3,27,Tuesday,7,Motorway Collision,Daylight,NONE,Property Damage Only,0,0,0,40.029254,-105.244901,0,0,0,0,INTERSECTION RELATED,800,7498
-105.253786,40.018744,Police Collision Report,COLLISION W/ MV - FRONT TO REAR,1800916,2,1821  30TH ST      ,WALNUT ST,CITY ST/CNTY RD,     ,  ,2018/01/24 00:00:00+00,2018/01/24 16:43:00+00,2018,1,January,16,4,24,Wednesday,16,Motorway Collision,Daylight,NONE,Property Damage Only,0,0,0,40.018744,-105.253786,0,0,0,0,AT INTERSECTION,1644,7499
-105.253728,40.015693,Police Collision Report,COLLISION W/ MV - FRONT TO REAR,1800960,2,1650  30TH ST      ,1650 30TH STREET,CITY ST/CNTY RD,     ,  ,2018/01/25 00:00:00+00,2018/01/25 11:48:00+00,2018,1,January,11,5,25,Thursday,11,Motorway Collision,Daylight,NONE,Property Damage Only,0,0,0,40.015693,-105.253728,0,0,0,0,PARKING LOT,1140,7500
-105.232572,40.000025,Police Collision Report,COLLISION W/ MV - FRONT TO REAR,1800965,2,FOOTHILLS PKWY/BASELINE RD,FOOTHILLS PKWY,STATE HWY,     ,  ,2018/01/25 00:00:00+00,2018/01/25 13:46:00+00,2018,1,January,13,5,25,Thursday,13,Motorway Collision,Daylight,NONE,Property Damage Only,0,0,0,40.000025,-105.232572,0,0,0,0,AT INTERSECTION,1345,7501
-105.258432,40.027325,Police Collision Report,COLLISION W/ MV - FRONT TO REAR,1800872,3,28TH ST/BLUFF ST,28TH ST,STATE HWY,180,N ,2018/01/23 00:00:00+00,2018/01/23 17:03:00+00,2018,1,January,17,3,23,Tuesday,17,Motorway Collision,Dawn or Dusk,NONE,Property Damage Only,0,0,0,40.027325,-105.258432,0,0,0,0,NON-INTERSECTION,1703,7502
-105.258394,40.000381,Police Collision Report,COLLISION W/ MV - FRONT TO REAR,1801059,2,28TH ST/BASELINE RD,28TH STREET,STATE HWY,20,N ,2018/01/27 00:00:00+00,2018/01/27 14:01:00+00,2018,1,January,14,7,27,Saturday,14,Motorway Collision,Daylight,NONE,Property Damage Only,0,0,0,40.000381,-105.258394,0,0,0,0,INTERSECTION RELATED,1401,7503
-105.278674,40.01413,Police Collision Report,COLLISION W/ MV - FRONT TO REAR,1801017,2,ARAPAHOE AVE/BROADWAY,BROADWAY ST,STATE HWY,50,N ,2018/01/26 00:00:00+00,2018/01/26 15:45:00+00,2018,1,January,15,6,26,Friday,15,Motorway Collision,Daylight,NONE,Property Damage Only,0,0,0,40.01413,-105.278674,0,0,0,0,INTERSECTION RELATED,1545,7504
-105.258317,40.014664,Police Collision Report,COLLISION W/ MV - FRONT TO REAR,1801020,2,ARAPAHOE AVE/28TH ST,28TH ST,STATE HWY,112,N ,2018/01/26 00:00:00+00,2018/01/26 17:18:00+00,2018,1,January,17,6,26,Friday,17,Motorway Collision,Dark - Lighted,NONE,Property Damage Only,0,0,0,40.014664,-105.258317,0,0,0,0,INTERSECTION RELATED,1718,7505
-105.241786,39.993457,Police Collision Report,COLLISION W/ MV - FRONT TO REAR,1801024,2,260   INCA PKWY      ,APACHE RD,CITY ST/CNTY RD,183,SW,2018/01/26 20:49:59+00,2018/01/26 20:50:00+00,2018,1,January,20,6,26,Friday,20,Motorway Collision,Dark - Unlighted,NONE,Property Damage Only,0,0,0,39.993457,-105.241786,0,0,0,0,NON-INTERSECTION,2017,7506
-105.267763,40.003446,Police Collision Report,COLLISION W/ MV - FRONT TO REAR,1800978,2,20TH ST/BROADWAY,BROADWAY,STATE HWY,160,S ,2018/01/25 00:00:00+00,2018/01/25 17:35:00+00,2018,1,January,17,5,25,Thursday,17,Motorway Collision,Dark - Lighted,NONE,Property Damage Only,0,0,0,40.003446,-105.267763,0,0,0,0,NON-INTERSECTION,1735,7507
-105.267763,40.003446,Police Collision Report,COLLISION W/ MV - FRONT TO REAR,1800979,2,20TH ST/BROADWAY,BROADWAY,STATE HWY,160,  ,2018/01/25 00:00:00+00,2018/01/25 18:14:00+00,2018,1,January,18,5,25,Thursday,18,Motorway Collision,Dark - Lighted,NONE,Property Damage Only,0,0,0,40.003446,-105.267763,0,0,0,0,NON-INTERSECTION,1735,7508
-105.23281,39.999988,Police Collision Report,COLLISION W/ MV - FRONT TO REAR,1800994,2,BASELINE RD/FOOTHILLS PKWY,BASELINE ROAD,CITY ST/CNTY RD,300,W ,2018/01/26 00:00:00+00,2018/01/26 08:30:00+00,2018,1,January,8,6,26,Friday,8,Motorway Collision,Daylight,NONE,Possible injury,0,0,0,39.999988,-105.23281,0,0,0,0,INTERSECTION RELATED,830,7509
-105.225448,40.014598,Police Collision Report,COLLISION W/ MV - FRONT TO REAR,1800996,2,55TH ST/ARAPAHOE AVE,ARAPAHOE,INTERSTATE,320,W ,2018/01/26 08:45:00+00,2018/01/26 08:45:00+00,2018,1,January,8,6,26,Friday,8,Motorway Collision,Daylight,NONE,Property Damage Only,0,0,0,40.014598,-105.225448,0,0,0,0,NON-INTERSECTION,845,7510
-105.260199,40.000482,Police Collision Report,COLLISION W/ MV - FRONT TO REAR,1800847,2,BASELINE RD/27TH WAY,28TH ST,CITY ST/CNTY RD,200,W ,2018/01/23 00:00:00+00,2018/01/23 08:29:00+00,2018,1,January,8,3,23,Tuesday,8,Motorway Collision,Daylight,NONE,Property Damage Only,0,0,0,40.000482,-105.260199,0,0,0,0,NON-INTERSECTION,828,7511
-105.268984,40.014631,Police Collision Report,COLLISION W/ MV - FRONT TO REAR,1800809,3,ARAPAHOE AVE/20TH ST,ARAPAHOE,CITY ST/CNTY RD,80,E ,2018/01/22 00:00:00+00,2018/01/22 11:23:00+00,2018,1,January,11,2,22,Monday,11,Motorway Collision,Daylight,NONE,Property Damage Only,0,0,0,40.014631,-105.268984,0,0,0,0,NON-INTERSECTION,1123,7512
-105.240794,40.014536,Police Collision Report,COLLISION W/ MV - FRONT TO REAR,1800860,2,FOOTHILLS PKWY/ARAPAHOE AVE,FOOTHILLS PKWY,STATE HWY,255,S ,2018/01/23 00:00:00+00,2018/01/23 13:01:00+00,2018,1,January,13,3,23,Tuesday,13,Motorway Collision,Daylight,NONE,Property Damage Only,0,0,0,40.014536,-105.240794,0,0,0,0,NON-INTERSECTION,1300,7513
-105.244901,40.029254,Police Collision Report,COLLISION W/ MV - FRONT TO REAR,1800740,2,VALMONT RD/FOOTHILLS PKWY,FOOTHILLS PKWY,STATE HWY,30,S ,2018/01/20 00:00:00+00,2018/01/20 16:54:00+00,2018,1,January,16,7,20,Saturday,16,Motorway Collision,Dawn or Dusk,NONE,Property Damage Only,0,0,0,40.029254,-105.244901,0,0,0,0,INTERSECTION RELATED,1654,7514
-105.261365,40.00819,Police Collision Report,COLLISION W/ MV - FRONT TO REAR,1801446,2,COLORADO AVE/REGENT DR,REGENT DR,CITY ST/CNTY RD,686,S ,2018/02/06 00:00:00+00,2018/02/06 12:21:00+00,2018,2,February,12,3,6,Tuesday,12,Motorway Collision,Daylight,NONE,Possible injury,0,0,0,40.00819,-105.261365,0,0,0,0,NON-INTERSECTION,1205,7515
-105.276293,40.009467,Police Collision Report,COLLISION W/ MV - FRONT TO REAR,1801267,2,BROADWAY/13TH ST,BROADWAY,STATE HWY,45,W ,2018/02/01 00:00:00+00,2018/02/01 17:25:00+00,2018,2,February,17,5,1,Thursday,17,Motorway Collision,Dark - Lighted,NONE,Possible injury,0,0,0,40.009467,-105.276293,0,0,0,0,INTERSECTION RELATED,1725,7516
-105.253425,40.00742,Police Collision Report,COLLISION W/ MV - FRONT TO REAR,1801257,2,30TH ST/COLORADO AVE,COLORADO AVE,CITY ST/CNTY RD,     ,  ,2018/02/01 00:00:00+00,2018/02/01 12:49:00+00,2018,2,February,12,5,1,Thursday,12,Motorway Collision,Daylight,NONE,Property Damage Only,0,0,0,40.00742,-105.253425,0,0,0,0,AT INTERSECTION,1248,7517
-105.277729,40.015591,Police Collision Report,COLLISION W/ MV - FRONT TO REAR,1801349,2,1770  13TH ST      ,13TH ST,CITY ST/CNTY RD,340,N ,2018/02/03 00:00:00+00,2018/02/03 17:31:00+00,2018,2,February,17,7,3,Saturday,17,Motorway Collision,Dark - Lighted,NONE,Possible injury,0,0,0,40.015591,-105.277729,0,0,0,0,NON-INTERSECTION,1731,7518
-105.273461,40.019228,Police Collision Report,COLLISION W/ MV - FRONT TO REAR,1801372,2,17TH ST/PEARL ST,PEARL ST,CITY ST/CNTY RD,104,W ,2018/02/04 00:00:00+00,2018/02/04 10:43:00+00,2018,2,February,10,1,4,Sunday,10,Motorway Collision,Daylight,NONE,Property Damage Only,0,0,0,40.019228,-105.273461,0,0,0,0,NON-INTERSECTION,1043,7519
-105.206734,40.071175,Police Collision Report,COLLISION W/ MV - FRONT TO REAR,1801295,2,63RD ST/LOOKOUT RD,LOOKOUT ROAD,CITY ST/CNTY RD,     ,  ,2018/02/02 00:00:00+00,2018/02/02 12:46:00+00,2018,2,February,12,6,2,Friday,12,Motorway Collision,Daylight,NONE,Property Damage Only,0,0,0,40.071175,-105.206734,0,0,0,0,AT INTERSECTION,1246,7520
-105.279303,40.015822,Police Collision Report,COLLISION W/ MV - FRONT TO REAR,1801296,2,BROADWAY/CANYON BLVD,CANYON BLVD,STATE HWY,20,W ,2018/02/02 00:00:00+00,2018/02/02 12:47:00+00,2018,2,February,12,6,2,Friday,12,Motorway Collision,Daylight,NONE,Property Damage Only,0,0,0,40.015822,-105.279303,0,0,0,0,INTERSECTION RELATED,1247,7521
-105.244901,40.029254,Police Collision Report,COLLISION W/ MV - FRONT TO REAR,1801303,2,VALMONT RD/FOOTHILLS PKWY,FOOTHILLS PKWY,STATE HWY,20,W ,2018/02/02 00:00:00+00,2018/02/02 15:43:00+00,2018,2,February,15,6,2,Friday,15,Motorway Collision,Daylight,NONE,Property Damage Only,0,0,0,40.029254,-105.244901,0,0,0,0,INTERSECTION RELATED,1543,7522
-105.258403,40.029131,Police Collision Report,COLLISION W/ MV - FRONT TO REAR,1801311,2,VALMONT RD/28TH ST,VALMONT RD,CITY ST/CNTY RD,145,W ,2018/02/02 00:00:00+00,2018/02/02 18:14:00+00,2018,2,February,18,6,2,Friday,18,Motorway Collision,Dark - Lighted,NONE,Property Damage Only,0,0,0,40.029131,-105.258403,0,0,0,0,AT INTERSECTION,1814,7523
-105.280971,40.016592,Police Collision Report,COLLISION W/ MV - FRONT TO REAR,1801316,2,11TH ST/WALNUT ST,11TH ST,CITY ST/CNTY RD,100,N ,2018/02/02 00:00:00+00,2018/02/02 19:18:00+00,2018,2,February,19,6,2,Friday,19,Motorway Collision,Dark - Lighted,NONE,Property Damage Only,0,0,0,40.016592,-105.280971,0,0,0,0,NON-INTERSECTION,1922,7524
-105.281657,40.018652,Police Collision Report,COLLISION W/ MV - FRONT TO REAR,1801318,3,SPRUCE ST/11TH ST,SPRUCE,CITY ST/CNTY RD,     ,  ,2018/02/02 00:00:00+00,2018/02/02 20:01:00+00,2018,2,February,20,6,2,Friday,20,Motorway Collision,Dark - Lighted,NONE,Property Damage Only,0,0,0,40.018652,-105.281657,0,0,0,0,NON-INTERSECTION,2001,7525
-105.263639,40.023434,Police Collision Report,COLLISION W/ MV - FRONT TO REAR,1801096,3,PINE ST/FOLSOM ST,PINE ST,CITY ST/CNTY RD,50,W ,2018/01/28 00:00:00+00,2018/01/28 13:20:00+00,2018,1,January,13,1,28,Sunday,13,Motorway Collision,Daylight,NONE,Property Damage Only,0,0,0,40.023434,-105.263639,0,0,0,0,NON-INTERSECTION,1320,7526
-105.225418,40.014574,Police Collision Report,COLLISION W/ MV - FRONT TO REAR,1801053,2,ARAPAHOE AVE/55TH ST,ARAPAHOE AVE,STATE HWY,15,W ,2018/01/27 00:00:00+00,2018/01/27 11:34:00+00,2018,1,January,11,7,27,Saturday,11,Motorway Collision,Daylight,NONE,Property Damage Only,0,0,0,40.014574,-105.225418,0,0,0,0,INTERSECTION RELATED,1130,7527
-105.271705,40.005527,Police Collision Report,COLLISION W/ MV - FRONT TO REAR,1801128,2,BROADWAY/EUCLID AVE,BROADWAY,STATE HWY,     ,  ,2018/01/29 00:00:00+00,2018/01/29 12:13:00+00,2018,1,January,12,2,29,Monday,12,Motorway Collision,Daylight,NONE,Possible injury,0,0,0,40.005527,-105.271705,0,0,0,0,NON-INTERSECTION,1220,7528
-105.258492,40.017345,Police Collision Report,COLLISION W/ MV - FRONT TO REAR,1801130,2,28TH ST/CANYON BLVD,28TH ST,STATE HWY,510,N ,,2018/01/29 12:29:00+00,2018,1,January,12,2,29,Monday,12,Motorway Collision,Daylight,NONE,Property Damage Only,0,0,0,40.017345,-105.258492,0,0,0,0,DRIVEWAY ACCESS RELATED,1220,7529
-105.244815,40.02287,Police Collision Report,COLLISION W/ MV - FRONT TO REAR,1801105,2,FOOTHILLS PKWY/PEARL PKWY,FOOTHILLS PARKWAY,STATE HWY,     ,  ,2018/01/28 00:00:00+00,2018/01/28 16:47:00+00,2018,1,January,16,1,28,Sunday,16,Motorway Collision,Dawn or Dusk,NONE,Property Damage Only,0,0,0,40.02287,-105.244815,0,0,0,0,AT INTERSECTION,1647,7530
-105.234741,40.014803,Police Collision Report,COLLISION W/ MV - FRONT TO REAR,1801123,2,48TH ST/ARAPAHOE AVE,ARAPAHOE AVE,STATE HWY,42,E ,2018/01/29 00:00:00+00,2018/01/29 10:25:00+00,2018,1,January,10,2,29,Monday,10,Motorway Collision,Daylight,NONE,Property Damage Only,0,0,0,40.014803,-105.234741,0,0,0,0,INTERSECTION RELATED,1025,7531
-105.245431,39.985822,Police Collision Report,COLLISION W/ MV - FRONT TO REAR,1801235,4,S 42ND ST/TABLE MESA DR,TABLE MESA,CITY ST/CNTY RD,30,W ,2018/01/31 00:00:00+00,2018/01/31 18:17:00+00,2018,1,January,18,4,31,Wednesday,18,Motorway Collision,Dark - Lighted,NONE,Possible injury,0,0,0,39.985822,-105.245431,0,0,0,0,INTERSECTION RELATED,1817,7532
-105.232067,39.986813,Police Collision Report,COLLISION W/ MV - FRONT TO REAR,1801223,2,TABLE MESA DR/FOOTHILLS PKWY,TABLE MESA DR,CITY ST/CNTY RD,     ,  ,2018/01/31 00:00:00+00,2018/01/31 15:16:00+00,2018,1,January,15,4,31,Wednesday,15,Motorway Collision,Daylight,NONE,Property Damage Only,0,0,0,39.986813,-105.232067,0,0,0,0,INTERSECTION RELATED,1515,7533
-105.240833,40.014503,Police Collision Report,COLLISION W/ MV - FRONT TO REAR,1801200,2,ARAPAHOE AVE/FOOTHILLS PKWY,ARAPAHOE AVENUE,STATE HWY,     ,  ,2018/01/31 00:00:00+00,2018/01/31 08:00:00+00,2018,1,January,8,4,31,Wednesday,8,Motorway Collision,Daylight,NONE,Property Damage Only,0,0,0,40.014503,-105.240833,0,0,0,0,AT INTERSECTION,800,7534
-105.225401,40.006511,Police Collision Report,COLLISION W/ MV - FRONT TO REAR,1801204,2,55TH ST/PENNSYLVANIA AVE,PENNSYLVANIA AVE,CITY ST/CNTY RD,176,N ,2018/01/31 00:00:00+00,2018/01/31 08:08:00+00,2018,1,January,8,4,31,Wednesday,8,Motorway Collision,Daylight,NONE,Property Damage Only,0,0,0,40.006511,-105.225401,0,0,0,0,NON-INTERSECTION,807,7535
-105.272454,40.005982,Police Collision Report,COLLISION W/ MV - FRONT TO REAR,1801206,2,16TH ST/BROADWAY,16TH STREET,CITY ST/CNTY RD,     ,  ,2018/01/31 00:00:00+00,2018/01/31 08:56:00+00,2018,1,January,8,4,31,Wednesday,8,Motorway Collision,Daylight,NONE,Property Damage Only,0,0,0,40.005982,-105.272454,0,0,0,0,AT INTERSECTION,856,7536
-105.276658,40.016326,Police Collision Report,COLLISION W/ MV - FRONT TO REAR,1801160,2,CANYON BLVD/14TH ST,14TH STREET,STATE HWY,80,E ,2018/01/30 00:00:00+00,2018/01/30 09:18:00+00,2018,1,January,9,3,30,Tuesday,9,Motorway Collision,Daylight,NONE,Property Damage Only,0,0,0,40.016326,-105.276658,0,0,0,0,NON-INTERSECTION,917,7537
-105.276953,40.010476,Police Collision Report,COLLISION W/ MV - FRONT TO REAR,1801171,2,BROADWAY/UNIVERSITY AVE,BROADWAY,STATE HWY,30,N ,2018/01/30 00:00:00+00,2018/01/30 11:09:00+00,2018,1,January,11,3,30,Tuesday,11,Motorway Collision,Daylight,NONE,Possible injury,0,0,0,40.010476,-105.276953,0,0,0,0,INTERSECTION RELATED,1110,7538
-105.258534,40.043574,Police Collision Report,COLLISION W/ MV - FRONT TO REAR,1801180,2,PALO PKWY/28TH ST,28TH ST,STATE HWY,700,S ,2018/01/30 00:00:00+00,2018/01/30 15:27:00+00,2018,1,January,15,3,30,Tuesday,15,Motorway Collision,Daylight,NONE,Possible injury,0,0,0,40.043574,-105.258534,0,0,0,0,NON-INTERSECTION,1527,7539
-105.273701,40.006641,Police Collision Report,COLLISION W/ MV - FRONT TO REAR,1802080,2,BROADWAY/15TH ST,BROADWAY,STATE HWY,120,S ,2018/02/21 00:00:00+00,2018/02/21 10:18:00+00,2018,2,February,10,4,21,Wednesday,10,Motorway Collision,Daylight,NONE,Property Damage Only,0,0,0,40.006641,-105.273701,0,0,0,0,NON-INTERSECTION,859,7540
-105.232572,40.000025,Police Collision Report,COLLISION W/ MV - FRONT TO REAR,1802081,2,FOOTHILLS PKWY/BASELINE RD,FOOTHILLS PARKWAY,STATE HWY,     ,  ,2018/02/21 00:00:00+00,2018/02/21 09:26:00+00,2018,2,February,9,4,21,Wednesday,9,Motorway Collision,Daylight,NONE,Property Damage Only,0,0,0,40.000025,-105.232572,0,0,0,0,AT INTERSECTION,928,7541
-105.269017,40.014601,Police Collision Report,COLLISION W/ MV - FRONT TO REAR,1802082,3,20TH ST/ARAPAHOE AVE,ARAPAHOE AVE,CITY ST/CNTY RD,25,E ,2018/02/21 00:00:00+00,2018/02/21 09:48:00+00,2018,2,February,9,4,21,Wednesday,9,Motorway Collision,Daylight,NONE,Possible injury,0,0,0,40.014601,-105.269017,0,0,0,0,NON-INTERSECTION,948,7542
-105.273717,40.006663,Police Collision Report,COLLISION W/ MV - FRONT TO REAR,1802098,3,15TH ST/BROADWAY,BROADWAY,STATE HWY,35,N ,2018/02/21 00:00:00+00,2018/02/21 17:05:00+00,2018,2,February,17,4,21,Wednesday,17,Motorway Collision,Dawn or Dusk,NONE,Property Damage Only,0,0,0,40.006663,-105.273717,0,0,0,0,INTERSECTION RELATED,1705,7543
-105.282308,39.998161,Police Collision Report,COLLISION W/ MV - FRONT TO REAR,1802101,2,KINNIKINIC RD/GAILLARDIA LN,KINNIKINIC,CITY ST/CNTY RD,     ,  ,2018/02/21 00:00:00+00,2018/02/21 17:39:00+00,2018,2,February,17,4,21,Wednesday,17,Motorway Collision,Dark - Lighted,NONE,Property Damage Only,0,0,0,39.998161,-105.282308,0,0,0,0,AT INTERSECTION,1745,7544
-105.279303,40.015822,Police Collision Report,COLLISION W/ MV - FRONT TO REAR,1802132,2,BROADWAY/CANYON BLVD,CANYON,STATE HWY,150,W ,2018/02/22 00:00:00+00,2018/02/22 10:37:00+00,2018,2,February,10,5,22,Thursday,10,Motorway Collision,Daylight,NONE,Possible injury,0,0,0,40.015822,-105.279303,0,0,0,0,NON-INTERSECTION,1036,7545
-105.267721,40.003464,Police Collision Report,COLLISION W/ MV - FRONT TO REAR,1802134,2,BROADWAY/20TH ST,BROADWAY,STATE HWY,100,N ,2018/02/22 00:00:00+00,2018/02/22 11:13:00+00,2018,2,February,11,5,22,Thursday,11,Motorway Collision,Daylight,NONE,Possible injury,0,0,0,40.003464,-105.267721,0,0,0,0,NON-INTERSECTION,1110,7546
-105.258282,40.014544,Police Collision Report,COLLISION W/ MV - FRONT TO REAR,1802138,2,28TH ST/ARAPAHOE AVE,ARAPAHOE,CITY ST/CNTY RD,     ,  ,2018/02/22 00:00:00+00,2018/02/22 11:57:00+00,2018,2,February,11,5,22,Thursday,11,Motorway Collision,Daylight,NONE,Possible injury,0,0,0,40.014544,-105.258282,0,0,0,0,INTERSECTION RELATED,1155,7547
-105.23281,39.999988,Police Collision Report,COLLISION W/ MV - FRONT TO REAR,1802143,2,BASELINE RD/FOOTHILLS PKWY,BASELINE ROAD,STATE HWY,     ,  ,2018/02/22 00:00:00+00,2018/02/22 13:16:00+00,2018,2,February,13,5,22,Thursday,13,Motorway Collision,Daylight,NONE,Property Damage Only,0,0,0,39.999988,-105.23281,0,0,0,0,AT INTERSECTION,1331,7548
-105.232572,40.000025,Police Collision Report,COLLISION W/ MV - FRONT TO REAR,1802152,2,FOOTHILLS PKWY/BASELINE RD,FOOTHILLS PKWY,STATE HWY,1006,N ,2018/02/22 00:00:00+00,2018/02/22 15:04:00+00,2018,2,February,15,5,22,Thursday,15,Motorway Collision,Daylight,NONE,Non-Incapacitating Injury,0,0,1,40.000025,-105.232572,0,0,0,0,NON-INTERSECTION,1503,7549
-105.234237,39.986564,Police Collision Report,COLLISION W/ MV - FRONT TO REAR,1802154,3,4920  TABLE MESA DR      ,TABLE MESA,CITY ST/CNTY RD,100,W ,2018/02/22 00:00:00+00,2018/02/22 16:27:00+00,2018,2,February,16,5,22,Thursday,16,Motorway Collision,Dawn or Dusk,NONE,Possible injury,0,0,0,39.986564,-105.234237,0,0,0,0,INTERSECTION RELATED,1627,7550
-105.273748,40.037623,Police Collision Report,COLLISION W/ MV - FRONT TO REAR,1802169,2,1854  DEL ROSA CT      ,DEL ROSA CT,CITY ST/CNTY RD,295,W ,2018/02/22 00:00:00+00,2018/02/22 22:22:00+00,2018,2,February,22,5,22,Thursday,22,Motorway Collision,Dark - Unlighted,NONE,Property Damage Only,0,0,0,40.037623,-105.273748,0,0,0,0,NON-INTERSECTION,2222,7551
-105.225448,40.014598,Police Collision Report,COLLISION W/ MV - FRONT TO REAR,1802178,2,55TH ST/ARAPAHOE AVE,55TH,STATE HWY,50,N ,2018/01/30 00:00:00+00,2018/02/22 00:00:00+00,2018,2,February,0,5,22,Thursday,0,Motorway Collision,Dawn or Dusk,NONE,Possible injury,0,0,0,40.014598,-105.225448,0,0,0,0,INTERSECTION RELATED,1730,7552