X,Y,ReportType,PrmaryCollsionType,CaseNumber,UnitsInvolved,Location,OnHighway,CrossStreet,FeetFromIntersection,DirectionFromIntersection,CollisionDate,ReportedDate,ReportedYear,ReportedMonth,ReportedMonthName,ReportedWeek,ReportedDayofWeekNum,ReportedDayofMonth,ReportedDayofWeek,ReportedHour,HitAndRunStatus,LightingCondition,WeatherCondition,Severity,NumKilled,NumSeriouslyInjured,NumInjuredOrKilled,Lat,Lon,DUI,AlcoholDrugSuspected,BicyclesInvolved,PedestriansInvolved,RoadDescription,Crash_Time,ESRI_OID
-105.258565,40.008102,Police Collision Report,COLLISION W/ MV - FRONT TO REAR,1802185,2,COLORADO AVE/28TH ST,COLORADO AVENUE,CITY ST/CNTY RD,275,W ,2018/02/23 00:00:00+00,2018/02/23 10:14:00+00,2018,2,February,10,6,23,Friday,10,Motorway Collision,Daylight,NONE,Property Damage Only,0,0,0,40.008102,-105.258565,0,0,0,0,DRIVEWAY ACCESS RELATED,1014,7553
-105.240794,40.014536,Police Collision Report,COLLISION W/ MV - FRONT TO REAR,1802043,2,FOOTHILLS PKWY/ARAPAHOE AVE,FOOTHILLS PKWY,STATE HWY,250,N ,2018/02/20 00:00:00+00,2018/02/20 09:27:00+00,2018,2,February,9,3,20,Tuesday,9,Motorway Collision,Daylight,NONE,Property Damage Only,0,0,0,40.014536,-105.240794,0,0,0,0,INTERSECTION RELATED,927,7554
-105.279657,40.016862,Police Collision Report,COLLISION W/ MV - FRONT TO REAR,1802048,2,BROADWAY/WALNUT ST,BROADWAY,CITY ST/CNTY RD,10,N ,2018/02/20 00:00:00+00,2018/02/20 12:44:00+00,2018,2,February,12,3,20,Tuesday,12,Motorway Collision,Daylight,NONE,Property Damage Only,0,0,0,40.016862,-105.279657,0,0,0,0,INTERSECTION RELATED,1244,7555
-105.263563,40.000114,Police Collision Report,COLLISION W/ MV - FRONT TO REAR,1802049,2,BASELINE RD/BROADWAY,BROADWAY,STATE HWY,15,N ,2018/02/20 00:00:00+00,2018/02/20 13:34:00+00,2018,2,February,13,3,20,Tuesday,13,Motorway Collision,Daylight,NONE,Property Damage Only,0,0,0,40.000114,-105.263563,0,0,0,0,INTERSECTION RELATED,1330,7556
-105.282101,40.036414,Police Collision Report,COLLISION W/ MV - FRONT TO REAR,1802052,2,BROADWAY/IRIS AVE,BROADWAY,CITY ST/CNTY RD,30,N ,2018/02/20 00:00:00+00,2018/02/20 14:44:00+00,2018,2,February,14,3,20,Tuesday,14,Motorway Collision,Daylight,NONE,Possible injury,0,0,0,40.036414,-105.282101,0,0,0,0,INTERSECTION RELATED,1444,7557
-105.279657,40.016862,Police Collision Report,COLLISION W/ MV - FRONT TO REAR,1802060,2,BROADWAY/WALNUT ST,BROADWAY,CITY ST/CNTY RD,38,S ,2018/02/20 00:00:00+00,2018/02/20 18:01:00+00,2018,2,February,18,3,20,Tuesday,18,Motorway Collision,Dark - Lighted,NONE,Property Damage Only,0,0,0,40.016862,-105.279657,0,0,0,0,AT INTERSECTION,1801,7558
-105.276926,40.010517,Police Collision Report,COLLISION W/ MV - FRONT TO REAR,1802062,2,UNIVERSITY AVE/BROADWAY,UNIVERSITY AVE,STATE HWY,     ,  ,2018/02/20 00:00:00+00,2018/02/20 19:34:00+00,2018,2,February,19,3,20,Tuesday,19,Motorway Collision,Dark - Lighted,NONE,Property Damage Only,0,0,0,40.010517,-105.276926,0,0,0,0,AT INTERSECTION,1934,7559
-105.274964,40.007276,Police Collision Report,COLLISION W/ MV - FRONT TO REAR,1802073,2,COLLEGE AVE/14TH ST,COLLEGE AVE,CITY ST/CNTY RD,     ,  ,2018/02/21 00:00:00+00,2018/02/21 07:52:00+00,2018,2,February,7,4,21,Wednesday,7,Motorway Collision,Daylight,NONE,Property Damage Only,0,0,0,40.007276,-105.274964,0,0,0,0,AT INTERSECTION,752,7560
-105.239567,40.008522,Police Collision Report,COLLISION W/ MV - FRONT TO REAR,1802074,2,FOOTHILLS PKWY/COLORADO AVE,COLORAO AVE,CITY ST/CNTY RD,     ,  ,2018/02/21 00:00:00+00,2018/02/21 08:20:00+00,2018,2,February,8,4,21,Wednesday,8,Motorway Collision,Daylight,NONE,Property Damage Only,0,0,0,40.008522,-105.239567,0,0,0,0,INTERSECTION RELATED,819,7561
-105.279303,40.015822,Police Collision Report,COLLISION W/ MV - FRONT TO REAR,1802075,2,BROADWAY/CANYON BLVD,CANYON BLVD,STATE HWY,295,S ,2018/02/21 00:00:00+00,2018/02/21 08:50:00+00,2018,2,February,8,4,21,Wednesday,8,Motorway Collision,Daylight,NONE,Property Damage Only,0,0,0,40.015822,-105.279303,0,0,0,0,NON-INTERSECTION,850,7562
-105.258482,40.036463,Police Collision Report,COLLISION W/ MV - FRONT TO REAR,1802077,2,28TH ST/IRIS AVE,IRIS AVE,STATE HWY,     ,  ,2018/02/21 00:00:00+00,2018/02/21 08:53:00+00,2018,2,February,8,4,21,Wednesday,8,Motorway Collision,Daylight,NONE,Property Damage Only,0,0,0,40.036463,-105.258482,0,0,0,0,AT INTERSECTION,852,7563
-105.273701,40.006641,Police Collision Report,COLLISION W/ MV - FRONT TO REAR,1802076,3,BROADWAY/15TH ST,BROADWAY,STATE HWY,116,S ,2018/02/21 00:00:00+00,2018/02/21 09:01:00+00,2018,2,February,9,4,21,Wednesday,9,Motorway Collision,Daylight,NONE,Possible injury,0,0,0,40.006641,-105.273701,0,0,0,0,NON-INTERSECTION,859,7564
-105.267763,40.003446,Police Collision Report,COLLISION W/ MV - FRONT TO REAR,1801991,2,20TH ST/BROADWAY,BROADWAY,STATE HWY,70,N ,2018/02/18 00:00:00+00,2018/02/18 09:58:00+00,2018,2,February,9,1,18,Sunday,9,Motorway Collision,Daylight,NONE,Possible injury,0,0,0,40.003446,-105.267763,0,0,0,0,INTERSECTION RELATED,958,7565
-105.247488,39.992902,Police Collision Report,COLLISION W/ MV - FRONT TO REAR,1801950,3,CHASE CT/MOORHEAD AVE,CHASE COURT,CITY ST/CNTY RD,100,S ,2018/02/17 00:00:00+00,2018/02/17 17:46:00+00,2018,2,February,17,7,17,Saturday,17,Motorway Collision,Dawn or Dusk,NONE,Possible injury,0,0,0,39.992902,-105.247488,0,0,0,0,NON-INTERSECTION,1746,7566
-105.239567,40.008522,Police Collision Report,COLLISION W/ MV - FRONT TO REAR,1800581,2,FOOTHILLS PKWY/COLORADO AVE,FOOTHILLS PKWY,STATE HWY,     ,  ,2018/01/17 00:00:00+00,2018/01/17 00:00:00+00,2018,1,January,0,4,17,Wednesday,0,Motorway Collision,Daylight,NONE,Possible injury,0,0,0,40.008522,-105.239567,0,0,0,0,AT INTERSECTION,940,7567
-105.258492,40.017345,Police Collision Report,COLLISION W/ MV - FRONT TO REAR,1800699,3,28TH ST/CANYON BLVD,28TH STREET,STATE HWY,87,S ,2018/01/19 00:00:00+00,2018/01/19 16:39:00+00,2018,1,January,16,6,19,Friday,16,Motorway Collision,Dawn or Dusk,NONE,Property Damage Only,0,0,0,40.017345,-105.258492,0,0,0,0,INTERSECTION RELATED,1639,7568
-105.253634,40.014706,Police Collision Report,COLLISION W/ MV - FRONT TO REAR,1800677,2,30TH ST/ARAPAHOE AVE,ARAPAHOE AVENUE,STATE HWY,     ,  ,2018/01/19 00:00:00+00,2018/01/19 08:04:00+00,2018,1,January,8,6,19,Friday,8,Motorway Collision,Daylight,NONE,Property Damage Only,0,0,0,40.014706,-105.253634,0,0,0,0,AT INTERSECTION,804,7569
-105.239298,39.973926,Police Collision Report,COLLISION W/ MV - FRONT TO REAR,1800679,2,S BROADWAY/CHAMBERS DR,CHAMBERS DRIVE,CITY ST/CNTY RD,     ,  ,2018/01/19 00:00:00+00,2018/01/19 08:08:00+00,2018,1,January,8,6,19,Friday,8,Motorway Collision,Daylight,NONE,Property Damage Only,0,0,0,39.973926,-105.239298,0,0,0,0,AT INTERSECTION,808,7570
-105.277915,40.016069,Police Collision Report,COLLISION W/ MV - FRONT TO REAR,1800725,2,CANYON BLVD/13TH ST,CANYON BLVD,STATE HWY,30,W ,2018/01/20 00:00:00+00,2018/01/20 10:54:00+00,2018,1,January,10,7,20,Saturday,10,Motorway Collision,Daylight,NONE,Property Damage Only,0,0,0,40.016069,-105.277915,0,0,0,0,INTERSECTION RELATED,1054,7571
-105.253059,39.999933,Police Collision Report,COLLISION W/ MV - FRONT TO REAR,1800726,2,30TH ST/BASELINE RD,BASELINE ROAD,CITY ST/CNTY RD,50,W ,2018/01/20 00:00:00+00,2018/01/20 10:58:00+00,2018,1,January,10,7,20,Saturday,10,Motorway Collision,Daylight,NONE,Property Damage Only,0,0,0,39.999933,-105.253059,0,0,0,0,INTERSECTION RELATED,1055,7572
-105.234743,39.986514,Police Collision Report,COLLISION W/ MV - FRONT TO REAR,1800628,2,US HIGHWAY 36/TABLE MESA DR,TABLE MESA DRIVE,STATE HWY,1698,W ,2018/01/18 00:00:00+00,2018/01/18 09:12:00+00,2018,1,January,9,5,18,Thursday,9,Motorway Collision,Daylight,NONE,Property Damage Only,0,0,0,39.986514,-105.234743,0,0,0,0,NON-INTERSECTION,913,7573
-105.258282,40.014544,Police Collision Report,COLLISION W/ MV - FRONT TO REAR,1800643,2,28TH ST/ARAPAHOE AVE,ARAPAHOE AVE,STATE HWY,101,E ,2018/01/18 00:00:00+00,2018/01/18 15:04:00+00,2018,1,January,15,5,18,Thursday,15,Motorway Collision,Daylight,NONE,Non-Incapacitating Injury,0,0,1,40.014544,-105.258282,0,0,0,0,INTERSECTION RELATED,1504,7574
-105.244862,40.029223,Police Collision Report,COLLISION W/ MV - FRONT TO REAR,1800653,2,FOOTHILLS PKWY/VALMONT RD,VALMONT,CITY ST/CNTY RD,20,W ,2018/01/18 00:00:00+00,2018/01/18 18:02:00+00,2018,1,January,18,5,18,Thursday,18,Motorway Collision,Dark - Lighted,NONE,Property Damage Only,0,0,0,40.029223,-105.244862,0,0,0,0,INTERSECTION RELATED,1802,7575
-105.244539,39.985847,Police Collision Report,COLLISION W/ MV - FRONT TO REAR,1800654,3,TABLE MESA DR/S 43RD ST,TABLE MESA,,75,E ,2018/01/18 00:00:00+00,2018/01/18 18:12:00+00,2018,1,January,18,5,18,Thursday,18,Motorway Collision,Dark - Lighted,NONE,Property Damage Only,0,0,0,39.985847,-105.244539,0,0,0,0,NON-INTERSECTION,1812,7576
-105.231998,39.986966,Police Collision Report,COLLISION W/ MV - FRONT TO REAR,1800662,2,FOOTHILLS PKWY/TABLE MESA DR,HWY 157 SB OFF RAMP,STATE HWY,     ,  ,2018/01/18 00:00:00+00,2018/01/18 22:25:00+00,2018,1,January,22,5,18,Thursday,22,Motorway Collision,Dark - Lighted,NONE,Property Damage Only,0,0,0,39.986966,-105.231998,0,0,0,0,AT INTERSECTION,2224,7577
-105.232572,40.000025,Police Collision Report,COLLISION W/ MV - FRONT TO REAR,1800621,2,FOOTHILLS PKWY/BASELINE RD,FOOTHILLS PARKWAY,STATE HWY,     ,  ,2018/01/18 00:00:00+00,2018/01/18 07:01:00+00,2018,1,January,7,5,18,Thursday,7,Motorway Collision,Daylight,NONE,Property Damage Only,0,0,0,40.000025,-105.232572,0,0,0,0,AT INTERSECTION,701,7578
-105.244901,40.029254,Police Collision Report,COLLISION W/ MV - FRONT TO REAR,1800574,2,VALMONT RD/FOOTHILLS PKWY,FOOTHILLS PKWY,STATE HWY,1200,N ,2018/01/17 00:00:00+00,2018/01/17 08:13:00+00,2018,1,January,8,4,17,Wednesday,8,Motorway Collision,Daylight,NONE,Property Damage Only,0,0,0,40.029254,-105.244901,0,0,0,0,NON-INTERSECTION,810,7579
-105.276953,40.010476,Police Collision Report,COLLISION W/ MV - FRONT TO REAR,1801378,2,BROADWAY/UNIVERSITY AVE,BROADWAY,STATE HWY,65,N ,2018/02/04 00:00:00+00,2018/02/04 12:56:00+00,2018,2,February,12,1,4,Sunday,12,Motorway Collision,Daylight,NONE,Possible injury,0,0,0,40.010476,-105.276953,0,0,0,0,NON-INTERSECTION,1256,7580
-105.249911,39.985461,Police Collision Report,COLLISION W/ MV - FRONT TO REAR,1801381,2,TABLE MESA DR/S BROADWAY,TABLE MESA DR,CITY ST/CNTY RD,54,W ,2018/02/04 00:00:00+00,2018/02/04 15:13:00+00,2018,2,February,15,1,4,Sunday,15,Motorway Collision,Daylight,NONE,Possible injury,0,0,0,39.985461,-105.249911,0,0,0,0,INTERSECTION RELATED,1513,7581
-105.258468,40.032817,Police Collision Report,COLLISION W/ MV - FRONT TO REAR,1801386,3,28TH ST/GLENWOOD DR,28TH ST,CITY ST/CNTY RD,     ,  ,2018/02/04 00:00:00+00,2018/02/04 17:00:00+00,2018,2,February,17,1,4,Sunday,17,Motorway Collision,Dawn or Dusk,NONE,Property Damage Only,0,0,0,40.032817,-105.258468,0,0,0,0,INTERSECTION RELATED,1702,7582
-105.282152,40.05457,Police Collision Report,COLLISION W/ MV - FRONT TO REAR,1801596,2,BROADWAY/VIOLET AVE,BROADWAY,CITY ST/CNTY RD,60,S ,2018/02/09 00:00:00+00,2018/02/09 15:40:00+00,2018,2,February,15,6,9,Friday,15,Motorway Collision,Daylight,NONE,Property Damage Only,0,0,0,40.05457,-105.282152,0,0,0,0,INTERSECTION RELATED,1540,7583
-105.244815,40.02287,Police Collision Report,COLLISION W/ MV - FRONT TO REAR,1801600,2,FOOTHILLS PKWY/PEARL PKWY,FOOTHILLS PKWY,STATE HWY,100,N ,2018/02/09 00:00:00+00,2018/02/09 16:29:00+00,2018,2,February,16,6,9,Friday,16,Motorway Collision,Daylight,NONE,Property Damage Only,0,0,0,40.02287,-105.244815,0,0,0,0,NON-INTERSECTION,1629,7584
-105.243557,40.022837,Police Collision Report,COLLISION W/ MV - FRONT TO REAR,1800374,2,PEARL PKWY/FOOTHILLS NB OFF RP @ PEARL,PEARL PARKWAY,STATE HWY,     ,  ,2018/01/11 00:00:00+00,2018/01/11 19:27:00+00,2018,1,January,19,5,11,Thursday,19,Motorway Collision,Dark - Lighted,NONE,Property Damage Only,0,0,0,40.022837,-105.243557,0,0,0,0,AT INTERSECTION,1950,7585
-105.282147,40.05079,Police Collision Report,COLLISION W/ MV - FRONT TO REAR,1800388,3,BROADWAY/SUMAC AVE,BROADWAY,CITY ST/CNTY RD,     ,  ,2018/01/12 00:00:00+00,2018/01/12 08:48:00+00,2018,1,January,8,6,12,Friday,8,Motorway Collision,Daylight,NONE,Possible injury,0,0,0,40.05079,-105.282147,0,0,0,0,AT INTERSECTION,848,7586
-105.279635,40.016897,Police Collision Report,COLLISION W/ MV - FRONT TO REAR,1800296,2,WALNUT ST/BROADWAY,BROADWAY,CITY ST/CNTY RD,150,S ,2018/01/09 00:00:00+00,2018/01/09 15:50:00+00,2018,1,January,15,3,9,Tuesday,15,Motorway Collision,Daylight,NONE,Property Damage Only,0,0,0,40.016897,-105.279635,0,0,0,0,INTERSECTION RELATED,1550,7587
-105.24066,40.014698,Police Collision Report,COLLISION W/ MV - FRONT TO REAR,1800302,3,FOOTHILLS PKWY/ARAPAHOE AVE,FOOTHILLS PKWY,STATE HWY,895,N ,2018/01/09 00:00:00+00,2018/01/09 17:19:00+00,2018,1,January,17,3,9,Tuesday,17,Motorway Collision,Dark - Lighted,NONE,Property Damage Only,0,0,0,40.014698,-105.24066,0,0,0,0,NON-INTERSECTION,1718,7588
-105.247521,40.02923,Police Collision Report,COLLISION W/ MV - FRONT TO REAR,1800325,2,VALMONT RD/WILDERNESS PL,WALNUT ST,CITY ST/CNTY RD,35,W ,2018/01/10 10:27:00+00,2018/01/10 10:48:00+00,2018,1,January,10,4,10,Wednesday,10,Motorway Collision,Daylight,NONE,Property Damage Only,0,0,0,40.02923,-105.247521,1,1,0,0,INTERSECTION RELATED,1027,7589
-105.253425,40.00742,Police Collision Report,COLLISION W/ MV - FRONT TO REAR,1800340,2,30TH ST/COLORADO AVE,COLORADO AVE,CITY ST/CNTY RD,90,S ,2018/01/10 00:00:00+00,2018/01/10 16:37:00+00,2018,1,January,16,4,10,Wednesday,16,Motorway Collision,Daylight,NONE,Property Damage Only,0,0,0,40.00742,-105.253425,0,0,0,0,INTERSECTION RELATED,1153,7590
-105.244862,40.029223,Police Collision Report,COLLISION W/ MV - FRONT TO REAR,1800228,2,FOOTHILLS PKWY/VALMONT RD,FOOTHILLS PKWY,STATE HWY,     ,  ,2018/01/07 00:00:00+00,2018/01/07 12:53:00+00,2018,1,January,12,1,7,Sunday,12,Motorway Collision,Daylight,NONE,Property Damage Only,0,0,0,40.029223,-105.244862,0,0,0,0,AT INTERSECTION,1253,7591
-105.215716,40.014636,Police Collision Report,COLLISION W/ MV - FRONT TO REAR,1800216,2,ARAPAHOE AVE/OLD TALE RD,ARAPAHOE AVE,STATE HWY,     ,  ,2018/01/06 00:00:00+00,2018/01/06 21:44:00+00,2018,1,January,21,7,6,Saturday,21,Motorway Collision,Dark - Lighted,NONE,Property Damage Only,0,0,0,40.014636,-105.215716,0,0,0,0,AT INTERSECTION,2144,7592
-105.258272,40.017365,Police Collision Report,COLLISION W/ MV - FRONT TO REAR,1800178,2,CANYON BLVD/28TH ST,28TH ST,STATE HWY,250,N ,2018/01/05 00:00:00+00,2018/01/05 17:39:00+00,2018,1,January,17,6,5,Friday,17,Motorway Collision,Dark - Lighted,NONE,Possible injury,0,0,0,40.017365,-105.258272,0,0,0,0,INTERSECTION RELATED,1737,7593
-105.249911,39.985461,Police Collision Report,COLLISION W/ MV - FRONT TO REAR,1800253,2,TABLE MESA DR/S BROADWAY,TABLE MESA DR,CITY ST/CNTY RD,     ,  ,2018/01/08 00:00:00+00,2018/01/08 12:39:00+00,2018,1,January,12,2,8,Monday,12,Motorway Collision,Daylight,NONE,Property Damage Only,0,0,0,39.985461,-105.249911,0,0,0,0,AT INTERSECTION,1239,7594
-105.253677,40.029218,Police Collision Report,COLLISION W/ MV - FRONT TO REAR,1800279,4,VALMONT RD/30TH ST,30TH ST,CITY ST/CNTY RD,98,N ,2018/01/09 00:00:00+00,2018/01/09 10:04:00+00,2018,1,January,10,3,9,Tuesday,10,Motorway Collision,Daylight,NONE,Possible injury,0,0,0,40.029218,-105.253677,0,0,0,0,INTERSECTION RELATED,1004,7595
-105.26379,40.000067,Police Collision Report,COLLISION W/ MV - FRONT TO REAR,1800236,3,BROADWAY/BASELINE RD,BROADWAY,CITY ST/CNTY RD,     ,  ,2018/01/07 23:53:59+00,2018/01/07 23:54:00+00,2018,1,January,23,1,7,Sunday,23,Motorway Collision,Dark - Lighted,NONE,Possible injury,0,0,0,40.000067,-105.26379,1,1,0,0,AT INTERSECTION,2222,7596
-105.225069,40.027648,Police Collision Report,COLLISION W/ MV - FRONT TO REAR,1800244,2,55TH ST/PEARL PKWY,PEARL PKWY,CITY ST/CNTY RD,     ,  ,2018/01/08 00:00:00+00,2018/01/08 09:56:00+00,2018,1,January,9,2,8,Monday,9,Motorway Collision,Daylight,NONE,Possible injury,0,0,0,40.027648,-105.225069,0,0,0,0,AT INTERSECTION,956,7597
-105.232572,40.000025,Police Collision Report,COLLISION W/ MV - FRONT TO REAR,1800248,3,FOOTHILLS PKWY/BASELINE RD,FOOTHILLS PKWY,STATE HWY,     ,  ,,2018/01/08 10:47:00+00,2018,1,January,10,2,8,Monday,10,Motorway Collision,Daylight,NONE,Non-Incapacitating Injury,0,0,1,40.000025,-105.232572,0,0,0,0,AT INTERSECTION,1047,7598
-105.258407,40.022375,Police Collision Report,COLLISION W/ MV - FRONT TO REAR,1800288,2,28TH ST/PEARL ST,28TH ST,STATE HWY,236,N ,2018/01/09 00:00:00+00,2018/01/09 13:29:00+00,2018,1,January,13,3,9,Tuesday,13,Motorway Collision,Daylight,NONE,Possible injury,0,0,0,40.022375,-105.258407,0,0,0,0,NON-INTERSECTION,1329,7599
-105.276293,40.009467,Police Collision Report,COLLISION W/ MV - FRONT TO REAR,1800554,2,BROADWAY/13TH ST,BROADWAY ST.,CITY ST/CNTY RD,     ,  ,2018/01/16 00:00:00+00,2018/01/16 15:27:00+00,2018,1,January,15,3,16,Tuesday,15,Motorway Collision,Daylight,NONE,Property Damage Only,0,0,0,40.009467,-105.276293,0,0,0,0,AT INTERSECTION,1535,7600
-105.225069,40.027648,Police Collision Report,COLLISION W/ MV - FRONT TO REAR,1800560,2,55TH ST/PEARL PKWY,55TH,CITY ST/CNTY RD,     ,  ,2018/01/16 00:00:00+00,2018/01/16 17:27:00+00,2018,1,January,17,3,16,Tuesday,17,Motorway Collision,Dark - Lighted,NONE,Property Damage Only,0,0,0,40.027648,-105.225069,0,0,0,0,AT INTERSECTION,1740,7601
-105.232067,39.986813,Police Collision Report,COLLISION W/ MV - FRONT TO REAR,1800562,3,TABLE MESA DR/FOOTHILLS PKWY,TABLE MESA DR.,CITY ST/CNTY RD,200,W ,2018/01/16 00:00:00+00,2018/01/16 17:53:00+00,2018,1,January,17,3,16,Tuesday,17,Motorway Collision,Dark - Lighted,NONE,Possible injury,0,0,0,39.986813,-105.232067,0,0,0,0,INTERSECTION RELATED,1754,7602
-105.250414,39.99552,Police Collision Report,COLLISION W/ MV - FRONT TO REAR,1800577,2,37800  US HIGHWAY 36      ,US HIGHWAY 36,STATE HWY,560,E ,2018/01/17 00:00:00+00,2018/01/17 08:51:00+00,2018,1,January,8,4,17,Wednesday,8,Motorway Collision,Daylight,NONE,Property Damage Only,0,0,0,39.99552,-105.250414,0,0,0,0,NON-INTERSECTION,850,7603
-105.260116,39.980244,Police Collision Report,COLLISION W/ MV - FRONT TO REAR,1800520,2,TABLE MESA DR/TABLE MESA CT,TABLE MESA DRIVE,CITY ST/CNTY RD,     ,  ,2018/01/16 00:00:00+00,2018/01/16 08:42:00+00,2018,1,January,8,3,16,Tuesday,8,Motorway Collision,Daylight,NONE,Possible injury,0,0,0,39.980244,-105.260116,0,0,0,0,INTERSECTION RELATED,840,7604
-105.232572,40.000025,Police Collision Report,COLLISION W/ MV - FRONT TO REAR,1800523,2,FOOTHILLS PKWY/BASELINE RD,FOOTHILLS PKWY,STATE HWY,1276,S ,2018/01/16 00:00:00+00,2018/01/16 09:03:00+00,2018,1,January,9,3,16,Tuesday,9,Motorway Collision,Daylight,NONE,Property Damage Only,0,0,0,40.000025,-105.232572,0,0,0,0,NON-INTERSECTION,901,7605
-105.258571,40.043598,Police Collision Report,COLLISION W/ MV - FRONT TO REAR,1800472,2,28TH ST/PALO PKWY,28TH ST.,STATE HWY,     ,  ,2018/01/14 00:00:00+00,2018/01/14 18:39:00+00,2018,1,January,18,1,14,Sunday,18,Motorway Collision,Dark - Lighted,NONE,Possible injury,0,0,0,40.043598,-105.258571,0,0,0,0,AT INTERSECTION,1839,7606
-105.253199,40.040073,Police Collision Report,COLLISION W/ MV - FRONT TO REAR,1800499,2,KALMIA AVE/PAONIA ST,PAONIA ST,CITY ST/CNTY RD,302,N ,2018/01/15 00:00:00+00,2018/01/15 15:04:00+00,2018,1,January,15,2,15,Monday,15,Motorway Collision,Dark - Unlighted,NONE,Property Damage Only,0,0,0,40.040073,-105.253199,0,0,0,0,NON-INTERSECTION,1600,7607
-105.206734,40.071175,Police Collision Report,COLLISION W/ MV - FRONT TO REAR,1800037,2,63RD ST/LOOKOUT RD,63RD,STATE HWY,     ,  ,2018/01/02 00:00:00+00,2018/01/02 08:49:00+00,2018,1,January,8,3,2,Tuesday,8,Motorway Collision,Daylight,NONE,Property Damage Only,0,0,0,40.071175,-105.206734,0,0,0,0,AT INTERSECTION,849,7608
-105.198217,40.07147,Police Collision Report,COLLISION W/ MV - FRONT TO REAR,1800042,2,6680  GUNPARK DR      ,GUNPARK DR,CITY ST/CNTY RD,     ,  ,2018/01/02 00:00:00+00,2018/01/02 10:51:00+00,2018,1,January,10,3,2,Tuesday,10,Motorway Collision,Daylight,NONE,Possible injury,0,0,0,40.07147,-105.198217,0,0,0,0,NON-INTERSECTION,1051,7609
-105.258282,40.014544,Police Collision Report,COLLISION W/ MV - FRONT TO REAR,1800088,2,28TH ST/ARAPAHOE AVE,30TH STREET,CITY ST/CNTY RD,     ,  ,2018/01/03 00:00:00+00,2018/01/03 14:06:00+00,2018,1,January,14,4,3,Wednesday,14,Motorway Collision,Daylight,NONE,Property Damage Only,0,0,0,40.014544,-105.258282,0,0,0,0,INTERSECTION RELATED,1406,7610
-105.268206,40.020339,Police Collision Report,COLLISION W/ MV - FRONT TO REAR,1800098,2,PEARL ST/21ST ST,PEARL ST,CITY ST/CNTY RD,50,W ,2018/01/03 00:00:00+00,2018/01/03 18:42:00+00,2018,1,January,18,4,3,Wednesday,18,Motorway Collision,Dark - Lighted,NONE,Property Damage Only,0,0,0,40.020339,-105.268206,0,0,0,0,NON-INTERSECTION,1800,7611
-105.249911,39.985461,Police Collision Report,COLLISION W/ MV - FRONT TO REAR,1800121,2,TABLE MESA DR/S BROADWAY,BROADWAY,STATE HWY,     ,  ,2018/01/04 00:00:00+00,2018/01/04 10:24:00+00,2018,1,January,10,5,4,Thursday,10,Motorway Collision,Daylight,NONE,Property Damage Only,0,0,0,39.985461,-105.249911,0,0,0,0,AT INTERSECTION,1010,7612
-105.263012,40.017354,Police Collision Report,COLLISION W/ MV - FRONT TO REAR,1800134,2,FOLSOM ST/CANYON BLVD,FOLSOM ST,CITY ST/CNTY RD,5,N ,2018/01/04 00:00:00+00,2018/01/04 17:37:00+00,2018,1,January,17,5,4,Thursday,17,Motorway Collision,Dark - Lighted,NONE,Property Damage Only,0,0,0,40.017354,-105.263012,0,0,0,0,INTERSECTION RELATED,1737,7613
-105.244815,40.02287,Police Collision Report,COLLISION W/ MV - FRONT TO REAR,1716215,2,FOOTHILLS PKWY/PEARL PKWY,FOOTHILLS PARKWAY OFF-RAMP,STATE HWY,14,N ,2017/12/12 00:00:00+00,2017/12/12 07:07:00+00,2017,12,December,7,3,12,Tuesday,7,Motorway Collision,Daylight,NONE,Property Damage Only,0,0,0,40.02287,-105.244815,0,0,0,0,INTERSECTION RELATED,705,7614
-105.272777,40.01716,Police Collision Report,COLLISION W/ MV - FRONT TO REAR,1716467,2,17TH ST/CANYON BLVD,CANYON BLVD,STATE HWY,65,E ,2017/12/18 00:00:00+00,2017/12/18 09:58:00+00,2017,12,December,9,2,18,Monday,9,Motorway Collision,Daylight,NONE,Non-Incapacitating Injury,0,0,1,40.01716,-105.272777,0,0,0,0,INTERSECTION RELATED,958,7615
-105.283834,40.017089,Police Collision Report,COLLISION W/ MV - FRONT TO REAR,1716473,2,9TH ST/PEARL ST,9TH,CITY ST/CNTY RD,     ,  ,2017/12/18 13:04:59+00,2017/12/18 13:05:00+00,2017,12,December,13,2,18,Monday,13,Motorway Collision,Daylight,NONE,Property Damage Only,0,0,0,40.017089,-105.283834,0,0,0,0,AT INTERSECTION,1304,7616
-105.244901,40.029254,Police Collision Report,COLLISION W/ MV - FRONT TO REAR,1716474,2,VALMONT RD/FOOTHILLS PKWY,VALMONT RD,CITY ST/CNTY RD,     ,  ,2017/12/18 00:00:00+00,2017/12/18 13:15:00+00,2017,12,December,13,2,18,Monday,13,Motorway Collision,Daylight,NONE,Possible injury,0,0,0,40.029254,-105.244901,0,0,0,0,AT INTERSECTION,945,7617
-105.250152,40.018236,Police Collision Report,COLLISION W/ MV - FRONT TO REAR,1716279,2,1805  33RD ST      ,REGENT DR,CITY ST/CNTY RD,515,E ,2017/12/13 00:00:00+00,2017/12/13 00:00:00+00,2017,12,December,0,4,13,Wednesday,0,Motorway Collision,Dark - Lighted,NONE,Property Damage Only,0,0,0,40.018236,-105.250152,0,0,0,0,NON-INTERSECTION,1724,7618