X,Y,ReportType,PrmaryCollsionType,CaseNumber,UnitsInvolved,Location,OnHighway,CrossStreet,FeetFromIntersection,DirectionFromIntersection,CollisionDate,ReportedDate,ReportedYear,ReportedMonth,ReportedMonthName,ReportedWeek,ReportedDayofWeekNum,ReportedDayofMonth,ReportedDayofWeek,ReportedHour,HitAndRunStatus,LightingCondition,WeatherCondition,Severity,NumKilled,NumSeriouslyInjured,NumInjuredOrKilled,Lat,Lon,DUI,AlcoholDrugSuspected,BicyclesInvolved,PedestriansInvolved,RoadDescription,Crash_Time,ESRI_OID
-105.225448,40.014598,Police Collision Report,COLLISION W/ MV - FRONT TO REAR,2200733,2,55TH ST/ARAPAHOE AVE,55TH ST,CITY ST/CNTY RD,     ,S ,2022/01/24 00:00:00+00,2022/01/24 16:00:00+00,2022,1,January,16,2,24,Monday,16,Motorway Collision,Daylight,NONE,Possible injury,0,0,0,40.014598,-105.225448,0,0,0,0,DRIVEWAY ACCESS RELATED,1559,7751
-105.258436,40.029101,Police Collision Report,COLLISION W/ MV - FRONT TO REAR,2110293,3,28TH ST/VALMONT RD,28TH ST,STATE HWY,     ,S ,2021/10/27 00:00:00+00,2021/10/27 13:46:00+00,2021,10,October,13,4,27,Wednesday,13,Motorway Collision,Daylight,NONE,Property Damage Only,0,0,0,40.029101,-105.258436,0,0,0,0,INTERSECTION RELATED,1346,7752
-105.263033,40.014644,Police Collision Report,COLLISION W/ MV - FRONT TO REAR,2110295,4,ARAPAHOE AVE/FOLSOM ST,ARAPAHOE AVENUE,CITY ST/CNTY RD,     ,E ,2021/10/27 00:00:00+00,2021/10/27 15:08:00+00,2021,10,October,15,4,27,Wednesday,15,Motorway Collision,Daylight,NONE,Possible injury,0,0,0,40.014644,-105.263033,0,0,0,0,INTERSECTION RELATED,1508,7753
-105.24066,40.014698,Police Collision Report,COLLISION W/ MV - FRONT TO REAR,2110296,3,FOOTHILLS PKWY/ARAPAHOE AVE,FOOTHILLS PKWY,STATE HWY,     ,S ,2021/10/27 00:00:00+00,2021/10/27 15:10:00+00,2021,10,October,15,4,27,Wednesday,15,Motorway Collision,Daylight,NONE,Property Damage Only,0,0,0,40.014698,-105.24066,0,0,0,0,NON-INTERSECTION,1510,7754
-105.24066,40.014698,Police Collision Report,COLLISION W/ MV - FRONT TO REAR,2110297,2,FOOTHILLS PKWY/ARAPAHOE AVE,ARAPAHOE AVE,STATE HWY,     ,  ,2021/10/27 00:00:00+00,2021/10/27 00:00:00+00,2021,10,October,0,4,27,Wednesday,0,Motorway Collision,Daylight,NONE,Property Damage Only,0,0,0,40.014698,-105.24066,0,0,0,0,AT INTERSECTION,1548,7755
-105.232067,39.986813,Police Collision Report,COLLISION W/ MV - FRONT TO REAR,2110236,2,TABLE MESA DR/FOOTHILLS PKWY,TABLE MESA DR,CITY ST/CNTY RD,     ,  ,2021/10/25 00:00:00+00,2021/10/25 16:29:00+00,2021,10,October,16,2,25,Monday,16,Motorway Collision,Daylight,NONE,Property Damage Only,0,0,0,39.986813,-105.232067,0,0,0,0,NON-INTERSECTION,1629,7756
-105.269744,40.004528,Police Collision Report,COLLISION W/ MV - FRONT TO REAR,2110244,2,BROADWAY/18TH ST,BROADWAY,STATE HWY,     ,  ,2021/10/25 00:00:00+00,2021/10/25 18:28:00+00,2021,10,October,18,2,25,Monday,18,Motorway Collision,Dark - Lighted,NONE,Property Damage Only,0,0,0,40.004528,-105.269744,0,0,0,0,AT INTERSECTION,1828,7757
-105.244862,40.029147,Police Collision Report,COLLISION W/ MV - FRONT TO REAR,2173718,2,FOOTHILLS PKWY/VALMONT RD,FOOTHILLS PKWY,STATE HWY,     ,S ,2021/10/19 16:30:00+00,2021/10/19 19:58:35+00,2021,10,October,19,3,19,Tuesday,19,Motorway Collision,Daylight,NONE,Property Damage Only,0,0,0,40.029147,-105.244862,0,0,0,0,NON-INTERSECTION,1630,7758
-105.253677,40.029218,Police Collision Report,COLLISION W/ MV - FRONT TO REAR,2110127,2,VALMONT RD/30TH ST,VALMONT ROAD,CITY ST/CNTY RD,     ,E ,2021/10/22 00:00:00+00,2021/10/22 08:56:00+00,2021,10,October,8,6,22,Friday,8,Motorway Collision,Daylight,NONE,Property Damage Only,0,0,0,40.029218,-105.253677,0,0,0,0,DRIVEWAY ACCESS RELATED,856,7759
-105.258492,40.017345,Police Collision Report,COLLISION W/ MV - FRONT TO REAR,2110200,2,28TH ST/CANYON BLVD,28TH ST,STATE HWY,     ,S ,2021/10/24 00:00:00+00,2021/10/24 13:45:00+00,2021,10,October,13,1,24,Sunday,13,Motorway Collision,Daylight,NONE,Property Damage Only,0,0,0,40.017345,-105.258492,0,0,0,0,AT INTERSECTION,1345,7760
-105.24066,40.014698,Police Collision Report,COLLISION W/ MV - FRONT TO REAR,2110205,3,FOOTHILLS PKWY/ARAPAHOE AVE,FOOTHILLS PKWY,STATE HWY,     ,N ,2021/10/24 00:00:00+00,2021/10/24 17:28:00+00,2021,10,October,17,1,24,Sunday,17,Motorway Collision,Daylight,NONE,Property Damage Only,0,0,0,40.014698,-105.24066,0,0,0,0,AT INTERSECTION,1728,7761
-105.232067,39.986813,Police Collision Report,COLLISION W/ MV - FRONT TO REAR,2110216,3,TABLE MESA DR/FOOTHILLS PKWY,TABLE MESA DRIVE,CITY ST/CNTY RD,     ,E ,2021/10/25 00:00:00+00,2021/10/25 08:57:00+00,2021,10,October,8,2,25,Monday,8,Motorway Collision,Daylight,NONE,Possible injury,0,0,0,39.986813,-105.232067,0,0,0,0,NON-INTERSECTION,856,7762
-105.272734,40.054671,Police Collision Report,COLLISION W/ MV - FRONT TO REAR,2110154,2,VIOLET AVE/19TH ST,VIOLET AVE,CITY ST/CNTY RD,     ,  ,2021/10/22 00:00:00+00,2021/10/22 22:53:00+00,2021,10,October,22,6,22,Friday,22,Motorway Collision,Dark - Unlighted,NONE,Property Damage Only,0,0,0,40.054671,-105.272734,0,0,0,0,AT INTERSECTION,2300,7763
-105.258524,40.008127,Police Collision Report,COLLISION W/ MV - FRONT TO REAR,2109930,3,28TH ST/COLORADO AVE,28TH STREET,STATE HWY,     ,N ,2021/10/16 00:00:00+00,2021/10/16 17:37:00+00,2021,10,October,17,7,16,Saturday,17,Motorway Collision,Daylight,NONE,Possible injury,0,0,0,40.008127,-105.258524,0,0,0,0,NON-INTERSECTION,1740,7764
-105.239699,40.008435,Police Collision Report,COLLISION W/ MV - FRONT TO REAR,2109918,3,COLORADO AVE/FOOTHILLS PKWY,FOOTHILLS PKWY,STATE HWY,     ,  ,2021/10/16 00:00:00+00,2021/10/16 12:27:00+00,2021,10,October,12,7,16,Saturday,12,Motorway Collision,Daylight,NONE,Property Damage Only,0,0,0,40.008435,-105.239699,0,0,0,0,AT INTERSECTION,1227,7765
-105.260231,40.000459,Police Collision Report,COLLISION W/ MV - FRONT TO REAR,2109962,2,28TH ST OFF RAMP/BASELINE RD,BASELINE ROAD,STATE HWY,     ,E ,2021/10/17 00:00:00+00,2021/10/17 14:28:00+00,2021,10,October,14,1,17,Sunday,14,Motorway Collision,Daylight,NONE,Property Damage Only,0,0,0,40.000459,-105.260231,0,0,0,0,DRIVEWAY ACCESS RELATED,1428,7766
-105.258571,40.043598,Police Collision Report,COLLISION W/ MV - FRONT TO REAR,2109966,2,28TH ST/PALO PKWY,28TH ST,INTERSTATE,     ,S ,2021/10/17 00:00:00+00,2021/10/17 16:03:00+00,2021,10,October,16,1,17,Sunday,16,Motorway Collision,Daylight,NONE,Possible injury,0,0,0,40.043598,-105.258571,0,0,0,0,NON-INTERSECTION,1605,7767
-105.272777,40.01716,Police Collision Report,COLLISION W/ MV - FRONT TO REAR,2109967,2,17TH ST/CANYON BLVD,CANYON BLVD.,CITY ST/CNTY RD,     ,  ,2021/10/17 00:00:00+00,2021/10/17 16:55:00+00,2021,10,October,16,1,17,Sunday,16,Motorway Collision,Daylight,NONE,Possible injury,0,0,0,40.01716,-105.272777,0,0,0,0,AT INTERSECTION,1650,7768
-105.253404,40.00745,Police Collision Report,COLLISION W/ MV - FRONT TO REAR,2109706,2,COLORADO AVE/30TH ST,30TH STREET,CITY ST/CNTY RD,     ,  ,2021/10/10 01:13:59+00,2021/10/10 01:14:00+00,2021,10,October,1,1,10,Sunday,1,Motorway Collision,Dark - Lighted,NONE,Property Damage Only,0,0,0,40.00745,-105.253404,1,1,0,0,AT INTERSECTION,113,7769
-105.259424,40.043619,Police Collision Report,COLLISION W/ MV - FRONT TO REAR,2109898,2,NORTHBROOK DR/WINDING TRAIL DR,28TH STREET,STATE HWY,     ,N ,2021/10/15 00:00:00+00,2021/10/15 17:38:00+00,2021,10,October,17,6,15,Friday,17,Motorway Collision,Dawn or Dusk,NONE,Property Damage Only,0,0,0,40.043619,-105.259424,0,0,0,0,INTERSECTION RELATED,1738,7770
-105.258422,40.012817,Police Collision Report,COLLISION W/ MV - FRONT TO REAR,2109872,2,28TH FRONTAGE RD/OLSON DR,28TH STREET,STATE HWY,     ,  ,2021/10/15 00:00:00+00,2021/10/15 07:47:00+00,2021,10,October,7,6,15,Friday,7,Motorway Collision,Daylight,NONE,Property Damage Only,0,0,0,40.012817,-105.258422,0,0,0,0,INTERSECTION RELATED,747,7771
-105.258571,40.043598,Police Collision Report,COLLISION W/ MV - FRONT TO REAR,2109876,2,28TH ST/WINDING TRAIL DR,28TH STREET,STATE HWY,     ,  ,2021/10/15 00:00:00+00,2021/10/15 10:10:00+00,2021,10,October,10,6,15,Friday,10,Motorway Collision,Daylight,NONE,Property Damage Only,0,0,0,40.043598,-105.258571,0,0,0,0,AT INTERSECTION,1010,7772
-105.239567,40.008522,Police Collision Report,COLLISION W/ MV - FRONT TO REAR,2109880,2,FOOTHILLS PKWY/COLORADO AVE,FOOTHILLS PKY,STATE HWY,     ,S ,2021/10/15 00:00:00+00,2021/10/15 11:47:00+00,2021,10,October,11,6,15,Friday,11,Motorway Collision,Daylight,NONE,Property Damage Only,0,0,0,40.008522,-105.239567,0,0,0,0,NON-INTERSECTION,1147,7773
-105.232572,40.000025,Police Collision Report,COLLISION W/ MV - FRONT TO REAR,2109882,2,FOOTHILLS PKWY/BASELINE RD,N. FOOTHILLS PKY,STATE HWY,     ,S ,2021/10/15 00:00:00+00,2021/10/15 12:10:00+00,2021,10,October,12,6,15,Friday,12,Motorway Collision,Daylight,NONE,Property Damage Only,0,0,0,40.000025,-105.232572,0,0,0,0,INTERSECTION RELATED,1210,7774
-105.258272,40.017365,Police Collision Report,COLLISION W/ MV - FRONT TO REAR,1904188,2,CANYON BLVD/28TH ST,CANYON BLVD,CITY ST/CNTY RD,35,E ,2019/04/19 00:00:00+00,2019/04/19 11:42:00+00,2019,4,April,11,6,19,Friday,11,Motorway Collision,Daylight,NONE,Property Damage Only,0,0,0,40.017365,-105.258272,0,0,0,0,INTERSECTION RELATED,1142,7775
-105.265056,40.000112,Police Collision Report,COLLISION W/ MV - FRONT TO REAR,1904191,2,BASELINE RD/22ND ST,BASELINE RD,CITY ST/CNTY RD,     ,  ,2019/04/19 00:00:00+00,2019/04/19 12:15:00+00,2019,4,April,12,6,19,Friday,12,Motorway Collision,Daylight,NONE,Property Damage Only,0,0,0,40.000112,-105.265056,0,0,0,0,AT INTERSECTION,1215,7776
-105.262238,40.032777,Police Collision Report,COLLISION W/ MV - FRONT TO REAR,1904206,2,2700  GLENWOOD DR      ,GLENWOOD DRIVE,STATE HWY,76,W ,2019/04/19 15:50:00+00,2019/04/19 16:17:00+00,2019,4,April,16,6,19,Friday,16,Motorway Collision,Daylight,NONE,Property Damage Only,0,0,0,40.032777,-105.262238,1,1,0,0,AT INTERSECTION,1550,7777
-105.267753,40.003418,Police Collision Report,COLLISION W/ MV - FRONT TO REAR,1904111,2,BROADWAY/REGENT DR,BROADWAY,STATE HWY,100,S ,2019/04/17 00:00:00+00,2019/04/17 09:01:00+00,2019,4,April,9,4,17,Wednesday,9,Motorway Collision,Daylight,NONE,Possible injury,0,0,0,40.003418,-105.267753,0,0,0,0,INTERSECTION RELATED,901,7778
-105.260145,40.051015,Police Collision Report,COLLISION W/ MV - FRONT TO REAR,1903639,3,28TH ST/JAY RD,28TH STREET,STATE HWY,250,S ,2019/04/05 00:00:00+00,2019/04/05 00:00:00+00,2019,4,April,0,6,5,Friday,0,Motorway Collision,Daylight,NONE,Property Damage Only,0,0,0,40.051015,-105.260145,0,0,0,0,INTERSECTION RELATED,1700,7779
-105.267786,40.014608,Police Collision Report,COLLISION W/ MV - FRONT TO REAR,1904118,2,21ST ST/ARAPAHOE AVE,ARAPAHOE AVE,CITY ST/CNTY RD,140,W ,2019/04/17 00:00:00+00,2019/04/17 12:14:00+00,2019,4,April,12,4,17,Wednesday,12,Motorway Collision,Daylight,NONE,Possible injury,0,0,0,40.014608,-105.267786,0,0,0,0,NON-INTERSECTION,1210,7780
-105.258504,40.020518,Police Collision Report,COLLISION W/ MV - FRONT TO REAR,1904119,2,28TH ST/WALNUT ST,28TH ST,CITY ST/CNTY RD,67,S ,2019/04/17 00:00:00+00,2019/04/17 12:41:00+00,2019,4,April,12,4,17,Wednesday,12,Motorway Collision,Daylight,NONE,Possible injury,0,0,0,40.020518,-105.258504,0,0,0,0,INTERSECTION RELATED,1241,7781
-105.258282,40.014544,Police Collision Report,COLLISION W/ MV - FRONT TO REAR,1904122,3,28TH ST/ARAPAHOE AVE,28TH ST,STATE HWY,60,S ,2019/04/17 00:00:00+00,2019/04/17 13:54:00+00,2019,4,April,13,4,17,Wednesday,13,Motorway Collision,Daylight,NONE,Possible injury,0,0,0,40.014544,-105.258282,0,0,0,0,INTERSECTION RELATED,1354,7782
-105.282131,40.061857,Police Collision Report,COLLISION W/ MV - FRONT TO REAR,1904133,2,LEE HILL DR/BROADWAY,BROADWAY,CITY ST/CNTY RD,373,S ,2019/04/17 00:00:00+00,2019/04/17 17:13:00+00,2019,4,April,17,4,17,Wednesday,17,Motorway Collision,Daylight,NONE,Property Damage Only,0,0,0,40.061857,-105.282131,0,0,0,0,NON-INTERSECTION,1715,7783
-105.264842,40.003904,Police Collision Report,COLLISION W/ MV - FRONT TO REAR,1903859,2,REGENT DR/KITTREDGE LOOP DR,REGENT DR,CITY ST/CNTY RD,750,E ,2019/04/11 00:00:00+00,2019/04/11 09:00:00+00,2019,4,April,9,5,11,Thursday,9,Motorway Collision,Daylight,NONE,Property Damage Only,0,0,0,40.003904,-105.264842,0,0,0,0,NON-INTERSECTION,845,7784
-105.276293,40.009467,Police Collision Report,COLLISION W/ MV - FRONT TO REAR,1903874,2,BROADWAY/PLEASANT ST,BROADWAY,STATE HWY,     ,  ,2019/04/11 00:00:00+00,2019/04/11 14:05:00+00,2019,4,April,14,5,11,Thursday,14,Motorway Collision,Daylight,NONE,Property Damage Only,0,0,0,40.009467,-105.276293,0,0,0,0,AT INTERSECTION,1405,7785
-105.26379,40.000067,Police Collision Report,COLLISION W/ MV - FRONT TO REAR,1903883,2,BROADWAY/BASELINE RD,BROADWAY,STATE HWY,226,S ,2019/04/11 00:00:00+00,2019/04/11 17:19:00+00,2019,4,April,17,5,11,Thursday,17,Motorway Collision,Daylight,NONE,Property Damage Only,0,0,0,40.000067,-105.26379,0,0,0,0,NON-INTERSECTION,1719,7786
-105.263033,40.014644,Police Collision Report,COLLISION W/ MV - FRONT TO REAR,1903752,3,ARAPAHOE AVE/FOLSOM ST,ARAPAHOE AVE,CITY ST/CNTY RD,565,E ,2019/04/08 00:00:00+00,2019/04/08 00:00:00+00,2019,4,April,0,2,8,Monday,0,Motorway Collision,Daylight,NONE,Property Damage Only,0,0,0,40.014644,-105.263033,0,0,0,0,INTERSECTION RELATED,1713,7787
-105.218472,40.014621,Police Collision Report,COLLISION W/ MV - FRONT TO REAR,1910798,2,5785  ARAPAHOE AVE      ,5700 BLK ARAPAHOE AVE,STATE HWY,     ,  ,2019/09/11 00:00:00+00,2019/09/11 17:40:00+00,2019,9,September,17,4,11,Wednesday,17,Motorway Collision,Daylight,NONE,Property Damage Only,0,0,0,40.014621,-105.218472,0,0,0,0,NON-INTERSECTION,1740,7788
-105.258456,40.036493,Police Collision Report,COLLISION W/ MV - FRONT TO REAR,1904700,2,IRIS AVE/28TH ST,IRIS AVE,CITY ST/CNTY RD,75,W ,2019/05/01 00:00:00+00,2019/05/01 16:26:00+00,2019,5,May,16,4,1,Wednesday,16,Motorway Collision,Daylight,NONE,Property Damage Only,0,0,0,40.036493,-105.258456,0,0,0,0,INTERSECTION RELATED,1626,7789
-105.278662,40.011565,Police Collision Report,COLLISION W/ MV - FRONT TO REAR,1904379,3,GRANDVIEW AVE/11TH ST,BROADWAY,STATE HWY,67,S ,2019/04/23 00:00:00+00,2019/04/23 15:25:00+00,2019,4,April,15,3,23,Tuesday,15,Motorway Collision,Daylight,NONE,Property Damage Only,0,0,0,40.011565,-105.278662,0,0,0,0,INTERSECTION RELATED,1521,7790
-105.282122,40.048009,Police Collision Report,COLLISION W/ MV - FRONT TO REAR,1904401,2,BROADWAY/QUINCE AVE,BROADWAY,CITY ST/CNTY RD,116,N ,2019/04/24 00:00:00+00,2019/04/24 07:28:00+00,2019,4,April,7,4,24,Wednesday,7,Motorway Collision,Daylight,NONE,Property Damage Only,0,0,0,40.048009,-105.282122,0,0,0,0,NON-INTERSECTION,729,7791
-105.253724,40.017351,Police Collision Report,COLLISION W/ MV - FRONT TO REAR,1904460,2,1740  30TH ST      ,1740 30TH STREET,,     ,  ,2019/04/25 00:00:00+00,2019/04/25 14:38:00+00,2019,4,April,14,5,25,Thursday,14,Motorway Collision,Daylight,NONE,Property Damage Only,0,0,0,40.017351,-105.253724,0,0,0,0,PARKING LOT,1438,7792
-105.256066,40.014529,Police Collision Report,COLLISION W/ MV - FRONT TO REAR,1904469,3,ARAPAHOE AVE/29TH ST,ARAPAHOE AVE,INTERSTATE,30,E ,2019/04/25 00:00:00+00,2019/04/25 17:08:00+00,2019,4,April,17,5,25,Thursday,17,Motorway Collision,Daylight,NONE,Property Damage Only,0,0,0,40.014529,-105.256066,0,0,0,0,INTERSECTION RELATED,1708,7793
-105.263563,40.000114,Police Collision Report,COLLISION W/ MV - FRONT TO REAR,1904386,2,BASELINE RD/BROADWAY,BASELINE RD,CITY ST/CNTY RD,800,W ,2019/04/23 00:00:00+00,2019/04/23 17:45:00+00,2019,4,April,17,3,23,Tuesday,17,Motorway Collision,Daylight,NONE,Property Damage Only,0,0,0,40.000114,-105.263563,0,0,0,0,NON-INTERSECTION,1743,7794
-105.258407,40.022375,Police Collision Report,COLLISION W/ MV - FRONT TO REAR,1904388,2,28TH ST/PEARL ST,28TH ST,STATE HWY,     ,  ,2019/04/23 00:00:00+00,2019/04/23 18:13:00+00,2019,4,April,18,3,23,Tuesday,18,Motorway Collision,Daylight,NONE,Possible injury,0,0,0,40.022375,-105.258407,0,0,0,0,AT INTERSECTION,1814,7795
-105.267753,40.003418,Police Collision Report,COLLISION W/ MV - FRONT TO REAR,1904509,3,BROADWAY/REGENT DR,BROADWAY,STATE HWY,     ,  ,2019/04/26 00:00:00+00,2019/04/26 16:12:00+00,2019,4,April,16,6,26,Friday,16,Motorway Collision,Daylight,NONE,Possible injury,0,0,0,40.003418,-105.267753,0,0,0,0,NON-INTERSECTION,1612,7796
-105.244862,40.029223,Police Collision Report,COLLISION W/ MV - FRONT TO REAR,1904514,2,FOOTHILLS PKWY/VALMONT RD,FOOTHILLS PARKWAY,STATE HWY,200,N ,2019/04/26 00:00:00+00,2019/04/26 17:38:00+00,2019,4,April,17,6,26,Friday,17,Motorway Collision,Daylight,NONE,Property Damage Only,0,0,0,40.029223,-105.244862,0,0,0,0,NON-INTERSECTION,1738,7797
-105.244901,40.029254,Police Collision Report,COLLISION W/ MV - FRONT TO REAR,1904517,3,VALMONT RD/FOOTHILLS PKWY,FOOTHILLS,STATE HWY,600,S ,2019/04/26 00:00:00+00,2019/04/26 18:28:00+00,2019,4,April,18,6,26,Friday,18,Motorway Collision,Daylight,NONE,Possible injury,0,0,0,40.029254,-105.244901,0,0,0,0,NON-INTERSECTION,1828,7798
-105.258407,40.022375,Police Collision Report,COLLISION W/ MV - FRONT TO REAR,1904518,3,28TH ST/PEARL ST,28TH,STATE HWY,75,N ,2019/04/26 00:00:00+00,2019/04/26 18:41:00+00,2019,4,April,18,6,26,Friday,18,Motorway Collision,Dawn or Dusk,NONE,Property Damage Only,0,0,0,40.022375,-105.258407,0,0,0,0,NON-INTERSECTION,1840,7799
-105.282125,40.030102,Police Collision Report,COLLISION W/ MV - FRONT TO REAR,1904571,2,BROADWAY/ELDER AVE,BROADWAY,CITY ST/CNTY RD,     ,  ,2019/04/28 00:00:00+00,2019/04/28 08:09:00+00,2019,4,April,8,1,28,Sunday,8,Motorway Collision,Daylight,NONE,Non-Incapacitating Injury,0,0,1,40.030102,-105.282125,0,0,0,0,INTERSECTION RELATED,809,7800
-105.232008,39.988907,Police Collision Report,COLLISION W/ MV - FRONT TO REAR,1904616,2,THUNDERBIRD CIR/THUNDERBIRD DR,THUNDERBIRD CIRCLE,CITY ST/CNTY RD,     ,  ,2019/04/29 00:00:00+00,2019/04/29 13:59:00+00,2019,4,April,13,2,29,Monday,13,Motorway Collision,Daylight,NONE,Property Damage Only,0,0,0,39.988907,-105.232008,0,0,0,0,NON-INTERSECTION,1358,7801
-105.249862,39.98558,Police Collision Report,COLLISION W/ MV - FRONT TO REAR,1904617,2,S BROADWAY/TABLE MESA DR,BROADWAY,STATE HWY,     ,  ,2019/04/29 00:00:00+00,2019/04/29 14:35:00+00,2019,4,April,14,2,29,Monday,14,Motorway Collision,Daylight,NONE,Possible injury,0,0,0,39.98558,-105.249862,0,0,0,0,AT INTERSECTION,1435,7802
-105.247521,40.02923,Police Collision Report,COLLISION W/ MV - FRONT TO REAR,1905295,2,VALMONT RD/WILDERNESS PL,VALMONT ROAD,CITY ST/CNTY RD,275,W ,2019/05/16 00:00:00+00,2019/05/16 12:34:00+00,2019,5,May,12,5,16,Thursday,12,Motorway Collision,Daylight,NONE,Property Damage Only,0,0,0,40.02923,-105.247521,0,0,0,0,INTERSECTION RELATED,1234,7803
-105.282112,40.046385,Police Collision Report,COLLISION W/ MV - FRONT TO REAR,1905265,3,BROADWAY/POPLAR AVE,BROADWAY,CITY ST/CNTY RD,     ,  ,2019/05/15 00:00:00+00,2019/05/15 16:45:00+00,2019,5,May,16,4,15,Wednesday,16,Motorway Collision,Daylight,NONE,Possible injury,0,0,0,40.046385,-105.282112,0,0,0,0,NON-INTERSECTION,1645,7804
-105.227982,40.014712,Police Collision Report,COLLISION W/ MV - FRONT TO REAR,1905268,2,5360  ARAPAHOE AVE      ,5360 ARAPAHOE AVE,,     ,  ,2019/05/15 18:23:00+00,2019/05/15 18:23:00+00,2019,5,May,18,4,15,Wednesday,18,Motorway Collision,Daylight,NONE,Property Damage Only,0,0,0,40.014712,-105.227982,0,0,0,0,PARKING LOT,1823,7805
-105.278413,40.058247,Police Collision Report,COLLISION W/ MV - FRONT TO REAR,1905241,2,15TH ST/YARMOUTH AVE,15TH,CITY ST/CNTY RD,100,N ,2019/05/01 00:00:00+00,2019/05/15 09:19:00+00,2019,5,May,9,4,15,Wednesday,9,Motorway Collision,Daylight,NONE,Property Damage Only,0,0,0,40.058247,-105.278413,0,0,0,0,NON-INTERSECTION,1300,7806
-105.258394,40.000381,Police Collision Report,COLLISION W/ MV - FRONT TO REAR,1905223,2,28TH ST/BASELINE RD,BASELINE RD,CITY ST/CNTY RD,115,E ,2019/05/14 00:00:00+00,2019/05/14 17:35:00+00,2019,5,May,17,3,14,Tuesday,17,Motorway Collision,Daylight,NONE,Property Damage Only,0,0,0,40.000381,-105.258394,0,0,0,0,INTERSECTION RELATED,1735,7807
-105.213063,40.014807,Police Collision Report,COLLISION W/ MV - FRONT TO REAR,1905173,3,CHERRYVALE RD/ARAPAHOE AVE,ARAPAHOE AVE,STATE HWY,132,E ,2019/05/13 00:00:00+00,2019/05/13 17:05:00+00,2019,5,May,17,2,13,Monday,17,Motorway Collision,Daylight,NONE,Property Damage Only,0,0,0,40.014807,-105.213063,0,0,0,0,NON-INTERSECTION,1705,7808
-105.249911,39.985461,Police Collision Report,COLLISION W/ MV - FRONT TO REAR,1905195,2,TABLE MESA DR/S BROADWAY,TABLE MESA DRIVE,CITY ST/CNTY RD,     ,  ,2019/05/14 00:00:00+00,2019/05/14 08:22:00+00,2019,5,May,8,3,14,Tuesday,8,Motorway Collision,Daylight,NONE,Property Damage Only,0,0,0,39.985461,-105.249911,0,0,0,0,AT INTERSECTION,821,7809
-105.245689,40.038187,Police Collision Report,COLLISION W/ MV - FRONT TO REAR,1905200,3,DIAGONAL HWY/FOOTHILLS PKWY OFF RAMP,DIAGONAL,STATE HWY,     ,  ,2019/05/14 00:00:00+00,2019/05/14 09:24:00+00,2019,5,May,9,3,14,Tuesday,9,Motorway Collision,Daylight,NONE,Property Damage Only,0,0,0,40.038187,-105.245689,0,0,0,0,INTERSECTION RELATED,923,7810
-105.249862,39.98558,Police Collision Report,COLLISION W/ MV - FRONT TO REAR,1905206,2,S BROADWAY/TABLE MESA DR,BROADWAY,STATE HWY,360,S ,2019/05/14 00:00:00+00,2019/05/14 11:30:00+00,2019,5,May,11,3,14,Tuesday,11,Motorway Collision,Daylight,NONE,Property Damage Only,0,0,0,39.98558,-105.249862,0,0,0,0,NON-INTERSECTION,1130,7811
-105.261365,40.00819,Police Collision Report,COLLISION W/ MV - FRONT TO REAR,1905212,2,COLORADO AVE/REGENT DR,COLORADO,CITY ST/CNTY RD,     ,  ,2019/05/14 00:00:00+00,2019/05/14 13:08:00+00,2019,5,May,13,3,14,Tuesday,13,Motorway Collision,Daylight,NONE,Property Damage Only,0,0,0,40.00819,-105.261365,0,0,0,0,INTERSECTION RELATED,1308,7812
-105.237671,39.985731,Police Collision Report,COLLISION W/ MV - FRONT TO REAR,1905211,2,TABLE MESA DR/MOORHEAD AVE,TABLE MESA DRIVE,CITY ST/CNTY RD,     ,  ,2019/05/14 00:00:00+00,2019/05/14 13:21:00+00,2019,5,May,13,3,14,Tuesday,13,Motorway Collision,Daylight,NONE,Property Damage Only,0,0,0,39.985731,-105.237671,0,0,0,0,AT INTERSECTION,1320,7813
-105.258524,40.008127,Police Collision Report,COLLISION W/ MV - FRONT TO REAR,1905107,2,28TH ST/COLORADO AVE,28TH ST,STATE HWY,     ,  ,2019/05/12 00:00:00+00,2019/05/12 11:00:00+00,2019,5,May,11,1,12,Sunday,11,Motorway Collision,Daylight,NONE,Property Damage Only,0,0,0,40.008127,-105.258524,0,0,0,0,AT INTERSECTION,1058,7814
-105.258432,40.027325,Police Collision Report,COLLISION W/ MV - FRONT TO REAR,1905071,3,28TH ST/BLUFF ST,28TH STREET,STATE HWY,120,S ,2019/05/11 00:00:00+00,2019/05/11 14:01:00+00,2019,5,May,14,7,11,Saturday,14,Motorway Collision,Daylight,NONE,Property Damage Only,0,0,0,40.027325,-105.258432,0,0,0,0,INTERSECTION RELATED,1401,7815
-105.258348,40.025516,Police Collision Report,COLLISION W/ MV - FRONT TO REAR,1905074,2,28TH ST/MAPLETON AVE,28TH ST,STATE HWY,140,S ,2019/05/11 00:00:00+00,2019/05/11 14:44:00+00,2019,5,May,14,7,11,Saturday,14,Motorway Collision,Daylight,NONE,Possible injury,0,0,0,40.025516,-105.258348,0,0,0,0,NON-INTERSECTION,1444,7816
-105.225448,40.014598,Police Collision Report,COLLISION W/ MV - FRONT TO REAR,1905030,3,55TH ST/ARAPAHOE AVE,ARAPAHOE AVENUE,STATE HWY,     ,  ,2019/05/10 00:00:00+00,2019/05/10 10:06:00+00,2019,5,May,10,6,10,Friday,10,Motorway Collision,Daylight,NONE,Non-Incapacitating Injury,0,0,1,40.014598,-105.225448,0,0,0,0,AT INTERSECTION,1006,7817