X,Y,ReportType,PrmaryCollsionType,CaseNumber,UnitsInvolved,Location,OnHighway,CrossStreet,FeetFromIntersection,DirectionFromIntersection,CollisionDate,ReportedDate,ReportedYear,ReportedMonth,ReportedMonthName,ReportedWeek,ReportedDayofWeekNum,ReportedDayofMonth,ReportedDayofWeek,ReportedHour,HitAndRunStatus,LightingCondition,WeatherCondition,Severity,NumKilled,NumSeriouslyInjured,NumInjuredOrKilled,Lat,Lon,DUI,AlcoholDrugSuspected,BicyclesInvolved,PedestriansInvolved,RoadDescription,Crash_Time,ESRI_OID
-105.240833,40.014503,Police Collision Report,COLLISION W/ MV - FRONT TO REAR,1903597,2,ARAPAHOE AVE/FOOTHILLS PKWY,ARAPAHOE AVENUE,STATE HWY,     ,  ,2019/04/05 00:00:00+00,2019/04/05 11:48:00+00,2019,4,April,11,6,5,Friday,11,Motorway Collision,Daylight,NONE,Property Damage Only,0,0,0,40.014503,-105.240833,0,0,0,0,AT INTERSECTION,1148,7885
-105.263563,40.000114,Police Collision Report,COLLISION W/ MV - FRONT TO REAR,1903610,3,BASELINE RD/BROADWAY,BASELINE ROAD,STATE HWY,370,E ,2019/04/05 00:00:00+00,2019/04/05 17:18:00+00,2019,4,April,17,6,5,Friday,17,Motorway Collision,Daylight,NONE,Possible injury,0,0,0,40.000114,-105.263563,0,0,0,0,NON-INTERSECTION,1718,7886
-105.282114,40.040914,Police Collision Report,COLLISION W/ MV - FRONT TO REAR,1903615,2,BROADWAY/LINDEN AVE,BROADWAY,CITY ST/CNTY RD,30,S ,2019/04/05 00:00:00+00,2019/04/05 20:26:00+00,2019,4,April,20,6,5,Friday,20,Motorway Collision,Dark - Lighted,NONE,Possible injury,0,0,0,40.040914,-105.282114,0,0,0,0,INTERSECTION RELATED,2025,7887
-105.274745,40.019009,Police Collision Report,COLLISION W/ MV - FRONT TO REAR,1903617,2,PEARL ST/16TH ST,PEARL ST,CITY ST/CNTY RD,85,W ,2019/04/05 00:00:00+00,2019/04/05 20:57:00+00,2019,4,April,20,6,5,Friday,20,Motorway Collision,Dark - Lighted,NONE,Property Damage Only,0,0,0,40.019009,-105.274745,0,0,0,0,NON-INTERSECTION,2030,7888
-105.234584,39.986627,Police Collision Report,COLLISION W/ MV - FRONT TO REAR,1903754,2,TABLE MESA DR/US HIGHWAY 36,TABLE MESA,INTERSTATE,1000,W ,2019/04/08 00:00:00+00,2019/04/08 17:35:00+00,2019,4,April,17,2,8,Monday,17,Motorway Collision,Daylight,NONE,Property Damage Only,0,0,0,39.986627,-105.234584,0,0,0,0,NON-INTERSECTION,1735,7889
-105.258524,40.008127,Police Collision Report,COLLISION W/ MV - FRONT TO REAR,1903756,3,28TH ST/COLORADO AVE,28TH ST,STATE HWY,715,S ,2019/04/08 00:00:00+00,2019/04/08 17:58:00+00,2019,4,April,17,2,8,Monday,17,Motorway Collision,Daylight,NONE,Property Damage Only,0,0,0,40.008127,-105.258524,0,0,0,0,NON-INTERSECTION,1758,7890
-105.206734,40.071175,Police Collision Report,COLLISION W/ MV - FRONT TO REAR,1903775,2,63RD ST/LOOKOUT RD,63RD,CITY ST/CNTY RD,     ,  ,2019/04/09 00:00:00+00,2019/04/09 09:42:00+00,2019,4,April,9,3,9,Tuesday,9,Motorway Collision,Daylight,NONE,Possible injury,0,0,0,40.071175,-105.206734,0,0,0,0,INTERSECTION RELATED,942,7891
-105.24066,40.014698,Police Collision Report,COLLISION W/ MV - FRONT TO REAR,1905602,2,FOOTHILLS PKWY/ARAPAHOE AVE,FOOTHILLS PARKWAY,STATE HWY,250,S ,2019/05/24 00:00:00+00,2019/05/24 08:04:00+00,2019,5,May,8,6,24,Friday,8,Motorway Collision,Daylight,NONE,Possible injury,0,0,0,40.014698,-105.24066,0,0,0,0,INTERSECTION RELATED,804,7892
-105.234056,39.986819,Police Collision Report,COLLISION W/ MV - FRONT TO REAR,1905606,2,HWY 36 WB ON RP @ T MESA/TABLE MESA DR,HWY 36,STATE HWY,     ,  ,2019/05/24 00:00:00+00,2019/05/24 10:22:00+00,2019,5,May,10,6,24,Friday,10,Motorway Collision,Daylight,NONE,Property Damage Only,0,0,0,39.986819,-105.234056,0,0,0,0,NON-INTERSECTION,1022,7893
-105.202225,40.073609,Police Collision Report,COLLISION W/ MV - FRONT TO REAR,1905631,2,SPINE RD/ODELL PL,SPINE ROAD,CITY ST/CNTY RD,200,N ,2019/05/24 00:00:00+00,2019/05/24 21:23:00+00,2019,5,May,21,6,24,Friday,21,Motorway Collision,Dawn or Dusk,NONE,Property Damage Only,0,0,0,40.073609,-105.202225,0,0,0,0,NON-INTERSECTION,2100,7894
-105.258626,40.010961,Police Collision Report,COLLISION W/ MV - FRONT TO REAR,1905687,2,1345  28TH ST      ,28TH ST,STATE HWY,130,N ,2019/05/26 10:30:00+00,2019/05/26 10:30:00+00,2019,5,May,10,1,26,Sunday,10,Motorway Collision,Daylight,NONE,Property Damage Only,0,0,0,40.010961,-105.258626,0,0,0,0,NON-INTERSECTION,1030,7895
-105.258317,40.014664,Police Collision Report,COLLISION W/ MV - FRONT TO REAR,1905693,2,ARAPAHOE AVE/28TH ST,28TH ST,STATE HWY,     ,  ,2019/05/26 00:00:00+00,2019/05/26 13:54:00+00,2019,5,May,13,1,26,Sunday,13,Motorway Collision,Daylight,NONE,Property Damage Only,0,0,0,40.014664,-105.258317,0,0,0,0,AT INTERSECTION,1350,7896
-105.283214,40.014969,Police Collision Report,COLLISION W/ MV - FRONT TO REAR,1905695,2,CANYON BLVD/9TH ST,9TH ST,CITY ST/CNTY RD,20,S ,2019/05/26 00:00:00+00,2019/05/26 14:06:00+00,2019,5,May,14,1,26,Sunday,14,Motorway Collision,Daylight,NONE,Property Damage Only,0,0,0,40.014969,-105.283214,0,0,0,0,INTERSECTION RELATED,1409,7897
-105.253797,40.016675,Police Collision Report,COLLISION W/ MV - FRONT TO REAR,1905554,2,30TH ST/CANYON BLVD,30TH ST,CITY ST/CNTY RD,50,N ,2019/05/22 00:00:00+00,2019/05/22 17:01:00+00,2019,5,May,17,4,22,Wednesday,17,Motorway Collision,Daylight,NONE,Property Damage Only,0,0,0,40.016675,-105.253797,0,0,0,0,INTERSECTION RELATED,1701,7898
-105.253772,40.020084,Police Collision Report,COLLISION W/ MV - FRONT TO REAR,1905541,2,30TH ST/WALNUT ST,WALNUT ST,,     ,  ,2019/05/22 00:00:00+00,2019/05/22 13:17:00+00,2019,5,May,13,4,22,Wednesday,13,Motorway Collision,Daylight,NONE,Possible injury,0,0,0,40.020084,-105.253772,0,0,0,0,INTERSECTION RELATED,1317,7899
-105.25371,40.029189,Police Collision Report,COLLISION W/ MV - FRONT TO REAR,1905520,2,30TH ST/VALMONT RD,30TH ST,CITY ST/CNTY RD,     ,  ,2019/05/21 00:00:00+00,2019/05/21 18:32:00+00,2019,5,May,18,3,21,Tuesday,18,Motorway Collision,Daylight,NONE,Property Damage Only,0,0,0,40.029189,-105.25371,0,0,0,0,AT INTERSECTION,1830,7900
-105.26373,40.024501,Police Collision Report,COLLISION W/ MV - FRONT TO REAR,1905525,2,MAPLETON AVE/FOLSOM ST,MAPLETON,CITY ST/CNTY RD,     ,  ,2019/05/21 00:00:00+00,2019/05/21 23:18:00+00,2019,5,May,23,3,21,Tuesday,23,Motorway Collision,Dark - Lighted,NONE,Property Damage Only,0,0,0,40.024501,-105.26373,0,0,0,0,AT INTERSECTION,2320,7901
-105.28056,40.015655,Police Collision Report,COLLISION W/ MV - FRONT TO REAR,1903645,2,11TH ST/CANYON BLVD,BROADWAY,CITY ST/CNTY RD,     ,  ,2019/04/06 00:00:00+00,2019/04/06 14:37:00+00,2019,4,April,14,7,6,Saturday,14,Motorway Collision,Daylight,NONE,Property Damage Only,0,0,0,40.015655,-105.28056,0,0,0,0,INTERSECTION RELATED,1437,7902
-105.25854,40.043629,Police Collision Report,COLLISION W/ MV - FRONT TO REAR,1903656,2,WINDING TRAIL DR/28TH ST,28TH ST,STATE HWY,100,N ,2019/04/06 00:00:00+00,2019/04/06 20:16:00+00,2019,4,April,20,7,6,Saturday,20,Motorway Collision,Dark - Lighted,NONE,Property Damage Only,0,0,0,40.043629,-105.25854,0,0,0,0,INTERSECTION RELATED,2016,7903
-105.253059,39.999933,Police Collision Report,COLLISION W/ MV - FRONT TO REAR,1903679,3,30TH ST/BASELINE RD,30TH ST,CITY ST/CNTY RD,95,N ,2019/04/07 00:00:00+00,2019/04/07 11:50:00+00,2019,4,April,11,1,7,Sunday,11,Motorway Collision,Daylight,NONE,Possible injury,0,0,0,39.999933,-105.253059,0,0,0,0,NON-INTERSECTION,1150,7904
-105.260159,40.000452,Police Collision Report,COLLISION W/ MV - FRONT TO REAR,1903701,2,27TH WAY/BASELINE RD,27TH WAY,CITY ST/CNTY RD,     ,  ,2019/04/07 00:00:00+00,2019/04/07 18:50:00+00,2019,4,April,18,1,7,Sunday,18,Motorway Collision,Dawn or Dusk,NONE,Possible injury,0,0,0,40.000452,-105.260159,0,0,0,0,AT INTERSECTION,1849,7905
-105.239567,40.008522,Police Collision Report,COLLISION W/ MV - FRONT TO REAR,1903713,2,FOOTHILLS PKWY/COLORADO AVE,FOOTHILLS PARKWAY,STATE HWY,     ,  ,2019/04/08 00:00:00+00,2019/04/08 08:22:00+00,2019,4,April,8,2,8,Monday,8,Motorway Collision,Daylight,NONE,Possible injury,0,0,0,40.008522,-105.239567,0,0,0,0,AT INTERSECTION,822,7906
-105.244714,40.022961,Police Collision Report,COLLISION W/ MV - FRONT TO REAR,1903728,2,PEARL PKWY/FOOTHILLS PKWY,PEARL PKWY,CITY ST/CNTY RD,87,W ,2019/04/08 00:00:00+00,2019/04/08 12:09:00+00,2019,4,April,12,2,8,Monday,12,Motorway Collision,Daylight,NONE,Property Damage Only,0,0,0,40.022961,-105.244714,0,0,0,0,INTERSECTION RELATED,1209,7907
-105.249911,39.985461,Police Collision Report,COLLISION W/ MV - FRONT TO REAR,1903731,2,TABLE MESA DR/S BROADWAY,TABLE MESA DR,CITY ST/CNTY RD,40,E ,2019/04/08 00:00:00+00,2019/04/08 12:44:00+00,2019,4,April,12,2,8,Monday,12,Motorway Collision,Daylight,NONE,Property Damage Only,0,0,0,39.985461,-105.249911,0,0,0,0,INTERSECTION RELATED,1244,7908
-105.253136,40.00517,Police Collision Report,COLLISION W/ MV - FRONT TO REAR,1904250,2,30TH ST/E EUCLID AVE,30TH ST,CITY ST/CNTY RD,60,S ,2019/04/20 00:00:00+00,2019/04/20 15:23:00+00,2019,4,April,15,7,20,Saturday,15,Motorway Collision,Daylight,NONE,Property Damage Only,0,0,0,40.00517,-105.253136,0,0,0,0,INTERSECTION RELATED,1523,7909
-105.260167,39.980218,Police Collision Report,COLLISION W/ MV - FRONT TO REAR,1904239,2,LEHIGH ST/TABLE MESA DR,LEHIGH ST,CITY ST/CNTY RD,     ,  ,2019/04/20 00:00:00+00,2019/04/20 11:29:00+00,2019,4,April,11,7,20,Saturday,11,Motorway Collision,Daylight,NONE,Property Damage Only,0,0,0,39.980218,-105.260167,0,0,0,0,AT INTERSECTION,1125,7910
-105.25833,40.000198,Police Collision Report,COLLISION W/ MV - FRONT TO REAR,2001558,3,BASELINE RD/US HIGHWAY 36,BASELINE ROAD,STATE HWY,5648,E ,2020/02/11 00:00:00+00,2020/02/11 09:16:00+00,2020,2,February,9,3,11,Tuesday,9,Motorway Collision,Daylight,NONE,Property Damage Only,0,0,0,40.000198,-105.25833,0,0,0,0,NON-INTERSECTION,916,7911
-105.260231,40.000459,Police Collision Report,COLLISION W/ MV - FRONT TO REAR,2001511,2,28TH ST OFF RAMP/BASELINE RD,28TH ST,CITY ST/CNTY RD,     ,  ,2020/02/10 00:00:00+00,2020/02/10 09:25:00+00,2020,2,February,9,2,10,Monday,9,Motorway Collision,Daylight,NONE,Property Damage Only,0,0,0,40.000459,-105.260231,0,0,0,0,AT INTERSECTION,925,7912
-105.260115,39.999069,Police Collision Report,COLLISION W/ MV - FRONT TO REAR,2001516,2,MOORHEAD AVE/27TH WAY,MOORHEAD AVE,CITY ST/CNTY RD,     ,  ,2020/02/10 00:00:00+00,2020/02/10 10:30:00+00,2020,2,February,10,2,10,Monday,10,Motorway Collision,Daylight,NONE,Property Damage Only,0,0,0,39.999069,-105.260115,0,0,0,0,INTERSECTION RELATED,1030,7913
-105.270255,40.014596,Police Collision Report,COLLISION W/ MV - FRONT TO REAR,2001523,2,19TH ST/ARAPAHOE AVE,ARAPAHOE AVE,CITY ST/CNTY RD,40,E ,2020/02/10 00:00:00+00,2020/02/10 11:44:00+00,2020,2,February,11,2,10,Monday,11,Motorway Collision,Daylight,NONE,Incapacitating Injury,0,2,2,40.014596,-105.270255,0,0,0,0,INTERSECTION RELATED,1144,7914
-105.24066,40.014698,Police Collision Report,COLLISION W/ MV - FRONT TO REAR,2001939,2,FOOTHILLS PKWY/ARAPAHOE AVE,FOOTHILLS PARKWAY,STATE HWY,     ,  ,2020/02/21 00:00:00+00,2020/02/21 08:49:00+00,2020,2,February,8,6,21,Friday,8,Motorway Collision,Daylight,NONE,Property Damage Only,0,0,0,40.014698,-105.24066,0,0,0,0,AT INTERSECTION,849,7915
-105.244815,40.02287,Police Collision Report,COLLISION W/ MV - FRONT TO REAR,2001911,2,FOOTHILLS PKWY/PEARL PKWY,FOOTHILLS PARKWAY,STATE HWY,     ,  ,2020/02/17 00:00:00+00,2020/02/17 00:00:00+00,2020,2,February,0,2,17,Monday,0,Motorway Collision,Daylight,NONE,Property Damage Only,0,0,0,40.02287,-105.244815,0,0,0,0,AT INTERSECTION,1557,7916
-105.281804,40.023186,Police Collision Report,COLLISION W/ MV - FRONT TO REAR,2001915,2,BROADWAY/PORTLAND PL,BROADWAY,CITY ST/CNTY RD,     ,  ,2020/02/20 00:00:00+00,2020/02/20 15:45:00+00,2020,2,February,15,5,20,Thursday,15,Motorway Collision,Daylight,NONE,Possible injury,0,0,0,40.023186,-105.281804,0,0,0,0,INTERSECTION RELATED,1545,7917
-105.24066,40.014698,Police Collision Report,COLLISION W/ MV - FRONT TO REAR,2001890,2,FOOTHILLS PKWY/ARAPAHOE AVE,CO 157,STATE HWY,200,N ,2020/02/20 00:00:00+00,2020/02/20 08:13:00+00,2020,2,February,8,5,20,Thursday,8,Motorway Collision,Daylight,NONE,Property Damage Only,0,0,0,40.014698,-105.24066,0,0,0,0,INTERSECTION RELATED,800,7918
-105.250414,39.99552,Police Collision Report,COLLISION W/ MV - FRONT TO REAR,2001892,2,37800  US HIGHWAY 36      ,W/B US 36,STATE HWY,150,E ,2020/02/20 00:00:00+00,2020/02/20 08:48:00+00,2020,2,February,8,5,20,Thursday,8,Motorway Collision,Daylight,NONE,Possible injury,0,0,0,39.99552,-105.250414,0,0,0,0,NON-INTERSECTION,848,7919
-105.24066,40.014698,Police Collision Report,COLLISION W/ MV - FRONT TO REAR,2001864,2,FOOTHILLS PKWY/ARAPAHOE AVE,FOOTHILLS PARKWAY,STATE HWY,50,S ,2020/02/19 00:00:00+00,2020/02/19 10:09:00+00,2020,2,February,10,4,19,Wednesday,10,Motorway Collision,Daylight,NONE,Property Damage Only,0,0,0,40.014698,-105.24066,0,0,0,0,INTERSECTION RELATED,1005,7920
-105.25839,40.008105,Police Collision Report,COLLISION W/ MV - FRONT TO REAR,2001580,2,28TH FRONTAGE RD/COLORADO AVE,28TH ST,STATE HWY,     ,  ,2020/02/11 00:00:00+00,2020/02/11 19:48:00+00,2020,2,February,19,3,11,Tuesday,19,Motorway Collision,Dark - Lighted,NONE,Property Damage Only,0,0,0,40.008105,-105.25839,0,0,0,0,INTERSECTION RELATED,1947,7921
-105.24066,40.014698,Police Collision Report,COLLISION W/ MV - FRONT TO REAR,2001292,2,FOOTHILLS PKWY/ARAPAHOE AVE,FOOTHILLS PARKWAY,STATE HWY,     ,  ,2020/02/05 00:00:00+00,2020/02/05 00:00:00+00,2020,2,February,0,4,5,Wednesday,0,Motorway Collision,Daylight,NONE,Property Damage Only,0,0,0,40.014698,-105.24066,0,0,0,0,INTERSECTION RELATED,1005,7922
-105.287511,40.015136,Police Collision Report,COLLISION W/ MV - FRONT TO REAR,2001701,2,6TH ST/CANYON BLVD,CANYON BLVD,STATE HWY,     ,  ,2020/02/14 00:00:00+00,2020/02/14 15:43:00+00,2020,2,February,15,6,14,Friday,15,Motorway Collision,Daylight,NONE,Property Damage Only,0,0,0,40.015136,-105.287511,0,0,0,0,INTERSECTION RELATED,1543,7923
-105.244714,40.022961,Police Collision Report,COLLISION W/ MV - FRONT TO REAR,2001703,2,PEARL PKWY/FOOTHILLS PKWY,PEARL PKWY,CITY ST/CNTY RD,250,W ,2020/02/14 00:00:00+00,2020/02/14 16:24:00+00,2020,2,February,16,6,14,Friday,16,Motorway Collision,Daylight,NONE,Property Damage Only,0,0,0,40.022961,-105.244714,0,0,0,0,INTERSECTION RELATED,1624,7924
-105.225448,40.014598,Police Collision Report,COLLISION W/ MV - FRONT TO REAR,2001689,2,55TH ST/ARAPAHOE AVE,55TH ST,CITY ST/CNTY RD,35,S ,2020/02/14 00:00:00+00,2020/02/14 12:46:00+00,2020,2,February,12,6,14,Friday,12,Motorway Collision,Daylight,NONE,Property Damage Only,0,0,0,40.014598,-105.225448,0,0,0,0,INTERSECTION RELATED,1246,7925
-105.25371,40.029189,Police Collision Report,COLLISION W/ MV - FRONT TO REAR,2001694,2,30TH ST/VALMONT RD,30TH ST.,CITY ST/CNTY RD,60,S ,2020/02/14 00:00:00+00,2020/02/14 14:17:00+00,2020,2,February,14,6,14,Friday,14,Motorway Collision,Daylight,NONE,Property Damage Only,0,0,0,40.029189,-105.25371,0,0,0,0,INTERSECTION RELATED,1417,7926
-105.25839,40.008105,Police Collision Report,COLLISION W/ MV - FRONT TO REAR,2001679,2,28TH FRONTAGE RD/COLORADO AVE,28TH ST,STATE HWY,20,S ,2020/02/14 00:00:00+00,2020/02/14 09:40:00+00,2020,2,February,9,6,14,Friday,9,Motorway Collision,Daylight,NONE,Possible injury,0,0,0,40.008105,-105.25839,0,0,0,0,INTERSECTION RELATED,940,7927
-105.258524,40.008127,Police Collision Report,COLLISION W/ MV - FRONT TO REAR,2001680,2,28TH ST/COLORADO AVE,28TH STREET,STATE HWY,250,S ,2020/02/14 00:00:00+00,2020/02/14 09:59:00+00,2020,2,February,9,6,14,Friday,9,Motorway Collision,Daylight,NONE,Property Damage Only,0,0,0,40.008127,-105.258524,0,0,0,0,INTERSECTION RELATED,959,7928
-105.258403,40.029131,Police Collision Report,COLLISION W/ MV - FRONT TO REAR,1910830,2,VALMONT RD/28TH ST,28TH ST,STATE HWY,40,  ,2019/09/12 00:00:00+00,2019/09/12 13:57:00+00,2019,9,September,13,5,12,Thursday,13,Motorway Collision,Daylight,NONE,Property Damage Only,0,0,0,40.029131,-105.258403,0,0,0,0,INTERSECTION RELATED,1355,7929
-105.261236,39.9965,Police Collision Report,COLLISION W/ MV - FRONT TO REAR,1910841,2,BROADWAY/27TH WAY,BROADWAY,STATE HWY,     ,  ,2019/09/12 00:00:00+00,2019/09/12 16:51:00+00,2019,9,September,16,5,12,Thursday,16,Motorway Collision,Daylight,NONE,Property Damage Only,0,0,0,39.9965,-105.261236,0,0,0,0,AT INTERSECTION,1651,7930
-105.25371,40.029189,Police Collision Report,COLLISION W/ MV - FRONT TO REAR,1910842,2,30TH ST/VALMONT RD,VALMONT,CITY ST/CNTY RD,150,N ,2019/09/12 00:00:00+00,2019/09/12 16:51:00+00,2019,9,September,16,5,12,Thursday,16,Motorway Collision,Daylight,NONE,Possible injury,0,0,0,40.029189,-105.25371,0,0,0,0,INTERSECTION RELATED,1715,7931
-105.266229,40.014639,Police Collision Report,COLLISION W/ MV - FRONT TO REAR,1910724,2,ARAPAHOE AVE/22ND ST,ARAPAHOE AVE,CITY ST/CNTY RD,145,W ,2019/09/10 00:00:00+00,2019/09/10 09:52:00+00,2019,9,September,9,3,10,Tuesday,9,Motorway Collision,Daylight,NONE,Property Damage Only,0,0,0,40.014639,-105.266229,0,0,0,0,NON-INTERSECTION,952,7932
-105.277915,40.016069,Police Collision Report,COLLISION W/ MV - FRONT TO REAR,1910728,2,CANYON BLVD/13TH ST,CANYON BLVD,STATE HWY,     ,  ,2019/09/10 00:00:00+00,2019/09/10 10:43:00+00,2019,9,September,10,3,10,Tuesday,10,Motorway Collision,Daylight,NONE,Property Damage Only,0,0,0,40.016069,-105.277915,0,0,0,0,AT INTERSECTION,1043,7933
-105.232067,39.986813,Police Collision Report,COLLISION W/ MV - FRONT TO REAR,1910729,2,TABLE MESA DR/FOOTHILLS PKWY,TABLE MESA DRIVE,STATE HWY,     ,  ,2019/09/10 00:00:00+00,2019/09/10 11:21:00+00,2019,9,September,11,3,10,Tuesday,11,Motorway Collision,Daylight,NONE,Possible injury,0,0,0,39.986813,-105.232067,0,0,0,0,AT INTERSECTION,1120,7934
-105.264089,40.009772,Police Collision Report,COLLISION W/ MV - FRONT TO REAR,1910735,2,1310  FOLSOM ST      ,1310 FOLSOM ST,,     ,  ,2020/09/07 00:00:00+00,2020/09/07 00:00:00+00,2020,9,September,0,2,7,Monday,0,Motorway Collision,Daylight,NONE,Property Damage Only,0,0,0,40.009772,-105.264089,0,0,0,0,PARKING LOT,1130,7935
-105.263211,40.033182,Police Collision Report,COLLISION W/ MV - FRONT TO REAR,1910630,2,GLENWOOD DR/FOLSOM ST,GLENWOOD,CITY ST/CNTY RD,52,N ,2019/09/08 00:00:00+00,2019/09/08 11:48:00+00,2019,9,September,11,1,8,Sunday,11,Motorway Collision,Daylight,NONE,Property Damage Only,0,0,0,40.033182,-105.263211,0,0,0,0,INTERSECTION RELATED,1148,7936
-105.279303,40.015822,Police Collision Report,COLLISION W/ MV - FRONT TO REAR,1910637,2,BROADWAY/CANYON BLVD,BROADWAY,STATE HWY,40,S ,2019/09/08 00:00:00+00,2019/09/08 13:22:00+00,2019,9,September,13,1,8,Sunday,13,Motorway Collision,Daylight,NONE,Property Damage Only,0,0,0,40.015822,-105.279303,0,0,0,0,INTERSECTION RELATED,1322,7937
-105.258565,40.008102,Police Collision Report,COLLISION W/ MV - FRONT TO REAR,1910670,2,COLORADO AVE/28TH ST,28TH ST,STATE HWY,200,S ,2019/09/09 00:00:00+00,2019/09/09 10:03:00+00,2019,9,September,10,2,9,Monday,10,Motorway Collision,Daylight,NONE,Property Damage Only,0,0,0,40.008102,-105.258565,0,0,0,0,INTERSECTION RELATED,1002,7938
-105.25854,40.043629,Police Collision Report,COLLISION W/ MV - FRONT TO REAR,1910292,3,WINDING TRAIL DR/28TH ST,28TH ST,STATE HWY,1000,N ,2019/09/02 00:00:00+00,2019/09/02 14:49:00+00,2019,9,September,14,2,2,Monday,14,Motorway Collision,Daylight,NONE,Possible injury,0,0,0,40.043629,-105.25854,0,0,0,0,NON-INTERSECTION,1445,7939
-105.278629,40.005908,Police Collision Report,COLLISION W/ MV - FRONT TO REAR,1910300,2,1024  11TH ST      ,EUCLID AVE,CITY ST/CNTY RD,154,N ,2019/09/02 00:00:00+00,2019/09/02 18:00:00+00,2019,9,September,18,2,2,Monday,18,Motorway Collision,Daylight,NONE,Property Damage Only,0,0,0,40.005908,-105.278629,0,0,0,0,NON-INTERSECTION,1759,7940
-105.258282,40.014544,Police Collision Report,COLLISION W/ MV - FRONT TO REAR,1910261,2,28TH ST/ARAPAHOE AVE,28TH ST,STATE HWY,400,N ,2019/09/01 00:00:00+00,2019/09/01 17:12:00+00,2019,9,September,17,1,1,Sunday,17,Motorway Collision,Daylight,NONE,Property Damage Only,0,0,0,40.014544,-105.258282,0,0,0,0,INTERSECTION RELATED,1712,7941
-105.267763,40.003446,Police Collision Report,COLLISION W/ MV - FRONT TO REAR,1910117,2,20TH ST/BROADWAY,BROADWAY,STATE HWY,75,S ,2019/08/30 00:00:00+00,2019/08/30 14:10:00+00,2019,8,August,14,6,30,Friday,14,Motorway Collision,Daylight,NONE,Property Damage Only,0,0,0,40.003446,-105.267763,0,0,0,0,NON-INTERSECTION,1410,7942
-105.276293,40.009467,Police Collision Report,COLLISION W/ MV - FRONT TO REAR,1910210,3,BROADWAY/PLEASANT ST,BROADWAY,STATE HWY,     ,  ,2019/08/31 00:00:00+00,2019/08/31 20:28:00+00,2019,8,August,20,7,31,Saturday,20,Motorway Collision,Dark - Lighted,NONE,Property Damage Only,0,0,0,40.009467,-105.276293,0,0,0,0,INTERSECTION RELATED,2029,7943
-105.265056,40.000112,Police Collision Report,COLLISION W/ MV - FRONT TO REAR,1910251,2,BASELINE RD/22ND ST,BASELINE RD,CITY ST/CNTY RD,30,E ,2019/09/01 00:00:00+00,2019/09/01 13:25:00+00,2019,9,September,13,1,1,Sunday,13,Motorway Collision,Daylight,NONE,Property Damage Only,0,0,0,40.000112,-105.265056,0,0,0,0,INTERSECTION RELATED,1325,7944
-105.234056,39.986819,Police Collision Report,COLLISION W/ MV - FRONT TO REAR,1910320,2,HWY 36 WB ON RP @ T MESA/TABLE MESA DR,TABLE MESA DR,CITY ST/CNTY RD,400,E ,2019/09/03 00:00:00+00,2019/09/03 08:02:00+00,2019,9,September,8,3,3,Tuesday,8,Motorway Collision,Daylight,NONE,Possible injury,0,0,0,39.986819,-105.234056,0,0,0,0,DRIVEWAY ACCESS RELATED,800,7945
-105.240833,40.014503,Police Collision Report,COLLISION W/ MV - FRONT TO REAR,1910339,2,ARAPAHOE AVE/FOOTHILLS PKWY,ARAPAHOE AVE,STATE HWY,     ,  ,2019/09/03 00:00:00+00,2019/09/03 14:07:00+00,2019,9,September,14,3,3,Tuesday,14,Motorway Collision,Daylight,NONE,Property Damage Only,0,0,0,40.014503,-105.240833,0,0,0,0,AT INTERSECTION,1405,7946
-105.267786,40.014608,Police Collision Report,COLLISION W/ MV - FRONT TO REAR,1910347,3,21ST ST/ARAPAHOE AVE,21ST,CITY ST/CNTY RD,66,W ,2019/09/03 16:41:00+00,2019/09/03 19:44:00+00,2019,9,September,19,3,3,Tuesday,19,Motorway Collision,Daylight,NONE,Property Damage Only,0,0,0,40.014608,-105.267786,1,1,0,0,INTERSECTION RELATED,1641,7947
-105.274647,40.014608,Police Collision Report,COLLISION W/ MV - FRONT TO REAR,1910351,3,ARAPAHOE AVE/15TH ST,ARAPAHOE,CITY ST/CNTY RD,40,E ,2019/09/03 00:00:00+00,2019/09/03 17:30:00+00,2019,9,September,17,3,3,Tuesday,17,Motorway Collision,Daylight,NONE,Possible injury,0,0,0,40.014608,-105.274647,0,0,0,0,INTERSECTION RELATED,1731,7948
-105.25371,40.029189,Police Collision Report,COLLISION W/ MV - FRONT TO REAR,1910353,2,30TH ST/VALMONT RD,30TH,CITY ST/CNTY RD,     ,  ,2019/09/03 00:00:00+00,2019/09/03 17:27:00+00,2019,9,September,17,3,3,Tuesday,17,Motorway Collision,Daylight,NONE,Property Damage Only,0,0,0,40.029189,-105.25371,0,0,0,0,INTERSECTION RELATED,1727,7949
-105.258373,40.00721,Police Collision Report,COLLISION W/ MV - FRONT TO REAR,1910374,2,28TH FRONTAGE RD/E COLLEGE AVE,28TH ST,STATE HWY,1400,N ,2019/09/04 11:05:00+00,2019/09/04 11:05:00+00,2019,9,September,11,4,4,Wednesday,11,Motorway Collision,Daylight,NONE,Property Damage Only,0,0,0,40.00721,-105.258373,1,1,0,0,NON-INTERSECTION,1105,7950
-105.279607,40.012596,Police Collision Report,COLLISION W/ MV - FRONT TO REAR,1910401,2,11TH ST/MARINE ST,MARINE ST,CITY ST/CNTY RD,25,E ,2019/09/04 00:00:00+00,2019/09/04 17:51:00+00,2019,9,September,17,4,4,Wednesday,17,Motorway Collision,Daylight,NONE,Property Damage Only,0,0,0,40.012596,-105.279607,0,0,0,0,NON-INTERSECTION,1751,7951