X,Y,ReportType,PrmaryCollsionType,CaseNumber,UnitsInvolved,Location,OnHighway,CrossStreet,FeetFromIntersection,DirectionFromIntersection,CollisionDate,ReportedDate,ReportedYear,ReportedMonth,ReportedMonthName,ReportedWeek,ReportedDayofWeekNum,ReportedDayofMonth,ReportedDayofWeek,ReportedHour,HitAndRunStatus,LightingCondition,WeatherCondition,Severity,NumKilled,NumSeriouslyInjured,NumInjuredOrKilled,Lat,Lon,DUI,AlcoholDrugSuspected,BicyclesInvolved,PedestriansInvolved,RoadDescription,Crash_Time,ESRI_OID
-105.183014,40.072735,Police Collision Report,COLLISION W/ MV - FRONT TO REAR,1907037,2,CLUBHOUSE DR/LOOKOUT RD,LOOKOUT RD,CITY ST/CNTY RD,50,E ,2019/06/27 00:00:00+00,2019/06/27 17:36:00+00,2019,6,June,17,5,27,Thursday,17,Motorway Collision,Daylight,NONE,Property Damage Only,0,0,0,40.072735,-105.183014,0,0,0,0,INTERSECTION RELATED,1708,8019
-105.282163,40.060386,Police Collision Report,COLLISION W/ MV - FRONT TO REAR,1907041,2,4727  BROADWAY      ,BROADWAY,CITY ST/CNTY RD,     ,  ,2019/06/27 13:30:59+00,2019/06/27 13:31:00+00,2019,6,June,13,5,27,Thursday,13,Motorway Collision,Daylight,NONE,Possible injury,0,0,0,40.060386,-105.282163,0,0,0,0,AT INTERSECTION,1741,8020
-105.253634,40.014706,Police Collision Report,COLLISION W/ MV - FRONT TO REAR,1907000,2,30TH ST/ARAPAHOE AVE,ARAPAHOE  (HWY 7),STATE HWY,     ,  ,2019/06/26 00:00:00+00,2019/06/26 19:18:00+00,2019,6,June,19,4,26,Wednesday,19,Motorway Collision,Daylight,NONE,Property Damage Only,0,0,0,40.014706,-105.253634,0,0,0,0,INTERSECTION RELATED,1925,8021
-105.245669,40.022848,Police Collision Report,COLLISION W/ MV - FRONT TO REAR,1907062,2,PEARL PKWY/FOOTHILLS SB ON RP @ PEARL,PEARL PARKWAY,CITY ST/CNTY RD,     ,  ,2019/06/28 00:00:00+00,2019/06/28 09:31:00+00,2019,6,June,9,6,28,Friday,9,Motorway Collision,Daylight,NONE,Property Damage Only,0,0,0,40.022848,-105.245669,0,0,0,0,AT INTERSECTION,931,8022
-105.258407,40.022375,Police Collision Report,COLLISION W/ MV - FRONT TO REAR,1907063,2,28TH ST/PEARL ST,PEARL STRETT,STATE HWY,     ,  ,2019/06/28 00:00:00+00,2019/06/28 09:07:00+00,2019,6,June,9,6,28,Friday,9,Motorway Collision,Daylight,NONE,Property Damage Only,0,0,0,40.022375,-105.258407,0,0,0,0,AT INTERSECTION,906,8023
-105.258492,40.017345,Police Collision Report,COLLISION W/ MV - FRONT TO REAR,1907071,2,28TH ST/CANYON BLVD,28TH STREET,STATE HWY,70,N ,2019/06/28 00:00:00+00,2019/06/28 12:53:00+00,2019,6,June,12,6,28,Friday,12,Motorway Collision,Daylight,NONE,Property Damage Only,0,0,0,40.017345,-105.258492,0,0,0,0,NON-INTERSECTION,1253,8024
-105.258476,40.03511,Police Collision Report,COLLISION W/ MV - FRONT TO REAR,1907015,2,3325  28TH ST      ,3325 28TH ST,,     ,  ,2019/06/22 00:00:00+00,2019/06/22 00:00:00+00,2019,6,June,0,7,22,Saturday,0,Motorway Collision,Daylight,NONE,Property Damage Only,0,0,0,40.03511,-105.258476,0,0,0,0,PARKING LOT,1016,8025
-105.282097,40.025514,Police Collision Report,COLLISION W/ MV - FRONT TO REAR,1907119,2,BROADWAY/ALPINE AVE,ALPINE AVE,CITY ST/CNTY RD,30,W ,2019/06/29 00:00:00+00,2019/06/29 10:55:00+00,2019,6,June,10,7,29,Saturday,10,Motorway Collision,Daylight,NONE,Property Damage Only,0,0,0,40.025514,-105.282097,0,0,0,0,INTERSECTION RELATED,1055,8026
-105.244714,40.022961,Police Collision Report,COLLISION W/ MV - FRONT TO REAR,1907120,2,PEARL PKWY/FOOTHILLS PKWY,FOOTHILLS PKY,STATE HWY,25,N ,2019/06/29 00:00:00+00,2019/06/29 11:52:00+00,2019,6,June,11,7,29,Saturday,11,Motorway Collision,Daylight,NONE,Property Damage Only,0,0,0,40.022961,-105.244714,0,0,0,0,INTERSECTION RELATED,1152,8027
-105.256069,40.014709,Police Collision Report,COLLISION W/ MV - FRONT TO REAR,1907134,2,29TH ST/ARAPAHOE AVE,29TH ST,CITY ST/CNTY RD,20,N ,2019/06/29 00:00:00+00,2019/06/29 17:56:00+00,2019,6,June,17,7,29,Saturday,17,Motorway Collision,Daylight,NONE,Property Damage Only,0,0,0,40.014709,-105.256069,0,0,0,0,INTERSECTION RELATED,1754,8028
-105.244815,40.02287,Police Collision Report,COLLISION W/ MV - FRONT TO REAR,1906743,2,FOOTHILLS PKWY/PEARL PKWY,PEARL PKY,CITY ST/CNTY RD,85,W ,2019/06/20 00:00:00+00,2019/06/20 17:34:00+00,2019,6,June,17,5,20,Thursday,17,Motorway Collision,Daylight,NONE,Property Damage Only,0,0,0,40.02287,-105.244815,0,0,0,0,INTERSECTION RELATED,1734,8029
-105.244862,40.029223,Police Collision Report,COLLISION W/ MV - FRONT TO REAR,1906736,2,FOOTHILLS PKWY/VALMONT RD,FOOTHILS PKWY,STATE HWY,280,S ,2019/06/20 00:00:00+00,2019/06/20 15:35:00+00,2019,6,June,15,5,20,Thursday,15,Motorway Collision,Daylight,NONE,Property Damage Only,0,0,0,40.029223,-105.244862,0,0,0,0,INTERSECTION RELATED,1534,8030
-105.206672,40.014677,Police Collision Report,COLLISION W/ MV - FRONT TO REAR,1906737,2,ARAPAHOE RD/63RD ST,ARAPAHOE AVENUE,STATE HWY,315,W ,2019/06/20 00:00:00+00,2019/06/20 15:45:00+00,2019,6,June,15,5,20,Thursday,15,Motorway Collision,Daylight,NONE,Possible injury,0,0,0,40.014677,-105.206672,0,0,0,0,INTERSECTION RELATED,1545,8031
-105.255925,40.000177,Police Collision Report,COLLISION W/ MV - FRONT TO REAR,1906740,2,BASELINE RD/29TH ST,BASELINE RD,CITY ST/CNTY RD,25,E ,2019/06/20 00:00:00+00,2019/06/20 16:17:00+00,2019,6,June,16,5,20,Thursday,16,Motorway Collision,Daylight,NONE,Property Damage Only,0,0,0,40.000177,-105.255925,0,0,0,0,INTERSECTION RELATED,1617,8032
-105.255817,39.989295,Police Collision Report,COLLISION W/ MV - FRONT TO REAR,1906688,2,S BROADWAY/DARTMOUTH AVE,S. BROADWAY,INTERSTATE,375,N ,2019/06/19 00:00:00+00,2019/06/19 16:25:00+00,2019,6,June,16,4,19,Wednesday,16,Motorway Collision,Daylight,NONE,Property Damage Only,0,0,0,39.989295,-105.255817,0,0,0,0,NON-INTERSECTION,1625,8033
-105.260139,39.995243,Police Collision Report,COLLISION W/ MV - FRONT TO REAR,1906689,2,27TH ST/BROADWAY,BASELINE RD,CITY ST/CNTY RD,15,W ,2019/06/19 00:00:00+00,2019/06/19 17:01:00+00,2019,6,June,17,4,19,Wednesday,17,Motorway Collision,Daylight,NONE,Property Damage Only,0,0,0,39.995243,-105.260139,0,0,0,0,INTERSECTION RELATED,1701,8034
-105.249347,40.029229,Police Collision Report,COLLISION W/ MV - FRONT TO REAR,1906714,2,VALMONT RD/34TH ST,VALMONT RD,CITY ST/CNTY RD,30,E ,2019/06/20 00:00:00+00,2019/06/20 10:33:00+00,2019,6,June,10,5,20,Thursday,10,Motorway Collision,Daylight,NONE,Property Damage Only,0,0,0,40.029229,-105.249347,0,0,0,0,INTERSECTION RELATED,1033,8035
-105.253772,40.020084,Police Collision Report,COLLISION W/ MV - FRONT TO REAR,1906782,2,30TH ST/WALNUT ST,30TH STREET,CITY ST/CNTY RD,250,S ,2019/06/21 00:00:00+00,2019/06/21 14:15:00+00,2019,6,June,14,6,21,Friday,14,Motorway Collision,Daylight,NONE,Property Damage Only,0,0,0,40.020084,-105.253772,0,0,0,0,NON-INTERSECTION,1330,8036
-105.246519,40.014636,Police Collision Report,COLLISION W/ MV - FRONT TO REAR,1906772,2,ARAPAHOE AVE/38TH ST,ARAPAHOE AVE,STATE HWY,287,E ,2019/06/21 00:00:00+00,2019/06/21 13:51:00+00,2019,6,June,13,6,21,Friday,13,Motorway Collision,Daylight,NONE,Property Damage Only,0,0,0,40.014636,-105.246519,0,0,0,0,NON-INTERSECTION,1351,8037
-105.258492,40.017345,Police Collision Report,COLLISION W/ MV - FRONT TO REAR,1906853,2,28TH ST/CANYON BLVD,28TH ST,STATE HWY,     ,  ,2019/06/23 00:00:00+00,2019/06/23 16:31:00+00,2019,6,June,16,1,23,Sunday,16,Motorway Collision,Daylight,NONE,Property Damage Only,0,0,0,40.017345,-105.258492,0,0,0,0,AT INTERSECTION,1631,8038
-105.263563,40.000114,Police Collision Report,COLLISION W/ MV - FRONT TO REAR,1906878,2,BASELINE RD/BROADWAY,BASELINE RD,STATE HWY,     ,  ,2019/06/24 00:00:00+00,2019/06/24 09:45:00+00,2019,6,June,9,2,24,Monday,9,Motorway Collision,Daylight,NONE,Property Damage Only,0,0,0,40.000114,-105.263563,0,0,0,0,AT INTERSECTION,945,8039
-105.258348,40.025516,Police Collision Report,COLLISION W/ MV - FRONT TO REAR,1906274,2,28TH ST/MAPLETON AVE,28TH ST,CITY ST/CNTY RD,33,N ,2019/06/09 00:00:00+00,2019/06/09 13:09:00+00,2019,6,June,13,1,9,Sunday,13,Motorway Collision,Daylight,NONE,Property Damage Only,0,0,0,40.025516,-105.258348,0,0,0,0,INTERSECTION RELATED,1309,8040
-105.258272,40.017365,Police Collision Report,COLLISION W/ MV - FRONT TO REAR,1906310,2,CANYON BLVD/28TH ST,CANYON BLVD,STATE HWY,     ,  ,2019/06/10 00:00:00+00,2019/06/10 15:27:00+00,2019,6,June,15,2,10,Monday,15,Motorway Collision,Daylight,NONE,Property Damage Only,0,0,0,40.017365,-105.258272,0,0,0,0,AT INTERSECTION,1527,8041
-105.24066,40.014698,Police Collision Report,COLLISION W/ MV - FRONT TO REAR,1906333,2,FOOTHILLS PKWY/ARAPAHOE AVE,FOOTHILLS PKWY,STATE HWY,1018,S ,2019/06/11 00:00:00+00,2019/06/11 09:40:00+00,2019,6,June,9,3,11,Tuesday,9,Motorway Collision,Daylight,NONE,Possible injury,0,0,0,40.014698,-105.24066,0,0,0,0,NON-INTERSECTION,940,8042
-105.225399,40.019557,Police Collision Report,COLLISION W/ MV - FRONT TO REAR,1906339,2,CENTRAL AVE/55TH ST,CENTRAL AVE,CITY ST/CNTY RD,718,E ,2019/06/11 00:00:00+00,2019/06/11 10:26:00+00,2019,6,June,10,3,11,Tuesday,10,Motorway Collision,Daylight,NONE,Property Damage Only,0,0,0,40.019557,-105.225399,0,0,0,0,DRIVEWAY ACCESS RELATED,1026,8043
-105.212923,40.064233,Police Collision Report,COLLISION W/ MV - FRONT TO REAR,1905892,2,6075  LONGBOW DR      ,6075 LONGBOW DR,,     ,  ,2019/05/23 00:00:00+00,2019/05/23 00:00:00+00,2019,5,May,0,5,23,Thursday,0,Motorway Collision,Daylight,NONE,Property Damage Only,0,0,0,40.064233,-105.212923,0,0,0,0,PARKING LOT,1200,8044
-105.225448,40.014598,Police Collision Report,COLLISION W/ MV - FRONT TO REAR,1906361,2,55TH ST/ARAPAHOE AVE,55TH ST,CITY ST/CNTY RD,50,N ,2019/06/11 00:00:00+00,2019/06/11 16:16:00+00,2019,6,June,16,3,11,Tuesday,16,Motorway Collision,Daylight,NONE,Property Damage Only,0,0,0,40.014598,-105.225448,0,0,0,0,INTERSECTION RELATED,1616,8045
-105.260231,40.000459,Police Collision Report,COLLISION W/ MV - FRONT TO REAR,1906128,2,28TH ST OFF RAMP/BASELINE RD,28TH ST,STATE HWY,     ,  ,2019/06/05 00:00:00+00,2019/06/05 15:25:00+00,2019,6,June,15,4,5,Wednesday,15,Motorway Collision,Daylight,NONE,Property Damage Only,0,0,0,40.000459,-105.260231,0,0,0,0,AT INTERSECTION,1525,8046
-105.256029,40.029076,Police Collision Report,COLLISION W/ MV - FRONT TO REAR,1906135,3,2900  VALMONT RD      ,BLUFF,CITY ST/CNTY RD,     ,  ,2019/06/05 18:58:00+00,2019/06/05 21:29:00+00,2019,6,June,21,4,5,Wednesday,21,Motorway Collision,Daylight,NONE,Property Damage Only,0,0,0,40.029076,-105.256029,1,1,0,0,NON-INTERSECTION,1906,8047
-105.258934,40.000439,Police Collision Report,COLLISION W/ MV - FRONT TO REAR,1906152,2,BASELINE RD/HWY 36 EB ON RP @ BASELINE WB,HWY 36 OFF RAMP,STATE HWY,35,S ,2019/06/06 00:00:00+00,2019/06/06 10:50:00+00,2019,6,June,10,5,6,Thursday,10,Motorway Collision,Daylight,NONE,Property Damage Only,0,0,0,40.000439,-105.258934,0,0,0,0,INTERSECTION RELATED,1050,8048
-105.188075,40.079038,Police Collision Report,COLLISION W/ MV - FRONT TO REAR,1906058,2,71ST ST/WINCHESTER CIR,71ST,CITY ST/CNTY RD,344,S ,2019/06/04 00:00:00+00,2019/06/04 00:00:00+00,2019,6,June,0,3,4,Tuesday,0,Motorway Collision,Daylight,NONE,Property Damage Only,0,0,0,40.079038,-105.188075,0,0,0,0,DRIVEWAY ACCESS RELATED,1030,8049
-105.22501,40.02765,Police Collision Report,COLLISION W/ MV - FRONT TO REAR,1906164,2,PEARL PKWY/55TH ST,PEARL PARKWAY,CITY ST/CNTY RD,     ,  ,2019/06/06 00:00:00+00,2019/06/06 13:47:00+00,2019,6,June,13,5,6,Thursday,13,Motorway Collision,Daylight,NONE,Property Damage Only,0,0,0,40.02765,-105.22501,0,0,0,0,AT INTERSECTION,1347,8050
-105.258504,40.020518,Police Collision Report,COLLISION W/ MV - FRONT TO REAR,1906167,2,28TH ST/WALNUT ST,28TH STREET,STATE HWY,20,S ,2019/06/06 00:00:00+00,2019/06/06 15:03:00+00,2019,6,June,15,5,6,Thursday,15,Motorway Collision,Daylight,NONE,Possible injury,0,0,0,40.020518,-105.258504,0,0,0,0,INTERSECTION RELATED,1500,8051
-105.287353,40.021783,Police Collision Report,COLLISION W/ MV - FRONT TO REAR,1906205,3,MAXWELL AVE/7TH ST,MAXWELL AVE,CITY ST/CNTY RD,25,E ,2019/06/07 00:00:00+00,2019/06/07 15:06:00+00,2019,6,June,15,6,7,Friday,15,Motorway Collision,Daylight,NONE,Possible injury,0,0,0,40.021783,-105.287353,0,0,0,0,NON-INTERSECTION,1506,8052
-105.261328,40.008161,Police Collision Report,COLLISION W/ MV - FRONT TO REAR,1906207,2,REGENT DR/COLORADO AVE,REGENT DRIVE,CITY ST/CNTY RD,     ,  ,2019/06/07 00:00:00+00,2019/06/07 16:06:00+00,2019,6,June,16,6,7,Friday,16,Motorway Collision,Daylight,NONE,Property Damage Only,0,0,0,40.008161,-105.261328,0,0,0,0,AT INTERSECTION,1606,8053
-105.282138,40.052801,Police Collision Report,COLLISION W/ MV - FRONT TO REAR,1906208,2,BROADWAY/UPLAND AVE,BROADWAY,CITY ST/CNTY RD,     ,  ,2019/06/07 00:00:00+00,2019/06/07 16:10:00+00,2019,6,June,16,6,7,Friday,16,Motorway Collision,Daylight,NONE,Property Damage Only,0,0,0,40.052801,-105.282138,0,0,0,0,INTERSECTION RELATED,1610,8054
-105.282097,40.025514,Police Collision Report,COLLISION W/ MV - FRONT TO REAR,1906221,2,BROADWAY/ALPINE AVE,BROADWAY,CITY ST/CNTY RD,     ,  ,2019/06/07 00:00:00+00,2019/06/07 21:14:00+00,2019,6,June,21,6,7,Friday,21,Motorway Collision,Dark - Unlighted,NONE,Property Damage Only,0,0,0,40.025514,-105.282097,0,0,0,0,AT INTERSECTION,2115,8055
-105.244862,40.029223,Police Collision Report,COLLISION W/ MV - FRONT TO REAR,1906377,2,FOOTHILLS PKWY/VALMONT RD,FOOTHILLS PARKWAY,STATE HWY,     ,  ,2019/06/12 00:00:00+00,2019/06/12 06:54:00+00,2019,6,June,6,4,12,Wednesday,6,Motorway Collision,Daylight,NONE,Property Damage Only,0,0,0,40.029223,-105.244862,0,0,0,0,AT INTERSECTION,654,8056
-105.258282,40.014544,Police Collision Report,COLLISION W/ MV - FRONT TO REAR,1906392,5,28TH ST/ARAPAHOE AVE,ARAPAHOE AVENUE,STATE HWY,15,E ,2019/06/12 00:00:00+00,2019/06/12 12:49:00+00,2019,6,June,12,4,12,Wednesday,12,Motorway Collision,Daylight,NONE,Non-Incapacitating Injury,0,0,1,40.014544,-105.258282,0,0,0,0,INTERSECTION RELATED,1249,8057
-105.244815,40.02287,Police Collision Report,COLLISION W/ MV - FRONT TO REAR,1906393,2,FOOTHILLS PKWY/PEARL PKWY,FOOTHILLS PKWY,STATE HWY,     ,  ,2019/06/12 00:00:00+00,2019/06/12 13:12:00+00,2019,6,June,13,4,12,Wednesday,13,Motorway Collision,Daylight,NONE,Property Damage Only,0,0,0,40.02287,-105.244815,0,0,0,0,AT INTERSECTION,1311,8058
-105.22501,40.02765,Police Collision Report,COLLISION W/ MV - FRONT TO REAR,1906407,2,PEARL PKWY/55TH ST,PEARL PKWY,CITY ST/CNTY RD,     ,  ,2019/06/12 00:00:00+00,2019/06/12 16:23:00+00,2019,6,June,16,4,12,Wednesday,16,Motorway Collision,Daylight,NONE,Possible injury,0,0,0,40.02765,-105.22501,0,0,0,0,INTERSECTION RELATED,1623,8059
-105.282121,40.026732,Police Collision Report,COLLISION W/ MV - FRONT TO REAR,1906441,2,BROADWAY/BALSAM AVE,BROADWAY,CITY ST/CNTY RD,     ,  ,2019/06/13 00:00:00+00,2019/06/13 13:00:00+00,2019,6,June,13,5,13,Thursday,13,Motorway Collision,Daylight,NONE,Property Damage Only,0,0,0,40.026732,-105.282121,0,0,0,0,AT INTERSECTION,1300,8060
-105.244862,40.029223,Police Collision Report,COLLISION W/ MV - FRONT TO REAR,1906450,2,FOOTHILLS PKWY/VALMONT RD,FOOTHILLS PKWY,STATE HWY,30,S ,2019/06/13 00:00:00+00,2019/06/13 15:54:00+00,2019,6,June,15,5,13,Thursday,15,Motorway Collision,Daylight,NONE,Possible injury,0,0,0,40.029223,-105.244862,0,0,0,0,AT INTERSECTION,1555,8061
-105.265116,40.054674,Police Collision Report,COLLISION W/ MV - FRONT TO REAR,1906520,2,VIOLET AVE/28TH ST,VILOET AVE,CITY ST/CNTY RD,25,W ,2019/06/15 00:00:00+00,2019/06/15 13:18:00+00,2019,6,June,13,7,15,Saturday,13,Motorway Collision,Daylight,NONE,Property Damage Only,0,0,0,40.054674,-105.265116,0,0,0,0,INTERSECTION RELATED,1318,8062
-105.272504,40.005968,Police Collision Report,COLLISION W/ MV - FRONT TO REAR,1906495,2,BROADWAY/16TH ST,S. BROADWAY,STATE HWY,40,W ,2019/06/14 00:00:00+00,2019/06/14 00:00:00+00,2019,6,June,0,6,14,Friday,0,Motorway Collision,Daylight,NONE,Property Damage Only,0,0,0,40.005968,-105.272504,0,0,0,0,INTERSECTION RELATED,1717,8063
-105.260159,40.000452,Police Collision Report,COLLISION W/ MV - FRONT TO REAR,1906550,3,27TH WAY/BASELINE RD,27TH WAY,STATE HWY,     ,  ,2019/06/16 00:00:00+00,2019/06/16 08:56:00+00,2019,6,June,8,1,16,Sunday,8,Motorway Collision,Daylight,NONE,Property Damage Only,0,0,0,40.000452,-105.260159,0,0,0,0,AT INTERSECTION,857,8064
-105.232067,39.986813,Police Collision Report,COLLISION W/ MV - FRONT TO REAR,1906624,2,TABLE MESA DR/FOOTHILLS PKWY,TABLE MESA DR,STATE HWY,     ,  ,2019/06/18 00:00:00+00,2019/06/18 07:54:00+00,2019,6,June,7,3,18,Tuesday,7,Motorway Collision,Daylight,NONE,Property Damage Only,0,0,0,39.986813,-105.232067,0,0,0,0,NON-INTERSECTION,754,8065
-105.26012,40.051061,Police Collision Report,COLLISION W/ MV - FRONT TO REAR,1906649,2,JAY RD/28TH ST,JAY RD,STATE HWY,100,E ,2019/06/18 00:00:00+00,2019/06/18 16:35:00+00,2019,6,June,16,3,18,Tuesday,16,Motorway Collision,Daylight,NONE,Property Damage Only,0,0,0,40.051061,-105.26012,0,0,0,0,NON-INTERSECTION,1635,8066
-105.277073,40.03639,Police Collision Report,COLLISION W/ MV - FRONT TO REAR,1906667,2,16TH ST/IRIS AVE,16TH,CITY ST/CNTY RD,318,E ,2019/06/19 00:00:00+00,2019/06/19 08:32:00+00,2019,6,June,8,4,19,Wednesday,8,Motorway Collision,Daylight,NONE,Property Damage Only,0,0,0,40.03639,-105.277073,0,0,0,0,NON-INTERSECTION,832,8067
-105.25669,40.000067,Police Collision Report,COLLISION W/ MV - FRONT TO REAR,1906668,2,BASELINE RD/HWY 36 WB ON RP @ BASELINE EB,W/B US 36 OFF-RAMP,STATE HWY,     ,  ,2019/06/19 00:00:00+00,2019/06/19 08:57:00+00,2019,6,June,8,4,19,Wednesday,8,Motorway Collision,Daylight,NONE,Property Damage Only,0,0,0,40.000067,-105.25669,0,0,0,0,AT INTERSECTION,857,8068
-105.25831,40.022375,Police Collision Report,COLLISION W/ MV - FRONT TO REAR,1906671,2,PEARL ST/28TH ST,PEARL ST,CITY ST/CNTY RD,440,E ,2019/06/19 00:00:00+00,2019/06/19 11:32:00+00,2019,6,June,11,4,19,Wednesday,11,Motorway Collision,Daylight,NONE,Possible injury,0,0,0,40.022375,-105.25831,0,0,0,0,NON-INTERSECTION,1132,8069
-105.263033,40.014644,Police Collision Report,COLLISION W/ MV - FRONT TO REAR,1906414,3,ARAPAHOE AVE/FOLSOM ST,ARAPAHOE AVE,CITY ST/CNTY RD,600,E ,2019/06/12 00:00:00+00,2019/06/12 00:00:00+00,2019,6,June,0,4,12,Wednesday,0,Motorway Collision,Daylight,NONE,Property Damage Only,0,0,0,40.014644,-105.263033,0,0,0,0,AT INTERSECTION,1801,8070
-105.206933,40.094396,Police Collision Report,COLLISION W/ MV - FRONT TO REAR,1906678,2,63RD ST/MONARCH RD,63RD ST,CITY ST/CNTY RD,3118,S ,2019/06/19 00:00:00+00,2019/06/19 13:15:00+00,2019,6,June,13,4,19,Wednesday,13,Motorway Collision,Daylight,NONE,Property Damage Only,0,0,0,40.094396,-105.206933,0,0,0,0,NON-INTERSECTION,1315,8071
-105.258394,40.000381,Police Collision Report,COLLISION W/ MV - FRONT TO REAR,1905762,2,28TH ST/BASELINE RD,BASELINE ROAD,STATE HWY,     ,  ,2019/05/28 00:00:00+00,2019/05/28 08:00:00+00,2019,5,May,8,3,28,Tuesday,8,Motorway Collision,Daylight,NONE,Property Damage Only,0,0,0,40.000381,-105.258394,0,0,0,0,AT INTERSECTION,801,8072
-105.278697,40.014093,Police Collision Report,COLLISION W/ MV - FRONT TO REAR,1905767,2,BROADWAY/ARAPAHOE AVE,ARAPAHOE AVE,CITY ST/CNTY RD,119,E ,2019/05/28 00:00:00+00,2019/05/28 09:21:00+00,2019,5,May,9,3,28,Tuesday,9,Motorway Collision,Daylight,NONE,Property Damage Only,0,0,0,40.014093,-105.278697,0,0,0,0,DRIVEWAY ACCESS RELATED,921,8073
-105.225448,40.014598,Police Collision Report,COLLISION W/ MV - FRONT TO REAR,1905776,2,55TH ST/ARAPAHOE AVE,ARAPAHOE AVE,STATE HWY,368,W ,2019/05/28 00:00:00+00,2019/05/28 12:30:00+00,2019,5,May,12,3,28,Tuesday,12,Motorway Collision,Daylight,NONE,Property Damage Only,0,0,0,40.014598,-105.225448,0,0,0,0,DRIVEWAY ACCESS RELATED,1230,8074
-105.290515,40.015713,Police Collision Report,COLLISION W/ MV - FRONT TO REAR,1905793,2,4TH ST/PEARL ST,4TH ST,CITY ST/CNTY RD,15,N ,2019/05/28 00:00:00+00,2019/05/28 17:05:00+00,2019,5,May,17,3,28,Tuesday,17,Motorway Collision,Daylight,NONE,Property Damage Only,0,0,0,40.015713,-105.290515,0,0,0,0,AT INTERSECTION,1705,8075
-105.244862,40.029223,Police Collision Report,COLLISION W/ MV - FRONT TO REAR,1905809,3,FOOTHILLS PKWY/VALMONT RD,FOOTHILLS PARKWAY,STATE HWY,1685,N ,2019/05/29 00:00:00+00,2019/05/29 08:57:00+00,2019,5,May,8,4,29,Wednesday,8,Motorway Collision,Daylight,NONE,Property Damage Only,0,0,0,40.029223,-105.244862,0,0,0,0,NON-INTERSECTION,857,8076
-105.24066,40.014698,Police Collision Report,COLLISION W/ MV - FRONT TO REAR,1905810,2,FOOTHILLS PKWY/ARAPAHOE AVE,FOOTHILLS PKWY,STATE HWY,400,N ,2019/05/29 00:00:00+00,2019/05/29 09:03:00+00,2019,5,May,9,4,29,Wednesday,9,Motorway Collision,Daylight,NONE,Possible injury,0,0,0,40.014698,-105.24066,0,0,0,0,NON-INTERSECTION,902,8077
-105.25833,40.000198,Police Collision Report,COLLISION W/ MV - FRONT TO REAR,1905912,2,BASELINE RD/US HIGHWAY 36,US 36,STATE HWY,     ,E ,2019/05/31 00:00:00+00,2019/05/31 17:41:00+00,2019,5,May,17,6,31,Friday,17,Motorway Collision,Daylight,NONE,Possible injury,0,0,0,40.000198,-105.25833,0,0,0,0,NON-INTERSECTION,1741,8078
-105.258571,40.043598,Police Collision Report,COLLISION W/ MV - FRONT TO REAR,1905913,2,28TH ST/PALO PKWY,28TH ST,STATE HWY,35,S ,2019/05/31 00:00:00+00,2019/05/31 17:50:00+00,2019,5,May,17,6,31,Friday,17,Motorway Collision,Daylight,NONE,Possible injury,0,0,0,40.043598,-105.258571,0,0,0,0,INTERSECTION RELATED,1750,8079
-105.25839,40.008105,Police Collision Report,COLLISION W/ MV - FRONT TO REAR,1905893,2,28TH FRONTAGE RD/COLORADO AVE,28TH STREET,STATE HWY,500,S ,2019/05/31 00:00:00+00,2019/05/31 10:28:00+00,2019,5,May,10,6,31,Friday,10,Motorway Collision,Daylight,NONE,Property Damage Only,0,0,0,40.008105,-105.25839,0,0,0,0,INTERSECTION RELATED,1028,8080
-105.261628,40.014585,Police Collision Report,COLLISION W/ MV - FRONT TO REAR,1905899,2,2525  ARAPAHOE AVE      ,2525 ARAPAHOE,,     ,  ,2019/05/30 00:00:00+00,2019/05/30 00:00:00+00,2019,5,May,0,5,30,Thursday,0,Motorway Collision,Daylight,NONE,Property Damage Only,0,0,0,40.014585,-105.261628,0,0,0,0,PARKING LOT,1230,8081
-105.275386,40.016754,Police Collision Report,COLLISION W/ MV - FRONT TO REAR,1905850,2,CANYON BLVD/15TH ST,CANYON BOULEVARD,STATE HWY,140,W ,2019/05/30 00:00:00+00,2019/05/30 11:13:00+00,2019,5,May,11,5,30,Thursday,11,Motorway Collision,Daylight,NONE,Property Damage Only,0,0,0,40.016754,-105.275386,0,0,0,0,DRIVEWAY ACCESS RELATED,1113,8082
-105.239567,40.008522,Police Collision Report,COLLISION W/ MV - FRONT TO REAR,1905859,2,FOOTHILLS PKWY/COLORADO AVE,FOOTHILLS PKWY,STATE HWY,2000,S ,2019/05/30 00:00:00+00,2019/05/30 15:54:00+00,2019,5,May,15,5,30,Thursday,15,Motorway Collision,Daylight,NONE,Property Damage Only,0,0,0,40.008522,-105.239567,0,0,0,0,NON-INTERSECTION,1554,8083
-105.25831,40.022375,Police Collision Report,COLLISION W/ MV - FRONT TO REAR,1905862,2,PEARL ST/28TH ST,PEARL STREET,STATE HWY,     ,  ,2019/05/30 00:00:00+00,2019/05/30 16:03:00+00,2019,5,May,16,5,30,Thursday,16,Motorway Collision,Daylight,NONE,Possible injury,0,0,0,40.022375,-105.25831,0,0,0,0,AT INTERSECTION,1603,8084
-105.267825,40.014635,Police Collision Report,COLLISION W/ MV - FRONT TO REAR,1905872,3,ARAPAHOE AVE/21ST ST,ARAPAHOE AVE,CITY ST/CNTY RD,30,E ,2019/05/30 00:00:00+00,2019/05/30 19:08:00+00,2019,5,May,19,5,30,Thursday,19,Motorway Collision,Daylight,NONE,Possible injury,0,0,0,40.014635,-105.267825,0,0,0,0,NON-INTERSECTION,1909,8085