X,Y,ReportType,PrmaryCollsionType,CaseNumber,UnitsInvolved,Location,OnHighway,CrossStreet,FeetFromIntersection,DirectionFromIntersection,CollisionDate,ReportedDate,ReportedYear,ReportedMonth,ReportedMonthName,ReportedWeek,ReportedDayofWeekNum,ReportedDayofMonth,ReportedDayofWeek,ReportedHour,HitAndRunStatus,LightingCondition,WeatherCondition,Severity,NumKilled,NumSeriouslyInjured,NumInjuredOrKilled,Lat,Lon,DUI,AlcoholDrugSuspected,BicyclesInvolved,PedestriansInvolved,RoadDescription,Crash_Time,ESRI_OID
-105.24066,40.014698,Police Collision Report,COLLISION W/ MV - FRONT TO REAR,1808897,2,FOOTHILLS PKWY/ARAPAHOE AVE,FOOTHILLS PKWY,STATE HWY,745,S ,2018/07/18 00:00:00+00,2018/07/18 09:36:00+00,2018,7,July,9,4,18,Wednesday,9,Motorway Collision,Daylight,NONE,Property Damage Only,0,0,0,40.014698,-105.24066,0,0,0,0,NON-INTERSECTION,935,8153
-105.253767,40.023257,Police Collision Report,COLLISION W/ MV - FRONT TO REAR,1808906,2,30TH ST/PEARL ST,30TH ST,CITY ST/CNTY RD,219,S ,2018/07/18 00:00:00+00,2018/07/18 12:04:00+00,2018,7,July,12,4,18,Wednesday,12,Motorway Collision,Daylight,NONE,Property Damage Only,0,0,0,40.023257,-105.253767,0,0,0,0,NON-INTERSECTION,1204,8154
-105.267753,40.003418,Police Collision Report,COLLISION W/ MV - FRONT TO REAR,1808909,2,BROADWAY/REGENT DR,BROADWAY,STATE HWY,220,N ,2018/07/18 00:00:00+00,2018/07/18 12:53:00+00,2018,7,July,12,4,18,Wednesday,12,Motorway Collision,Daylight,NONE,Possible injury,0,0,0,40.003418,-105.267753,0,0,0,0,INTERSECTION RELATED,1253,8155
-105.261082,39.996607,Police Collision Report,COLLISION W/ MV - FRONT TO REAR,1808915,2,27TH WAY/BROADWAY,27TH WAY,CITY ST/CNTY RD,473,N ,2018/07/18 00:00:00+00,2018/07/18 14:13:00+00,2018,7,July,14,4,18,Wednesday,14,Motorway Collision,Daylight,NONE,Property Damage Only,0,0,0,39.996607,-105.261082,0,0,0,0,NON-INTERSECTION,1413,8156
-105.239567,40.008522,Police Collision Report,COLLISION W/ MV - FRONT TO REAR,1808962,2,FOOTHILLS PKWY/COLORADO AVE,FOOTHILLS PARKWAY,STATE HWY,1800,N ,2018/07/19 00:00:00+00,2018/07/19 13:00:00+00,2018,7,July,13,5,19,Thursday,13,Motorway Collision,Daylight,NONE,Property Damage Only,0,0,0,40.008522,-105.239567,0,0,0,0,INTERSECTION RELATED,1300,8157
-105.258456,40.036493,Police Collision Report,COLLISION W/ MV - FRONT TO REAR,1808852,2,IRIS AVE/28TH ST,28TH STREET,STATE HWY,     ,  ,2018/07/17 00:00:00+00,2018/07/17 11:01:00+00,2018,7,July,11,3,17,Tuesday,11,Motorway Collision,Daylight,NONE,Property Damage Only,0,0,0,40.036493,-105.258456,0,0,0,0,AT INTERSECTION,1059,8158
-105.283214,40.014969,Police Collision Report,COLLISION W/ MV - FRONT TO REAR,1808865,3,CANYON BLVD/9TH ST,CANYON BVD,STATE HWY,100,E ,2018/07/17 00:00:00+00,2018/07/17 14:10:00+00,2018,7,July,14,3,17,Tuesday,14,Motorway Collision,Daylight,NONE,Possible injury,0,0,0,40.014969,-105.283214,0,0,0,0,NON-INTERSECTION,1410,8159
-105.25831,40.022375,Police Collision Report,COLLISION W/ MV - FRONT TO REAR,1808878,3,PEARL ST/28TH ST,28TH ST,STATE HWY,68,S ,2018/07/17 00:00:00+00,2018/07/17 18:18:00+00,2018,7,July,18,3,17,Tuesday,18,Motorway Collision,Daylight,NONE,Property Damage Only,0,0,0,40.022375,-105.25831,0,0,0,0,NON-INTERSECTION,1818,8160
-105.258282,40.014544,Police Collision Report,COLLISION W/ MV - FRONT TO REAR,1808964,2,28TH ST/ARAPAHOE AVE,28TH STREET,STATE HWY,650,N ,2018/07/19 00:00:00+00,2018/07/19 13:39:00+00,2018,7,July,13,5,19,Thursday,13,Motorway Collision,Daylight,NONE,Property Damage Only,0,0,0,40.014544,-105.258282,0,0,0,0,INTERSECTION RELATED,1339,8161
-105.273461,40.019228,Police Collision Report,COLLISION W/ MV - FRONT TO REAR,1806605,2,17TH ST/PEARL ST,17TH,CITY ST/CNTY RD,     ,  ,2018/05/29 00:00:00+00,2018/05/29 00:00:00+00,2018,5,May,0,3,29,Tuesday,0,Motorway Collision,Daylight,NONE,Property Damage Only,0,0,0,40.019228,-105.273461,0,0,0,0,NON-INTERSECTION,1447,8162
-105.240833,40.014503,Police Collision Report,COLLISION W/ MV - FRONT TO REAR,1809021,2,ARAPAHOE AVE/FOOTHILLS PKWY,FOOTHILLS HWY,STATE HWY,50,N ,2018/07/20 00:00:00+00,2018/07/20 17:52:00+00,2018,7,July,17,6,20,Friday,17,Motorway Collision,Daylight,NONE,Property Damage Only,0,0,0,40.014503,-105.240833,0,0,0,0,PARKING LOT,1751,8163
-105.282083,40.040944,Police Collision Report,COLLISION W/ MV - FRONT TO REAR,1809025,2,LINDEN AVE/BROADWAY,BROADWAY,CITY ST/CNTY RD,     ,  ,2018/07/20 00:00:00+00,2018/07/20 20:12:00+00,2018,7,July,20,6,20,Friday,20,Motorway Collision,Dawn or Dusk,NONE,Possible injury,0,0,0,40.040944,-105.282083,0,0,0,0,NON-INTERSECTION,2012,8164
-105.263563,40.000114,Police Collision Report,COLLISION W/ MV - FRONT TO REAR,1809045,2,BASELINE RD/BROADWAY,BROADWAY,STATE HWY,30,N ,2018/07/21 00:00:00+00,2018/07/21 11:31:00+00,2018,7,July,11,7,21,Saturday,11,Motorway Collision,Daylight,NONE,Property Damage Only,0,0,0,40.000114,-105.263563,0,0,0,0,INTERSECTION RELATED,1131,8165
-105.258492,40.017345,Police Collision Report,COLLISION W/ MV - FRONT TO REAR,1809061,2,28TH ST/CANYON BLVD,28TH ST,STATE HWY,500,N ,2018/07/21 00:00:00+00,2018/07/21 16:31:00+00,2018,7,July,16,7,21,Saturday,16,Motorway Collision,Daylight,NONE,Possible injury,0,0,0,40.017345,-105.258492,0,0,0,0,INTERSECTION RELATED,1630,8166
-105.281677,40.018617,Police Collision Report,COLLISION W/ MV - FRONT TO REAR,1809064,2,11TH ST/SPRUCE ST,1100 SPRUCE,,     ,  ,2018/07/21 00:00:00+00,2018/07/21 18:51:00+00,2018,7,July,18,7,21,Saturday,18,Motorway Collision,Daylight,NONE,Property Damage Only,0,0,0,40.018617,-105.281677,0,0,0,0,PARKING LOT,1900,8167
-105.282131,40.061857,Police Collision Report,COLLISION W/ MV - FRONT TO REAR,1809095,2,LEE HILL DR/BROADWAY,BROADWAY,CITY ST/CNTY RD,     ,  ,2018/07/22 00:00:00+00,2018/07/22 12:37:00+00,2018,7,July,12,1,22,Sunday,12,Motorway Collision,Daylight,NONE,Property Damage Only,0,0,0,40.061857,-105.282131,0,0,0,0,AT INTERSECTION,1234,8168
-105.218758,39.993142,Police Collision Report,COLLISION W/ MV - FRONT TO REAR,1806213,2,5660  SIOUX DR      ,,,     ,  ,2018/05/21 00:00:00+00,2018/05/21 13:38:00+00,2018,5,May,13,2,21,Monday,13,Motorway Collision,Daylight,NONE,Property Damage Only,0,0,0,39.993142,-105.218758,0,0,0,0,PARKING LOT,1337,8169
-105.258571,40.043598,Police Collision Report,COLLISION W/ MV - FRONT TO REAR,1806219,2,28TH ST/PALO PKWY,28TH ST,STATE HWY,180,N ,2018/05/21 00:00:00+00,2018/05/21 16:15:00+00,2018,5,May,16,2,21,Monday,16,Motorway Collision,Daylight,NONE,Property Damage Only,0,0,0,40.043598,-105.258571,0,0,0,0,NON-INTERSECTION,1614,8170
-105.275386,40.016754,Police Collision Report,COLLISION W/ MV - FRONT TO REAR,1806220,2,CANYON BLVD/15TH ST,CANYON BLVD,STATE HWY,80,E ,2018/05/21 00:00:00+00,2018/05/21 16:19:00+00,2018,5,May,16,2,21,Monday,16,Motorway Collision,Daylight,NONE,Property Damage Only,0,0,0,40.016754,-105.275386,0,0,0,0,NON-INTERSECTION,1640,8171
-105.270222,40.014626,Police Collision Report,COLLISION W/ MV - FRONT TO REAR,1806221,3,ARAPAHOE AVE/19TH ST,ARAPAHOE AVE,CITY ST/CNTY RD,100,E ,2018/05/21 00:00:00+00,2018/05/21 17:48:00+00,2018,5,May,17,2,21,Monday,17,Motorway Collision,Daylight,NONE,Property Damage Only,0,0,0,40.014626,-105.270222,0,0,0,0,INTERSECTION RELATED,1747,8172
-105.253688,40.014535,Police Collision Report,COLLISION W/ MV - FRONT TO REAR,1806206,2,ARAPAHOE AVE/30TH ST,ARAPAHOE AVE,STATE HWY,539,E ,2018/05/21 00:00:00+00,2018/05/21 12:16:00+00,2018,5,May,12,2,21,Monday,12,Motorway Collision,Daylight,NONE,Property Damage Only,0,0,0,40.014535,-105.253688,0,0,0,0,INTERSECTION RELATED,1216,8173
-105.245671,40.023014,Police Collision Report,COLLISION W/ MV - FRONT TO REAR,1806077,2,PEARL PKWY/FOOTHILLS SB OFF RP @ PEARL,S/B FOOTHILLS PARKWAY OFF-RAMP,STATE HWY,     ,  ,2018/05/18 00:00:00+00,2018/05/18 08:00:00+00,2018,5,May,8,6,18,Friday,8,Motorway Collision,Daylight,NONE,Possible injury,0,0,0,40.023014,-105.245671,0,0,0,0,AT INTERSECTION,800,8174
-105.24066,40.014698,Police Collision Report,COLLISION W/ MV - FRONT TO REAR,1806089,2,FOOTHILLS PKWY/ARAPAHOE AVE,FOOTHILLS PKWY,STATE HWY,270,S ,2018/05/18 00:00:00+00,2018/05/18 12:10:00+00,2018,5,May,12,6,18,Friday,12,Motorway Collision,Daylight,NONE,Property Damage Only,0,0,0,40.014698,-105.24066,0,0,0,0,INTERSECTION RELATED,1210,8175
-105.249862,39.98558,Police Collision Report,COLLISION W/ MV - FRONT TO REAR,1806104,2,S BROADWAY/TABLE MESA DR,BROADWAY,STATE HWY,     ,  ,2018/05/18 00:00:00+00,2018/05/18 14:26:00+00,2018,5,May,14,6,18,Friday,14,Motorway Collision,Daylight,NONE,Property Damage Only,0,0,0,39.98558,-105.249862,0,0,0,0,AT INTERSECTION,1426,8176
-105.24066,40.014698,Police Collision Report,COLLISION W/ MV - FRONT TO REAR,1806023,2,FOOTHILLS PKWY/ARAPAHOE AVE,FOOTHILLS PARKWAY,STATE HWY,     ,  ,2018/05/17 00:00:00+00,2018/05/17 06:56:00+00,2018,5,May,6,5,17,Thursday,6,Motorway Collision,Daylight,NONE,Property Damage Only,0,0,0,40.014698,-105.24066,0,0,0,0,AT INTERSECTION,656,8177
-105.230704,39.986664,Police Collision Report,COLLISION W/ MV - FRONT TO REAR,1806024,3,FOOTHILLS NB ON RP @ SBR RD WB/,SOUTH BOULDER RD,CITY ST/CNTY RD,75,E ,2018/05/17 00:00:00+00,2018/05/17 07:17:00+00,2018,5,May,7,5,17,Thursday,7,Motorway Collision,Daylight,NONE,Property Damage Only,0,0,0,39.986664,-105.230704,0,0,0,0,NON-INTERSECTION,717,8178
-105.239567,40.008522,Police Collision Report,COLLISION W/ MV - FRONT TO REAR,1806025,2,FOOTHILLS PKWY/COLORADO AVE,1300-BLK FOOTHILLS PKY,STATE HWY,593,S ,2018/05/17 00:00:00+00,2018/05/17 07:30:00+00,2018,5,May,7,5,17,Thursday,7,Motorway Collision,Daylight,NONE,Property Damage Only,0,0,0,40.008522,-105.239567,0,0,0,0,NON-INTERSECTION,720,8179
-105.268787,40.000108,Police Collision Report,COLLISION W/ MV - FRONT TO REAR,1806058,2,BASELINE RD/19TH ST,BASELINE RD,CITY ST/CNTY RD,165,E ,2018/05/17 00:00:00+00,2018/05/17 16:20:00+00,2018,5,May,16,5,17,Thursday,16,Motorway Collision,Daylight,NONE,Property Damage Only,0,0,0,40.000108,-105.268787,0,0,0,0,NON-INTERSECTION,1620,8180
-105.283202,40.015101,Police Collision Report,COLLISION W/ MV - FRONT TO REAR,1806062,2,9TH ST/CANYON BLVD,CANYON BLVD,STATE HWY,     ,  ,2018/05/17 00:00:00+00,2018/05/17 18:51:00+00,2018,5,May,18,5,17,Thursday,18,Motorway Collision,Daylight,NONE,Property Damage Only,0,0,0,40.015101,-105.283202,0,0,0,0,AT INTERSECTION,1850,8181
-105.246635,40.014655,Police Collision Report,COLLISION W/ MV - FRONT TO REAR,1806307,2,38TH ST/ARAPAHOE AVE,ARAPAHOE AVE,STATE HWY,     ,  ,2018/05/23 00:00:00+00,2018/05/23 16:23:00+00,2018,5,May,16,4,23,Wednesday,16,Motorway Collision,Daylight,NONE,Property Damage Only,0,0,0,40.014655,-105.246635,0,0,0,0,AT INTERSECTION,1623,8182
-105.279303,40.015822,Police Collision Report,COLLISION W/ MV - FRONT TO REAR,1806311,3,BROADWAY/CANYON BLVD,BROADWAY BLVD,STATE HWY,262,S ,2018/05/23 00:00:00+00,2018/05/23 16:58:00+00,2018,5,May,16,4,23,Wednesday,16,Motorway Collision,Daylight,NONE,Property Damage Only,0,0,0,40.015822,-105.279303,0,0,0,0,NON-INTERSECTION,1656,8183
-105.258492,40.017345,Police Collision Report,COLLISION W/ MV - FRONT TO REAR,1805942,2,28TH ST/CANYON BLVD,28TH ST,STATE HWY,15,S ,2018/05/15 00:00:00+00,2018/05/15 00:00:00+00,2018,5,May,0,3,15,Tuesday,0,Motorway Collision,Daylight,NONE,Property Damage Only,0,0,0,40.017345,-105.258492,0,0,0,0,AT INTERSECTION,1745,8184
-105.246519,40.014636,Police Collision Report,COLLISION W/ MV - FRONT TO REAR,1806300,2,ARAPAHOE AVE/38TH ST,ARAPAHOE AVE,STATE HWY,     ,  ,2018/05/23 00:00:00+00,2018/05/23 14:14:00+00,2018,5,May,14,4,23,Wednesday,14,Motorway Collision,Daylight,NONE,Property Damage Only,0,0,0,40.014636,-105.246519,0,0,0,0,INTERSECTION RELATED,1415,8185
-105.232572,40.000025,Police Collision Report,COLLISION W/ MV - FRONT TO REAR,1806302,2,FOOTHILLS PKWY/BASELINE RD,FOOTHILLS PARKWAY,STATE HWY,1500,N ,2018/05/23 00:00:00+00,2018/05/23 14:59:00+00,2018,5,May,14,4,23,Wednesday,14,Motorway Collision,Daylight,NONE,Property Damage Only,0,0,0,40.000025,-105.232572,0,0,0,0,NON-INTERSECTION,1459,8186
-105.234572,40.029228,Police Collision Report,COLLISION W/ MV - FRONT TO REAR,1806260,3,AIRPORT RD/VALMONT RD,VALMONT RD,CITY ST/CNTY RD,243,W ,2018/05/22 00:00:00+00,2018/05/22 16:19:00+00,2018,5,May,16,3,22,Tuesday,16,Motorway Collision,Daylight,NONE,Non-Incapacitating Injury,0,0,1,40.029228,-105.234572,0,0,0,0,INTERSECTION RELATED,1619,8187
-105.276953,40.010476,Police Collision Report,COLLISION W/ MV - FRONT TO REAR,1806281,2,BROADWAY/UNIVERSITY AVE,UNIVERSITY AVENUE,CITY ST/CNTY RD,     ,  ,2018/05/23 00:00:00+00,2018/05/23 08:02:00+00,2018,5,May,8,4,23,Wednesday,8,Motorway Collision,Daylight,NONE,Property Damage Only,0,0,0,40.010476,-105.276953,0,0,0,0,AT INTERSECTION,802,8188
-105.265019,40.029185,Police Collision Report,COLLISION W/ MV - FRONT TO REAR,1806283,2,24TH ST/EDGEWOOD DR,EDGEWOOD,CITY ST/CNTY RD,80,W ,2018/05/23 00:00:00+00,2018/05/23 09:02:00+00,2018,5,May,9,4,23,Wednesday,9,Motorway Collision,Daylight,NONE,Property Damage Only,0,0,0,40.029185,-105.265019,0,0,0,0,NON-INTERSECTION,901,8189
-105.251929,40.023716,Police Collision Report,COLLISION W/ MV - FRONT TO REAR,1806284,3,JUNCTION PL/PEARL PKWY,PEARL PARKWAY,CITY ST/CNTY RD,     ,  ,2018/05/23 00:00:00+00,2018/05/23 08:59:00+00,2018,5,May,8,4,23,Wednesday,8,Motorway Collision,Daylight,NONE,Possible injury,0,0,0,40.023716,-105.251929,0,0,0,0,AT INTERSECTION,859,8190
-105.278697,40.014093,Police Collision Report,COLLISION W/ MV - FRONT TO REAR,1806417,2,BROADWAY/ARAPAHOE AVE,BROADWAY,STATE HWY,     ,  ,2018/05/25 00:00:00+00,2018/05/25 13:22:00+00,2018,5,May,13,6,25,Friday,13,Motorway Collision,Daylight,NONE,Property Damage Only,0,0,0,40.014093,-105.278697,0,0,0,0,AT INTERSECTION,1322,8191
-105.24401,40.0195,Police Collision Report,COLLISION W/ MV - FRONT TO REAR,1806420,2,WALNUT ST/FOOTHILLS PKWY,4735 WALNUT ST,,     ,  ,2018/05/25 00:00:00+00,2018/05/25 15:35:00+00,2018,5,May,15,6,25,Friday,15,Motorway Collision,Daylight,NONE,Property Damage Only,0,0,0,40.0195,-105.24401,0,0,0,0,DRIVEWAY ACCESS RELATED,1535,8192
-105.244901,40.029254,Police Collision Report,COLLISION W/ MV - FRONT TO REAR,1806352,2,VALMONT RD/FOOTHILLS PKWY,FOOTHILLS PKWY,CITY ST/CNTY RD,     ,  ,2018/05/24 00:00:00+00,2018/05/24 12:53:00+00,2018,5,May,12,5,24,Thursday,12,Motorway Collision,Daylight,NONE,Property Damage Only,0,0,0,40.029254,-105.244901,0,0,0,0,AT INTERSECTION,1252,8193
-105.253688,40.014535,Police Collision Report,COLLISION W/ MV - FRONT TO REAR,1806358,2,ARAPAHOE AVE/30TH ST,30TH ST,CITY ST/CNTY RD,     ,  ,2018/05/24 00:00:00+00,2018/05/24 14:05:00+00,2018,5,May,14,5,24,Thursday,14,Motorway Collision,Daylight,NONE,Possible injury,0,0,0,40.014535,-105.253688,0,0,0,0,AT INTERSECTION,1405,8194
-105.258356,40.026895,Police Collision Report,COLLISION W/ MV - FRONT TO REAR,1807024,2,28TH ST,2704 28TH STREET,,     ,  ,2018/06/08 00:00:00+00,2018/06/08 14:11:00+00,2018,6,June,14,6,8,Friday,14,Motorway Collision,Daylight,NONE,Property Damage Only,0,0,0,40.026895,-105.258356,0,0,0,0,PARKING LOT,1411,8195
-105.262985,40.017486,Police Collision Report,COLLISION W/ MV - FRONT TO REAR,1807026,2,CANYON BLVD/FOLSOM ST,FOLSOM ST,CITY ST/CNTY RD,76,S ,2018/06/08 00:00:00+00,2018/06/08 15:53:00+00,2018,6,June,15,6,8,Friday,15,Motorway Collision,Daylight,NONE,Non-Incapacitating Injury,0,0,1,40.017486,-105.262985,0,0,0,0,INTERSECTION RELATED,1553,8196
-105.258348,40.025516,Police Collision Report,COLLISION W/ MV - FRONT TO REAR,1807031,3,28TH ST/MAPLETON AVE,28TH STREET,STATE HWY,115,N ,2018/06/08 00:00:00+00,2018/06/08 17:14:00+00,2018,6,June,17,6,8,Friday,17,Motorway Collision,Daylight,NONE,Possible injury,0,0,0,40.025516,-105.258348,0,0,0,0,NON-INTERSECTION,1714,8197
-105.25833,40.000198,Police Collision Report,COLLISION W/ MV - FRONT TO REAR,1807019,2,BASELINE RD/US HIGHWAY 36,US 36 OFF RAMP,STATE HWY,     ,  ,2018/06/08 00:00:00+00,2018/06/08 12:24:00+00,2018,6,June,12,6,8,Friday,12,Motorway Collision,Daylight,NONE,Property Damage Only,0,0,0,40.000198,-105.25833,0,0,0,0,AT INTERSECTION,1224,8198
-105.245431,39.985822,Police Collision Report,COLLISION W/ MV - FRONT TO REAR,1807039,2,S 42ND ST/TABLE MESA DR,TABLE MESA,CITY ST/CNTY RD,75,E ,2018/06/08 00:00:00+00,2018/06/08 19:28:00+00,2018,6,June,19,6,8,Friday,19,Motorway Collision,Daylight,NONE,Property Damage Only,0,0,0,39.985822,-105.245431,0,0,0,0,NON-INTERSECTION,1728,8199
-105.282152,40.05457,Police Collision Report,COLLISION W/ MV - FRONT TO REAR,1807072,3,BROADWAY/VIOLET AVE,BROADWAY,CITY ST/CNTY RD,     ,  ,2018/06/09 00:00:00+00,2018/06/09 12:15:00+00,2018,6,June,12,7,9,Saturday,12,Motorway Collision,Daylight,NONE,Property Damage Only,0,0,0,40.05457,-105.282152,0,0,0,0,AT INTERSECTION,1215,8200
-105.270809,40.019805,Police Collision Report,COLLISION W/ MV - FRONT TO REAR,1807079,2,PEARL ST/19TH ST,PEARL ST,CITY ST/CNTY RD,42,W ,2018/06/09 00:00:00+00,2018/06/09 14:20:00+00,2018,6,June,14,7,9,Saturday,14,Motorway Collision,Daylight,NONE,Property Damage Only,0,0,0,40.019805,-105.270809,0,0,0,0,INTERSECTION RELATED,1420,8201
-105.253767,40.023257,Police Collision Report,COLLISION W/ MV - FRONT TO REAR,1806887,2,30TH ST/PEARL ST,30TH STREET,CITY ST/CNTY RD,60,N ,2018/06/06 00:00:00+00,2018/06/06 13:25:00+00,2018,6,June,13,4,6,Wednesday,13,Motorway Collision,Daylight,NONE,Property Damage Only,0,0,0,40.023257,-105.253767,0,0,0,0,NON-INTERSECTION,1325,8202
-105.258282,40.014544,Police Collision Report,COLLISION W/ MV - FRONT TO REAR,1806876,2,28TH ST/ARAPAHOE AVE,ARAPAHOE AVE,STATE HWY,     ,  ,2018/06/06 00:00:00+00,2018/06/06 09:14:00+00,2018,6,June,9,4,6,Wednesday,9,Motorway Collision,Daylight,NONE,Property Damage Only,0,0,0,40.014544,-105.258282,0,0,0,0,AT INTERSECTION,910,8203
-105.258317,40.014664,Police Collision Report,COLLISION W/ MV - FRONT TO REAR,1806904,3,ARAPAHOE AVE/28TH ST,ARAPAHOE AVE,STATE HWY,1030,S ,2018/06/06 00:00:00+00,2018/06/06 17:26:00+00,2018,6,June,17,4,6,Wednesday,17,Motorway Collision,Daylight,NONE,Property Damage Only,0,0,0,40.014664,-105.258317,0,0,0,0,NON-INTERSECTION,1725,8204
-105.24066,40.014698,Police Collision Report,COLLISION W/ MV - FRONT TO REAR,1806949,3,FOOTHILLS PKWY/ARAPAHOE AVE,FOOTHILLS PARKWAY,STATE HWY,500,N ,2018/06/07 00:00:00+00,2018/06/07 14:42:00+00,2018,6,June,14,5,7,Thursday,14,Motorway Collision,Daylight,NONE,Property Damage Only,0,0,0,40.014698,-105.24066,0,0,0,0,NON-INTERSECTION,1442,8205
-105.253728,40.015693,Police Collision Report,COLLISION W/ MV - FRONT TO REAR,1806950,2,1650  30TH ST      ,1650 30TH ST,,     ,  ,2018/06/07 00:00:00+00,2018/06/07 15:07:00+00,2018,6,June,15,5,7,Thursday,15,Motorway Collision,Daylight,NONE,Property Damage Only,0,0,0,40.015693,-105.253728,0,0,0,0,PARKING LOT,1517,8206
-105.26313,40.029145,Police Collision Report,COLLISION W/ MV - FRONT TO REAR,1806939,2,VALMONT RD/FOLSOM ST,FOLSOM ST,CITY ST/CNTY RD,75,N ,2018/06/07 13:02:59+00,2018/06/07 13:03:00+00,2018,6,June,13,5,7,Thursday,13,Motorway Collision,Daylight,NONE,Possible injury,0,0,0,40.029145,-105.26313,0,0,0,0,INTERSECTION RELATED,750,8207
-105.258422,40.012817,Police Collision Report,COLLISION W/ MV - FRONT TO REAR,1806967,3,28TH FRONTAGE RD/OLSON DR,28TH ST,STATE HWY,     ,  ,2018/06/07 00:00:00+00,2018/06/07 18:52:00+00,2018,6,June,18,5,7,Thursday,18,Motorway Collision,Daylight,NONE,Property Damage Only,0,0,0,40.012817,-105.258422,0,0,0,0,NON-INTERSECTION,1848,8208
-105.253102,40.005917,Police Collision Report,COLLISION W/ MV - FRONT TO REAR,1807202,2,MADISON AVE/30TH ST,30TH ST,CITY ST/CNTY RD,29.47,N ,2018/06/12 00:00:00+00,2018/06/12 12:08:00+00,2018,6,June,12,3,12,Tuesday,12,Motorway Collision,Daylight,NONE,Property Damage Only,0,0,0,40.005917,-105.253102,0,0,0,0,INTERSECTION RELATED,1208,8209
-105.258796,40.008138,Police Collision Report,COLLISION W/ MV - FRONT TO REAR,1807203,2,28TH ST/COLORADO AVE,28TH ST,STATE HWY,50,S ,2018/06/12 00:00:00+00,2018/06/12 12:10:00+00,2018,6,June,12,3,12,Tuesday,12,Motorway Collision,Daylight,NONE,Property Damage Only,0,0,0,40.008138,-105.258796,0,0,0,0,INTERSECTION RELATED,1210,8210
-105.244815,40.02287,Police Collision Report,COLLISION W/ MV - FRONT TO REAR,1807210,2,FOOTHILLS PKWY/PEARL PKWY,FOOTHILLS PKWY,STATE HWY,     ,  ,2018/06/12 00:00:00+00,2018/06/12 13:07:00+00,2018,6,June,13,3,12,Tuesday,13,Motorway Collision,Daylight,NONE,Property Damage Only,0,0,0,40.02287,-105.244815,0,0,0,0,AT INTERSECTION,1305,8211
-105.267875,40.017224,Police Collision Report,COLLISION W/ MV - FRONT TO REAR,1807212,2,21ST ST/CANYON BLVD,CANYON BLVD,STATE HWY,185,E ,2018/06/12 00:00:00+00,2018/06/12 13:57:00+00,2018,6,June,13,3,12,Tuesday,13,Motorway Collision,Daylight,NONE,Property Damage Only,0,0,0,40.017224,-105.267875,0,0,0,0,NON-INTERSECTION,1355,8212
-105.277524,40.011528,Police Collision Report,COLLISION W/ MV - FRONT TO REAR,1807262,2,BROADWAY/GRANDVIEW AVE,BROADWAY,STATE HWY,295,N ,2018/06/13 00:00:00+00,2018/06/13 17:45:00+00,2018,6,June,17,4,13,Wednesday,17,Motorway Collision,Daylight,NONE,Property Damage Only,0,0,0,40.011528,-105.277524,0,0,0,0,NON-INTERSECTION,1745,8213
-105.260153,39.999094,Police Collision Report,COLLISION W/ MV - FRONT TO REAR,1807223,2,27TH WAY/MOORHEAD AVE,MOORHEAD AVE,CITY ST/CNTY RD,     ,  ,2018/06/12 00:00:00+00,2018/06/12 17:30:00+00,2018,6,June,17,3,12,Tuesday,17,Motorway Collision,Daylight,NONE,Property Damage Only,0,0,0,39.999094,-105.260153,0,0,0,0,AT INTERSECTION,1730,8214
-105.279303,40.015822,Police Collision Report,COLLISION W/ MV - FRONT TO REAR,1807236,2,BROADWAY/CANYON BLVD,BROADWAY,STATE HWY,275,S ,2018/06/13 00:00:00+00,2018/06/13 09:06:00+00,2018,6,June,9,4,13,Wednesday,9,Motorway Collision,Daylight,NONE,Property Damage Only,0,0,0,40.015822,-105.279303,0,0,0,0,INTERSECTION RELATED,906,8215
-105.260159,40.000452,Police Collision Report,COLLISION W/ MV - FRONT TO REAR,1807130,2,27TH WAY/BASELINE RD,27TH WAY,CITY ST/CNTY RD,10,S ,2018/06/11 00:00:00+00,2018/06/11 08:22:00+00,2018,6,June,8,2,11,Monday,8,Motorway Collision,Daylight,NONE,Property Damage Only,0,0,0,40.000452,-105.260159,0,0,0,0,INTERSECTION RELATED,823,8216
-105.278697,40.014093,Police Collision Report,COLLISION W/ MV - FRONT TO REAR,1807137,3,BROADWAY/ARAPAHOE AVE,BROADWAY ST.,STATE HWY,     ,  ,2018/06/11 00:00:00+00,2018/06/11 09:47:00+00,2018,6,June,9,2,11,Monday,9,Motorway Collision,Daylight,NONE,Property Damage Only,0,0,0,40.014093,-105.278697,0,0,0,0,AT INTERSECTION,948,8217
-105.258282,40.014544,Police Collision Report,COLLISION W/ MV - FRONT TO REAR,1807157,2,28TH ST/ARAPAHOE AVE,28TH ST,STATE HWY,30,N ,2018/06/11 00:00:00+00,2018/06/11 15:36:00+00,2018,6,June,15,2,11,Monday,15,Motorway Collision,Daylight,NONE,Property Damage Only,0,0,0,40.014544,-105.258282,0,0,0,0,INTERSECTION RELATED,1536,8218
-105.285585,40.011703,Police Collision Report,COLLISION W/ MV - FRONT TO REAR,1807160,2,MARINE ST/7TH ST,MARINE ST,CITY ST/CNTY RD,     ,  ,2018/06/08 00:00:00+00,2018/06/11 13:58:00+00,2018,6,June,13,2,11,Monday,13,Motorway Collision,Dawn or Dusk,NONE,Property Damage Only,0,0,0,40.011703,-105.285585,0,0,0,0,NON-INTERSECTION,2000,8219