X,Y,ReportType,PrmaryCollsionType,CaseNumber,UnitsInvolved,Location,OnHighway,CrossStreet,FeetFromIntersection,DirectionFromIntersection,CollisionDate,ReportedDate,ReportedYear,ReportedMonth,ReportedMonthName,ReportedWeek,ReportedDayofWeekNum,ReportedDayofMonth,ReportedDayofWeek,ReportedHour,HitAndRunStatus,LightingCondition,WeatherCondition,Severity,NumKilled,NumSeriouslyInjured,NumInjuredOrKilled,Lat,Lon,DUI,AlcoholDrugSuspected,BicyclesInvolved,PedestriansInvolved,RoadDescription,Crash_Time,ESRI_OID
-105.283578,40.016098,Police Collision Report,COLLISION W/ MV - FRONT TO REAR,1807163,2,WALNUT ST/9TH ST,WALNUT ST,CITY ST/CNTY RD,155,E ,2018/06/11 00:00:00+00,2018/06/11 13:19:00+00,2018,6,June,13,2,11,Monday,13,Motorway Collision,Daylight,NONE,Property Damage Only,0,0,0,40.016098,-105.283578,0,0,0,0,NON-INTERSECTION,1200,8220
-105.261365,40.00819,Police Collision Report,COLLISION W/ MV - FRONT TO REAR,1807168,2,COLORADO AVE/REGENT DR,COLORADO,CITY ST/CNTY RD,     ,  ,2018/06/11 00:00:00+00,2018/06/11 20:09:00+00,2018,6,June,20,2,11,Monday,20,Motorway Collision,Dawn or Dusk,NONE,Property Damage Only,0,0,0,40.00819,-105.261365,0,0,0,0,AT INTERSECTION,2012,8221
-105.255889,40.000147,Police Collision Report,COLLISION W/ MV - FRONT TO REAR,1807189,2,29TH ST/BASELINE RD,BASELINE ROAD,CITY ST/CNTY RD,30,E ,2018/06/12 00:00:00+00,2018/06/12 08:53:00+00,2018,6,June,8,3,12,Tuesday,8,Motorway Collision,Daylight,NONE,Property Damage Only,0,0,0,40.000147,-105.255889,0,0,0,0,INTERSECTION RELATED,852,8222
-105.24066,40.014698,Police Collision Report,COLLISION W/ MV - FRONT TO REAR,1807585,2,FOOTHILLS PKWY/ARAPAHOE AVE,FOOTHILLS PARKWAY,STATE HWY,235,S ,2018/06/20 00:00:00+00,2018/06/20 13:12:00+00,2018,6,June,13,4,20,Wednesday,13,Motorway Collision,Daylight,NONE,Possible injury,0,0,0,40.014698,-105.24066,0,0,0,0,INTERSECTION RELATED,1312,8223
-105.24066,40.014698,Police Collision Report,COLLISION W/ MV - FRONT TO REAR,1807527,2,FOOTHILLS PKWY/ARAPAHOE AVE,FOOTHILLS PKWY,STATE HWY,35,S ,2018/06/19 00:00:00+00,2018/06/19 11:15:00+00,2018,6,June,11,3,19,Tuesday,11,Motorway Collision,Daylight,NONE,Property Damage Only,0,0,0,40.014698,-105.24066,0,0,0,0,INTERSECTION RELATED,1114,8224
-105.206917,40.075119,Police Collision Report,COLLISION W/ MV - FRONT TO REAR,1807479,2,63RD ST/DIAGONAL HWY,63RD ST,CITY ST/CNTY RD,150,S ,2018/06/18 00:00:00+00,2018/06/18 00:00:00+00,2018,6,June,0,2,18,Monday,0,Motorway Collision,Daylight,NONE,Property Damage Only,0,0,0,40.075119,-105.206917,0,0,0,0,NON-INTERSECTION,1103,8225
-105.239567,40.008522,Police Collision Report,COLLISION W/ MV - FRONT TO REAR,1807544,2,FOOTHILLS PKWY/COLORADO AVE,FOOTHILLS PARKWAY,STATE HWY,278,N ,2018/06/19 00:00:00+00,2018/06/19 15:53:00+00,2018,6,June,15,3,19,Tuesday,15,Motorway Collision,Daylight,NONE,Property Damage Only,0,0,0,40.008522,-105.239567,0,0,0,0,NON-INTERSECTION,1615,8226
-105.232448,39.987076,Police Collision Report,COLLISION W/ MV - FRONT TO REAR,1807546,2,TABLE MESA DR/FOOTHILLS SB OFF RP @ T MESA,TABLEMESA DR,CITY ST/CNTY RD,20,W ,2018/06/19 00:00:00+00,2018/06/19 16:34:00+00,2018,6,June,16,3,19,Tuesday,16,Motorway Collision,Daylight,NONE,Property Damage Only,0,0,0,39.987076,-105.232448,0,0,0,0,PARKING LOT,1634,8227
-105.256927,39.999707,Police Collision Report,COLLISION W/ MV - FRONT TO REAR,1806633,2,US HIGHWAY 36 OFF RAMP/HWY 36 WB ON RP @ BASELINE EB,US HWY 36,STATE HWY,     ,  ,2018/05/30 00:00:00+00,2018/05/30 18:06:00+00,2018,5,May,18,4,30,Wednesday,18,Motorway Collision,Daylight,NONE,Property Damage Only,0,0,0,39.999707,-105.256927,0,0,0,0,NON-INTERSECTION,1806,8228
-105.253564,40.023285,Police Collision Report,COLLISION W/ MV - FRONT TO REAR,1806666,2,30TH ST/PEARL PKWY,30TH,CITY ST/CNTY RD,     ,  ,2018/05/31 00:00:00+00,2018/05/31 15:48:00+00,2018,5,May,15,5,31,Thursday,15,Motorway Collision,Daylight,NONE,Property Damage Only,0,0,0,40.023285,-105.253564,0,0,0,0,AT INTERSECTION,1548,8229
-105.258504,40.020518,Police Collision Report,COLLISION W/ MV - FRONT TO REAR,1806667,2,28TH ST/WALNUT ST,28TH STREET,STATE HWY,10,N ,2018/05/31 00:00:00+00,2018/05/31 16:14:00+00,2018,5,May,16,5,31,Thursday,16,Motorway Collision,Daylight,NONE,Property Damage Only,0,0,0,40.020518,-105.258504,0,0,0,0,INTERSECTION RELATED,1614,8230
-105.258492,40.017345,Police Collision Report,COLLISION W/ MV - FRONT TO REAR,1806668,2,28TH ST/CANYON BLVD,CANYON,STATE HWY,300,W ,2018/05/31 00:00:00+00,2018/05/31 16:23:00+00,2018,5,May,16,5,31,Thursday,16,Motorway Collision,Daylight,NONE,Property Damage Only,0,0,0,40.017345,-105.258492,0,0,0,0,INTERSECTION RELATED,1623,8231
-105.276953,40.010476,Police Collision Report,COLLISION W/ MV - FRONT TO REAR,1806580,2,BROADWAY/UNIVERSITY AVE,UNIVERSITY AVE,STATE HWY,25,S ,2018/05/29 00:00:00+00,2018/05/29 16:23:00+00,2018,5,May,16,3,29,Tuesday,16,Motorway Collision,Daylight,NONE,Possible injury,0,0,0,40.010476,-105.276953,0,0,0,0,NON-INTERSECTION,1623,8232
-105.23281,39.999988,Police Collision Report,COLLISION W/ MV - FRONT TO REAR,1806554,2,BASELINE RD/FOOTHILLS PKWY,FOOTHILLS PKY,STATE HWY,     ,  ,2018/05/29 00:00:00+00,2018/05/29 08:12:00+00,2018,5,May,8,3,29,Tuesday,8,Motorway Collision,Daylight,NONE,Property Damage Only,0,0,0,39.999988,-105.23281,0,0,0,0,AT INTERSECTION,812,8233
-105.22542,40.023857,Police Collision Report,COLLISION W/ MV - FRONT TO REAR,1806079,2,FLATIRON PKWY/55TH ST,FLATIRONS PKWY,CITY ST/CNTY RD,38,E ,2018/05/15 00:00:00+00,2018/05/17 00:00:00+00,2018,5,May,0,5,17,Thursday,0,Motorway Collision,Dark - Lighted,NONE,Property Damage Only,0,0,0,40.023857,-105.22542,0,0,0,0,INTERSECTION RELATED,2230,8234
-105.253763,40.037979,Police Collision Report,COLLISION W/ MV - FRONT TO REAR,1806574,2,DIAGONAL HWY/30TH ST,30TH,STATE HWY,     ,  ,2018/05/29 00:00:00+00,2018/05/29 13:57:00+00,2018,5,May,13,3,29,Tuesday,13,Motorway Collision,Daylight,NONE,Property Damage Only,0,0,0,40.037979,-105.253763,0,0,0,0,AT INTERSECTION,1350,8235
-105.283422,40.01316,Police Collision Report,COLLISION W/ MV - FRONT TO REAR,1806474,2,9TH ST/ARAPAHOE AVE,9TH ST,CITY ST/CNTY RD,30,S ,2018/05/26 00:00:00+00,2018/05/26 16:16:00+00,2018,5,May,16,7,26,Saturday,16,Motorway Collision,Daylight,NONE,Property Damage Only,0,0,0,40.01316,-105.283422,0,0,0,0,INTERSECTION RELATED,1616,8236
-105.278257,40.012875,Police Collision Report,COLLISION W/ MV - FRONT TO REAR,1806708,3,BROADWAY/MARINE ST,BROADWAY,CITY ST/CNTY RD,     ,  ,2018/06/01 00:00:00+00,2018/06/01 13:07:00+00,2018,6,June,13,6,1,Friday,13,Motorway Collision,Daylight,NONE,Property Damage Only,0,0,0,40.012875,-105.278257,0,0,0,0,AT INTERSECTION,1307,8237
-105.263033,40.014644,Police Collision Report,COLLISION W/ MV - FRONT TO REAR,1806709,2,ARAPAHOE AVE/FOLSOM ST,FOLSOM STREET,CITY ST/CNTY RD,60,N ,2018/06/01 00:00:00+00,2018/06/01 13:55:00+00,2018,6,June,13,6,1,Friday,13,Motorway Collision,Daylight,NONE,Possible injury,0,0,0,40.014644,-105.263033,0,0,0,0,AT INTERSECTION,1355,8238
-105.258482,40.036463,Police Collision Report,COLLISION W/ MV - FRONT TO REAR,1806743,2,28TH ST/DIAGONAL HWY,DIAGONAL HWY,STATE HWY,10,W ,2018/06/02 00:00:00+00,2018/06/02 11:25:00+00,2018,6,June,11,7,2,Saturday,11,Motorway Collision,Daylight,NONE,Property Damage Only,0,0,0,40.036463,-105.258482,0,0,0,0,INTERSECTION RELATED,1125,8239
-105.258505,40.020149,Police Collision Report,COLLISION W/ MV - FRONT TO REAR,1806754,2,1875  28TH ST      ,1875 28TH ST,,     ,  ,2018/06/02 00:00:00+00,2018/06/02 15:55:00+00,2018,6,June,15,7,2,Saturday,15,Motorway Collision,Daylight,NONE,Property Damage Only,0,0,0,40.020149,-105.258505,0,0,0,0,PARKING LOT,1555,8240
-105.244815,40.02287,Police Collision Report,COLLISION W/ MV - FRONT TO REAR,1806774,2,FOOTHILLS PKWY/PEARL PKWY,FOOTHILL PKWY,CITY ST/CNTY RD,     ,  ,2018/06/03 00:00:00+00,2018/06/03 11:10:00+00,2018,6,June,11,1,3,Sunday,11,Motorway Collision,Daylight,NONE,Property Damage Only,0,0,0,40.02287,-105.244815,0,0,0,0,NON-INTERSECTION,1110,8241
-105.258282,40.014544,Police Collision Report,COLLISION W/ MV - FRONT TO REAR,1806780,2,28TH ST/ARAPAHOE AVE,28TH ST,STATE HWY,25,S ,2018/06/03 00:00:00+00,2018/06/03 13:51:00+00,2018,6,June,13,1,3,Sunday,13,Motorway Collision,Daylight,NONE,Possible injury,0,0,0,40.014544,-105.258282,0,0,0,0,INTERSECTION RELATED,1351,8242
-105.273717,40.006663,Police Collision Report,COLLISION W/ MV - FRONT TO REAR,1806793,2,15TH ST/BROADWAY,15TH ST,STATE HWY,119,S ,2018/06/04 00:00:00+00,2018/06/04 10:45:00+00,2018,6,June,10,2,4,Monday,10,Motorway Collision,Daylight,NONE,Property Damage Only,0,0,0,40.006663,-105.273717,0,0,0,0,NON-INTERSECTION,1045,8243
-105.26379,40.000067,Police Collision Report,COLLISION W/ MV - FRONT TO REAR,1806806,2,BROADWAY/BASELINE RD,BROADWAY,STATE HWY,109,N ,2018/06/04 00:00:00+00,2018/06/04 16:02:00+00,2018,6,June,16,2,4,Monday,16,Motorway Collision,Daylight,NONE,Property Damage Only,0,0,0,40.000067,-105.26379,0,0,0,0,INTERSECTION RELATED,1605,8244
-105.246519,40.014636,Police Collision Report,COLLISION W/ MV - FRONT TO REAR,1806811,3,ARAPAHOE AVE/38TH ST,ARAPAHOE AVE,STATE HWY,490,E ,2018/06/04 00:00:00+00,2018/06/04 17:23:00+00,2018,6,June,17,2,4,Monday,17,Motorway Collision,Daylight,NONE,Non-Incapacitating Injury,0,0,1,40.014636,-105.246519,0,0,0,0,INTERSECTION RELATED,1723,8245
-105.284114,40.018109,Police Collision Report,COLLISION W/ MV - FRONT TO REAR,1806812,2,9TH ST/SPRUCE ST,9TH ST,CITY ST/CNTY RD,     ,  ,2018/06/04 00:00:00+00,2018/06/04 17:08:00+00,2018,6,June,17,2,4,Monday,17,Motorway Collision,Daylight,NONE,Property Damage Only,0,0,0,40.018109,-105.284114,0,0,0,0,INTERSECTION RELATED,1727,8246
-105.272693,40.054643,Police Collision Report,COLLISION W/ MV - FRONT TO REAR,1806825,2,4500  19TH ST 64    ,GUAVA PL,CITY ST/CNTY RD,50,E ,2018/06/03 13:25:00+00,2018/06/04 18:26:00+00,2018,6,June,18,2,4,Monday,18,Motorway Collision,Daylight,NONE,Property Damage Only,0,0,0,40.054643,-105.272693,0,0,0,0,NON-INTERSECTION,1822,8247
-105.26619,40.014612,Police Collision Report,COLLISION W/ MV - FRONT TO REAR,1806846,3,22ND ST/ARAPAHOE AVE,ARAPAHOE ST,CITY ST/CNTY RD,     ,  ,2018/06/05 00:00:00+00,2018/06/05 10:30:00+00,2018,6,June,10,3,5,Tuesday,10,Motorway Collision,Daylight,NONE,Property Damage Only,0,0,0,40.014612,-105.26619,0,0,0,0,INTERSECTION RELATED,1030,8248
-105.258282,40.014544,Police Collision Report,COLLISION W/ MV - FRONT TO REAR,1806155,2,28TH ST/ARAPAHOE AVE,28TH ST,STATE HWY,     ,  ,2018/05/19 00:00:00+00,2018/05/19 18:16:00+00,2018,5,May,18,7,19,Saturday,18,Motorway Collision,Daylight,NONE,Property Damage Only,0,0,0,40.014544,-105.258282,0,0,0,0,INTERSECTION RELATED,1816,8249
-105.24066,40.014698,Police Collision Report,COLLISION W/ MV - FRONT TO REAR,1809183,2,FOOTHILLS PKWY/ARAPAHOE AVE,FOOTHILLS PKWY,STATE HWY,35,S ,2018/07/24 00:00:00+00,2018/07/24 12:54:00+00,2018,7,July,12,3,24,Tuesday,12,Motorway Collision,Daylight,NONE,Property Damage Only,0,0,0,40.014698,-105.24066,0,0,0,0,INTERSECTION RELATED,1254,8250
-105.228112,40.014736,Police Collision Report,COLLISION W/ MV - FRONT TO REAR,1806601,2,CONESTOGA ST/ARAPAHOE AVE,ARAPAHOE AVENUE,STATE HWY,     ,  ,2018/05/30 00:00:00+00,2018/05/30 06:43:00+00,2018,5,May,6,4,30,Wednesday,6,Motorway Collision,Daylight,NONE,Property Damage Only,0,0,0,40.014736,-105.228112,0,0,0,0,AT INTERSECTION,643,8251
-105.237671,39.985731,Police Collision Report,COLLISION W/ MV - FRONT TO REAR,1806588,2,TABLE MESA DR/MOORHEAD AVE,FOOTHILLS,STATE HWY,     ,  ,2018/05/29 00:00:00+00,2018/05/29 17:48:00+00,2018,5,May,17,3,29,Tuesday,17,Motorway Collision,Daylight,NONE,Property Damage Only,0,0,0,39.985731,-105.237671,0,0,0,0,AT INTERSECTION,1748,8252
-105.20217,40.072844,Police Collision Report,COLLISION W/ MV - FRONT TO REAR,1806592,2,LOOKOUT RD/SPINE RD,SPINE RD,CITY ST/CNTY RD,480,S ,2018/05/29 00:00:00+00,2018/05/29 20:03:00+00,2018,5,May,20,3,29,Tuesday,20,Motorway Collision,Daylight,NONE,Property Damage Only,0,0,0,40.072844,-105.20217,0,0,0,0,AT INTERSECTION,1900,8253
-105.260873,40.021728,Police Collision Report,COLLISION W/ MV - FRONT TO REAR,1806621,3,PEARL ST/26TH ST,PEARL ST,CITY ST/CNTY RD,     ,  ,2018/05/30 00:00:00+00,2018/05/30 14:27:00+00,2018,5,May,14,4,30,Wednesday,14,Motorway Collision,Daylight,NONE,Possible injury,0,0,0,40.021728,-105.260873,0,0,0,0,AT INTERSECTION,1427,8254
-105.227438,39.98599,Police Collision Report,COLLISION W/ MV - FRONT TO REAR,1806625,2,MANHATTAN DR/SOUTH BOULDER RD,MANHATTAN DR,CITY ST/CNTY RD,5,N ,2018/05/30 00:00:00+00,2018/05/30 16:22:00+00,2018,5,May,16,4,30,Wednesday,16,Motorway Collision,Daylight,NONE,Property Damage Only,0,0,0,39.98599,-105.227438,0,0,0,0,INTERSECTION RELATED,1623,8255
-105.277073,40.03639,Police Collision Report,COLLISION W/ MV - FRONT TO REAR,1904915,2,16TH ST/IRIS AVE,IRIS,CITY ST/CNTY RD,116,W ,2019/05/07 00:00:00+00,2019/05/07 14:32:00+00,2019,5,May,14,3,7,Tuesday,14,Motorway Collision,Daylight,NONE,Possible injury,0,0,0,40.03639,-105.277073,0,0,0,0,NON-INTERSECTION,1432,8256
-105.206772,40.07115,Police Collision Report,COLLISION W/ MV - FRONT TO REAR,1805814,2,LOOKOUT RD/63RD ST,LOOKOUT RD,CITY ST/CNTY RD,45,E ,2018/05/11 00:00:00+00,2018/05/11 00:00:00+00,2018,5,May,0,6,11,Friday,0,Motorway Collision,Daylight,NONE,Property Damage Only,0,0,0,40.07115,-105.206772,0,0,0,0,INTERSECTION RELATED,1813,8257
-105.244672,40.029227,Police Collision Report,COLLISION W/ MV - FRONT TO REAR,1807587,2,FOOTHILLS PKWY/VALMONT RD,FOOTHILLS PKWY,STATE HWY,     ,  ,2018/06/20 00:00:00+00,2018/06/20 12:54:00+00,2018,6,June,12,4,20,Wednesday,12,Motorway Collision,Daylight,NONE,Possible injury,0,0,0,40.029227,-105.244672,0,0,0,0,AT INTERSECTION,1015,8258
-105.282083,40.03731,Police Collision Report,COLLISION W/ MV - FRONT TO REAR,1807593,3,JUNIPER AVE/BROADWAY,BROADWAY,CITY ST/CNTY RD,     ,  ,2018/06/20 14:41:00+00,2018/06/20 14:41:00+00,2018,6,June,14,4,20,Wednesday,14,Motorway Collision,Daylight,NONE,Property Damage Only,0,0,0,40.03731,-105.282083,0,0,0,0,AT INTERSECTION,1441,8259
-105.24066,40.014698,Police Collision Report,COLLISION W/ MV - FRONT TO REAR,1807436,2,FOOTHILLS PKWY/ARAPAHOE AVE,FOOTHILLS,STATE HWY,460,N ,2018/06/16 00:00:00+00,2018/06/17 02:22:00+00,2018,6,June,2,1,17,Sunday,2,Motorway Collision,Daylight,NONE,Property Damage Only,0,0,0,40.014698,-105.24066,0,0,0,0,PARKING LOT,222,8260
-105.244862,40.029223,Police Collision Report,COLLISION W/ MV - FRONT TO REAR,1807517,3,FOOTHILLS PKWY/VALMONT RD,FOOTHILLS PKWY,STATE HWY,1100,N ,2018/06/19 00:00:00+00,2018/06/19 07:45:00+00,2018,6,June,7,3,19,Tuesday,7,Motorway Collision,Daylight,NONE,Possible injury,0,0,0,40.029223,-105.244862,0,0,0,0,NON-INTERSECTION,745,8261
-105.270571,40.004887,Police Collision Report,COLLISION W/ MV - FRONT TO REAR,1807365,2,BROADWAY/17TH ST,BROADWAY,STATE HWY,200,N ,2018/06/15 00:00:00+00,2018/06/15 14:39:00+00,2018,6,June,14,6,15,Friday,14,Motorway Collision,Daylight,NONE,Property Damage Only,0,0,0,40.004887,-105.270571,0,0,0,0,INTERSECTION RELATED,1439,8262
-105.263226,40.036463,Police Collision Report,COLLISION W/ MV - FRONT TO REAR,1807366,2,IRIS AVE/FOLSOM ST,IRIS AVE,CITY ST/CNTY RD,40,W ,2018/06/15 00:00:00+00,2018/06/15 14:54:00+00,2018,6,June,14,6,15,Friday,14,Motorway Collision,Daylight,NONE,Property Damage Only,0,0,0,40.036463,-105.263226,0,0,0,0,INTERSECTION RELATED,1454,8263
-105.267753,40.003418,Police Collision Report,COLLISION W/ MV - FRONT TO REAR,1807370,2,BROADWAY/REGENT DR,BROADWAY,STATE HWY,48,N ,2018/06/15 00:00:00+00,2018/06/15 16:54:00+00,2018,6,June,16,6,15,Friday,16,Motorway Collision,Daylight,NONE,Property Damage Only,0,0,0,40.003418,-105.267753,0,0,0,0,INTERSECTION RELATED,1654,8264
-105.253696,40.032853,Police Collision Report,COLLISION W/ MV - FRONT TO REAR,1807371,2,GLENWOOD DR/30TH ST,30TH ST,CITY ST/CNTY RD,     ,  ,2018/06/15 00:00:00+00,2018/06/15 16:54:00+00,2018,6,June,16,6,15,Friday,16,Motorway Collision,Daylight,NONE,Property Damage Only,0,0,0,40.032853,-105.253696,0,0,0,0,AT INTERSECTION,1655,8265
-105.247447,40.02285,Police Collision Report,COLLISION W/ MV - FRONT TO REAR,1807345,2,PEARL PKWY/FRONTIER AVE,FOOTHILLS PARKWAY,STATE HWY,     ,  ,2018/06/15 00:00:00+00,2018/06/15 07:39:00+00,2018,6,June,7,6,15,Friday,7,Motorway Collision,Daylight,NONE,Property Damage Only,0,0,0,40.02285,-105.247447,0,0,0,0,AT INTERSECTION,739,8266
-105.258282,40.014544,Police Collision Report,COLLISION W/ MV - FRONT TO REAR,1807347,2,28TH ST/ARAPAHOE AVE,ARAPAHOE AVE,CITY ST/CNTY RD,     ,  ,2018/06/15 00:00:00+00,2018/06/15 08:02:00+00,2018,6,June,8,6,15,Friday,8,Motorway Collision,Daylight,NONE,Property Damage Only,0,0,0,40.014544,-105.258282,0,0,0,0,INTERSECTION RELATED,801,8267
-105.253043,40.000084,Police Collision Report,COLLISION W/ MV - FRONT TO REAR,1807390,2,BASELINE RD/30TH ST,30TH,CITY ST/CNTY RD,     ,  ,2018/06/15 00:00:00+00,2018/06/15 22:20:00+00,2018,6,June,22,6,15,Friday,22,Motorway Collision,Dark - Lighted,NONE,Possible injury,0,0,0,40.000084,-105.253043,0,0,0,0,AT INTERSECTION,2220,8268
-105.26879,40.001877,Police Collision Report,COLLISION W/ MV - FRONT TO REAR,1807419,2,CASCADE AVE/19TH ST,CASCADE AVE,CITY ST/CNTY RD,141,E ,2018/06/15 00:00:00+00,2018/06/16 14:22:00+00,2018,6,June,14,7,16,Saturday,14,Motorway Collision,Dark - Unlighted,NONE,Property Damage Only,0,0,0,40.001877,-105.26879,0,0,0,0,NON-INTERSECTION,2130,8269
-105.258282,40.014544,Police Collision Report,COLLISION W/ MV - FRONT TO REAR,1807421,2,28TH ST/ARAPAHOE AVE,ARAPAHOE AVE,STATE HWY,40,E ,2018/06/16 00:00:00+00,2018/06/16 15:59:00+00,2018,6,June,15,7,16,Saturday,15,Motorway Collision,Daylight,NONE,Non-Incapacitating Injury,0,0,1,40.014544,-105.258282,0,0,0,0,INTERSECTION RELATED,1615,8270
-105.276097,40.01457,Police Collision Report,COLLISION W/ MV - FRONT TO REAR,1807243,2,14TH ST/ARAPAHOE AVE,ARAPAHOE AVE,CITY ST/CNTY RD,100,E ,2018/06/13 00:00:00+00,2018/06/13 10:59:00+00,2018,6,June,10,4,13,Wednesday,10,Motorway Collision,Daylight,NONE,Property Damage Only,0,0,0,40.01457,-105.276097,0,0,0,0,NON-INTERSECTION,1059,8271
-105.274653,40.007256,Police Collision Report,COLLISION W/ MV - FRONT TO REAR,1807271,2,COLLEGE AVE/BROADWAY,BROADWAY,STATE HWY,60,N ,2018/06/13 00:00:00+00,2018/06/13 23:51:00+00,2018,6,June,23,4,13,Wednesday,23,Motorway Collision,Dark - Lighted,NONE,Property Damage Only,0,0,0,40.007256,-105.274653,0,0,0,0,INTERSECTION RELATED,2351,8272
-105.276293,40.009467,Police Collision Report,COLLISION W/ MV - FRONT TO REAR,1807276,3,BROADWAY/PLEASANT ST,BROADWAY,STATE HWY,87,S ,2018/06/14 00:00:00+00,2018/06/14 08:35:00+00,2018,6,June,8,5,14,Thursday,8,Motorway Collision,Daylight,NONE,Possible injury,0,0,0,40.009467,-105.276293,0,0,0,0,NON-INTERSECTION,835,8273
-105.258357,40.000215,Police Collision Report,COLLISION W/ MV - FRONT TO REAR,1807279,2,US HIGHWAY 36/BASELINE RD,US HWY 36,STATE HWY,200,E ,2018/06/14 00:00:00+00,2018/06/14 09:19:00+00,2018,6,June,9,5,14,Thursday,9,Motorway Collision,Daylight,NONE,Non-Incapacitating Injury,0,0,1,40.000215,-105.258357,0,0,0,0,PARKING LOT,919,8274
-105.23281,39.999988,Police Collision Report,COLLISION W/ MV - FRONT TO REAR,1807282,2,BASELINE RD/FOOTHILLS PKWY,FOOTHILLS PARKWAY,STATE HWY,300,S ,2018/06/14 00:00:00+00,2018/06/14 10:14:00+00,2018,6,June,10,5,14,Thursday,10,Motorway Collision,Daylight,NONE,Non-Incapacitating Injury,0,0,1,39.999988,-105.23281,0,0,0,0,INTERSECTION RELATED,1014,8275
-105.258768,40.010537,Police Collision Report,COLLISION W/ MV - FRONT TO REAR,1807284,2,28TH ST/TAFT DR,28TH ST,STATE HWY,200,S ,2018/06/14 00:00:00+00,2018/06/14 10:31:00+00,2018,6,June,10,5,14,Thursday,10,Motorway Collision,Daylight,NONE,Property Damage Only,0,0,0,40.010537,-105.258768,0,0,0,0,NON-INTERSECTION,1028,8276
-105.259873,40.022111,Police Collision Report,COLLISION W/ MV - FRONT TO REAR,1810602,2,2685  PEARL ST      ,2685 PEARL ST PARKING LOT,,     ,  ,2018/08/17 00:00:00+00,2018/08/17 00:00:00+00,2018,8,August,0,6,17,Friday,0,Motorway Collision,Daylight,NONE,Property Damage Only,0,0,0,40.022111,-105.259873,0,0,0,0,PARKING LOT,1435,8277
-105.258504,40.020518,Police Collision Report,COLLISION W/ MV - FRONT TO REAR,1811747,2,28TH ST/WALNUT ST,28TH ST,STATE HWY,40,N ,2018/09/10 00:00:00+00,2018/09/10 16:43:00+00,2018,9,September,16,2,10,Monday,16,Motorway Collision,Daylight,NONE,Property Damage Only,0,0,0,40.020518,-105.258504,0,0,0,0,INTERSECTION RELATED,1643,8278
-105.240833,40.014503,Police Collision Report,COLLISION W/ MV - FRONT TO REAR,1811770,2,ARAPAHOE AVE/FOOTHILLS PKWY,ARAPAHOE AVE,STATE HWY,     ,  ,2018/09/11 00:00:00+00,2018/09/11 09:49:00+00,2018,9,September,9,3,11,Tuesday,9,Motorway Collision,Daylight,NONE,Property Damage Only,0,0,0,40.014503,-105.240833,0,0,0,0,AT INTERSECTION,948,8279
-105.26024,40.036473,Police Collision Report,COLLISION W/ MV - FRONT TO REAR,1811739,2,2715  IRIS AVE      ,2715 IRIS,CITY ST/CNTY RD,     ,  ,2018/09/10 00:00:00+00,2018/09/10 13:03:00+00,2018,9,September,13,2,10,Monday,13,Motorway Collision,Daylight,NONE,Property Damage Only,0,0,0,40.036473,-105.26024,0,0,0,0,PARKING LOT,1400,8280
-105.280479,40.036443,Police Collision Report,COLLISION W/ MV - FRONT TO REAR,1811740,2,1333  IRIS AVE      ,1333 IRIS AVE,,     ,  ,2018/09/10 00:00:00+00,2018/09/10 14:34:00+00,2018,9,September,14,2,10,Monday,14,Motorway Collision,Daylight,NONE,Property Damage Only,0,0,0,40.036443,-105.280479,0,0,0,0,DRIVEWAY ACCESS RELATED,1434,8281
-105.239567,40.008522,Police Collision Report,COLLISION W/ MV - FRONT TO REAR,1811793,3,FOOTHILLS PKWY/COLORADO AVE,FOOTHILLS PARKWAY,STATE HWY,743,S ,2018/09/11 00:00:00+00,2018/09/11 15:43:00+00,2018,9,September,15,3,11,Tuesday,15,Motorway Collision,Daylight,NONE,Property Damage Only,0,0,0,40.008522,-105.239567,0,0,0,0,NON-INTERSECTION,1543,8282
-105.262985,40.017486,Police Collision Report,COLLISION W/ MV - FRONT TO REAR,1811841,2,CANYON BLVD/FOLSOM ST,CANYON BLVD,STATE HWY,45,E ,2018/09/12 00:00:00+00,2018/09/12 16:26:00+00,2018,9,September,16,4,12,Wednesday,16,Motorway Collision,Daylight,NONE,Property Damage Only,0,0,0,40.017486,-105.262985,0,0,0,0,INTERSECTION RELATED,1626,8283
-105.262985,40.017486,Police Collision Report,COLLISION W/ MV - FRONT TO REAR,1811843,2,CANYON BLVD/FOLSOM ST,CANYON,STATE HWY,20,W ,2018/09/12 00:00:00+00,2018/09/12 17:26:00+00,2018,9,September,17,4,12,Wednesday,17,Motorway Collision,Daylight,NONE,Property Damage Only,0,0,0,40.017486,-105.262985,0,0,0,0,INTERSECTION RELATED,1645,8284
-105.258492,40.017345,Police Collision Report,COLLISION W/ MV - FRONT TO REAR,1811848,2,28TH ST/CANYON BLVD,28TH STREET,STATE HWY,500,N ,2018/09/12 00:00:00+00,2018/09/12 18:19:00+00,2018,9,September,18,4,12,Wednesday,18,Motorway Collision,Daylight,NONE,Property Damage Only,0,0,0,40.017345,-105.258492,0,0,0,0,INTERSECTION RELATED,1819,8285
-105.232572,40.000025,Police Collision Report,COLLISION W/ MV - FRONT TO REAR,1811725,2,FOOTHILLS PKWY/BASELINE RD,FOOTHILLS PKWY,STATE HWY,     ,  ,2018/09/10 00:00:00+00,2018/09/10 08:19:00+00,2018,9,September,8,2,10,Monday,8,Motorway Collision,Daylight,NONE,Property Damage Only,0,0,0,40.000025,-105.232572,0,0,0,0,INTERSECTION RELATED,819,8286