X,Y,ReportType,PrmaryCollsionType,CaseNumber,UnitsInvolved,Location,OnHighway,CrossStreet,FeetFromIntersection,DirectionFromIntersection,CollisionDate,ReportedDate,ReportedYear,ReportedMonth,ReportedMonthName,ReportedWeek,ReportedDayofWeekNum,ReportedDayofMonth,ReportedDayofWeek,ReportedHour,HitAndRunStatus,LightingCondition,WeatherCondition,Severity,NumKilled,NumSeriouslyInjured,NumInjuredOrKilled,Lat,Lon,DUI,AlcoholDrugSuspected,BicyclesInvolved,PedestriansInvolved,RoadDescription,Crash_Time,ESRI_OID
-105.256069,40.014709,Police Collision Report,COLLISION W/ MV - FRONT TO REAR,1811730,2,29TH ST/ARAPAHOE AVE,ARAPAHOE AVE,STATE HWY,     ,  ,2018/09/10 00:00:00+00,2018/09/10 11:10:00+00,2018,9,September,11,2,10,Monday,11,Motorway Collision,Daylight,NONE,Property Damage Only,0,0,0,40.014709,-105.256069,0,0,0,0,AT INTERSECTION,1110,8287
-105.278697,40.014093,Police Collision Report,COLLISION W/ MV - FRONT TO REAR,1811635,2,BROADWAY/ARAPAHOE AVE,BROADWAY,STATE HWY,100,N ,2018/09/08 00:00:00+00,2018/09/08 11:09:00+00,2018,9,September,11,7,8,Saturday,11,Motorway Collision,Daylight,NONE,Possible injury,0,0,0,40.014093,-105.278697,0,0,0,0,INTERSECTION RELATED,1109,8288
-105.244862,40.029223,Police Collision Report,COLLISION W/ MV - FRONT TO REAR,1812023,2,FOOTHILLS PKWY/VALMONT RD,FOOTHILLS PKWY,STATE HWY,     ,  ,2018/09/16 00:00:00+00,2018/09/16 11:10:00+00,2018,9,September,11,1,16,Sunday,11,Motorway Collision,Daylight,NONE,Property Damage Only,0,0,0,40.029223,-105.244862,0,0,0,0,AT INTERSECTION,1110,8289
-105.28213,40.027998,Police Collision Report,COLLISION W/ MV - FRONT TO REAR,1812035,2,BROADWAY/CEDAR AVE,BROADWAY,CITY ST/CNTY RD,30,S ,2018/09/16 00:00:00+00,2018/09/16 16:25:00+00,2018,9,September,16,1,16,Sunday,16,Motorway Collision,Daylight,NONE,Possible injury,0,0,0,40.027998,-105.28213,0,0,0,0,NON-INTERSECTION,1625,8290
-105.253643,40.014625,Police Collision Report,COLLISION W/ MV - FRONT TO REAR,1812036,2,30TH ST/ARAPAHOE AVE,30TH ST,CITY ST/CNTY RD,40,S ,2018/09/16 17:22:59+00,2018/09/16 17:23:00+00,2018,9,September,17,1,16,Sunday,17,Motorway Collision,Daylight,NONE,Property Damage Only,0,0,0,40.014625,-105.253643,0,0,0,0,INTERSECTION RELATED,1723,8291
-105.258482,40.036463,Police Collision Report,COLLISION W/ MV - FRONT TO REAR,1811991,3,28TH ST/IRIS AVE,28TH ST,STATE HWY,350,S ,2018/09/15 00:00:00+00,2018/09/15 14:40:00+00,2018,9,September,14,7,15,Saturday,14,Motorway Collision,Daylight,NONE,Property Damage Only,0,0,0,40.036463,-105.258482,0,0,0,0,INTERSECTION RELATED,1440,8292
-105.278346,40.013286,Police Collision Report,COLLISION W/ MV - FRONT TO REAR,1811998,2,1632  BROADWAY      ,BROADWAY,INTERSTATE,175,S ,2018/09/15 00:00:00+00,2018/09/15 17:11:00+00,2018,9,September,17,7,15,Saturday,17,Motorway Collision,Daylight,NONE,Possible injury,0,0,0,40.013286,-105.278346,0,0,0,0,INTERSECTION RELATED,1711,8293
-105.234743,39.986514,Police Collision Report,COLLISION W/ MV - FRONT TO REAR,1811939,4,US HIGHWAY 36/TABLE MESA DR,US HWY 36,STATE HWY,1077,W ,2018/09/14 00:00:00+00,2018/09/14 15:43:00+00,2018,9,September,15,6,14,Friday,15,Motorway Collision,Daylight,NONE,Property Damage Only,0,0,0,39.986514,-105.234743,0,0,0,0,NON-INTERSECTION,1542,8294
-105.239474,39.989178,Police Collision Report,COLLISION W/ MV - FRONT TO REAR,1811857,4,38400  US HIGHWAY 36      ,US 36,STATE HWY,198,E ,2018/09/13 00:00:00+00,2018/09/13 07:42:00+00,2018,9,September,7,5,13,Thursday,7,Motorway Collision,Daylight,NONE,Possible injury,0,0,0,39.989178,-105.239474,0,0,0,0,NON-INTERSECTION,742,8295
-105.253634,40.014706,Police Collision Report,COLLISION W/ MV - FRONT TO REAR,1811866,2,30TH ST/ARAPAHOE AVE,ARAPAHOE AVE,STATE HWY,145,W ,2018/09/13 00:00:00+00,2018/09/13 11:48:00+00,2018,9,September,11,5,13,Thursday,11,Motorway Collision,Daylight,NONE,Property Damage Only,0,0,0,40.014706,-105.253634,0,0,0,0,INTERSECTION RELATED,1148,8296
-105.25831,40.022375,Police Collision Report,COLLISION W/ MV - FRONT TO REAR,1811873,2,PEARL ST/28TH ST,28TH STREET,STATE HWY,53,N ,2018/09/13 00:00:00+00,2018/09/13 13:33:00+00,2018,9,September,13,5,13,Thursday,13,Motorway Collision,Daylight,NONE,Possible injury,0,0,0,40.022375,-105.25831,0,0,0,0,INTERSECTION RELATED,1333,8297
-105.261365,40.00819,Police Collision Report,COLLISION W/ MV - FRONT TO REAR,1811878,2,COLORADO AVE/REGENT DR,REGENT DRIVE,CITY ST/CNTY RD,22,S ,2018/09/13 00:00:00+00,2018/09/13 15:45:00+00,2018,9,September,15,5,13,Thursday,15,Motorway Collision,Daylight,NONE,Property Damage Only,0,0,0,40.00819,-105.261365,0,0,0,0,INTERSECTION RELATED,1545,8298
-105.2128,40.000117,Police Collision Report,COLLISION W/ MV - FRONT TO REAR,1811879,3,BASELINE RD/CHERRYVALE RD,BASELINE,CITY ST/CNTY RD,300,  ,2018/09/13 00:00:00+00,2018/09/13 16:15:00+00,2018,9,September,16,5,13,Thursday,16,Motorway Collision,Daylight,NONE,Property Damage Only,0,0,0,40.000117,-105.2128,0,0,0,0,DRIVEWAY ACCESS RELATED,1615,8299
-105.276953,40.010476,Police Collision Report,COLLISION W/ MV - FRONT TO REAR,1811881,2,BROADWAY/UNIVERSITY AVE,BROADWAY,STATE HWY,200,S ,2018/09/13 00:00:00+00,2018/09/13 16:45:00+00,2018,9,September,16,5,13,Thursday,16,Motorway Collision,Daylight,NONE,Property Damage Only,0,0,0,40.010476,-105.276953,0,0,0,0,AT INTERSECTION,1645,8300
-105.261365,40.00819,Police Collision Report,COLLISION W/ MV - FRONT TO REAR,1811883,2,COLORADO AVE/REGENT DR,REGENT DRIVE,CITY ST/CNTY RD,15,S ,2018/09/13 00:00:00+00,2018/09/13 18:38:00+00,2018,9,September,18,5,13,Thursday,18,Motorway Collision,Dawn or Dusk,NONE,Property Damage Only,0,0,0,40.00819,-105.261365,0,0,0,0,INTERSECTION RELATED,1918,8301
-105.248255,39.985841,Police Collision Report,COLLISION W/ MV - FRONT TO REAR,1811816,3,TABLE MESA DR/S 39TH ST,TABLE MESA DRIVE,CITY ST/CNTY RD,75,E ,2018/09/12 00:00:00+00,2018/09/12 08:56:00+00,2018,9,September,8,4,12,Wednesday,8,Motorway Collision,Daylight,NONE,Property Damage Only,0,0,0,39.985841,-105.248255,0,0,0,0,INTERSECTION RELATED,856,8302
-105.274729,40.010544,Police Collision Report,COLLISION W/ MV - FRONT TO REAR,1811928,2,UNIVERSITY AVE/15TH ST,UNIVERSITY AVE,CITY ST/CNTY RD,40,E ,2018/09/14 00:00:00+00,2018/09/14 13:29:00+00,2018,9,September,13,6,14,Friday,13,Motorway Collision,Daylight,NONE,Property Damage Only,0,0,0,40.010544,-105.274729,0,0,0,0,NON-INTERSECTION,1329,8303
-105.263065,40.014614,Police Collision Report,COLLISION W/ MV - FRONT TO REAR,1812277,3,FOLSOM ST/ARAPAHOE AVE,ARAPAHOE AVE,CITY ST/CNTY RD,400,E ,2018/09/21 00:00:00+00,2018/09/21 16:06:00+00,2018,9,September,16,6,21,Friday,16,Motorway Collision,Daylight,NONE,Possible injury,0,0,0,40.014614,-105.263065,0,0,0,0,INTERSECTION RELATED,1606,8304
-105.267822,40.01458,Police Collision Report,COLLISION W/ MV - FRONT TO REAR,1812291,3,2100  ARAPAHOE AVE      ,ARAPAHOE,CITY ST/CNTY RD,30,E ,2018/09/21 20:43:00+00,2018/09/21 23:16:00+00,2018,9,September,23,6,21,Friday,23,Motorway Collision,Dark - Lighted,NONE,Possible injury,0,0,0,40.01458,-105.267822,1,1,0,0,NON-INTERSECTION,2043,8305
-105.258425,40.036444,Police Collision Report,COLLISION W/ MV - FRONT TO REAR,1812382,2,DIAGONAL HWY/28TH ST,28TH ST,STATE HWY,518,S ,2018/09/24 00:00:00+00,2018/09/24 07:51:00+00,2018,9,September,7,2,24,Monday,7,Motorway Collision,Daylight,NONE,Property Damage Only,0,0,0,40.036444,-105.258425,0,0,0,0,INTERSECTION RELATED,751,8306
-105.244815,40.02287,Police Collision Report,COLLISION W/ MV - FRONT TO REAR,1812386,2,FOOTHILLS PKWY/PEARL PKWY,FOOTHILLS PKWY,STATE HWY,     ,  ,2018/09/24 00:00:00+00,2018/09/24 08:56:00+00,2018,9,September,8,2,24,Monday,8,Motorway Collision,Daylight,NONE,Property Damage Only,0,0,0,40.02287,-105.244815,0,0,0,0,AT INTERSECTION,905,8307
-105.259873,40.022111,Police Collision Report,COLLISION W/ MV - FRONT TO REAR,1812333,3,2685  PEARL ST      ,THUNDERBIRD DRIVE,CITY ST/CNTY RD,300,E ,2018/09/22 20:48:59+00,2018/09/22 20:49:00+00,2018,9,September,20,7,22,Saturday,20,Motorway Collision,Dark - Lighted,NONE,Property Damage Only,0,0,0,40.022111,-105.259873,0,0,0,0,NON-INTERSECTION,2049,8308
-105.258468,40.032817,Police Collision Report,COLLISION W/ MV - FRONT TO REAR,1812339,3,28TH ST/GLENWOOD DR,28TH ST,STATE HWY,     ,  ,2018/09/23 00:00:00+00,2018/09/23 00:21:00+00,2018,9,September,0,1,23,Sunday,0,Motorway Collision,Dark - Lighted,NONE,Property Damage Only,0,0,0,40.032817,-105.258468,0,0,0,0,AT INTERSECTION,21,8309
-105.245669,40.022848,Police Collision Report,COLLISION W/ MV - FRONT TO REAR,1812424,2,PEARL PKWY/FOOTHILLS SB ON RP @ PEARL,PEARL PARKWAY,STATE HWY,64,W ,2018/09/25 00:00:00+00,2018/09/25 10:36:00+00,2018,9,September,10,3,25,Tuesday,10,Motorway Collision,Daylight,NONE,Property Damage Only,0,0,0,40.022848,-105.245669,0,0,0,0,INTERSECTION RELATED,1036,8310
-105.253772,40.020084,Police Collision Report,COLLISION W/ MV - FRONT TO REAR,1812425,2,30TH ST/WALNUT ST,30TH STREET,CITY ST/CNTY RD,770,S ,2018/09/25 00:00:00+00,2018/09/25 10:52:00+00,2018,9,September,10,3,25,Tuesday,10,Motorway Collision,Daylight,NONE,Property Damage Only,0,0,0,40.020084,-105.253772,0,0,0,0,DRIVEWAY ACCESS RELATED,1051,8311
-105.258317,40.014664,Police Collision Report,COLLISION W/ MV - FRONT TO REAR,1812450,2,ARAPAHOE AVE/28TH ST,ARAPAHOE,STATE HWY,     ,  ,2018/09/25 00:00:00+00,2018/09/25 19:00:00+00,2018,9,September,19,3,25,Tuesday,19,Motorway Collision,Dawn or Dusk,NONE,Property Damage Only,0,0,0,40.014664,-105.258317,0,0,0,0,INTERSECTION RELATED,1858,8312
-105.263065,40.014614,Police Collision Report,COLLISION W/ MV - FRONT TO REAR,1812476,2,FOLSOM ST/ARAPAHOE AVE,FOLSOM ST,CITY ST/CNTY RD,48,N ,2018/09/26 00:00:00+00,2018/09/26 12:09:00+00,2018,9,September,12,4,26,Wednesday,12,Motorway Collision,Daylight,NONE,Property Damage Only,0,0,0,40.014614,-105.263065,0,0,0,0,INTERSECTION RELATED,1209,8313
-105.244815,40.02287,Police Collision Report,COLLISION W/ MV - FRONT TO REAR,1812484,2,FOOTHILLS PKWY/PEARL PKWY,PEARL PARKWAY,STATE HWY,67,W ,2018/09/26 00:00:00+00,2018/09/26 14:46:00+00,2018,9,September,14,4,26,Wednesday,14,Motorway Collision,Daylight,NONE,Possible injury,0,0,0,40.02287,-105.244815,0,0,0,0,INTERSECTION RELATED,1446,8314
-105.258317,40.014664,Police Collision Report,COLLISION W/ MV - FRONT TO REAR,1812489,2,ARAPAHOE AVE/28TH ST,ARAPAHOE,STATE HWY,     ,  ,2018/09/26 00:00:00+00,2018/09/26 16:03:00+00,2018,9,September,16,4,26,Wednesday,16,Motorway Collision,Daylight,NONE,Property Damage Only,0,0,0,40.014664,-105.258317,0,0,0,0,AT INTERSECTION,1600,8315
-105.270255,40.014596,Police Collision Report,COLLISION W/ MV - FRONT TO REAR,1812491,2,19TH ST/ARAPAHOE AVE,ARAPAHOE AVE,CITY ST/CNTY RD,60,E ,2018/09/26 00:00:00+00,2018/09/26 16:07:00+00,2018,9,September,16,4,26,Wednesday,16,Motorway Collision,Daylight,NONE,Property Damage Only,0,0,0,40.014596,-105.270255,0,0,0,0,INTERSECTION RELATED,1607,8316
-105.234612,40.029256,Police Collision Report,COLLISION W/ MV - FRONT TO REAR,1812080,2,VALMONT RD/AIRPORT RD,AIRPORT RD,CITY ST/CNTY RD,94,N ,2018/09/17 00:00:00+00,2018/09/17 17:27:00+00,2018,9,September,17,2,17,Monday,17,Motorway Collision,Daylight,NONE,Non-Incapacitating Injury,0,0,1,40.029256,-105.234612,0,0,0,0,DRIVEWAY ACCESS RELATED,1727,8317
-105.253059,39.999933,Police Collision Report,COLLISION W/ MV - FRONT TO REAR,1812083,2,30TH ST/BASELINE RD,30TH ST,CITY ST/CNTY RD,23,W ,2018/09/17 00:00:00+00,2018/09/17 17:42:00+00,2018,9,September,17,2,17,Monday,17,Motorway Collision,Daylight,NONE,Property Damage Only,0,0,0,39.999933,-105.253059,0,0,0,0,INTERSECTION RELATED,1740,8318
-105.232572,40.000025,Police Collision Report,COLLISION W/ MV - FRONT TO REAR,1812099,2,FOOTHILLS PKWY/BASELINE RD,BASELINE RD,CITY ST/CNTY RD,50,W ,2018/09/18 00:00:00+00,2018/09/18 07:24:00+00,2018,9,September,7,3,18,Tuesday,7,Motorway Collision,Dawn or Dusk,NONE,Property Damage Only,0,0,0,40.000025,-105.232572,0,0,0,0,INTERSECTION RELATED,724,8319
-105.246774,40.029236,Police Collision Report,COLLISION W/ MV - FRONT TO REAR,1812126,3,VALMONT RD/CENTER GREEN DR,VALMONT RD,CITY ST/CNTY RD,150,W ,2018/09/18 00:00:00+00,2018/09/18 17:14:00+00,2018,9,September,17,3,18,Tuesday,17,Motorway Collision,Daylight,NONE,Property Damage Only,0,0,0,40.029236,-105.246774,0,0,0,0,NON-INTERSECTION,1710,8320
-105.270193,40.012612,Police Collision Report,COLLISION W/ MV - FRONT TO REAR,1812163,2,19TH ST/ATHENS ST,ATHENS ST,CITY ST/CNTY RD,12,W ,2018/09/19 00:00:00+00,2018/09/19 15:33:00+00,2018,9,September,15,4,19,Wednesday,15,Motorway Collision,Daylight,NONE,Property Damage Only,0,0,0,40.012612,-105.270193,0,0,0,0,INTERSECTION RELATED,1532,8321
-105.273701,40.006641,Police Collision Report,COLLISION W/ MV - FRONT TO REAR,1812166,2,BROADWAY/15TH ST,BROADWAY,STATE HWY,67,W ,2018/09/19 00:00:00+00,2018/09/19 16:21:00+00,2018,9,September,16,4,19,Wednesday,16,Motorway Collision,Daylight,NONE,Property Damage Only,0,0,0,40.006641,-105.273701,0,0,0,0,INTERSECTION RELATED,1621,8322
-105.253143,40.002729,Police Collision Report,COLLISION W/ MV - FRONT TO REAR,1812176,2,30TH ST/BIXBY AVE,30TH ST,CITY ST/CNTY RD,500,S ,2018/09/19 00:00:00+00,2018/09/19 16:55:00+00,2018,9,September,16,4,19,Wednesday,16,Motorway Collision,Daylight,NONE,Property Damage Only,0,0,0,40.002729,-105.253143,0,0,0,0,DRIVEWAY ACCESS RELATED,1654,8323
-105.276252,40.008678,Police Collision Report,COLLISION W/ MV - FRONT TO REAR,1812173,2,13TH ST/PENNSYLVANIA AVE,13TH STREET,CITY ST/CNTY RD,50,S ,2018/09/19 00:00:00+00,2018/09/19 17:22:00+00,2018,9,September,17,4,19,Wednesday,17,Motorway Collision,Daylight,NONE,Property Damage Only,0,0,0,40.008678,-105.276252,0,0,0,0,INTERSECTION RELATED,1722,8324
-105.258282,40.014544,Police Collision Report,COLLISION W/ MV - FRONT TO REAR,1813000,2,28TH ST/ARAPAHOE AVE,ARAPAHOE AVE,STATE HWY,     ,  ,2018/10/06 00:00:00+00,2018/10/06 17:27:00+00,2018,10,October,17,7,6,Saturday,17,Motorway Collision,Daylight,NONE,Property Damage Only,0,0,0,40.014544,-105.258282,0,0,0,0,AT INTERSECTION,1727,8325
-105.272693,40.054643,Police Collision Report,COLLISION W/ MV - FRONT TO REAR,1813034,2,4500  19TH ST      ,4500 19TH ST,CITY ST/CNTY RD,     ,  ,2018/10/07 00:00:00+00,2018/10/07 12:54:00+00,2018,10,October,12,1,7,Sunday,12,Motorway Collision,Daylight,NONE,Property Damage Only,0,0,0,40.054643,-105.272693,0,0,0,0,NON-INTERSECTION,1253,8326
-105.258282,40.014544,Police Collision Report,COLLISION W/ MV - FRONT TO REAR,1813035,2,28TH ST/ARAPAHOE AVE,28TH ST,STATE HWY,25,S ,2018/10/07 00:00:00+00,2018/10/07 14:12:00+00,2018,10,October,14,1,7,Sunday,14,Motorway Collision,Daylight,NONE,Property Damage Only,0,0,0,40.014544,-105.258282,0,0,0,0,INTERSECTION RELATED,1412,8327
-105.258492,40.017345,Police Collision Report,COLLISION W/ MV - FRONT TO REAR,1811008,2,28TH ST/CANYON BLVD,28TH ST,STATE HWY,324,S ,2018/08/28 00:00:00+00,2018/08/28 14:48:00+00,2018,8,August,14,3,28,Tuesday,14,Motorway Collision,Daylight,NONE,Property Damage Only,0,0,0,40.017345,-105.258492,0,0,0,0,INTERSECTION RELATED,1448,8328
-105.270216,40.004688,Police Collision Report,COLLISION W/ MV - FRONT TO REAR,1811018,3,955   BROADWAY      ,BROADWAY,STATE HWY,162,N ,2018/08/28 16:54:59+00,2018/08/28 16:55:00+00,2018,8,August,16,3,28,Tuesday,16,Motorway Collision,Daylight,NONE,Property Damage Only,0,0,0,40.004688,-105.270216,0,0,0,0,INTERSECTION RELATED,1655,8329
-105.279303,40.015822,Police Collision Report,COLLISION W/ MV - FRONT TO REAR,1810995,2,BROADWAY/CANYON BLVD,BROADWAY,STATE HWY,63,S ,2018/08/28 00:00:00+00,2018/08/28 11:45:00+00,2018,8,August,11,3,28,Tuesday,11,Motorway Collision,Daylight,NONE,Property Damage Only,0,0,0,40.015822,-105.279303,0,0,0,0,INTERSECTION RELATED,1145,8330
-105.258504,40.020518,Police Collision Report,COLLISION W/ MV - FRONT TO REAR,1810996,2,28TH ST/WALNUT ST,28TH ST,STATE HWY,20,S ,2018/08/28 00:00:00+00,2018/08/28 12:16:00+00,2018,8,August,12,3,28,Tuesday,12,Motorway Collision,Daylight,NONE,Property Damage Only,0,0,0,40.020518,-105.258504,0,0,0,0,AT INTERSECTION,1216,8331
-105.282114,40.040914,Police Collision Report,COLLISION W/ MV - FRONT TO REAR,1810883,2,BROADWAY/LINDEN AVE,BROADWAY,CITY ST/CNTY RD,158,S ,2018/08/26 00:00:00+00,2018/08/26 10:18:00+00,2018,8,August,10,1,26,Sunday,10,Motorway Collision,Daylight,NONE,Property Damage Only,0,0,0,40.040914,-105.282114,0,0,0,0,DRIVEWAY ACCESS RELATED,1018,8332
-105.234741,40.014803,Police Collision Report,COLLISION W/ MV - FRONT TO REAR,1811070,3,48TH ST/ARAPAHOE AVE,48TH ST,CITY ST/CNTY RD,70,S ,2018/08/29 00:00:00+00,2018/08/29 15:55:00+00,2018,8,August,15,4,29,Wednesday,15,Motorway Collision,Daylight,NONE,Possible injury,0,0,0,40.014803,-105.234741,0,0,0,0,INTERSECTION RELATED,1555,8333
-105.24066,40.014698,Police Collision Report,COLLISION W/ MV - FRONT TO REAR,1811073,2,FOOTHILLS PKWY/ARAPAHOE AVE,FOOTHILLS,STATE HWY,75,N ,2018/08/29 00:00:00+00,2018/08/29 16:20:00+00,2018,8,August,16,4,29,Wednesday,16,Motorway Collision,Daylight,NONE,Property Damage Only,0,0,0,40.014698,-105.24066,0,0,0,0,AT INTERSECTION,1620,8334
-105.231979,40.014606,Police Collision Report,COLLISION W/ MV - FRONT TO REAR,1811081,2,ARAPAHOE AVE/EISENHOWER DR,ARAPAHOE AVE.,INTERSTATE,     ,  ,2018/08/29 00:00:00+00,2018/08/29 18:26:00+00,2018,8,August,18,4,29,Wednesday,18,Motorway Collision,Daylight,NONE,Property Damage Only,0,0,0,40.014606,-105.231979,0,0,0,0,AT INTERSECTION,1826,8335
-105.25669,40.000067,Police Collision Report,COLLISION W/ MV - FRONT TO REAR,1811107,2,BASELINE RD/HWY 36 WB ON RP @ BASELINE EB,US HWY 36,STATE HWY,445,E ,2018/08/30 00:00:00+00,2018/08/30 09:06:00+00,2018,8,August,9,5,30,Thursday,9,Motorway Collision,Daylight,NONE,Non-Incapacitating Injury,0,0,1,40.000067,-105.25669,0,0,0,0,NON-INTERSECTION,905,8336
-105.26255,40.000116,Police Collision Report,COLLISION W/ MV - FRONT TO REAR,1811113,2,2400  BASELINE RD      ,BROADWAY,STATE HWY,221,S ,2018/08/30 00:00:00+00,2018/08/30 10:48:00+00,2018,8,August,10,5,30,Thursday,10,Motorway Collision,Daylight,NONE,Possible injury,0,0,0,40.000116,-105.26255,0,0,0,0,INTERSECTION RELATED,1047,8337
-105.28213,40.027998,Police Collision Report,COLLISION W/ MV - FRONT TO REAR,1810920,3,BROADWAY/CEDAR AVE,BROADWAY,CITY ST/CNTY RD,55,N ,2018/08/27 00:00:00+00,2018/08/27 07:01:00+00,2018,8,August,7,2,27,Monday,7,Motorway Collision,Daylight,NONE,Property Damage Only,0,0,0,40.027998,-105.28213,0,0,0,0,INTERSECTION RELATED,700,8338
-105.23281,39.999988,Police Collision Report,COLLISION W/ MV - FRONT TO REAR,1810922,2,BASELINE RD/FOOTHILLS PKWY,FOOTHILLS PKWY,STATE HWY,     ,  ,2018/08/27 00:00:00+00,2018/08/27 07:42:00+00,2018,8,August,7,2,27,Monday,7,Motorway Collision,Daylight,NONE,Property Damage Only,0,0,0,39.999988,-105.23281,0,0,0,0,INTERSECTION RELATED,742,8339
-105.269561,40.00444,Police Collision Report,COLLISION W/ MV - FRONT TO REAR,1810950,3,18TH ST/BROADWAY,BROADWAY,STATE HWY,     ,  ,2018/08/27 00:00:00+00,2018/08/27 16:00:00+00,2018,8,August,16,2,27,Monday,16,Motorway Collision,Daylight,NONE,Possible injury,0,0,0,40.00444,-105.269561,0,0,0,0,INTERSECTION RELATED,1600,8340
-105.264773,40.036429,Police Collision Report,COLLISION W/ MV - FRONT TO REAR,1810951,2,25TH ST/IRIS AVE,IRIS AVE,CITY ST/CNTY RD,30,W ,2018/08/27 00:00:00+00,2018/08/27 16:43:00+00,2018,8,August,16,2,27,Monday,16,Motorway Collision,Daylight,NONE,Property Damage Only,0,0,0,40.036429,-105.264773,0,0,0,0,INTERSECTION RELATED,1643,8341
-105.258282,40.014544,Police Collision Report,COLLISION W/ MV - FRONT TO REAR,1810829,2,28TH ST/ARAPAHOE AVE,ARAPAHOE AVE,CITY ST/CNTY RD,20,W ,2018/08/25 00:00:00+00,2018/08/25 13:09:00+00,2018,8,August,13,7,25,Saturday,13,Motorway Collision,Daylight,NONE,Property Damage Only,0,0,0,40.014544,-105.258282,0,0,0,0,INTERSECTION RELATED,1309,8342
-105.257829,40.000354,Police Collision Report,COLLISION W/ MV - FRONT TO REAR,1810890,2,BASELINE RD/28TH ST,28TH ST,STATE HWY,     ,  ,2018/08/26 00:00:00+00,2018/08/26 13:06:00+00,2018,8,August,13,1,26,Sunday,13,Motorway Collision,Daylight,NONE,Property Damage Only,0,0,0,40.000354,-105.257829,0,0,0,0,INTERSECTION RELATED,1306,8343
-105.270255,40.014596,Police Collision Report,COLLISION W/ MV - FRONT TO REAR,1810614,2,19TH ST/ARAPAHOE AVE,ARAPAHOE AVE,CITY ST/CNTY RD,62,W ,2018/08/22 00:00:00+00,2018/08/22 14:59:00+00,2018,8,August,14,4,22,Wednesday,14,Motorway Collision,Daylight,NONE,Possible injury,0,0,0,40.014596,-105.270255,0,0,0,0,INTERSECTION RELATED,1459,8344
-105.234741,40.014803,Police Collision Report,COLLISION W/ MV - FRONT TO REAR,1810616,2,48TH ST/ARAPAHOE AVE,48TH STREET,STATE HWY,     ,  ,2018/08/22 00:00:00+00,2018/08/22 14:46:00+00,2018,8,August,14,4,22,Wednesday,14,Motorway Collision,Daylight,NONE,Property Damage Only,0,0,0,40.014803,-105.234741,0,0,0,0,AT INTERSECTION,1446,8345
-105.244815,40.02287,Police Collision Report,COLLISION W/ MV - FRONT TO REAR,1810617,2,FOOTHILLS PKWY/PEARL PKWY,FOOTHILLS PKWY OFF RAMP,STATE HWY,     ,  ,2018/08/22 00:00:00+00,2018/08/22 15:23:00+00,2018,8,August,15,4,22,Wednesday,15,Motorway Collision,Daylight,NONE,Property Damage Only,0,0,0,40.02287,-105.244815,0,0,0,0,AT INTERSECTION,1523,8346
-105.249862,39.98558,Police Collision Report,COLLISION W/ MV - FRONT TO REAR,1810598,2,S BROADWAY/TABLE MESA DR,S. BROADWAY,STATE HWY,174,S ,2018/08/22 00:00:00+00,2018/08/22 10:56:00+00,2018,8,August,10,4,22,Wednesday,10,Motorway Collision,Daylight,NONE,Property Damage Only,0,0,0,39.98558,-105.249862,0,0,0,0,INTERSECTION RELATED,1056,8347
-105.244901,40.029254,Police Collision Report,COLLISION W/ MV - FRONT TO REAR,1810620,2,VALMONT RD/FOOTHILLS PKWY,FOOTHILLS PKWY,STATE HWY,     ,  ,2018/08/22 00:00:00+00,2018/08/22 15:47:00+00,2018,8,August,15,4,22,Wednesday,15,Motorway Collision,Daylight,NONE,Property Damage Only,0,0,0,40.029254,-105.244901,0,0,0,0,AT INTERSECTION,1547,8348
-105.258425,40.036444,Police Collision Report,COLLISION W/ MV - FRONT TO REAR,1810639,2,DIAGONAL HWY/28TH ST,DIAGONAL HIGHWAY,STATE HWY,     ,  ,2018/08/23 00:00:00+00,2018/08/23 08:03:00+00,2018,8,August,8,5,23,Thursday,8,Motorway Collision,Daylight,NONE,Property Damage Only,0,0,0,40.036444,-105.258425,0,0,0,0,AT INTERSECTION,803,8349
-105.253425,40.00742,Police Collision Report,COLLISION W/ MV - FRONT TO REAR,1810641,2,30TH ST/COLORADO AVE,30TH STREET,CITY ST/CNTY RD,     ,  ,2018/08/23 00:00:00+00,2018/08/23 08:15:00+00,2018,8,August,8,5,23,Thursday,8,Motorway Collision,Daylight,NONE,Property Damage Only,0,0,0,40.00742,-105.253425,0,0,0,0,AT INTERSECTION,814,8350
-105.260873,40.021728,Police Collision Report,COLLISION W/ MV - FRONT TO REAR,1810657,2,PEARL ST/26TH ST,PEARL ST,CITY ST/CNTY RD,     ,  ,2018/08/23 00:00:00+00,2018/08/23 12:23:00+00,2018,8,August,12,5,23,Thursday,12,Motorway Collision,Daylight,NONE,Property Damage Only,0,0,0,40.021728,-105.260873,0,0,0,0,AT INTERSECTION,1224,8351
-105.276238,40.007301,Police Collision Report,COLLISION W/ MV - FRONT TO REAR,1810701,2,13TH ST/COLLEGE AVE,13TH,CITY ST/CNTY RD,10,N ,2018/08/24 01:12:00+00,2018/08/24 01:31:00+00,2018,8,August,1,6,24,Friday,1,Motorway Collision,Dark - Lighted,NONE,Property Damage Only,0,0,0,40.007301,-105.276238,1,1,0,0,INTERSECTION RELATED,112,8352