X,Y,ReportType,PrmaryCollsionType,CaseNumber,UnitsInvolved,Location,OnHighway,CrossStreet,FeetFromIntersection,DirectionFromIntersection,CollisionDate,ReportedDate,ReportedYear,ReportedMonth,ReportedMonthName,ReportedWeek,ReportedDayofWeekNum,ReportedDayofMonth,ReportedDayofWeek,ReportedHour,HitAndRunStatus,LightingCondition,WeatherCondition,Severity,NumKilled,NumSeriouslyInjured,NumInjuredOrKilled,Lat,Lon,DUI,AlcoholDrugSuspected,BicyclesInvolved,PedestriansInvolved,RoadDescription,Crash_Time,ESRI_OID
-105.247327,39.985843,Police Collision Report,COLLISION W/ MV - FRONT TO REAR,2010399,2,TABLE MESA DR/S 40TH ST,TABLE MESA DRIVE,CITY ST/CNTY RD,180,W ,2020/10/30 00:00:00+00,2020/10/30 14:59:00+00,2020,10,October,14,6,30,Friday,14,Motorway Collision,Daylight,NONE,Non-Incapacitating Injury,0,0,1,39.985843,-105.247327,0,0,0,0,INTERSECTION RELATED,1459,8553
-105.258492,40.017345,Police Collision Report,COLLISION W/ MV - FRONT TO REAR,2010407,2,28TH ST/CANYON BLVD,28TH STREET,STATE HWY,     ,  ,2020/10/30 00:00:00+00,2020/10/30 16:54:00+00,2020,10,October,16,6,30,Friday,16,Motorway Collision,Daylight,NONE,Property Damage Only,0,0,0,40.017345,-105.258492,0,0,0,0,AT INTERSECTION,1654,8554
-105.255869,40.018246,Police Collision Report,COLLISION W/ MV - FRONT TO REAR,2010322,2,1800  29TH ST      ,1800 29TH ST,,     ,  ,2020/10/28 00:00:00+00,2020/10/28 12:39:00+00,2020,10,October,12,4,28,Wednesday,12,Motorway Collision,Daylight,NONE,Property Damage Only,0,0,0,40.018246,-105.255869,0,0,0,0,NON-INTERSECTION,1239,8555
-105.240833,40.014503,Police Collision Report,COLLISION W/ MV - FRONT TO REAR,2010336,2,ARAPAHOE AVE/FOOTHILLS PKWY,ARAPAHOE AVE,STATE HWY,80,W ,2020/10/28 00:00:00+00,2020/10/28 19:06:00+00,2020,10,October,19,4,28,Wednesday,19,Motorway Collision,Dark - Lighted,NONE,Property Damage Only,0,0,0,40.014503,-105.240833,0,0,0,0,INTERSECTION RELATED,1905,8556
-105.260145,40.051015,Police Collision Report,COLLISION W/ MV - FRONT TO REAR,2010352,4,28TH ST/JAY RD,28TH STREET,STATE HWY,265,N ,2020/10/29 00:00:00+00,2020/10/29 12:53:00+00,2020,10,October,12,5,29,Thursday,12,Motorway Collision,Daylight,NONE,Property Damage Only,0,0,0,40.051015,-105.260145,0,0,0,0,INTERSECTION RELATED,1253,8557
-105.282106,40.043642,Police Collision Report,COLLISION W/ MV - FRONT TO REAR,2010386,2,BROADWAY/NORWOOD AVE,BROADWAY,CITY ST/CNTY RD,     ,  ,2020/10/30 00:00:00+00,2020/10/30 08:56:00+00,2020,10,October,8,6,30,Friday,8,Motorway Collision,Daylight,NONE,Property Damage Only,0,0,0,40.043642,-105.282106,0,0,0,0,AT INTERSECTION,856,8558
-105.261911,40.01453,Police Collision Report,COLLISION W/ MV - FRONT TO REAR,2010356,2,2500  ARAPAHOE AVE      ,2500 ARAPAHOE AVE,,     ,  ,2020/10/29 00:00:00+00,2020/10/29 14:00:00+00,2020,10,October,14,5,29,Thursday,14,Motorway Collision,Daylight,NONE,Property Damage Only,0,0,0,40.01453,-105.261911,0,0,0,0,PARKING LOT,1400,8559
-105.232518,39.999952,Police Collision Report,COLLISION W/ MV - FRONT TO REAR,2010664,2,FOOTHILLS PKWY/BASELINE RD,VALMONT RD,CITY ST/CNTY RD,75,E ,2020/11/07 17:01:00+00,2020/11/07 17:01:00+00,2020,11,November,17,7,7,Saturday,17,Motorway Collision,Daylight,NONE,Property Damage Only,0,0,0,39.999952,-105.232518,1,1,0,0,INTERSECTION RELATED,1701,8560
-105.263012,40.017354,Police Collision Report,COLLISION W/ MV - FRONT TO REAR,2010642,3,FOLSOM ST/CANYON BLVD,CANYON BLVD,STATE HWY,185,E ,2020/11/06 00:00:00+00,2020/11/06 17:44:00+00,2020,11,November,17,6,6,Friday,17,Motorway Collision,Dark - Lighted,NONE,Property Damage Only,0,0,0,40.017354,-105.263012,0,0,0,0,INTERSECTION RELATED,1744,8561
-105.258432,40.027325,Police Collision Report,COLLISION W/ MV - FRONT TO REAR,2010574,2,28TH ST/BLUFF ST,28TH ST,STATE HWY,162,S ,2020/11/04 00:00:00+00,2020/11/04 17:38:00+00,2020,11,November,17,4,4,Wednesday,17,Motorway Collision,Dark - Unlighted,NONE,Possible injury,0,0,0,40.027325,-105.258432,0,0,0,0,NON-INTERSECTION,1738,8562
-105.263226,40.036463,Police Collision Report,COLLISION W/ MV - FRONT TO REAR,2010573,2,IRIS AVE/FOLSOM ST,IRIS AVE,CITY ST/CNTY RD,265,W ,2020/11/04 00:00:00+00,2020/11/04 17:44:00+00,2020,11,November,17,4,4,Wednesday,17,Motorway Collision,Dawn or Dusk,NONE,Property Damage Only,0,0,0,40.036463,-105.263226,0,0,0,0,NON-INTERSECTION,1744,8563
-105.253043,40.000084,Police Collision Report,COLLISION W/ MV - FRONT TO REAR,2010591,2,BASELINE RD/30TH ST,BASELINE RD,CITY ST/CNTY RD,90,W ,2020/11/05 00:00:00+00,2020/11/05 15:17:00+00,2020,11,November,15,5,5,Thursday,15,Motorway Collision,Daylight,NONE,Property Damage Only,0,0,0,40.000084,-105.253043,0,0,0,0,INTERSECTION RELATED,1517,8564
-105.263133,40.02137,Police Collision Report,COLLISION W/ MV - FRONT TO REAR,2010619,2,PEARL ST/FOLSOM ST,PEARL ST,CITY ST/CNTY RD,75,E ,2020/11/06 00:00:00+00,2020/11/06 11:10:00+00,2020,11,November,11,6,6,Friday,11,Motorway Collision,Daylight,NONE,Possible injury,0,0,0,40.02137,-105.263133,0,0,0,0,INTERSECTION RELATED,1110,8565
-105.246519,40.014636,Police Collision Report,COLLISION W/ MV - FRONT TO REAR,2010860,3,ARAPAHOE AVE/38TH ST,ARAPAHOE AVENUE,STATE HWY,230,W ,2020/11/14 00:00:00+00,2020/11/14 13:23:00+00,2020,11,November,13,7,14,Saturday,13,Motorway Collision,Daylight,NONE,Possible injury,0,0,0,40.014636,-105.246519,0,0,0,0,INTERSECTION RELATED,1323,8566
-105.256046,40.017154,Police Collision Report,COLLISION W/ MV - FRONT TO REAR,2010799,2,1755  29TH ST      ,CANYON BLVD,,     ,  ,2020/11/12 12:55:59+00,2020/11/12 12:56:00+00,2020,11,November,12,5,12,Thursday,12,Motorway Collision,Daylight,NONE,Property Damage Only,0,0,0,40.017154,-105.256046,0,0,0,0,AT INTERSECTION,1255,8567
-105.240833,40.014503,Police Collision Report,COLLISION W/ MV - FRONT TO REAR,2010833,3,ARAPAHOE AVE/FOOTHILLS PKWY,FOOTHILLS HWY,STATE HWY,200,N ,2020/11/13 00:00:00+00,2020/11/13 16:55:00+00,2020,11,November,16,6,13,Friday,16,Motorway Collision,Dawn or Dusk,NONE,Property Damage Only,0,0,0,40.014503,-105.240833,0,0,0,0,INTERSECTION RELATED,1654,8568
-105.284095,40.018147,Police Collision Report,COLLISION W/ MV - FRONT TO REAR,2010748,2,SPRUCE ST/9TH ST,SPRUCE ST,CITY ST/CNTY RD,20,W ,2020/11/10 00:00:00+00,2020/11/10 14:08:00+00,2020,11,November,14,3,10,Tuesday,14,Motorway Collision,Daylight,NONE,Property Damage Only,0,0,0,40.018147,-105.284095,0,0,0,0,INTERSECTION RELATED,1330,8569
-105.22501,40.02765,Police Collision Report,COLLISION W/ MV - FRONT TO REAR,2011187,2,PEARL PKWY/55TH ST,55TH ST,CITY ST/CNTY RD,5,N ,2020/11/25 00:00:00+00,2020/11/25 12:27:00+00,2020,11,November,12,4,25,Wednesday,12,Motorway Collision,Daylight,NONE,Property Damage Only,0,0,0,40.02765,-105.22501,0,0,0,0,AT INTERSECTION,1227,8570
-105.206734,40.071175,Police Collision Report,COLLISION W/ MV - FRONT TO REAR,2011189,3,63RD ST/LOOKOUT RD,LOOKOUT ROAD,CITY ST/CNTY RD,     ,  ,2020/11/25 00:00:00+00,2020/11/25 13:22:00+00,2020,11,November,13,4,25,Wednesday,13,Motorway Collision,Daylight,NONE,Possible injury,0,0,0,40.071175,-105.206734,0,0,0,0,AT INTERSECTION,1322,8571
-105.253722,40.025501,Police Collision Report,COLLISION W/ MV - FRONT TO REAR,2011188,2,30TH ST/MAPLETON AVE,30TH ST,CITY ST/CNTY RD,60,S ,2020/11/25 00:00:00+00,2020/11/25 13:31:00+00,2020,11,November,13,4,25,Wednesday,13,Motorway Collision,Daylight,NONE,Non-Incapacitating Injury,0,0,1,40.025501,-105.253722,0,0,0,0,NON-INTERSECTION,1331,8572
-105.236106,39.98586,Police Collision Report,COLLISION W/ MV - FRONT TO REAR,2011089,2,HWY 36 EB ON RP @ T MESA/TABLE MESA DR,DB US HWY 36,STATE HWY,1368,NW,2020/11/21 00:00:00+00,2020/11/21 17:10:00+00,2020,11,November,17,7,21,Saturday,17,Motorway Collision,Dark - Unlighted,NONE,Property Damage Only,0,0,0,39.98586,-105.236106,0,0,0,0,NON-INTERSECTION,1710,8573
-105.25836,40.021501,Police Collision Report,COLLISION W/ MV - FRONT TO REAR,2011101,2,1955  28TH ST      ,1955 28TH ST,CITY ST/CNTY RD,     ,  ,2020/11/22 00:00:00+00,2020/11/22 10:53:00+00,2020,11,November,10,1,22,Sunday,10,Motorway Collision,Daylight,NONE,Property Damage Only,0,0,0,40.021501,-105.25836,0,0,0,0,DRIVEWAY ACCESS RELATED,1100,8574
-105.260198,40.000304,Police Collision Report,COLLISION W/ MV - FRONT TO REAR,2011106,2,BASELINE RD/27TH WAY,BASELINE RD,STATE HWY,20,W ,2020/11/22 00:00:00+00,2020/11/22 15:07:00+00,2020,11,November,15,1,22,Sunday,15,Motorway Collision,Daylight,NONE,Non-Incapacitating Injury,0,0,1,40.000304,-105.260198,0,0,0,0,INTERSECTION RELATED,1507,8575
-105.258436,40.029101,Police Collision Report,COLLISION W/ MV - FRONT TO REAR,2011080,2,28TH ST/VALMONT RD,28TH STREET,STATE HWY,50,S ,2020/11/21 00:00:00+00,2020/11/21 13:20:00+00,2020,11,November,13,7,21,Saturday,13,Motorway Collision,Daylight,NONE,Property Damage Only,0,0,0,40.029101,-105.258436,0,0,0,0,AT INTERSECTION,1320,8576
-105.263012,40.017354,Police Collision Report,COLLISION W/ MV - FRONT TO REAR,2011084,2,FOLSOM ST/CANYON BLVD,FOLSOM ST,CITY ST/CNTY RD,     ,  ,2020/11/15 00:00:00+00,2020/11/15 00:00:00+00,2020,11,November,0,1,15,Sunday,0,Motorway Collision,Daylight,NONE,Property Damage Only,0,0,0,40.017354,-105.263012,0,0,0,0,INTERSECTION RELATED,1613,8577
-105.263065,40.014614,Police Collision Report,COLLISION W/ MV - FRONT TO REAR,2010950,2,FOLSOM ST/ARAPAHOE AVE,ARAPAHOE AVE,CITY ST/CNTY RD,500,E ,2020/11/17 00:00:00+00,2020/11/17 15:44:00+00,2020,11,November,15,3,17,Tuesday,15,Motorway Collision,Daylight,NONE,Property Damage Only,0,0,0,40.014614,-105.263065,0,0,0,0,NON-INTERSECTION,1544,8578
-105.234015,40.005292,Police Collision Report,COLLISION W/ MV - FRONT TO REAR,2009082,2,906   MCINTIRE ST      ,906,CITY ST/CNTY RD,     ,  ,2020/09/22 00:00:00+00,2020/09/22 20:49:00+00,2020,9,September,20,3,22,Tuesday,20,Motorway Collision,Dark - Lighted,NONE,Property Damage Only,0,0,0,40.005292,-105.234015,0,0,0,0,NON-INTERSECTION,2023,8579
-105.278367,40.03643,Police Collision Report,COLLISION W/ MV - FRONT TO REAR,2008991,2,IRIS AVE/15TH ST,IRIS AVE,CITY ST/CNTY RD,     ,  ,2020/09/19 00:00:00+00,2020/09/19 23:25:00+00,2020,9,September,23,7,19,Saturday,23,Motorway Collision,Dark - Lighted,NONE,Property Damage Only,0,0,0,40.03643,-105.278367,0,0,0,0,AT INTERSECTION,2325,8580
-105.258556,40.012152,Police Collision Report,COLLISION W/ MV - FRONT TO REAR,2008947,3,28TH ST/CORDRY CT,28TH STREET,STATE HWY,100,N ,2020/09/18 00:00:00+00,2020/09/18 15:16:00+00,2020,9,September,15,6,18,Friday,15,Motorway Collision,Daylight,NONE,Property Damage Only,0,0,0,40.012152,-105.258556,0,0,0,0,INTERSECTION RELATED,1516,8581
-105.276207,40.00733,Police Collision Report,COLLISION W/ MV - FRONT TO REAR,2008951,2,COLLEGE AVE/13TH ST,COLLEGE AVE,CITY ST/CNTY RD,40,E ,2020/09/18 00:00:00+00,2020/09/18 15:36:00+00,2020,9,September,15,6,18,Friday,15,Motorway Collision,Daylight,NONE,Property Damage Only,0,0,0,40.00733,-105.276207,0,0,0,0,NON-INTERSECTION,1536,8582
-105.24072,40.022643,Police Collision Report,COLLISION W/ MV - FRONT TO REAR,2008979,2,2465  48TH CT      ,2465 48TH CT.,,     ,  ,2020/09/19 00:00:00+00,2020/09/19 14:48:00+00,2020,9,September,14,7,19,Saturday,14,Motorway Collision,Daylight,NONE,Property Damage Only,0,0,0,40.022643,-105.24072,0,0,0,0,PARKING LOT,1448,8583
-105.253719,40.036455,Police Collision Report,COLLISION W/ MV - FRONT TO REAR,2009002,2,30TH ST/IRIS AVE,30TH ST,CITY ST/CNTY RD,30,S ,2020/09/20 00:00:00+00,2020/09/20 11:38:00+00,2020,9,September,11,1,20,Sunday,11,Motorway Collision,Daylight,NONE,Non-Incapacitating Injury,0,0,1,40.036455,-105.253719,0,0,0,0,INTERSECTION RELATED,1138,8584
-105.279876,40.003683,Police Collision Report,COLLISION W/ MV - FRONT TO REAR,2009008,3,AURORA AVE/10TH ST,AURORA AVE,CITY ST/CNTY RD,20,W ,2020/09/20 00:00:00+00,2020/09/20 15:00:00+00,2020,9,September,15,1,20,Sunday,15,Motorway Collision,Dark - Unlighted,NONE,Property Damage Only,0,0,0,40.003683,-105.279876,0,0,0,0,NON-INTERSECTION,414,8585
-105.280496,40.02347,Police Collision Report,COLLISION W/ MV - FRONT TO REAR,2009115,2,PORTLAND PL/13TH ST,PORTLAND PLACE,CITY ST/CNTY RD,20,W ,2020/09/23 00:00:00+00,2020/09/23 17:13:00+00,2020,9,September,17,4,23,Wednesday,17,Motorway Collision,Daylight,NONE,Property Damage Only,0,0,0,40.02347,-105.280496,0,0,0,0,NON-INTERSECTION,1710,8586
-105.24066,40.014698,Police Collision Report,COLLISION W/ MV - FRONT TO REAR,2009156,2,FOOTHILLS PKWY/ARAPAHOE AVE,FOOTHILLS PKWY,STATE HWY,1068,S ,2020/09/24 00:00:00+00,2020/09/24 12:14:00+00,2020,9,September,12,5,24,Thursday,12,Motorway Collision,Daylight,NONE,Property Damage Only,0,0,0,40.014698,-105.24066,0,0,0,0,NON-INTERSECTION,1215,8587
-105.258482,40.036463,Police Collision Report,COLLISION W/ MV - FRONT TO REAR,2009169,2,28TH ST/IRIS AVE,28TH STREET,STATE HWY,450,S ,2020/09/24 00:00:00+00,2020/09/24 16:13:00+00,2020,9,September,16,5,24,Thursday,16,Motorway Collision,Daylight,NONE,Property Damage Only,0,0,0,40.036463,-105.258482,0,0,0,0,NON-INTERSECTION,1625,8588
-105.223919,40.014541,Police Collision Report,COLLISION W/ MV - FRONT TO REAR,2009200,2,ARAPAHOE AVE/56TH ST,ARAPAHOE AVENUE,STATE HWY,25,E ,2020/09/25 00:00:00+00,2020/09/25 13:09:00+00,2020,9,September,13,6,25,Friday,13,Motorway Collision,Daylight,NONE,Property Damage Only,0,0,0,40.014541,-105.223919,0,0,0,0,AT INTERSECTION,1214,8589
-105.257005,40.000125,Police Collision Report,COLLISION W/ MV - FRONT TO REAR,2009202,2,US HIGHWAY 36 OFF RAMP WB/BASELINE RD,WB US HWY 36 OFF RAMP,STATE HWY,10,W ,2020/09/25 00:00:00+00,2020/09/25 13:20:00+00,2020,9,September,13,6,25,Friday,13,Motorway Collision,Daylight,NONE,Property Damage Only,0,0,0,40.000125,-105.257005,0,0,0,0,INTERSECTION RELATED,1320,8590
-105.258282,40.014544,Police Collision Report,COLLISION W/ MV - FRONT TO REAR,2009213,3,28TH ST/ARAPAHOE AVE,28TH ST.,STATE HWY,500,S ,2020/09/25 00:00:00+00,2020/09/25 19:09:00+00,2020,9,September,19,6,25,Friday,19,Motorway Collision,Dark - Lighted,NONE,Property Damage Only,0,0,0,40.014544,-105.258282,0,0,0,0,NON-INTERSECTION,1930,8591
-105.234743,39.986514,Police Collision Report,COLLISION W/ MV - FRONT TO REAR,2009458,2,US HIGHWAY 36/TABLE MESA DR,US HWY 36 OFF RAMP,STATE HWY,125,S ,2020/10/02 00:00:00+00,2020/10/02 19:24:00+00,2020,10,October,19,6,2,Friday,19,Motorway Collision,Dark - Lighted,NONE,Property Damage Only,0,0,0,39.986514,-105.234743,0,0,0,0,PARKING LOT,1924,8592
-105.260159,40.000452,Police Collision Report,COLLISION W/ MV - FRONT TO REAR,2009404,2,27TH WAY/BASELINE RD,27TH WAY,CITY ST/CNTY RD,78`  ,S ,2020/10/01 00:00:00+00,2020/10/01 12:36:00+00,2020,10,October,12,5,1,Thursday,12,Motorway Collision,Daylight,NONE,Property Damage Only,0,0,0,40.000452,-105.260159,0,0,0,0,DRIVEWAY ACCESS RELATED,1235,8593
-105.25371,40.028582,Police Collision Report,COLLISION W/ MV - FRONT TO REAR,2009475,2,2887  30TH ST      ,2887 30TH ST,,     ,  ,2020/10/03 00:00:00+00,2020/10/03 11:54:00+00,2020,10,October,11,7,3,Saturday,11,Motorway Collision,Daylight,NONE,Property Damage Only,0,0,0,40.028582,-105.25371,0,0,0,0,PARKING LOT,1154,8594
-105.263261,40.036431,Police Collision Report,COLLISION W/ MV - FRONT TO REAR,2009476,2,FOLSOM ST/IRIS AVE,FOLSOM STREET,CITY ST/CNTY RD,     ,  ,2020/10/03 00:00:00+00,2020/10/03 13:06:00+00,2020,10,October,13,7,3,Saturday,13,Motorway Collision,Daylight,NONE,Possible injury,0,0,0,40.036431,-105.263261,0,0,0,0,AT INTERSECTION,1306,8595
-105.258436,40.029101,Police Collision Report,COLLISION W/ MV - FRONT TO REAR,2009246,2,28TH ST/VALMONT RD,28TH STREET,STATE HWY,     ,  ,2020/09/26 00:00:00+00,2020/09/26 17:18:00+00,2020,9,September,17,7,26,Saturday,17,Motorway Collision,Daylight,NONE,Property Damage Only,0,0,0,40.029101,-105.258436,0,0,0,0,INTERSECTION RELATED,1718,8596
-105.253567,40.015714,Police Collision Report,COLLISION W/ MV - FRONT TO REAR,2009331,2,1650  30TH ST      ,1650 30TH ST,,     ,  ,2020/09/29 00:00:00+00,2020/09/29 14:01:00+00,2020,9,September,14,3,29,Tuesday,14,Motorway Collision,Daylight,NONE,Possible injury,0,0,0,40.015714,-105.253567,0,0,0,0,PARKING LOT,1401,8597
-105.239567,40.008522,Police Collision Report,COLLISION W/ MV - FRONT TO REAR,2009337,2,FOOTHILLS PKWY/COLORADO AVE,FOOTHILLS PKWY,STATE HWY,150,N ,2020/09/29 00:00:00+00,2020/09/29 14:55:00+00,2020,9,September,14,3,29,Tuesday,14,Motorway Collision,Daylight,NONE,Property Damage Only,0,0,0,40.008522,-105.239567,0,0,0,0,INTERSECTION RELATED,1455,8598
-105.258565,40.008102,Police Collision Report,COLLISION W/ MV - FRONT TO REAR,2009341,2,COLORADO AVE/28TH ST,COLORADO AVE,CITY ST/CNTY RD,50,W ,2020/09/29 00:00:00+00,2020/09/29 15:47:00+00,2020,9,September,15,3,29,Tuesday,15,Motorway Collision,Daylight,NONE,Property Damage Only,0,0,0,40.008102,-105.258565,0,0,0,0,INTERSECTION RELATED,1547,8599
-105.253772,40.020084,Police Collision Report,COLLISION W/ MV - FRONT TO REAR,2009343,2,30TH ST/WALNUT ST,30TH ST,CITY ST/CNTY RD,125,N ,2020/09/29 00:00:00+00,2020/09/29 16:10:00+00,2020,9,September,16,3,29,Tuesday,16,Motorway Collision,Daylight,NONE,Property Damage Only,0,0,0,40.020084,-105.253772,0,0,0,0,DRIVEWAY ACCESS RELATED,1610,8600
-105.24066,40.014698,Police Collision Report,COLLISION W/ MV - FRONT TO REAR,2009651,3,FOOTHILLS PKWY/ARAPAHOE AVE,ARAPAHOE AVENUE,STATE HWY,     ,  ,2020/10/08 00:00:00+00,2020/10/08 14:49:00+00,2020,10,October,14,5,8,Thursday,14,Motorway Collision,Daylight,NONE,Non-Incapacitating Injury,0,0,1,40.014698,-105.24066,0,0,0,0,AT INTERSECTION,1449,8601
-105.258504,40.020518,Police Collision Report,COLLISION W/ MV - FRONT TO REAR,2009707,2,28TH ST/WALNUT ST,28TH STREET,STATE HWY,     ,  ,2020/10/10 00:00:00+00,2020/10/10 12:54:00+00,2020,10,October,12,7,10,Saturday,12,Motorway Collision,Daylight,NONE,Property Damage Only,0,0,0,40.020518,-105.258504,0,0,0,0,AT INTERSECTION,1255,8602
-105.247785,39.993996,Police Collision Report,COLLISION W/ MV - FRONT TO REAR,2009639,2,38000  US HIGHWAY 36      ,W/B US 36 OFF-RAMP,STATE HWY,50,S ,2020/10/08 00:00:00+00,2020/10/08 09:52:00+00,2020,10,October,9,5,8,Thursday,9,Motorway Collision,Daylight,NONE,Property Damage Only,0,0,0,39.993996,-105.247785,0,0,0,0,INTERSECTION RELATED,952,8603
-105.282104,40.032865,Police Collision Report,COLLISION W/ MV - FRONT TO REAR,2009571,2,BROADWAY/FOREST AVE,BROADWAY,CITY ST/CNTY RD,320,S ,2020/10/06 00:00:00+00,2020/10/06 11:49:00+00,2020,10,October,11,3,6,Tuesday,11,Motorway Collision,Daylight,NONE,Possible injury,0,0,0,40.032865,-105.282104,0,0,0,0,INTERSECTION RELATED,1149,8604
-105.225388,40.029208,Police Collision Report,COLLISION W/ MV - FRONT TO REAR,2009594,2,VALMONT RD/55TH ST,VALMONT ROAD,CITY ST/CNTY RD,     ,  ,2020/10/07 00:00:00+00,2020/10/07 07:48:00+00,2020,10,October,7,4,7,Wednesday,7,Motorway Collision,Daylight,NONE,Property Damage Only,0,0,0,40.029208,-105.225388,0,0,0,0,AT INTERSECTION,748,8605
-105.240833,40.014503,Police Collision Report,COLLISION W/ MV - FRONT TO REAR,2009604,2,ARAPAHOE AVE/FOOTHILLS PKWY,FOOTHILLS PKY,STATE HWY,55,N ,2020/10/07 00:00:00+00,2020/10/07 13:18:00+00,2020,10,October,13,4,7,Wednesday,13,Motorway Collision,Daylight,NONE,Property Damage Only,0,0,0,40.014503,-105.240833,0,0,0,0,INTERSECTION RELATED,1318,8606
-105.26255,40.000116,Police Collision Report,COLLISION W/ MV - FRONT TO REAR,2009618,2,2400  BASELINE RD      ,2400 BASELINE RD,,     ,  ,2020/10/07 00:00:00+00,2020/10/07 17:39:00+00,2020,10,October,17,4,7,Wednesday,17,Motorway Collision,Daylight,NONE,Possible injury,0,0,0,40.000116,-105.26255,0,0,0,0,PARKING LOT,1739,8607
-105.232572,40.000025,Police Collision Report,COLLISION W/ MV - FRONT TO REAR,2009800,3,FOOTHILLS PKWY/BASELINE RD,FOOTHILLS PARKWAY,STATE HWY,525,N ,2020/10/13 00:00:00+00,2020/10/13 11:40:00+00,2020,10,October,11,3,13,Tuesday,11,Motorway Collision,Daylight,NONE,Property Damage Only,0,0,0,40.000025,-105.232572,0,0,0,0,NON-INTERSECTION,1139,8608
-105.279314,40.015947,Police Collision Report,COLLISION W/ MV - FRONT TO REAR,2009773,2,CANYON BLVD/BROADWAY,CANYON BLVD,CITY ST/CNTY RD,27,E ,2020/10/12 00:00:00+00,2020/10/12 14:47:00+00,2020,10,October,14,2,12,Monday,14,Motorway Collision,Daylight,NONE,Property Damage Only,0,0,0,40.015947,-105.279314,0,0,0,0,INTERSECTION RELATED,1450,8609
-105.265116,40.054674,Police Collision Report,COLLISION W/ MV - FRONT TO REAR,2009596,2,VIOLET AVE/28TH ST,VIOLET AVENUE,CITY ST/CNTY RD,19,S ,2020/10/07 00:00:00+00,2020/10/07 00:00:00+00,2020,10,October,0,4,7,Wednesday,0,Motorway Collision,Daylight,NONE,Property Damage Only,0,0,0,40.054674,-105.265116,0,0,0,0,INTERSECTION RELATED,803,8610
-105.253588,40.029219,Police Collision Report,COLLISION W/ MV - FRONT TO REAR,2009865,2,3003  VALMONT RD 257    ,3003 VALMONT RD 257,,     ,  ,2020/10/14 00:00:00+00,2020/10/14 15:24:00+00,2020,10,October,15,4,14,Wednesday,15,Motorway Collision,Daylight,NONE,Property Damage Only,0,0,0,40.029219,-105.253588,0,0,0,0,NON-INTERSECTION,1524,8611
-105.282152,40.05457,Police Collision Report,COLLISION W/ MV - FRONT TO REAR,2009869,5,BROADWAY/VIOLET AVE,BROADWAY,CITY ST/CNTY RD,175,S ,2020/10/15 00:00:00+00,2020/10/15 00:00:00+00,2020,10,October,0,5,15,Thursday,0,Motorway Collision,Daylight,NONE,Property Damage Only,0,0,0,40.05457,-105.282152,0,0,0,0,INTERSECTION RELATED,1733,8612
-105.24066,40.014698,Police Collision Report,COLLISION W/ MV - FRONT TO REAR,2009895,2,FOOTHILLS PKWY/ARAPAHOE AVE,FOOTHILLS PARKWAY,STATE HWY,90,N ,2020/10/15 00:00:00+00,2020/10/15 15:00:00+00,2020,10,October,15,5,15,Thursday,15,Motorway Collision,Daylight,NONE,Property Damage Only,0,0,0,40.014698,-105.24066,0,0,0,0,INTERSECTION RELATED,1430,8613
-105.262985,40.017486,Police Collision Report,COLLISION W/ MV - FRONT TO REAR,2009902,2,CANYON BLVD/FOLSOM ST,CANYON BLVD,CITY ST/CNTY RD,20,W ,2020/10/15 20:16:59+00,2020/10/15 20:17:00+00,2020,10,October,20,5,15,Thursday,20,Motorway Collision,Dark - Lighted,NONE,Property Damage Only,0,0,0,40.017486,-105.262985,0,0,0,0,AT INTERSECTION,2030,8614
-105.258407,40.022375,Police Collision Report,COLLISION W/ MV - FRONT TO REAR,2009930,2,28TH ST/PEARL ST,28TH ST,CITY ST/CNTY RD,     ,  ,2020/10/16 00:00:00+00,2020/10/16 21:38:00+00,2020,10,October,21,6,16,Friday,21,Motorway Collision,Dark - Lighted,NONE,Property Damage Only,0,0,0,40.022375,-105.258407,0,0,0,0,AT INTERSECTION,2138,8615
-105.249347,40.029229,Police Collision Report,COLLISION W/ MV - FRONT TO REAR,2009997,2,VALMONT RD/34TH ST,VALMONT RD,CITY ST/CNTY RD,500,W ,2020/10/19 00:00:00+00,2020/10/19 10:17:00+00,2020,10,October,10,2,19,Monday,10,Motorway Collision,Daylight,NONE,Property Damage Only,0,0,0,40.029229,-105.249347,0,0,0,0,INTERSECTION RELATED,1010,8616
-105.253797,40.016675,Police Collision Report,COLLISION W/ MV - FRONT TO REAR,1913599,2,30TH ST/CANYON BLVD,30TH,CITY ST/CNTY RD,80,S ,2019/11/16 00:00:00+00,2019/11/16 10:01:00+00,2019,11,November,10,7,16,Saturday,10,Motorway Collision,Daylight,NONE,Property Damage Only,0,0,0,40.016675,-105.253797,0,0,0,0,INTERSECTION RELATED,1001,8617
-105.23281,39.999988,Police Collision Report,COLLISION W/ MV - FRONT TO REAR,1913600,2,BASELINE RD/FOOTHILLS PKWY,FOOTHILLS PARKWAY,STATE HWY,50,S ,2019/11/16 00:00:00+00,2019/11/16 11:04:00+00,2019,11,November,11,7,16,Saturday,11,Motorway Collision,Daylight,NONE,Property Damage Only,0,0,0,39.999988,-105.23281,0,0,0,0,AT INTERSECTION,1104,8618