X,Y,ReportType,PrmaryCollsionType,CaseNumber,UnitsInvolved,Location,OnHighway,CrossStreet,FeetFromIntersection,DirectionFromIntersection,CollisionDate,ReportedDate,ReportedYear,ReportedMonth,ReportedMonthName,ReportedWeek,ReportedDayofWeekNum,ReportedDayofMonth,ReportedDayofWeek,ReportedHour,HitAndRunStatus,LightingCondition,WeatherCondition,Severity,NumKilled,NumSeriouslyInjured,NumInjuredOrKilled,Lat,Lon,DUI,AlcoholDrugSuspected,BicyclesInvolved,PedestriansInvolved,RoadDescription,Crash_Time,ESRI_OID
-105.232572,40.000025,Police Collision Report,COLLISION W/ MV - FRONT TO REAR,1913238,2,FOOTHILLS PKWY/BASELINE RD,FOOTHILLS PKWY,STATE HWY,1500,S ,2019/11/07 00:00:00+00,2019/11/07 16:52:00+00,2019,11,November,16,5,7,Thursday,16,Motorway Collision,Dawn or Dusk,NONE,Property Damage Only,0,0,0,40.000025,-105.232572,0,0,0,0,INTERSECTION RELATED,1652,8685
-105.258565,40.008102,Police Collision Report,COLLISION W/ MV - FRONT TO REAR,1913242,2,COLORADO AVE/28TH ST,28TH STREET,STATE HWY,75,S ,2019/11/07 00:00:00+00,2019/11/07 18:31:00+00,2019,11,November,18,5,7,Thursday,18,Motorway Collision,Dark - Lighted,NONE,Property Damage Only,0,0,0,40.008102,-105.258565,0,0,0,0,INTERSECTION RELATED,1831,8686
-105.247785,39.993996,Police Collision Report,COLLISION W/ MV - FRONT TO REAR,1913205,2,38000  US HIGHWAY 36      ,W/B US 36,STATE HWY,     ,  ,2019/11/07 00:00:00+00,2019/11/07 07:34:00+00,2019,11,November,7,5,7,Thursday,7,Motorway Collision,Daylight,NONE,Property Damage Only,0,0,0,39.993996,-105.247785,0,0,0,0,NON-INTERSECTION,734,8687
-105.277976,40.016201,Police Collision Report,COLLISION W/ MV - FRONT TO REAR,1913264,2,13TH ST/CANYON BLVD,CANYON BOULEVARD,STATE HWY,85,W ,2019/11/08 00:00:00+00,2019/11/08 13:23:00+00,2019,11,November,13,6,8,Friday,13,Motorway Collision,Daylight,NONE,Property Damage Only,0,0,0,40.016201,-105.277976,0,0,0,0,INTERSECTION RELATED,1323,8688
-105.277318,40.014367,Police Collision Report,COLLISION W/ MV - FRONT TO REAR,1913274,2,13TH ST/ARAPAHOE AVE,13TH ST,CITY ST/CNTY RD,200,N ,2019/11/08 00:00:00+00,2019/11/08 16:01:00+00,2019,11,November,16,6,8,Friday,16,Motorway Collision,Daylight,NONE,Property Damage Only,0,0,0,40.014367,-105.277318,0,0,0,0,NON-INTERSECTION,1601,8689
-105.263012,40.017354,Police Collision Report,COLLISION W/ MV - FRONT TO REAR,1913130,2,FOLSOM ST/CANYON BLVD,CANYON BVD,STATE HWY,40,W ,2019/11/05 00:00:00+00,2019/11/05 09:59:00+00,2019,11,November,9,3,5,Tuesday,9,Motorway Collision,Daylight,NONE,Property Damage Only,0,0,0,40.017354,-105.263012,0,0,0,0,INTERSECTION RELATED,955,8690
-105.269561,40.00444,Police Collision Report,COLLISION W/ MV - FRONT TO REAR,1913136,2,18TH ST/BROADWAY,BROADWAY,STATE HWY,20,N ,2019/11/05 00:00:00+00,2019/11/05 12:04:00+00,2019,11,November,12,3,5,Tuesday,12,Motorway Collision,Daylight,NONE,Property Damage Only,0,0,0,40.00444,-105.269561,0,0,0,0,INTERSECTION RELATED,1204,8691
-105.237671,39.985731,Police Collision Report,COLLISION W/ MV - FRONT TO REAR,1913176,2,TABLE MESA DR/MOORHEAD AVE,TABLE MESA DRIVE,CITY ST/CNTY RD,     ,  ,2019/11/06 00:00:00+00,2019/11/06 08:39:00+00,2019,11,November,8,4,6,Wednesday,8,Motorway Collision,Daylight,NONE,Property Damage Only,0,0,0,39.985731,-105.237671,0,0,0,0,AT INTERSECTION,839,8692
-105.23231,39.985598,Police Collision Report,COLLISION W/ MV - FRONT TO REAR,1912983,2,US HIGHWAY 36/FOOTHILLS PKWY,W/B US 36,STATE HWY,     ,  ,2019/11/01 00:00:00+00,2019/11/01 00:00:00+00,2019,11,November,0,6,1,Friday,0,Motorway Collision,Daylight,NONE,Property Damage Only,0,0,0,39.985598,-105.23231,0,0,0,0,PARKING LOT,850,8693
-105.232484,39.987059,Police Collision Report,COLLISION W/ MV - FRONT TO REAR,1912017,2,FOOTHILLS SB OFF RP @ T MESA/TABLE MESA DR,FOOTHILLS PKWY OFF RAMP,STATE HWY,30,N ,2019/10/07 00:00:00+00,2019/10/07 16:39:00+00,2019,10,October,16,2,7,Monday,16,Motorway Collision,Daylight,NONE,Possible injury,0,0,0,39.987059,-105.232484,0,0,0,0,INTERSECTION RELATED,1240,8694
-105.253688,40.014535,Police Collision Report,COLLISION W/ MV - FRONT TO REAR,1912023,2,ARAPAHOE AVE/30TH ST,ARAPAHOE AVENUE,STATE HWY,20,W ,2019/10/07 00:00:00+00,2019/10/07 20:20:00+00,2019,10,October,20,2,7,Monday,20,Motorway Collision,Dark - Lighted,NONE,Property Damage Only,0,0,0,40.014535,-105.253688,0,0,0,0,INTERSECTION RELATED,2020,8695
-105.282122,40.048009,Police Collision Report,COLLISION W/ MV - FRONT TO REAR,1912030,2,BROADWAY/QUINCE AVE,BROADWAY,CITY ST/CNTY RD,194,N ,2019/10/08 00:00:00+00,2019/10/08 07:54:00+00,2019,10,October,7,3,8,Tuesday,7,Motorway Collision,Daylight,NONE,Property Damage Only,0,0,0,40.048009,-105.282122,0,0,0,0,NON-INTERSECTION,754,8696
-105.258356,40.005061,Police Collision Report,COLLISION W/ MV - FRONT TO REAR,1912070,2,E EUCLID AVE/28TH FRONTAGE RD,28TH STREET FRONTAGE ROAD,CITY ST/CNTY RD,215,S ,2019/10/09 00:00:00+00,2019/10/09 10:18:00+00,2019,10,October,10,4,9,Wednesday,10,Motorway Collision,Daylight,NONE,Property Damage Only,0,0,0,40.005061,-105.258356,0,0,0,0,NON-INTERSECTION,930,8697
-105.258524,40.008127,Police Collision Report,COLLISION W/ MV - FRONT TO REAR,1912086,2,28TH ST/COLORADO AVE,28TH ST,STATE HWY,25,N ,2019/10/09 00:00:00+00,2019/10/09 17:07:00+00,2019,10,October,17,4,9,Wednesday,17,Motorway Collision,Dawn or Dusk,NONE,Property Damage Only,0,0,0,40.008127,-105.258524,0,0,0,0,INTERSECTION RELATED,1709,8698
-105.296051,40.020525,Police Collision Report,COLLISION W/ MV - FRONT TO REAR,1912087,2,SUNSHINE CANYON DR/GREEN ROCK DR,SUNSHINE CANYON ROAD,CITY ST/CNTY RD,     ,  ,2019/10/09 00:00:00+00,2019/10/09 17:42:00+00,2019,10,October,17,4,9,Wednesday,17,Motorway Collision,Daylight,NONE,Property Damage Only,0,0,0,40.020525,-105.296051,0,0,0,0,NON-INTERSECTION,1744,8699
-105.239567,40.008522,Police Collision Report,COLLISION W/ MV - FRONT TO REAR,1912089,2,FOOTHILLS PKWY/COLORADO AVE,FOOTHILLS PKWY,STATE HWY,575,S ,2019/10/09 00:00:00+00,2019/10/09 17:30:00+00,2019,10,October,17,4,9,Wednesday,17,Motorway Collision,Daylight,NONE,Possible injury,0,0,0,40.008522,-105.239567,0,0,0,0,NON-INTERSECTION,1736,8700
-105.23281,39.999988,Police Collision Report,COLLISION W/ MV - FRONT TO REAR,1912091,2,BASELINE RD/FOOTHILLS PKWY,BASELINE RD,STATE HWY,800,N ,2019/10/09 00:00:00+00,2019/10/09 18:46:00+00,2019,10,October,18,4,9,Wednesday,18,Motorway Collision,Dark - Lighted,NONE,Possible injury,0,0,0,39.999988,-105.23281,0,0,0,0,INTERSECTION RELATED,1846,8701
-105.263563,40.000114,Police Collision Report,COLLISION W/ MV - FRONT TO REAR,1911900,2,BASELINE RD/BROADWAY,BASELINE ROAD,STATE HWY,     ,  ,2019/10/05 00:00:00+00,2019/10/05 08:04:00+00,2019,10,October,8,7,5,Saturday,8,Motorway Collision,Daylight,NONE,Property Damage Only,0,0,0,40.000114,-105.263563,0,0,0,0,AT INTERSECTION,804,8702
-105.247785,39.993996,Police Collision Report,COLLISION W/ MV - FRONT TO REAR,1911905,2,38000  US HIGHWAY 36      ,W/B US 36,STATE HWY,     ,  ,2019/10/05 00:00:00+00,2019/10/05 10:13:00+00,2019,10,October,10,7,5,Saturday,10,Motorway Collision,Daylight,NONE,Non-Incapacitating Injury,0,0,1,39.993996,-105.247785,0,0,0,0,NON-INTERSECTION,1013,8703
-105.292644,40.020499,Police Collision Report,COLLISION W/ MV - FRONT TO REAR,1911908,2,300   MAPLETON AVE BLK    ,300 BLK MAPLETONE AVE,CITY ST/CNTY RD,     ,  ,2019/10/05 00:00:00+00,2019/10/05 09:35:00+00,2019,10,October,9,7,5,Saturday,9,Motorway Collision,Daylight,NONE,Property Damage Only,0,0,0,40.020499,-105.292644,0,0,0,0,NON-INTERSECTION,935,8704
-105.247785,39.993996,Police Collision Report,COLLISION W/ MV - FRONT TO REAR,1911910,2,38000  US HIGHWAY 36      ,W/B US 36,STATE HWY,56,W ,2019/10/05 00:00:00+00,2019/10/05 12:27:00+00,2019,10,October,12,7,5,Saturday,12,Motorway Collision,Daylight,NONE,Property Damage Only,0,0,0,39.993996,-105.247785,0,0,0,0,NON-INTERSECTION,1227,8705
-105.206942,40.085984,Police Collision Report,COLLISION W/ MV - FRONT TO REAR,1911927,2,6247  63RD ST      ,6247 63RD ST,,     ,  ,2019/10/05 00:00:00+00,2019/10/05 17:19:00+00,2019,10,October,17,7,5,Saturday,17,Motorway Collision,Daylight,NONE,Possible injury,0,0,0,40.085984,-105.206942,0,0,0,0,PARKING LOT,1719,8706
-105.258357,40.000215,Police Collision Report,COLLISION W/ MV - FRONT TO REAR,1911930,2,US HIGHWAY 36/BASELINE RD,US 36,STATE HWY,960,SE,2019/10/05 00:00:00+00,2019/10/11 00:00:00+00,2019,10,October,0,6,11,Friday,0,Motorway Collision,Daylight,NONE,Property Damage Only,0,0,0,40.000215,-105.258357,0,0,0,0,PARKING LOT,1030,8707
-105.248957,39.984655,Police Collision Report,COLLISION W/ MV - FRONT TO REAR,1911958,2,659   S BROADWAYS      ,659 S BROADWAY,,     ,  ,2019/10/06 00:00:00+00,2019/10/06 12:39:00+00,2019,10,October,12,1,6,Sunday,12,Motorway Collision,Daylight,NONE,Property Damage Only,0,0,0,39.984655,-105.248957,0,0,0,0,PARKING LOT,1239,8708
-105.275386,40.016754,Police Collision Report,COLLISION W/ MV - FRONT TO REAR,1911969,2,CANYON BLVD/15TH ST,CANYON BLVD,STATE HWY,30,W ,2019/10/06 00:00:00+00,2019/10/06 16:39:00+00,2019,10,October,16,1,6,Sunday,16,Motorway Collision,Daylight,NONE,Property Damage Only,0,0,0,40.016754,-105.275386,0,0,0,0,INTERSECTION RELATED,1639,8709
-105.258534,40.014525,Police Collision Report,COLLISION W/ MV - FRONT TO REAR,1911975,2,2798  ARAPAHOE AVE      ,2798 ARAPAHOE AVE,CITY ST/CNTY RD,     ,  ,2019/10/06 21:10:59+00,2019/10/06 21:11:00+00,2019,10,October,21,1,6,Sunday,21,Motorway Collision,Dark - Lighted,NONE,Property Damage Only,0,0,0,40.014525,-105.258534,1,1,0,0,PARKING LOT,1939,8710
-105.244862,40.029223,Police Collision Report,COLLISION W/ MV - FRONT TO REAR,2011552,2,FOOTHILLS PKWY/VALMONT RD,VALMONT RD,CITY ST/CNTY RD,12,W ,2020/12/09 00:00:00+00,2020/12/09 17:17:00+00,2020,12,December,17,4,9,Wednesday,17,Motorway Collision,Dark - Lighted,NONE,Property Damage Only,0,0,0,40.029223,-105.244862,0,0,0,0,AT INTERSECTION,1717,8711
-105.240833,40.014503,Police Collision Report,COLLISION W/ MV - FRONT TO REAR,1914288,2,ARAPAHOE AVE/FOOTHILLS PKWY,ARAPAHOE AVE,STATE HWY,905,E ,2019/12/06 00:00:00+00,2019/12/06 05:36:00+00,2019,12,December,5,6,6,Friday,5,Motorway Collision,Dark - Lighted,NONE,Property Damage Only,0,0,0,40.014503,-105.240833,0,0,0,0,NON-INTERSECTION,536,8712
-105.247555,40.029198,Police Collision Report,COLLISION W/ MV - FRONT TO REAR,1914291,2,WILDERNESS PL/VALMONT RD,VALMONT ROAD,CITY ST/CNTY RD,     ,  ,2019/12/06 00:00:00+00,2019/12/06 08:04:00+00,2019,12,December,8,6,6,Friday,8,Motorway Collision,Daylight,NONE,Property Damage Only,0,0,0,40.029198,-105.247555,0,0,0,0,AT INTERSECTION,804,8713
-105.270222,40.014626,Police Collision Report,COLLISION W/ MV - FRONT TO REAR,1913918,3,ARAPAHOE AVE/19TH ST,ARAPAHOE AVE,CITY ST/CNTY RD,     ,  ,2019/11/24 00:00:00+00,2019/11/24 17:15:00+00,2019,11,November,17,1,24,Sunday,17,Motorway Collision,Dark - Lighted,NONE,Property Damage Only,0,0,0,40.014626,-105.270222,0,0,0,0,AT INTERSECTION,1715,8714
-105.237671,39.985731,Police Collision Report,COLLISION W/ MV - FRONT TO REAR,1913095,2,TABLE MESA DR/MOORHEAD AVE,TABLE MESA DR,CITY ST/CNTY RD,190,E ,2019/11/04 00:00:00+00,2019/11/04 12:00:00+00,2019,11,November,12,2,4,Monday,12,Motorway Collision,Daylight,NONE,Property Damage Only,0,0,0,39.985731,-105.237671,0,0,0,0,INTERSECTION RELATED,1200,8715
-105.274729,40.010544,Police Collision Report,COLLISION W/ MV - FRONT TO REAR,1913096,2,UNIVERSITY AVE/15TH ST,UNIVERSITY AVE,CITY ST/CNTY RD,65,W ,2019/11/04 00:00:00+00,2019/11/04 12:45:00+00,2019,11,November,12,2,4,Monday,12,Motorway Collision,Daylight,NONE,Property Damage Only,0,0,0,40.010544,-105.274729,0,0,0,0,NON-INTERSECTION,1245,8716
-105.253772,40.020084,Police Collision Report,COLLISION W/ MV - FRONT TO REAR,1913097,2,30TH ST/WALNUT ST,30TH ST,CITY ST/CNTY RD,200,S ,2019/11/04 00:00:00+00,2019/11/04 13:05:00+00,2019,11,November,13,2,4,Monday,13,Motorway Collision,Daylight,NONE,Property Damage Only,0,0,0,40.020084,-105.253772,0,0,0,0,NON-INTERSECTION,1304,8717
-105.24066,40.014698,Police Collision Report,COLLISION W/ MV - FRONT TO REAR,1913098,2,FOOTHILLS PKWY/ARAPAHOE AVE,ARAPAHOE AVE,STATE HWY,30,E ,2019/11/04 00:00:00+00,2019/11/04 13:59:00+00,2019,11,November,13,2,4,Monday,13,Motorway Collision,Daylight,NONE,Property Damage Only,0,0,0,40.014698,-105.24066,0,0,0,0,INTERSECTION RELATED,1357,8718
-105.253634,40.014706,Police Collision Report,COLLISION W/ MV - FRONT TO REAR,1913108,2,30TH ST/ARAPAHOE AVE,30TH ST,CITY ST/CNTY RD,80,S ,2019/11/04 00:00:00+00,2019/11/04 17:17:00+00,2019,11,November,17,2,4,Monday,17,Motorway Collision,Dark - Lighted,NONE,Property Damage Only,0,0,0,40.014706,-105.253634,0,0,0,0,INTERSECTION RELATED,1718,8719
-105.263033,40.014644,Police Collision Report,COLLISION W/ MV - FRONT TO REAR,1911785,2,ARAPAHOE AVE/FOLSOM ST,ARAPAHOE AVE,CITY ST/CNTY RD,     ,  ,2019/10/02 00:00:00+00,2019/10/02 00:00:00+00,2019,10,October,0,4,2,Wednesday,0,Motorway Collision,Dawn or Dusk,NONE,Property Damage Only,0,0,0,40.014644,-105.263033,0,0,0,0,AT INTERSECTION,1720,8720
-105.258492,40.017345,Police Collision Report,COLLISION W/ MV - FRONT TO REAR,1912180,2,28TH ST/CANYON BLVD,28TH STREET,STATE HWY,50,N ,2019/10/12 00:00:00+00,2019/10/12 08:27:00+00,2019,10,October,8,7,12,Saturday,8,Motorway Collision,Daylight,NONE,Property Damage Only,0,0,0,40.017345,-105.258492,0,0,0,0,NON-INTERSECTION,827,8721
-105.258317,40.014664,Police Collision Report,COLLISION W/ MV - FRONT TO REAR,1912188,2,ARAPAHOE AVE/28TH ST,ARAPAHOE AVE,STATE HWY,50,  ,2019/10/12 00:00:00+00,2019/10/12 12:34:00+00,2019,10,October,12,7,12,Saturday,12,Motorway Collision,Daylight,NONE,Property Damage Only,0,0,0,40.014664,-105.258317,0,0,0,0,INTERSECTION RELATED,1230,8722
-105.258322,40.020492,Police Collision Report,COLLISION W/ MV - FRONT TO REAR,1912189,2,WALNUT ST/28TH ST,WALNUT ST,,152,E ,2019/10/12 00:00:00+00,2019/10/12 12:49:00+00,2019,10,October,12,7,12,Saturday,12,Motorway Collision,Daylight,NONE,Property Damage Only,0,0,0,40.020492,-105.258322,0,0,0,0,INTERSECTION RELATED,1249,8723
-105.28216,40.061827,Police Collision Report,COLLISION W/ MV - FRONT TO REAR,1912195,2,BROADWAY/LEE HILL DR,BROADWAY,,     ,  ,2019/10/12 00:00:00+00,2019/10/12 16:36:00+00,2019,10,October,16,7,12,Saturday,16,Motorway Collision,Daylight,NONE,Possible injury,0,0,0,40.061827,-105.28216,0,0,0,0,AT INTERSECTION,1636,8724
-105.244901,40.029254,Police Collision Report,COLLISION W/ MV - FRONT TO REAR,1912228,2,VALMONT RD/FOOTHILLS PKWY,VALMONT RD,STATE HWY,45,W ,2019/10/13 00:00:00+00,2019/10/13 12:33:00+00,2019,10,October,12,1,13,Sunday,12,Motorway Collision,Daylight,NONE,Property Damage Only,0,0,0,40.029254,-105.244901,0,0,0,0,INTERSECTION RELATED,1233,8725
-105.283404,40.013195,Police Collision Report,COLLISION W/ MV - FRONT TO REAR,1912235,2,ARAPAHOE AVE/9TH ST,ARAPAHOE AVE,CITY ST/CNTY RD,20,W ,2019/10/13 00:00:00+00,2019/10/13 14:13:00+00,2019,10,October,14,1,13,Sunday,14,Motorway Collision,Daylight,NONE,Possible injury,0,0,0,40.013195,-105.283404,0,0,0,0,AT INTERSECTION,1413,8726
-105.26379,40.000067,Police Collision Report,COLLISION W/ MV - FRONT TO REAR,1912237,2,BROADWAY/BASELINE RD,BROADWAY,STATE HWY,     ,  ,2019/10/13 00:00:00+00,2019/10/13 14:39:00+00,2019,10,October,14,1,13,Sunday,14,Motorway Collision,Daylight,NONE,Property Damage Only,0,0,0,40.000067,-105.26379,0,0,0,0,INTERSECTION RELATED,1450,8727
-105.277433,40.007275,Police Collision Report,COLLISION W/ MV - FRONT TO REAR,1912207,2,1200  COLLEGE AVE BLK    ,12TH STREET,CITY ST/CNTY RD,10,S ,2019/10/13 02:22:59+00,2019/10/13 02:23:00+00,2019,10,October,2,1,13,Sunday,2,Motorway Collision,Dark - Lighted,NONE,Property Damage Only,0,0,0,40.007275,-105.277433,1,1,0,0,NON-INTERSECTION,200,8728
-105.258492,40.017345,Police Collision Report,COLLISION W/ MV - FRONT TO REAR,1912241,2,28TH ST/CANYON BLVD,28TH ST,STATE HWY,     ,  ,2019/10/13 00:00:00+00,2019/10/13 15:22:00+00,2019,10,October,15,1,13,Sunday,15,Motorway Collision,Daylight,NONE,Property Damage Only,0,0,0,40.017345,-105.258492,0,0,0,0,AT INTERSECTION,1522,8729
-105.279314,40.015947,Police Collision Report,COLLISION W/ MV - FRONT TO REAR,1912266,2,CANYON BLVD/BROADWAY,BROADWAY,STATE HWY,20,S ,2019/10/14 00:00:00+00,2019/10/14 09:37:00+00,2019,10,October,9,2,14,Monday,9,Motorway Collision,Daylight,NONE,Property Damage Only,0,0,0,40.015947,-105.279314,0,0,0,0,INTERSECTION RELATED,937,8730
-105.262322,40.021487,Police Collision Report,COLLISION W/ MV - FRONT TO REAR,1912284,2,2535  PEARL ST      ,2535 PEARL ST,,     ,  ,2019/10/14 00:00:00+00,2019/10/14 16:47:00+00,2019,10,October,16,2,14,Monday,16,Motorway Collision,Daylight,NONE,Property Damage Only,0,0,0,40.021487,-105.262322,0,0,0,0,PARKING LOT,1647,8731
-105.26324,40.033855,Police Collision Report,COLLISION W/ MV - FRONT TO REAR,1912674,2,FOLSOM ST/GRAPE AVE,FOLSOM ST,CITY ST/CNTY RD,     ,  ,2019/10/24 00:00:00+00,2019/10/24 11:47:00+00,2019,10,October,11,5,24,Thursday,11,Motorway Collision,Daylight,NONE,Property Damage Only,0,0,0,40.033855,-105.26324,0,0,0,0,AT INTERSECTION,1145,8732
-105.279314,40.015947,Police Collision Report,COLLISION W/ MV - FRONT TO REAR,1912623,2,CANYON BLVD/BROADWAY,CANYON BLVD,STATE HWY,     ,  ,2019/10/23 00:00:00+00,2019/10/23 10:19:00+00,2019,10,October,10,4,23,Wednesday,10,Motorway Collision,Daylight,NONE,Property Damage Only,0,0,0,40.015947,-105.279314,0,0,0,0,AT INTERSECTION,1018,8733
-105.25371,40.029189,Police Collision Report,COLLISION W/ MV - FRONT TO REAR,1912523,2,30TH ST/VALMONT RD,VALMONT RD,CITY ST/CNTY RD,     ,  ,2019/10/20 00:00:00+00,2019/10/20 13:25:00+00,2019,10,October,13,1,20,Sunday,13,Motorway Collision,Daylight,NONE,Property Damage Only,0,0,0,40.029189,-105.25371,0,0,0,0,INTERSECTION RELATED,1335,8734
-105.254446,39.999921,Police Collision Report,COLLISION W/ MV - FRONT TO REAR,1912688,3,2950  BASELINE RD      ,BASELINE ROAD,CITY ST/CNTY RD,200,E ,2019/10/24 00:00:00+00,2019/10/24 16:51:00+00,2019,10,October,16,5,24,Thursday,16,Motorway Collision,Daylight,NONE,Property Damage Only,0,0,0,39.999921,-105.254446,0,0,0,0,NON-INTERSECTION,1640,8735
-105.258272,40.017365,Police Collision Report,COLLISION W/ MV - FRONT TO REAR,1912709,2,CANYON BLVD/28TH ST,CANYON BOULEVARD,STATE HWY,240,W ,2019/10/25 00:00:00+00,2019/10/25 09:19:00+00,2019,10,October,9,6,25,Friday,9,Motorway Collision,Daylight,NONE,Possible injury,0,0,0,40.017365,-105.258272,0,0,0,0,DRIVEWAY ACCESS RELATED,919,8736
-105.284114,40.018109,Police Collision Report,COLLISION W/ MV - FRONT TO REAR,1912713,2,9TH ST/SPRUCE ST,SPRUCE ST,CITY ST/CNTY RD,82,E ,2019/10/25 00:00:00+00,2019/10/25 10:38:00+00,2019,10,October,10,6,25,Friday,10,Motorway Collision,Daylight,NONE,Property Damage Only,0,0,0,40.018109,-105.284114,0,0,0,0,NON-INTERSECTION,1045,8737
-105.244901,40.029254,Police Collision Report,COLLISION W/ MV - FRONT TO REAR,1912731,2,VALMONT RD/FOOTHILLS PKWY,VALMONT RD,CITY ST/CNTY RD,     ,  ,2019/10/25 00:00:00+00,2019/10/25 18:22:00+00,2019,10,October,18,6,25,Friday,18,Motorway Collision,Dark - Lighted,NONE,Property Damage Only,0,0,0,40.029254,-105.244901,0,0,0,0,AT INTERSECTION,1822,8738
-105.232382,39.985444,Police Collision Report,COLLISION W/ MV - FRONT TO REAR,1912743,2,HWY 36 EB ON RP @ FOOTHILLS/FOOTHILLS PKWY,US HWY 36,STATE HWY,300,W ,2019/10/25 00:00:00+00,2019/10/25 23:30:00+00,2019,10,October,23,6,25,Friday,23,Motorway Collision,Dark - Lighted,NONE,Property Damage Only,0,0,0,39.985444,-105.232382,0,0,0,0,NON-INTERSECTION,2329,8739
-105.273579,40.014556,Police Collision Report,COLLISION W/ MV - FRONT TO REAR,2002534,2,1604  ARAPAHOE AVE      ,1604 ARAPAHOE AVE,,     ,  ,2020/03/06 00:00:00+00,2020/03/06 16:49:00+00,2020,3,March,16,6,6,Friday,16,Motorway Collision,Daylight,NONE,Property Damage Only,0,0,0,40.014556,-105.273579,0,0,0,0,PARKING LOT,1545,8740
-105.265056,40.000112,Police Collision Report,COLLISION W/ MV - FRONT TO REAR,2002539,3,BASELINE RD/22ND ST,BASELINE RD,CITY ST/CNTY RD,     ,  ,2020/03/06 00:00:00+00,2020/03/06 21:16:00+00,2020,3,March,21,6,6,Friday,21,Motorway Collision,Dark - Lighted,NONE,Property Damage Only,0,0,0,40.000112,-105.265056,0,0,0,1,AT INTERSECTION,2116,8741
-105.258524,40.008127,Police Collision Report,COLLISION W/ MV - FRONT TO REAR,2002531,2,28TH ST/COLORADO AVE,28TH STREET,STATE HWY,300,S ,2020/03/06 00:00:00+00,2020/03/06 16:42:00+00,2020,3,March,16,6,6,Friday,16,Motorway Collision,Daylight,NONE,Possible injury,0,0,0,40.008127,-105.258524,0,0,0,0,INTERSECTION RELATED,1642,8742
-105.278697,40.014093,Police Collision Report,COLLISION W/ MV - FRONT TO REAR,2002611,2,BROADWAY/ARAPAHOE AVE,ARAPAHOE AVE,CITY ST/CNTY RD,100,W ,2020/03/08 00:00:00+00,2020/03/08 17:11:00+00,2020,3,March,17,1,8,Sunday,17,Motorway Collision,Daylight,NONE,Possible injury,0,0,0,40.014093,-105.278697,0,0,0,0,INTERSECTION RELATED,1711,8743
-105.253634,40.014706,Police Collision Report,COLLISION W/ MV - FRONT TO REAR,2002426,2,30TH ST/ARAPAHOE AVE,30TH STREET,CITY ST/CNTY RD,210,S ,2020/03/04 00:00:00+00,2020/03/04 17:11:00+00,2020,3,March,17,4,4,Wednesday,17,Motorway Collision,Dawn or Dusk,NONE,Possible injury,0,0,0,40.014706,-105.253634,0,0,0,0,INTERSECTION RELATED,1711,8744
-105.225435,40.019582,Police Collision Report,COLLISION W/ MV - FRONT TO REAR,2002483,3,55TH ST/CENTRAL AVE,55TH ST,CITY ST/CNTY RD,240,S ,2020/03/05 00:00:00+00,2020/03/05 16:56:00+00,2020,3,March,16,5,5,Thursday,16,Motorway Collision,Daylight,NONE,Possible injury,0,0,0,40.019582,-105.225435,0,0,0,0,NON-INTERSECTION,1655,8745
-105.264638,40.01737,Police Collision Report,COLLISION W/ MV - FRONT TO REAR,2002832,3,CANYON BLVD/23RD ST,CANYON BOULEVARD,STATE HWY,185,E ,2020/03/14 00:00:00+00,2020/03/14 14:34:00+00,2020,3,March,14,7,14,Saturday,14,Motorway Collision,Daylight,NONE,Possible injury,0,0,0,40.01737,-105.264638,0,0,0,0,DRIVEWAY ACCESS RELATED,1434,8746
-105.23281,39.999988,Police Collision Report,COLLISION W/ MV - FRONT TO REAR,2002893,2,BASELINE RD/FOOTHILLS PKWY,BASELINE RD,CITY ST/CNTY RD,480,W ,2020/03/15 00:00:00+00,2020/03/15 15:04:00+00,2020,3,March,15,1,15,Sunday,15,Motorway Collision,Daylight,NONE,Property Damage Only,0,0,0,39.999988,-105.23281,0,0,0,0,DRIVEWAY ACCESS RELATED,1504,8747
-105.206636,40.01471,Police Collision Report,COLLISION W/ MV - FRONT TO REAR,2002690,2,63RD ST/ARAPAHOE AVE,ARAPAHOE,CITY ST/CNTY RD,860,N ,2020/03/10 00:00:00+00,2020/03/10 16:44:00+00,2020,3,March,16,3,10,Tuesday,16,Motorway Collision,Daylight,NONE,Property Damage Only,0,0,0,40.01471,-105.206636,0,0,0,0,NON-INTERSECTION,1444,8748
-105.256576,39.977281,Police Collision Report,COLLISION W/ MV - FRONT TO REAR,2002917,3,1220  ITHACA DR      ,28TH ST,STATE HWY,     ,  ,2020/03/16 10:47:13+00,2020/03/16 10:47:14+00,2020,3,March,10,2,16,Monday,10,Motorway Collision,Daylight,NONE,Possible injury,0,0,0,39.977281,-105.256576,0,0,0,0,AT INTERSECTION,1154,8749
-105.263563,40.000114,Police Collision Report,COLLISION W/ MV - FRONT TO REAR,2002939,3,BASELINE RD/BROADWAY,BASELINE,STATE HWY,257,E ,2020/03/16 00:00:00+00,2020/03/16 20:27:00+00,2020,3,March,20,2,16,Monday,20,Motorway Collision,Dark - Lighted,NONE,Non-Incapacitating Injury,0,0,1,40.000114,-105.263563,1,1,0,0,NON-INTERSECTION,2027,8750