X,Y,ReportType,PrmaryCollsionType,CaseNumber,UnitsInvolved,Location,OnHighway,CrossStreet,FeetFromIntersection,DirectionFromIntersection,CollisionDate,ReportedDate,ReportedYear,ReportedMonth,ReportedMonthName,ReportedWeek,ReportedDayofWeekNum,ReportedDayofMonth,ReportedDayofWeek,ReportedHour,HitAndRunStatus,LightingCondition,WeatherCondition,Severity,NumKilled,NumSeriouslyInjured,NumInjuredOrKilled,Lat,Lon,DUI,AlcoholDrugSuspected,BicyclesInvolved,PedestriansInvolved,RoadDescription,Crash_Time,ESRI_OID
-105.253767,40.023257,Police Collision Report,COLLISION W/ MV - FRONT TO REAR,2002968,2,30TH ST/PEARL ST,PEARL ST,CITY ST/CNTY RD,     ,  ,2020/03/17 20:00:00+00,2020/03/17 16:36:00+00,2020,3,March,16,3,17,Tuesday,16,Motorway Collision,Daylight,NONE,Property Damage Only,0,0,0,40.023257,-105.253767,0,0,0,0,AT INTERSECTION,1636,8751
-105.265056,40.000112,Police Collision Report,COLLISION W/ MV - FRONT TO REAR,2002641,3,BASELINE RD/22ND ST,BASELINE RD,CITY ST/CNTY RD,     ,  ,2020/03/06 00:00:00+00,2020/03/06 00:00:00+00,2020,3,March,0,6,6,Friday,0,Motorway Collision,Dark - Lighted,NONE,Property Damage Only,0,0,0,40.000112,-105.265056,0,0,0,1,INTERSECTION RELATED,2116,8752
-105.253564,40.023285,Police Collision Report,COLLISION W/ MV - FRONT TO REAR,2002660,2,30TH ST/PEARL PKWY,PEARL ST,CITY ST/CNTY RD,     ,  ,2020/03/10 00:00:00+00,2020/03/10 08:59:00+00,2020,3,March,8,3,10,Tuesday,8,Motorway Collision,Daylight,NONE,Property Damage Only,0,0,0,40.023285,-105.253564,0,0,0,0,AT INTERSECTION,900,8753
-105.24066,40.014698,Police Collision Report,COLLISION W/ MV - FRONT TO REAR,2002669,2,FOOTHILLS PKWY/ARAPAHOE AVE,FOOTHILLS PKWY,STATE HWY,366,N ,2020/03/10 00:00:00+00,2020/03/10 10:41:00+00,2020,3,March,10,3,10,Tuesday,10,Motorway Collision,Daylight,NONE,Possible injury,0,0,0,40.014698,-105.24066,0,0,0,0,INTERSECTION RELATED,1041,8754
-105.267786,40.014608,Police Collision Report,COLLISION W/ MV - FRONT TO REAR,2002682,2,21ST ST/ARAPAHOE AVE,21ST,CITY ST/CNTY RD,202,W ,2020/03/10 00:00:00+00,2020/03/10 14:20:00+00,2020,3,March,14,3,10,Tuesday,14,Motorway Collision,Daylight,NONE,Property Damage Only,0,0,0,40.014608,-105.267786,0,0,0,0,NON-INTERSECTION,1420,8755
-105.258357,40.000215,Police Collision Report,COLLISION W/ MV - FRONT TO REAR,2002707,2,US HIGHWAY 36/BASELINE RD,BASELINE ROAD,STATE HWY,2904,E ,2020/03/11 00:00:00+00,2020/03/11 08:37:00+00,2020,3,March,8,4,11,Wednesday,8,Motorway Collision,Daylight,NONE,Property Damage Only,0,0,0,40.000215,-105.258357,0,0,0,0,NON-INTERSECTION,837,8756
-105.272562,40.005454,Police Collision Report,COLLISION W/ MV - FRONT TO REAR,2002733,2,16TH ST/EUCLID AVE,16 TH ST,CITY ST/CNTY RD,500,N ,2020/03/11 00:00:00+00,2020/03/11 18:33:00+00,2020,3,March,18,4,11,Wednesday,18,Motorway Collision,Daylight,NONE,Property Damage Only,0,0,0,40.005454,-105.272562,0,0,0,0,PARKING LOT,1832,8757
-105.244261,40.038483,Police Collision Report,COLLISION W/ MV - FRONT TO REAR,2002091,2,47TH ST/DIAGONAL HWY,47TH ST,STATE HWY,     ,  ,2020/02/25 00:00:00+00,2020/02/25 14:52:00+00,2020,2,February,14,3,25,Tuesday,14,Motorway Collision,Daylight,NONE,Property Damage Only,0,0,0,40.038483,-105.244261,0,0,0,0,AT INTERSECTION,1451,8758
-105.244862,40.029223,Police Collision Report,COLLISION W/ MV - FRONT TO REAR,2002136,2,FOOTHILLS PKWY/VALMONT RD,FOOTHILLS PKWY,STATE HWY,     ,  ,2020/02/26 00:00:00+00,2020/02/26 17:38:00+00,2020,2,February,17,4,26,Wednesday,17,Motorway Collision,Dawn or Dusk,NONE,Possible injury,0,0,0,40.029223,-105.244862,0,0,0,0,NON-INTERSECTION,1738,8759
-105.24066,40.014698,Police Collision Report,COLLISION W/ MV - FRONT TO REAR,2002050,2,FOOTHILLS PKWY/ARAPAHOE AVE,FOOTHILLS PKWY,STATE HWY,40,S ,2020/02/18 00:00:00+00,2020/02/18 15:31:00+00,2020,2,February,15,3,18,Tuesday,15,Motorway Collision,Daylight,NONE,Property Damage Only,0,0,0,40.014698,-105.24066,0,0,0,0,INTERSECTION RELATED,1531,8760
-105.240833,40.014503,Police Collision Report,COLLISION W/ MV - FRONT TO REAR,2002056,2,ARAPAHOE AVE/FOOTHILLS PKWY,FOOTHILLS PWKY,STATE HWY,10,S ,2020/02/24 20:00:00+00,2020/02/24 14:28:00+00,2020,2,February,14,2,24,Monday,14,Motorway Collision,Daylight,NONE,Possible injury,0,0,0,40.014503,-105.240833,0,0,0,0,INTERSECTION RELATED,1428,8761
-105.253572,40.02006,Police Collision Report,COLLISION W/ MV - FRONT TO REAR,2002084,2,WALNUT ST/30TH ST,WALNUT ST,,42,W ,2020/02/25 00:00:00+00,2020/02/25 10:28:00+00,2020,2,February,10,3,25,Tuesday,10,Motorway Collision,Daylight,NONE,Property Damage Only,0,0,0,40.02006,-105.253572,0,0,0,0,INTERSECTION RELATED,1028,8762
-105.225448,40.014598,Police Collision Report,COLLISION W/ MV - FRONT TO REAR,2001948,3,55TH ST/ARAPAHOE AVE,55TH ST,CITY ST/CNTY RD,275,S ,2020/02/21 00:00:00+00,2020/02/21 12:50:00+00,2020,2,February,12,6,21,Friday,12,Motorway Collision,Daylight,NONE,Property Damage Only,0,0,0,40.014598,-105.225448,0,0,0,0,NON-INTERSECTION,1245,8763
-105.261073,40.01736,Police Collision Report,COLLISION W/ MV - FRONT TO REAR,2001967,2,2550  CANYON BLVD      ,2550 CANYON DR,,     ,  ,2020/02/21 00:00:00+00,2020/02/21 18:52:00+00,2020,2,February,18,6,21,Friday,18,Motorway Collision,Dark - Lighted,NONE,Property Damage Only,0,0,0,40.01736,-105.261073,0,0,0,0,PARKING LOT,1852,8764
-105.244815,40.02287,Police Collision Report,COLLISION W/ MV - FRONT TO REAR,2001982,2,FOOTHILLS PKWY/PEARL PKWY,CO 157 WB OFF RAMP,STATE HWY,     ,  ,2020/02/22 00:00:00+00,2020/02/22 08:55:00+00,2020,2,February,8,7,22,Saturday,8,Motorway Collision,Daylight,NONE,Possible injury,0,0,0,40.02287,-105.244815,0,0,0,0,AT INTERSECTION,855,8765
-105.28214,40.029253,Police Collision Report,COLLISION W/ MV - FRONT TO REAR,2001995,3,BROADWAY/DELLWOOD AVE,BROADWAY,CITY ST/CNTY RD,     ,  ,2020/02/22 20:00:00+00,2020/02/22 17:35:00+00,2020,2,February,17,7,22,Saturday,17,Motorway Collision,Daylight,NONE,Property Damage Only,0,0,0,40.029253,-105.28214,0,0,0,0,INTERSECTION RELATED,1735,8766
-105.25361,40.023414,Police Collision Report,COLLISION W/ MV - FRONT TO REAR,2002043,2,PEARL PKWY/30TH ST,PEARL PKWY,CITY ST/CNTY RD,20,E ,2020/02/24 00:00:00+00,2020/02/24 10:06:00+00,2020,2,February,10,2,24,Monday,10,Motorway Collision,Daylight,NONE,Property Damage Only,0,0,0,40.023414,-105.25361,0,0,0,0,AT INTERSECTION,1032,8767
-105.213063,40.014807,Police Collision Report,COLLISION W/ MV - FRONT TO REAR,2002170,3,CHERRYVALE RD/ARAPAHOE AVE,ARAPAHOE AVE,STATE HWY,50,W ,2020/02/27 00:00:00+00,2020/02/27 16:31:00+00,2020,2,February,16,5,27,Thursday,16,Motorway Collision,Daylight,NONE,Possible injury,0,0,0,40.014807,-105.213063,0,0,0,0,INTERSECTION RELATED,1630,8768
-105.23281,39.999988,Police Collision Report,COLLISION W/ MV - FRONT TO REAR,2002172,2,BASELINE RD/FOOTHILLS PKWY,BASELINE,CITY ST/CNTY RD,450,W ,2020/02/27 00:00:00+00,2020/02/27 17:11:00+00,2020,2,February,17,5,27,Thursday,17,Motorway Collision,Daylight,NONE,Property Damage Only,0,0,0,39.999988,-105.23281,0,0,0,0,DRIVEWAY ACCESS RELATED,1710,8769
-105.272587,40.014585,Police Collision Report,COLLISION W/ MV - FRONT TO REAR,2002177,2,17TH ST/ARAPAHOE AVE,17TH ST,CITY ST/CNTY RD,     ,  ,2020/02/27 00:00:00+00,2020/02/27 18:54:00+00,2020,2,February,18,5,27,Thursday,18,Motorway Collision,Dark - Lighted,NONE,Possible injury,0,0,0,40.014585,-105.272587,0,0,0,0,INTERSECTION RELATED,1855,8770
-105.240833,40.014503,Police Collision Report,COLLISION W/ MV - FRONT TO REAR,2002151,2,ARAPAHOE AVE/FOOTHILLS PKWY,FOOTHILLS PARKWAY,STATE HWY,     ,  ,2020/02/27 00:00:00+00,2020/02/27 08:15:00+00,2020,2,February,8,5,27,Thursday,8,Motorway Collision,Daylight,NONE,Property Damage Only,0,0,0,40.014503,-105.240833,0,0,0,0,AT INTERSECTION,815,8771
-105.258436,40.029101,Police Collision Report,COLLISION W/ MV - FRONT TO REAR,2002194,2,28TH ST/VALMONT RD,28TH ST,STATE HWY,20,N ,2020/02/28 00:00:00+00,2020/02/28 08:33:00+00,2020,2,February,8,6,28,Friday,8,Motorway Collision,Daylight,NONE,Property Damage Only,0,0,0,40.029101,-105.258436,0,0,0,0,INTERSECTION RELATED,832,8772
-105.255925,40.000177,Police Collision Report,COLLISION W/ MV - FRONT TO REAR,2002207,3,BASELINE RD/29TH ST,BASELINE ROAD,CITY ST/CNTY RD,75,W ,2020/02/28 00:00:00+00,2020/02/28 12:22:00+00,2020,2,February,12,6,28,Friday,12,Motorway Collision,Daylight,NONE,Possible injury,0,0,0,40.000177,-105.255925,0,0,0,0,INTERSECTION RELATED,1222,8773
-105.244815,40.02287,Police Collision Report,COLLISION W/ MV - FRONT TO REAR,2002223,2,FOOTHILLS PKWY/PEARL PKWY,FOOTHILS PKWY,STATE HWY,30,N ,2020/02/28 00:00:00+00,2020/02/28 15:57:00+00,2020,2,February,15,6,28,Friday,15,Motorway Collision,Daylight,NONE,Property Damage Only,0,0,0,40.02287,-105.244815,0,0,0,0,INTERSECTION RELATED,1130,8774
-105.258492,40.017345,Police Collision Report,COLLISION W/ MV - FRONT TO REAR,2002224,2,28TH ST/CANYON BLVD,28TH ST.,STATE HWY,40,N ,2020/02/28 00:00:00+00,2020/02/28 16:30:00+00,2020,2,February,16,6,28,Friday,16,Motorway Collision,Daylight,NONE,Possible injury,0,0,0,40.017345,-105.258492,0,0,0,0,INTERSECTION RELATED,1630,8775
-105.232572,40.000025,Police Collision Report,COLLISION W/ MV - FRONT TO REAR,2002267,2,FOOTHILLS PKWY/BASELINE RD,FOOTHILLS PKWY,STATE HWY,     ,  ,2020/02/29 00:00:00+00,2020/02/29 16:37:00+00,2020,2,February,16,7,29,Saturday,16,Motorway Collision,Daylight,NONE,Property Damage Only,0,0,0,40.000025,-105.232572,0,0,0,0,AT INTERSECTION,1637,8776
-105.202201,40.072814,Police Collision Report,COLLISION W/ MV - FRONT TO REAR,2002400,3,SPINE RD/LOOKOUT RD,SPINE ROAD,CITY ST/CNTY RD,344,E ,2020/03/04 00:00:00+00,2020/03/04 07:53:00+00,2020,3,March,7,4,4,Wednesday,7,Motorway Collision,Daylight,NONE,Possible injury,0,0,0,40.072814,-105.202201,0,0,0,0,INTERSECTION RELATED,753,8777
-105.263033,40.014644,Police Collision Report,COLLISION W/ MV - FRONT TO REAR,2002407,4,ARAPAHOE AVE/FOLSOM ST,ARAPAHOE AVENUE,CITY ST/CNTY RD,450,E ,2020/03/04 00:00:00+00,2020/03/04 10:00:00+00,2020,3,March,10,4,4,Wednesday,10,Motorway Collision,Daylight,NONE,Property Damage Only,0,0,0,40.014644,-105.263033,0,0,0,0,DRIVEWAY ACCESS RELATED,1000,8778
-105.225423,40.029232,Police Collision Report,COLLISION W/ MV - FRONT TO REAR,2002377,2,55TH ST/VALMONT RD,PEARL PKWY,CITY ST/CNTY RD,     ,  ,2020/03/03 00:00:00+00,2020/03/03 15:16:00+00,2020,3,March,15,3,3,Tuesday,15,Motorway Collision,Daylight,NONE,Property Damage Only,0,0,0,40.029232,-105.225423,0,0,0,0,AT INTERSECTION,1516,8779
-105.263563,40.000114,Police Collision Report,COLLISION W/ MV - FRONT TO REAR,2002301,2,BASELINE RD/BROADWAY,BASELINE RD,STATE HWY,40,E ,2020/03/01 00:00:00+00,2020/03/01 14:38:00+00,2020,3,March,14,1,1,Sunday,14,Motorway Collision,Daylight,NONE,Property Damage Only,0,0,0,40.000114,-105.263563,0,0,0,0,INTERSECTION RELATED,1439,8780
-105.24066,40.014698,Police Collision Report,COLLISION W/ MV - FRONT TO REAR,2002329,2,FOOTHILLS PKWY/ARAPAHOE AVE,FOOTHILLS PKWY,STATE HWY,15,N ,2020/03/02 00:00:00+00,2020/03/02 10:51:00+00,2020,3,March,10,2,2,Monday,10,Motorway Collision,Daylight,NONE,Property Damage Only,0,0,0,40.014698,-105.24066,0,0,0,0,INTERSECTION RELATED,1051,8781
-105.24066,40.014698,Police Collision Report,COLLISION W/ MV - FRONT TO REAR,2002344,2,FOOTHILLS PKWY/ARAPAHOE AVE,FOOTHILLS PKWY,STATE HWY,80,S ,2020/03/02 00:00:00+00,2020/03/02 17:01:00+00,2020,3,March,17,2,2,Monday,17,Motorway Collision,Daylight,NONE,Property Damage Only,0,0,0,40.014698,-105.24066,0,0,0,0,NON-INTERSECTION,1701,8782
-105.258357,40.000215,Police Collision Report,COLLISION W/ MV - FRONT TO REAR,2002358,2,US HIGHWAY 36/BASELINE RD,HIGHWAY 36 OFF RAMP,STATE HWY,     ,  ,2020/03/03 00:00:00+00,2020/03/03 07:56:00+00,2020,3,March,7,3,3,Tuesday,7,Motorway Collision,Daylight,NONE,Property Damage Only,0,0,0,40.000215,-105.258357,0,0,0,0,INTERSECTION RELATED,756,8783
-105.234612,40.029256,Police Collision Report,COLLISION W/ MV - FRONT TO REAR,2000901,3,VALMONT RD/AIRPORT RD,VALMONT,CITY ST/CNTY RD,     ,  ,2020/01/27 00:00:00+00,2020/01/27 10:20:00+00,2020,1,January,10,2,27,Monday,10,Motorway Collision,Daylight,NONE,Property Damage Only,0,0,0,40.029256,-105.234612,0,0,0,1,AT INTERSECTION,1020,8784
-105.253772,40.020084,Police Collision Report,COLLISION W/ MV - FRONT TO REAR,2000921,2,30TH ST/WALNUT ST,WALNUT ST,CITY ST/CNTY RD,     ,  ,2020/01/27 00:00:00+00,2020/01/27 15:33:00+00,2020,1,January,15,2,27,Monday,15,Motorway Collision,Daylight,NONE,Property Damage Only,0,0,0,40.020084,-105.253772,0,0,0,0,INTERSECTION RELATED,1533,8785
-105.261628,40.014585,Police Collision Report,COLLISION W/ MV - FRONT TO REAR,2000876,2,2525  ARAPAHOE AVE      ,PRIVATE PROPERTY,,     ,  ,2020/01/26 00:00:00+00,2020/01/26 14:40:00+00,2020,1,January,14,1,26,Sunday,14,Motorway Collision,Daylight,NONE,Property Damage Only,0,0,0,40.014585,-105.261628,0,0,0,0,PARKING LOT,1438,8786
-105.261955,40.000172,Police Collision Report,COLLISION W/ MV - FRONT TO REAR,2001100,2,2450  BASELINE RD      ,2450 BASELINE RD,,     ,  ,2020/02/01 01:10:59+00,2020/02/01 01:11:00+00,2020,2,February,1,7,1,Saturday,1,Motorway Collision,Dark - Lighted,NONE,Property Damage Only,0,0,0,40.000172,-105.261955,0,0,0,0,PARKING LOT,111,8787
-105.253564,40.023285,Police Collision Report,COLLISION W/ MV - FRONT TO REAR,2001002,2,30TH ST/PEARL PKWY,30TH ST,CITY ST/CNTY RD,435,S ,2020/01/29 00:00:00+00,2020/01/29 17:23:00+00,2020,1,January,17,4,29,Wednesday,17,Motorway Collision,Dark - Lighted,NONE,Property Damage Only,0,0,0,40.023285,-105.253564,0,0,0,0,INTERSECTION RELATED,1723,8788
-105.258556,40.012152,Police Collision Report,COLLISION W/ MV - FRONT TO REAR,2001003,2,28TH ST/CORDRY CT,28TH ST,STATE HWY,122,N ,2020/01/29 00:00:00+00,2020/01/29 17:30:00+00,2020,1,January,17,4,29,Wednesday,17,Motorway Collision,Dark - Unlighted,NONE,Property Damage Only,0,0,0,40.012152,-105.258556,0,0,0,0,NON-INTERSECTION,1730,8789
-105.24066,40.014698,Police Collision Report,COLLISION W/ MV - FRONT TO REAR,2001026,2,FOOTHILLS PKWY/ARAPAHOE AVE,FOOTHILLS PARKWAY,STATE HWY,     ,  ,2020/01/30 00:00:00+00,2020/01/30 09:33:00+00,2020,1,January,9,5,30,Thursday,9,Motorway Collision,Daylight,NONE,Property Damage Only,0,0,0,40.014698,-105.24066,0,0,0,0,AT INTERSECTION,933,8790
-105.258524,40.008127,Police Collision Report,COLLISION W/ MV - FRONT TO REAR,2000981,2,28TH ST/COLORADO AVE,28TH STREET,STATE HWY,800,S ,2020/01/29 00:00:00+00,2020/01/29 08:09:00+00,2020,1,January,8,4,29,Wednesday,8,Motorway Collision,Daylight,NONE,Possible injury,0,0,0,40.008127,-105.258524,0,0,0,0,INTERSECTION RELATED,809,8791
-105.28088,40.03644,Police Collision Report,COLLISION W/ MV - FRONT TO REAR,2001049,2,IRIS AVE/13TH ST,IRIS AVE,CITY ST/CNTY RD,80,E ,2020/01/30 00:00:00+00,2020/01/30 18:49:00+00,2020,1,January,18,5,30,Thursday,18,Motorway Collision,Dark - Lighted,NONE,Property Damage Only,0,0,0,40.03644,-105.28088,0,0,0,0,NON-INTERSECTION,1849,8792
-105.270222,40.014626,Police Collision Report,COLLISION W/ MV - FRONT TO REAR,2000790,2,ARAPAHOE AVE/19TH ST,ARAPAHOE AVE,CITY ST/CNTY RD,20,W ,2020/01/23 00:00:00+00,2020/01/23 17:37:00+00,2020,1,January,17,5,23,Thursday,17,Motorway Collision,Dawn or Dusk,NONE,Property Damage Only,0,0,0,40.014626,-105.270222,0,0,0,0,AT INTERSECTION,1736,8793
-105.253685,40.036484,Police Collision Report,COLLISION W/ MV - FRONT TO REAR,2000796,2,IRIS AVE/30TH ST,28TH ST,STATE HWY,     ,  ,2020/01/23 00:00:00+00,2020/01/23 22:29:00+00,2020,1,January,22,5,23,Thursday,22,Motorway Collision,Dark - Lighted,NONE,Property Damage Only,0,0,0,40.036484,-105.253685,0,0,0,0,AT INTERSECTION,2229,8794
-105.253772,40.020084,Police Collision Report,COLLISION W/ MV - FRONT TO REAR,2000811,2,30TH ST/WALNUT ST,30TH STREET,CITY ST/CNTY RD,     ,  ,2020/01/24 00:00:00+00,2020/01/24 12:17:00+00,2020,1,January,12,6,24,Friday,12,Motorway Collision,Daylight,NONE,Property Damage Only,0,0,0,40.020084,-105.253772,0,0,0,0,AT INTERSECTION,1217,8795
-105.258272,40.017365,Police Collision Report,COLLISION W/ MV - FRONT TO REAR,2000817,2,CANYON BLVD/28TH ST,CANYON BOULEVARD,,     ,  ,2020/01/24 00:00:00+00,2020/01/24 14:05:00+00,2020,1,January,14,6,24,Friday,14,Motorway Collision,Daylight,NONE,Property Damage Only,0,0,0,40.017365,-105.258272,0,0,0,0,AT INTERSECTION,1405,8796
-105.25361,40.023414,Police Collision Report,COLLISION W/ MV - FRONT TO REAR,2000733,2,PEARL PKWY/30TH ST,PEARL PARKWAY,CITY ST/CNTY RD,     ,  ,2020/01/22 00:00:00+00,2020/01/22 06:39:00+00,2020,1,January,6,4,22,Wednesday,6,Motorway Collision,Daylight,NONE,Non-Incapacitating Injury,0,0,1,40.023414,-105.25361,0,0,0,0,AT INTERSECTION,639,8797
-105.244674,40.003763,Police Collision Report,COLLISION W/ MV - FRONT TO REAR,2000746,2,E AURORA AVE/39TH ST,AURORA AVENUE,CITY ST/CNTY RD,     ,  ,2020/01/22 00:00:00+00,2020/01/22 14:18:00+00,2020,1,January,14,4,22,Wednesday,14,Motorway Collision,Daylight,NONE,Property Damage Only,0,0,0,40.003763,-105.244674,0,0,0,0,AT INTERSECTION,1418,8798
-105.267721,40.003464,Police Collision Report,COLLISION W/ MV - FRONT TO REAR,2000600,2,BROADWAY/20TH ST,BROADWAY,STATE HWY,50,S ,2020/01/18 00:00:00+00,2020/01/18 03:59:00+00,2020,1,January,3,7,18,Saturday,3,Motorway Collision,Dark - Lighted,NONE,Property Damage Only,0,0,0,40.003464,-105.267721,0,0,0,0,NON-INTERSECTION,357,8799
-105.258504,40.020518,Police Collision Report,COLLISION W/ MV - FRONT TO REAR,2000607,2,28TH ST/WALNUT ST,28TH STREET,STATE HWY,310,S ,2020/01/18 00:00:00+00,2020/01/18 10:27:00+00,2020,1,January,10,7,18,Saturday,10,Motorway Collision,Daylight,NONE,Property Damage Only,0,0,0,40.020518,-105.258504,0,0,0,0,DRIVEWAY ACCESS RELATED,1027,8800
-105.280929,40.054625,Police Collision Report,COLLISION W/ MV - FRONT TO REAR,2000649,2,VIOLET AVE/13TH ST,VIOLET AVE,CITY ST/CNTY RD,89,N ,2020/01/17 00:00:00+00,2020/01/17 00:00:00+00,2020,1,January,0,6,17,Friday,0,Motorway Collision,Dark - Unlighted,NONE,Property Damage Only,0,0,0,40.054625,-105.280929,0,0,0,0,NON-INTERSECTION,2200,8801
-105.24066,40.014698,Police Collision Report,COLLISION W/ MV - FRONT TO REAR,2000672,2,FOOTHILLS PKWY/ARAPAHOE AVE,FOOTHILLS PKWY,STATE HWY,50,N ,2020/01/20 00:00:00+00,2020/01/20 09:51:00+00,2020,1,January,9,2,20,Monday,9,Motorway Collision,Daylight,NONE,Possible injury,0,0,0,40.014698,-105.24066,0,0,0,0,INTERSECTION RELATED,950,8802
-105.253688,40.014535,Police Collision Report,COLLISION W/ MV - FRONT TO REAR,2000678,2,ARAPAHOE AVE/30TH ST,ARAPAHOE,STATE HWY,30,W ,2020/01/20 00:00:00+00,2020/01/20 14:03:00+00,2020,1,January,14,2,20,Monday,14,Motorway Collision,Daylight,NONE,Property Damage Only,0,0,0,40.014535,-105.253688,0,0,0,0,INTERSECTION RELATED,1403,8803
-105.26379,40.000067,Police Collision Report,COLLISION W/ MV - FRONT TO REAR,2000204,2,BROADWAY/BASELINE RD,BROADWAY ST,STATE HWY,900,S ,2020/01/07 00:00:00+00,2020/01/07 13:45:00+00,2020,1,January,13,3,7,Tuesday,13,Motorway Collision,Daylight,NONE,Property Damage Only,0,0,0,40.000067,-105.26379,0,0,0,0,DRIVEWAY ACCESS RELATED,1347,8804
-105.258283,40.02052,Police Collision Report,COLLISION W/ MV - FRONT TO REAR,2000235,2,1900  28TH ST      ,1900 28TH ST,,     ,  ,2020/01/07 00:00:00+00,2020/01/07 00:00:00+00,2020,1,January,0,3,7,Tuesday,0,Motorway Collision,Daylight,NONE,Property Damage Only,0,0,0,40.02052,-105.258283,0,0,0,0,PARKING LOT,930,8805
-105.278697,40.014093,Police Collision Report,COLLISION W/ MV - FRONT TO REAR,2000128,2,BROADWAY/ARAPAHOE AVE,BROADWAY,STATE HWY,100,N ,2020/01/05 00:00:00+00,2020/01/05 00:12:00+00,2020,1,January,0,1,5,Sunday,0,Motorway Collision,Dark - Lighted,NONE,Property Damage Only,0,0,0,40.014093,-105.278697,1,1,0,0,NON-INTERSECTION,13,8806
-105.276074,40.01873,Police Collision Report,COLLISION W/ MV - FRONT TO REAR,2000132,2,PEARL ST/15TH ST,15TH ST,CITY ST/CNTY RD,100,N ,2020/01/05 00:00:00+00,2020/01/05 02:12:00+00,2020,1,January,2,1,5,Sunday,2,Motorway Collision,Dark - Lighted,NONE,Property Damage Only,0,0,0,40.01873,-105.276074,0,0,0,0,NON-INTERSECTION,212,8807
-105.225069,40.027648,Police Collision Report,COLLISION W/ MV - FRONT TO REAR,2000171,2,55TH ST/PEARL PKWY,55TH ST,CITY ST/CNTY RD,     ,  ,2020/01/06 00:00:00+00,2020/01/06 16:22:00+00,2020,1,January,16,2,6,Monday,16,Motorway Collision,Dawn or Dusk,NONE,Possible injury,0,0,0,40.027648,-105.225069,0,0,0,0,AT INTERSECTION,1622,8808
-105.2131,40.014835,Police Collision Report,COLLISION W/ MV - FRONT TO REAR,2000175,2,ARAPAHOE AVE/CHERRYVALE RD,ARAPAHOE AVE,STATE HWY,400,W ,2020/01/06 00:00:00+00,2020/01/06 17:23:00+00,2020,1,January,17,2,6,Monday,17,Motorway Collision,Dark - Unlighted,NONE,Possible injury,0,0,0,40.014835,-105.2131,0,0,0,0,INTERSECTION RELATED,1723,8809
-105.246519,40.014636,Police Collision Report,COLLISION W/ MV - FRONT TO REAR,2000160,2,ARAPAHOE AVE/38TH ST,ARAPAHOE AVE,STATE HWY,30,E ,2020/01/06 00:00:00+00,2020/01/06 09:50:00+00,2020,1,January,9,2,6,Monday,9,Motorway Collision,Daylight,NONE,Property Damage Only,0,0,0,40.014636,-105.246519,0,0,0,0,INTERSECTION RELATED,950,8810
-105.263065,40.014614,Police Collision Report,COLLISION W/ MV - FRONT TO REAR,2000035,2,FOLSOM ST/ARAPAHOE AVE,FOLSOM ST,CITY ST/CNTY RD,482,S ,2020/01/02 20:00:00+00,2020/01/02 20:00:00+00,2020,1,January,20,5,2,Thursday,20,Motorway Collision,Daylight,NONE,Property Damage Only,0,0,0,40.014614,-105.263065,0,0,0,0,DRIVEWAY ACCESS RELATED,1316,8811
-105.25371,40.029189,Police Collision Report,COLLISION W/ MV - FRONT TO REAR,2000291,2,30TH ST/VALMONT RD,30TH ST,CITY ST/CNTY RD,570,E ,2020/01/09 00:00:00+00,2020/01/11 00:00:00+00,2020,1,January,0,7,11,Saturday,0,Motorway Collision,Dark - Lighted,NONE,Property Damage Only,0,0,0,40.029189,-105.25371,0,0,0,0,NON-INTERSECTION,1749,8812
-105.24066,40.014698,Police Collision Report,COLLISION W/ MV - FRONT TO REAR,2000276,2,FOOTHILLS PKWY/ARAPAHOE AVE,FOOTHILLS PKY,STATE HWY,75,S ,2020/01/09 00:00:00+00,2020/01/09 14:02:00+00,2020,1,January,14,5,9,Thursday,14,Motorway Collision,Daylight,NONE,Property Damage Only,0,0,0,40.014698,-105.24066,0,0,0,0,INTERSECTION RELATED,1402,8813
-105.258482,40.036463,Police Collision Report,COLLISION W/ MV - FRONT TO REAR,2000332,2,28TH ST/IRIS AVE,DIAGONAL HIGHWAY,CITY ST/CNTY RD,     ,  ,2020/01/11 00:00:00+00,2020/01/11 10:01:00+00,2020,1,January,10,7,11,Saturday,10,Motorway Collision,Daylight,NONE,Possible injury,0,0,0,40.036463,-105.258482,0,0,0,0,AT INTERSECTION,1001,8814
-105.253688,40.014535,Police Collision Report,COLLISION W/ MV - FRONT TO REAR,2000379,2,ARAPAHOE AVE/30TH ST,ARAPAHOE AVE,STATE HWY,     ,  ,2020/01/13 00:00:00+00,2020/01/13 00:00:00+00,2020,1,January,0,2,13,Monday,0,Motorway Collision,Dawn or Dusk,NONE,Property Damage Only,0,0,0,40.014535,-105.253688,0,0,0,0,AT INTERSECTION,630,8815
-105.244862,40.029223,Police Collision Report,COLLISION W/ MV - FRONT TO REAR,2000393,2,FOOTHILLS PKWY/VALMONT RD,FOOTHILLS PKWY,STATE HWY,2100,S ,2020/01/13 00:00:00+00,2020/01/13 09:43:00+00,2020,1,January,9,2,13,Monday,9,Motorway Collision,Daylight,NONE,Property Damage Only,0,0,0,40.029223,-105.244862,0,0,0,0,NON-INTERSECTION,943,8816