X,Y,ReportType,PrmaryCollsionType,CaseNumber,UnitsInvolved,Location,OnHighway,CrossStreet,FeetFromIntersection,DirectionFromIntersection,CollisionDate,ReportedDate,ReportedYear,ReportedMonth,ReportedMonthName,ReportedWeek,ReportedDayofWeekNum,ReportedDayofMonth,ReportedDayofWeek,ReportedHour,HitAndRunStatus,LightingCondition,WeatherCondition,Severity,NumKilled,NumSeriouslyInjured,NumInjuredOrKilled,Lat,Lon,DUI,AlcoholDrugSuspected,BicyclesInvolved,PedestriansInvolved,RoadDescription,Crash_Time,ESRI_OID
-105.258425,40.036444,Police Collision Report,COLLISION W/ MV - FRONT TO REAR,2000409,2,DIAGONAL HWY/28TH ST,DIAGONAL HWY,STATE HWY,10,E ,2020/01/13 00:00:00+00,2020/01/13 15:03:00+00,2020,1,January,15,2,13,Monday,15,Motorway Collision,Daylight,NONE,Possible injury,0,0,0,40.036444,-105.258425,0,0,0,0,INTERSECTION RELATED,1503,8817
-105.225435,40.019582,Police Collision Report,COLLISION W/ MV - FRONT TO REAR,2000453,2,55TH ST/CENTRAL AVE,55TH,CITY ST/CNTY RD,1000,N ,2020/01/14 00:00:00+00,2020/01/14 17:23:00+00,2020,1,January,17,3,14,Tuesday,17,Motorway Collision,Dark - Lighted,NONE,Possible injury,0,0,0,40.019582,-105.225435,0,0,0,0,NON-INTERSECTION,1722,8818
-105.225457,40.023881,Police Collision Report,COLLISION W/ MV - FRONT TO REAR,2000454,2,55TH ST/FLATIRON PKWY,55TH ST,CITY ST/CNTY RD,250,N ,2020/01/14 00:00:00+00,2020/01/14 17:36:00+00,2020,1,January,17,3,14,Tuesday,17,Motorway Collision,Dark - Unlighted,NONE,Property Damage Only,0,0,0,40.023881,-105.225457,0,0,0,0,NON-INTERSECTION,1736,8819
-105.225435,40.019582,Police Collision Report,COLLISION W/ MV - FRONT TO REAR,2000455,2,55TH ST/CENTRAL AVE,55TH,CITY ST/CNTY RD,1000,N ,2020/01/14 00:00:00+00,2020/01/14 17:51:00+00,2020,1,January,17,3,14,Tuesday,17,Motorway Collision,Dark - Lighted,NONE,Incapacitating Injury,0,1,1,40.019582,-105.225435,0,0,0,0,NON-INTERSECTION,1722,8820
-105.258357,40.000215,Police Collision Report,COLLISION W/ MV - FRONT TO REAR,2000430,2,US HIGHWAY 36/BASELINE RD,US HWY 36,STATE HWY,2600,E ,2020/01/14 00:00:00+00,2020/01/14 08:04:00+00,2020,1,January,8,3,14,Tuesday,8,Motorway Collision,Daylight,NONE,Property Damage Only,0,0,0,40.000215,-105.258357,0,0,0,0,PARKING LOT,801,8821
-105.244815,40.02287,Police Collision Report,COLLISION W/ MV - FRONT TO REAR,2000437,2,FOOTHILLS PKWY/PEARL PKWY,FOOTHILLS PKWY,STATE HWY,150,N ,2020/01/14 00:00:00+00,2020/01/14 12:22:00+00,2020,1,January,12,3,14,Tuesday,12,Motorway Collision,Daylight,NONE,Possible injury,0,0,0,40.02287,-105.244815,0,0,0,0,PARKING LOT,1221,8822
-105.258571,40.043598,Police Collision Report,COLLISION W/ MV - FRONT TO REAR,2000508,2,28TH ST/PALO PKWY,28TH,STATE HWY,     ,  ,2020/01/16 00:00:00+00,2020/01/16 00:57:00+00,2020,1,January,0,5,16,Thursday,0,Motorway Collision,Dark - Unlighted,NONE,Property Damage Only,0,0,0,40.043598,-105.258571,0,0,0,0,AT INTERSECTION,100,8823
-105.244862,40.029223,Police Collision Report,COLLISION W/ MV - FRONT TO REAR,2000514,3,FOOTHILLS PKWY/VALMONT RD,FOOTHILLS PARKWAY,STATE HWY,1300,N ,2020/01/16 20:00:00+00,2020/01/16 08:27:00+00,2020,1,January,8,5,16,Thursday,8,Motorway Collision,Daylight,NONE,Possible injury,0,0,0,40.029223,-105.244862,0,0,0,0,NON-INTERSECTION,827,8824
-105.244815,40.02287,Police Collision Report,COLLISION W/ MV - FRONT TO REAR,2000522,3,FOOTHILLS PKWY/PEARL PKWY,FOOTHILLS PKY,STATE HWY,330,N ,2020/01/16 00:00:00+00,2020/01/16 11:55:00+00,2020,1,January,11,5,16,Thursday,11,Motorway Collision,Daylight,NONE,Property Damage Only,0,0,0,40.02287,-105.244815,0,0,0,0,NON-INTERSECTION,1155,8825
-105.244815,40.02287,Police Collision Report,COLLISION W/ MV - FRONT TO REAR,2000523,3,FOOTHILLS PKWY/PEARL PKWY,FOOTHILLS PKWY,STATE HWY,370,N ,2020/01/16 00:00:00+00,2020/01/16 12:09:00+00,2020,1,January,12,5,16,Thursday,12,Motorway Collision,Daylight,NONE,Property Damage Only,0,0,0,40.02287,-105.244815,0,0,0,0,PARKING LOT,1154,8826
-105.244815,40.02287,Police Collision Report,COLLISION W/ MV - FRONT TO REAR,2000525,3,FOOTHILLS PKWY/PEARL PKWY,FOOTHILLS PKY,STATE HWY,325,N ,2020/01/16 20:00:00+00,2020/01/16 12:59:00+00,2020,1,January,12,5,16,Thursday,12,Motorway Collision,Daylight,NONE,Property Damage Only,0,0,0,40.02287,-105.244815,0,0,0,0,NON-INTERSECTION,1259,8827
-105.253634,40.014706,Police Collision Report,COLLISION W/ MV - FRONT TO REAR,2000482,2,30TH ST/ARAPAHOE AVE,30TH STREET,CITY ST/CNTY RD,     ,  ,2020/01/15 00:00:00+00,2020/01/15 10:33:00+00,2020,1,January,10,4,15,Wednesday,10,Motorway Collision,Daylight,NONE,Property Damage Only,0,0,0,40.014706,-105.253634,0,0,0,0,AT INTERSECTION,1033,8828
-105.232572,40.000025,Police Collision Report,COLLISION W/ MV - FRONT TO REAR,2000537,2,FOOTHILLS PKWY/BASELINE RD,FOOTHILLS PKY,STATE HWY,665,N ,2020/01/16 00:00:00+00,2020/01/16 18:10:00+00,2020,1,January,18,5,16,Thursday,18,Motorway Collision,Dark - Lighted,NONE,Property Damage Only,0,0,0,40.000025,-105.232572,0,0,0,0,NON-INTERSECTION,1810,8829
-105.269017,40.014601,Police Collision Report,COLLISION W/ MV - FRONT TO REAR,2000566,2,20TH ST/ARAPAHOE AVE,ARAPAHOE ROAD,CITY ST/CNTY RD,180,E ,2020/01/17 00:00:00+00,2020/01/17 11:28:00+00,2020,1,January,11,6,17,Friday,11,Motorway Collision,Daylight,NONE,Property Damage Only,0,0,0,40.014601,-105.269017,0,0,0,0,NON-INTERSECTION,1128,8830
-105.253105,40.005199,Police Collision Report,COLLISION W/ MV - FRONT TO REAR,2000584,2,E EUCLID AVE/30TH ST,EUCLID AVE,CITY ST/CNTY RD,125,W ,2020/01/16 00:00:00+00,2020/01/16 00:00:00+00,2020,1,January,0,5,16,Thursday,0,Motorway Collision,Dark - Lighted,NONE,Property Damage Only,0,0,0,40.005199,-105.253105,0,0,0,0,DRIVEWAY ACCESS RELATED,1829,8831
-105.263033,40.014644,Police Collision Report,COLLISION W/ MV - FRONT TO REAR,1914456,3,ARAPAHOE AVE/FOLSOM ST,ARAPAHOE,CITY ST/CNTY RD,60,W ,2019/12/10 00:00:00+00,2019/12/10 00:00:00+00,2019,12,December,0,3,10,Tuesday,0,Motorway Collision,Daylight,NONE,Property Damage Only,0,0,0,40.014644,-105.263033,0,0,0,0,NON-INTERSECTION,935,8832
-105.245631,40.022988,Police Collision Report,COLLISION W/ MV - FRONT TO REAR,1914548,2,FOOTHILLS SB OFF RP @ PEARL/PEARL PKWY,S/B FOOTHILLS PARKWAY OFF-RAMP,STATE HWY,     ,  ,2019/12/12 00:00:00+00,2019/12/12 10:55:00+00,2019,12,December,10,5,12,Thursday,10,Motorway Collision,Daylight,NONE,Property Damage Only,0,0,0,40.022988,-105.245631,0,0,0,0,AT INTERSECTION,1055,8833
-105.236099,39.985861,Police Collision Report,COLLISION W/ MV - FRONT TO REAR,1914589,2,TABLE MESA DR/US HIGHWAY 36 ON RAMP,TABLE MESA DRIVE,CITY ST/CNTY RD,     ,  ,2019/12/13 00:00:00+00,2019/12/13 09:42:00+00,2019,12,December,9,6,13,Friday,9,Motorway Collision,Daylight,NONE,Property Damage Only,0,0,0,39.985861,-105.236099,0,0,0,0,AT INTERSECTION,942,8834
-105.264124,40.008197,Police Collision Report,COLLISION W/ MV - FRONT TO REAR,1914486,2,COLORADO AVE/FOLSOM ST,COLORADO,CITY ST/CNTY RD,250,W ,2019/12/10 00:00:00+00,2019/12/10 21:28:00+00,2019,12,December,21,3,10,Tuesday,21,Motorway Collision,Dark - Lighted,NONE,Possible injury,0,0,0,40.008197,-105.264124,0,0,0,0,NON-INTERSECTION,2128,8835
-105.253634,40.014706,Police Collision Report,COLLISION W/ MV - FRONT TO REAR,1914522,2,30TH ST/ARAPAHOE AVE,30TH ST,CITY ST/CNTY RD,200,N ,2019/12/11 00:00:00+00,2019/12/11 16:26:00+00,2019,12,December,16,4,11,Wednesday,16,Motorway Collision,Dawn or Dusk,NONE,Property Damage Only,0,0,0,40.014706,-105.253634,0,0,0,0,NON-INTERSECTION,1626,8836
-105.268275,40.00365,Police Collision Report,COLLISION W/ MV - FRONT TO REAR,1914556,4,BROADWAY/AURORA AVE,BROADWAY,STATE HWY,223,S ,2019/12/12 00:00:00+00,2019/12/12 13:26:00+00,2019,12,December,13,5,12,Thursday,13,Motorway Collision,Daylight,NONE,Possible injury,0,0,0,40.00365,-105.268275,0,0,0,0,NON-INTERSECTION,1325,8837
-105.279657,40.016862,Police Collision Report,COLLISION W/ MV - FRONT TO REAR,1914563,2,BROADWAY/WALNUT ST,BROADWAY,CITY ST/CNTY RD,     ,  ,2019/12/12 00:00:00+00,2019/12/12 14:32:00+00,2019,12,December,14,5,12,Thursday,14,Motorway Collision,Daylight,NONE,Property Damage Only,0,0,0,40.016862,-105.279657,0,0,0,0,INTERSECTION RELATED,1310,8838
-105.258306,40.022242,Police Collision Report,COLLISION W/ MV - FRONT TO REAR,1914628,2,2800  PEARL ST      ,2800 PEARL ST,,     ,  ,2019/12/14 00:00:00+00,2019/12/14 11:07:00+00,2019,12,December,11,7,14,Saturday,11,Motorway Collision,Daylight,NONE,Property Damage Only,0,0,0,40.022242,-105.258306,0,0,0,0,DRIVEWAY ACCESS RELATED,1107,8839
-105.258407,40.022375,Police Collision Report,COLLISION W/ MV - FRONT TO REAR,1914630,2,28TH ST/PEARL ST,28TH STREET,STATE HWY,     ,  ,2019/12/14 00:00:00+00,2019/12/14 13:18:00+00,2019,12,December,13,7,14,Saturday,13,Motorway Collision,Daylight,NONE,Property Damage Only,0,0,0,40.022375,-105.258407,0,0,0,0,AT INTERSECTION,1318,8840
-105.258272,40.017365,Police Collision Report,COLLISION W/ MV - FRONT TO REAR,1914654,2,CANYON BLVD/28TH ST,CANYON BLVD,,50,E ,2019/12/15 00:00:00+00,2019/12/15 14:56:00+00,2019,12,December,14,1,15,Sunday,14,Motorway Collision,Daylight,NONE,Property Damage Only,0,0,0,40.017365,-105.258272,0,0,0,0,AT INTERSECTION,1456,8841
-105.232448,39.987076,Police Collision Report,COLLISION W/ MV - FRONT TO REAR,1914708,2,TABLE MESA DR/FOOTHILLS SB OFF RP @ T MESA,TABLE MESA DR,CITY ST/CNTY RD,     ,  ,2019/12/17 00:00:00+00,2019/12/17 09:33:00+00,2019,12,December,9,3,17,Tuesday,9,Motorway Collision,Daylight,NONE,Property Damage Only,0,0,0,39.987076,-105.232448,0,0,0,0,AT INTERSECTION,930,8842
-105.251195,40.025164,Police Collision Report,COLLISION W/ MV - FRONT TO REAR,1914711,2,2280  JUNCTION PL      ,2280 JUNCTION PL,,     ,  ,2019/12/17 00:00:00+00,2019/12/17 10:14:00+00,2019,12,December,10,3,17,Tuesday,10,Motorway Collision,Daylight,NONE,Property Damage Only,0,0,0,40.025164,-105.251195,0,0,0,0,PARKING LOT,1014,8843
-105.258504,40.020518,Police Collision Report,COLLISION W/ MV - FRONT TO REAR,1914670,2,28TH ST/WALNUT ST,28TH ST,STATE HWY,20,N ,2019/12/16 00:00:00+00,2019/12/16 10:28:00+00,2019,12,December,10,2,16,Monday,10,Motorway Collision,Daylight,NONE,Property Damage Only,0,0,0,40.020518,-105.258504,0,0,0,0,AT INTERSECTION,1028,8844
-105.249862,39.98558,Police Collision Report,COLLISION W/ MV - FRONT TO REAR,1914677,2,S BROADWAY/TABLE MESA DR,BROADWAY,STATE HWY,100,N ,2019/12/16 00:00:00+00,2019/12/16 13:07:00+00,2019,12,December,13,2,16,Monday,13,Motorway Collision,Daylight,NONE,Property Damage Only,0,0,0,39.98558,-105.249862,0,0,0,0,INTERSECTION RELATED,1307,8845
-105.253763,40.037979,Police Collision Report,COLLISION W/ MV - FRONT TO REAR,1914692,3,DIAGONAL HWY/30TH ST,DIAGONAL HWY,STATE HWY,     ,  ,2019/12/16 00:00:00+00,2019/12/16 19:14:00+00,2019,12,December,19,2,16,Monday,19,Motorway Collision,Dark - Lighted,NONE,Property Damage Only,0,0,0,40.037979,-105.253763,0,0,0,0,AT INTERSECTION,1914,8846
-105.258524,40.008127,Police Collision Report,COLLISION W/ MV - FRONT TO REAR,1914424,2,28TH ST/COLORADO AVE,28TH ST,STATE HWY,160,S ,2019/12/09 00:00:00+00,2019/12/09 13:29:00+00,2019,12,December,13,2,9,Monday,13,Motorway Collision,Daylight,NONE,Property Damage Only,0,0,0,40.008127,-105.258524,0,0,0,0,NON-INTERSECTION,1328,8847
-105.236123,39.986006,Police Collision Report,COLLISION W/ MV - FRONT TO REAR,1914425,2,HWY 36 EB OFF RP @ T MESA/TABLE MESA DR,EB HWY 36 EXIT,STATE HWY,     ,  ,2019/12/09 00:00:00+00,2019/12/09 13:45:00+00,2019,12,December,13,2,9,Monday,13,Motorway Collision,Daylight,NONE,Property Damage Only,0,0,0,39.986006,-105.236123,0,0,0,0,AT INTERSECTION,1345,8848
-105.24066,40.014698,Police Collision Report,COLLISION W/ MV - FRONT TO REAR,1914438,2,FOOTHILLS PKWY/ARAPAHOE AVE,FOOTHILLS PKWY,STATE HWY,650,S ,2019/12/09 00:00:00+00,2019/12/09 17:05:00+00,2019,12,December,17,2,9,Monday,17,Motorway Collision,Dark - Unlighted,NONE,Property Damage Only,0,0,0,40.014698,-105.24066,0,0,0,0,INTERSECTION RELATED,1705,8849
-105.225457,40.023881,Police Collision Report,COLLISION W/ MV - FRONT TO REAR,1914440,2,55TH ST/FLATIRON PKWY,55TH STREET,CITY ST/CNTY RD,     ,N ,2019/12/09 00:00:00+00,2019/12/09 17:17:00+00,2019,12,December,17,2,9,Monday,17,Motorway Collision,Dark - Lighted,NONE,Property Damage Only,0,0,0,40.023881,-105.225457,0,0,0,0,NON-INTERSECTION,1717,8850
-105.24066,40.014698,Police Collision Report,COLLISION W/ MV - FRONT TO REAR,1914467,2,FOOTHILLS PKWY/ARAPAHOE AVE,ARAPAAHOE AVE,STATE HWY,     ,  ,2019/12/10 00:00:00+00,2019/12/10 13:46:00+00,2019,12,December,13,3,10,Tuesday,13,Motorway Collision,Daylight,NONE,Property Damage Only,0,0,0,40.014698,-105.24066,0,0,0,0,AT INTERSECTION,1350,8851
-105.249862,39.98558,Police Collision Report,COLLISION W/ MV - FRONT TO REAR,1914471,2,S BROADWAY/TABLE MESA DR,S BROADWAY,STATE HWY,45,N ,2019/12/10 00:00:00+00,2019/12/10 15:17:00+00,2019,12,December,15,3,10,Tuesday,15,Motorway Collision,Daylight,NONE,Property Damage Only,0,0,0,39.98558,-105.249862,0,0,0,0,INTERSECTION RELATED,1517,8852
-105.244815,40.02287,Police Collision Report,COLLISION W/ MV - FRONT TO REAR,1914503,2,FOOTHILLS PKWY/PEARL PKWY,FOOTHILLS PKWY,STATE HWY,200,N ,2019/12/09 00:00:00+00,2019/12/09 00:00:00+00,2019,12,December,0,2,9,Monday,0,Motorway Collision,Daylight,NONE,Property Damage Only,0,0,0,40.02287,-105.244815,0,0,0,0,PARKING LOT,1530,8853
-105.278697,40.014093,Police Collision Report,COLLISION W/ MV - FRONT TO REAR,1914351,2,BROADWAY/ARAPAHOE AVE,BROADWAY,STATE HWY,     ,  ,2019/12/07 00:00:00+00,2019/12/07 14:55:00+00,2019,12,December,14,7,7,Saturday,14,Motorway Collision,Daylight,NONE,Property Damage Only,0,0,0,40.014093,-105.278697,0,0,0,0,AT INTERSECTION,1455,8854
-105.279314,40.015947,Police Collision Report,COLLISION W/ MV - FRONT TO REAR,1914381,3,CANYON BLVD/BROADWAY,CANYON BLVD,STATE HWY,30,W ,2019/12/08 00:00:00+00,2019/12/08 12:24:00+00,2019,12,December,12,1,8,Sunday,12,Motorway Collision,Daylight,NONE,Property Damage Only,0,0,0,40.015947,-105.279314,0,0,0,1,INTERSECTION RELATED,1224,8855
-105.259892,40.000299,Police Collision Report,COLLISION W/ MV - FRONT TO REAR,1914340,2,2630  BASELINE RD      ,2630 BASELINE RD,,     ,  ,2019/12/06 00:00:00+00,2019/12/06 00:00:00+00,2019,12,December,0,6,6,Friday,0,Motorway Collision,Dark - Lighted,NONE,Property Damage Only,0,0,0,40.000299,-105.259892,0,0,0,0,PARKING LOT,1815,8856
-105.258317,40.014664,Police Collision Report,COLLISION W/ MV - FRONT TO REAR,1914344,2,ARAPAHOE AVE/28TH ST,ARAPAHOE AVENUE,STATE HWY,     ,  ,2019/12/06 00:00:00+00,2019/12/06 21:29:00+00,2019,12,December,21,6,6,Friday,21,Motorway Collision,Dark - Lighted,NONE,Property Damage Only,0,0,0,40.014664,-105.258317,0,0,0,0,AT INTERSECTION,1930,8857
-105.283422,40.01316,Police Collision Report,COLLISION W/ MV - FRONT TO REAR,1914348,2,9TH ST/ARAPAHOE AVE,CANYON BOULEVARD,STATE HWY,     ,  ,2019/12/07 00:00:00+00,2019/12/07 14:19:00+00,2019,12,December,14,7,7,Saturday,14,Motorway Collision,Daylight,NONE,Property Damage Only,0,0,0,40.01316,-105.283422,0,0,0,0,AT INTERSECTION,1419,8858
-105.258282,40.014544,Police Collision Report,COLLISION W/ MV - FRONT TO REAR,1914294,2,28TH ST/ARAPAHOE AVE,28TH STREET,STATE HWY,     ,  ,2019/12/06 00:00:00+00,2019/12/06 08:37:00+00,2019,12,December,8,6,6,Friday,8,Motorway Collision,Daylight,NONE,Property Damage Only,0,0,0,40.014544,-105.258282,0,0,0,0,AT INTERSECTION,838,8859
-105.242562,40.022679,Police Collision Report,COLLISION W/ MV - FRONT TO REAR,1914299,2,PEARL PKWY/47TH ST,PEARL STREET,CITY ST/CNTY RD,90,E ,2019/12/06 00:00:00+00,2019/12/06 11:10:00+00,2019,12,December,11,6,6,Friday,11,Motorway Collision,Daylight,NONE,Property Damage Only,0,0,0,40.022679,-105.242562,0,0,0,0,DRIVEWAY ACCESS RELATED,1110,8860
-105.249841,39.97031,Police Collision Report,COLLISION W/ MV - FRONT TO REAR,1914301,2,GILLASPIE DR/KITTRELL CT,GILLASPIE DRIVE,CITY ST/CNTY RD,30,E ,2019/12/06 00:00:00+00,2019/12/06 11:45:00+00,2019,12,December,11,6,6,Friday,11,Motorway Collision,Daylight,NONE,Property Damage Only,0,0,0,39.97031,-105.249841,0,0,0,0,NON-INTERSECTION,1144,8861
-105.263012,40.017354,Police Collision Report,COLLISION W/ MV - FRONT TO REAR,1914734,2,FOLSOM ST/CANYON BLVD,FOLSOM,CITY ST/CNTY RD,100,N ,2019/12/17 00:00:00+00,2019/12/17 16:44:00+00,2019,12,December,16,3,17,Tuesday,16,Motorway Collision,Dawn or Dusk,NONE,Property Damage Only,0,0,0,40.017354,-105.263012,0,0,0,0,INTERSECTION RELATED,1644,8862
-105.263261,40.036431,Police Collision Report,COLLISION W/ MV - FRONT TO REAR,1914773,2,FOLSOM ST/IRIS AVE,FOLSOM ST,CITY ST/CNTY RD,40,S ,2019/12/18 00:00:00+00,2019/12/18 12:03:00+00,2019,12,December,12,4,18,Wednesday,12,Motorway Collision,Daylight,NONE,Property Damage Only,0,0,0,40.036431,-105.263261,0,0,0,0,INTERSECTION RELATED,1203,8863
-105.241711,39.985827,Police Collision Report,COLLISION W/ MV - FRONT TO REAR,1914772,2,S 46TH ST/TABLE MESA DR,TABLE MESA,CITY ST/CNTY RD,     ,  ,2019/12/18 00:00:00+00,2019/12/18 14:36:00+00,2019,12,December,14,4,18,Wednesday,14,Motorway Collision,Daylight,NONE,Possible injury,0,0,0,39.985827,-105.241711,0,0,0,0,AT INTERSECTION,1436,8864
-105.232572,40.000025,Police Collision Report,COLLISION W/ MV - FRONT TO REAR,1914819,2,FOOTHILLS PKWY/BASELINE RD,FOOTHILLS PKY,STATE HWY,     ,  ,2019/12/19 00:00:00+00,2019/12/19 14:31:00+00,2019,12,December,14,5,19,Thursday,14,Motorway Collision,Daylight,NONE,Property Damage Only,0,0,0,40.000025,-105.232572,0,0,0,0,AT INTERSECTION,1431,8865
-105.206739,40.067206,Police Collision Report,COLLISION W/ MV - FRONT TO REAR,1914822,2,SPINE RD/63RD ST,SPINE ROAD,CITY ST/CNTY RD,350,E ,2019/12/19 00:00:00+00,2019/12/19 15:05:00+00,2019,12,December,15,5,19,Thursday,15,Motorway Collision,Daylight,NONE,Property Damage Only,0,0,0,40.067206,-105.206739,0,0,0,0,DRIVEWAY ACCESS RELATED,1505,8866
-105.244862,40.029223,Police Collision Report,COLLISION W/ MV - FRONT TO REAR,1914846,2,FOOTHILLS PKWY/VALMONT RD,FOOTHILLS PARKWAY,STATE HWY,     ,  ,2019/12/20 00:00:00+00,2019/12/20 09:28:00+00,2019,12,December,9,6,20,Friday,9,Motorway Collision,Daylight,NONE,Property Damage Only,0,0,0,40.029223,-105.244862,1,1,0,0,AT INTERSECTION,920,8867
-105.25371,40.029189,Police Collision Report,COLLISION W/ MV - FRONT TO REAR,1914937,2,30TH ST/VALMONT RD,3OTH ST,,80,S ,2019/12/23 00:00:00+00,2019/12/23 14:17:00+00,2019,12,December,14,2,23,Monday,14,Motorway Collision,Daylight,NONE,Property Damage Only,0,0,0,40.029189,-105.25371,0,0,0,0,PARKING LOT,1412,8868
-105.263261,40.036431,Police Collision Report,COLLISION W/ MV - FRONT TO REAR,1914939,2,FOLSOM ST/IRIS AVE,FOLSOM,CITY ST/CNTY RD,75,S ,2019/12/23 00:00:00+00,2019/12/23 14:46:00+00,2019,12,December,14,2,23,Monday,14,Motorway Collision,Daylight,NONE,Property Damage Only,0,0,0,40.036431,-105.263261,0,0,0,0,INTERSECTION RELATED,1446,8869
-105.256927,39.999707,Police Collision Report,COLLISION W/ MV - FRONT TO REAR,1914949,2,US HIGHWAY 36 OFF RAMP/US HIGHWAY 36 OFF RAMP WB,HWY 36 WB OFF RAMP,STATE HWY,     ,  ,2019/12/23 00:00:00+00,2019/12/23 22:34:00+00,2019,12,December,22,2,23,Monday,22,Motorway Collision,Dark - Lighted,NONE,Possible injury,0,0,0,39.999707,-105.256927,0,0,0,0,AT INTERSECTION,2232,8870
-105.253634,40.014706,Police Collision Report,COLLISION W/ MV - FRONT TO REAR,1914856,2,30TH ST/ARAPAHOE AVE,30TH STREET,CITY ST/CNTY RD,70,N ,2019/12/20 00:00:00+00,2019/12/20 12:57:00+00,2019,12,December,12,6,20,Friday,12,Motorway Collision,Daylight,NONE,Possible injury,0,0,0,40.014706,-105.253634,0,0,0,0,DRIVEWAY ACCESS RELATED,1257,8871
-105.263563,40.000114,Police Collision Report,COLLISION W/ MV - FRONT TO REAR,1914879,2,BASELINE RD/BROADWAY,BROADWAY,CITY ST/CNTY RD,     ,  ,2019/12/21 00:00:00+00,2019/12/21 01:25:00+00,2019,12,December,1,7,21,Saturday,1,Motorway Collision,Dark - Lighted,NONE,Property Damage Only,0,0,0,40.000114,-105.263563,0,0,0,0,AT INTERSECTION,125,8872
-105.27038,40.022022,Police Collision Report,COLLISION W/ MV - FRONT TO REAR,1914898,2,20TH ST/PINE ST,20TH ST,CITY ST/CNTY RD,45,S ,2019/12/21 00:00:00+00,2019/12/21 16:39:00+00,2019,12,December,16,7,21,Saturday,16,Motorway Collision,Daylight,NONE,Possible injury,0,0,0,40.022022,-105.27038,0,0,0,0,INTERSECTION RELATED,1639,8873
-105.263012,40.017354,Police Collision Report,COLLISION W/ MV - FRONT TO REAR,1915057,2,FOLSOM ST/CANYON BLVD,CANYON BLVD,CITY ST/CNTY RD,25,E ,2019/12/28 00:00:00+00,2019/12/28 10:30:00+00,2019,12,December,10,7,28,Saturday,10,Motorway Collision,Daylight,NONE,Possible injury,0,0,0,40.017354,-105.263012,0,0,0,0,INTERSECTION RELATED,1030,8874
-105.244862,40.029223,Police Collision Report,COLLISION W/ MV - FRONT TO REAR,1915021,2,FOOTHILLS PKWY/VALMONT RD,VALMONT ROAD,STATE HWY,     ,  ,2019/12/27 00:00:00+00,2019/12/27 12:14:00+00,2019,12,December,12,6,27,Friday,12,Motorway Collision,Daylight,NONE,Property Damage Only,0,0,0,40.029223,-105.244862,0,0,0,0,AT INTERSECTION,1214,8875
-105.282112,40.046385,Police Collision Report,COLLISION W/ MV - FRONT TO REAR,1915024,2,BROADWAY/POPLAR AVE,BROADWAY,CITY ST/CNTY RD,     ,  ,2019/12/27 00:00:00+00,2019/12/27 13:19:00+00,2019,12,December,13,6,27,Friday,13,Motorway Collision,Daylight,NONE,Possible injury,0,0,0,40.046385,-105.282112,0,0,0,0,AT INTERSECTION,1319,8876
-105.258407,40.022375,Police Collision Report,COLLISION W/ MV - FRONT TO REAR,1915025,2,28TH ST/PEARL ST,28TH STREET,STATE HWY,200,S ,2019/12/27 00:00:00+00,2019/12/27 13:42:00+00,2019,12,December,13,6,27,Friday,13,Motorway Collision,Daylight,NONE,Property Damage Only,0,0,0,40.022375,-105.258407,0,0,0,0,NON-INTERSECTION,1342,8877
-105.274653,40.007256,Police Collision Report,COLLISION W/ MV - FRONT TO REAR,1914614,2,COLLEGE AVE/BROADWAY,COLLEGE,STATE HWY,     ,  ,2019/12/13 00:00:00+00,2019/12/13 00:00:00+00,2019,12,December,0,6,13,Friday,0,Motorway Collision,Dark - Unlighted,NONE,Property Damage Only,0,0,0,40.007256,-105.274653,0,0,0,0,AT INTERSECTION,2300,8878
-105.24066,40.014698,Police Collision Report,COLLISION W/ MV - FRONT TO REAR,1915055,2,FOOTHILLS PKWY/ARAPAHOE AVE,FOOTHILLS,CITY ST/CNTY RD,9,S ,2019/12/28 00:00:00+00,2019/12/28 09:29:00+00,2019,12,December,9,7,28,Saturday,9,Motorway Collision,Daylight,NONE,Possible injury,0,0,0,40.014698,-105.24066,0,0,0,0,INTERSECTION RELATED,929,8879
-105.263563,40.000114,Police Collision Report,COLLISION W/ MV - FRONT TO REAR,1915157,2,BASELINE RD/BROADWAY,BASELINE,CITY ST/CNTY RD,30,E ,2019/12/31 00:00:00+00,2019/12/31 15:34:00+00,2019,12,December,15,3,31,Tuesday,15,Motorway Collision,Daylight,NONE,Property Damage Only,0,0,0,40.000114,-105.263563,0,0,0,0,INTERSECTION RELATED,1534,8880
-105.225418,40.014574,Police Collision Report,COLLISION W/ MV - FRONT TO REAR,2000007,2,ARAPAHOE AVE/55TH ST,ARAPAHOE AVE,STATE HWY,20,E ,2020/01/01 00:00:00+00,2020/01/01 10:28:00+00,2020,1,January,10,4,1,Wednesday,10,Motorway Collision,Daylight,NONE,Property Damage Only,0,0,0,40.014574,-105.225418,0,0,0,0,INTERSECTION RELATED,1028,8881
-105.249911,39.985461,Police Collision Report,COLLISION W/ MV - FRONT TO REAR,2000009,2,TABLE MESA DR/S BROADWAY,BROADWAY,STATE HWY,20,N ,2020/01/01 00:00:00+00,2020/01/01 13:53:00+00,2020,1,January,13,4,1,Wednesday,13,Motorway Collision,Daylight,NONE,Property Damage Only,0,0,0,39.985461,-105.249911,0,0,0,0,INTERSECTION RELATED,1353,8882