X,Y,ReportType,PrmaryCollsionType,CaseNumber,UnitsInvolved,Location,OnHighway,CrossStreet,FeetFromIntersection,DirectionFromIntersection,CollisionDate,ReportedDate,ReportedYear,ReportedMonth,ReportedMonthName,ReportedWeek,ReportedDayofWeekNum,ReportedDayofMonth,ReportedDayofWeek,ReportedHour,HitAndRunStatus,LightingCondition,WeatherCondition,Severity,NumKilled,NumSeriouslyInjured,NumInjuredOrKilled,Lat,Lon,DUI,AlcoholDrugSuspected,BicyclesInvolved,PedestriansInvolved,RoadDescription,Crash_Time,ESRI_OID
-105.241353,39.972841,Police Collision Report,COLLISION W/ MV - FRONT TO REAR,1911155,2,1515  GREENBRIAR BLVD      ,GREENBRIAR BLVD,CITY ST/CNTY RD,250,E ,2019/09/19 00:00:00+00,2019/09/19 12:41:00+00,2019,9,September,12,5,19,Thursday,12,Motorway Collision,Daylight,NONE,Property Damage Only,0,0,0,39.972841,-105.241353,0,0,0,0,NON-INTERSECTION,1241,8949
-105.26379,40.000067,Police Collision Report,COLLISION W/ MV - FRONT TO REAR,1911033,2,BROADWAY/BASELINE RD,BROADWAY ST,STATE HWY,500,S ,,2019/09/17 09:07:00+00,2019,9,September,9,3,17,Tuesday,9,Motorway Collision,Daylight,NONE,Possible injury,0,0,0,40.000067,-105.26379,0,0,0,0,INTERSECTION RELATED,905,8950
-105.26255,40.000116,Police Collision Report,COLLISION W/ MV - FRONT TO REAR,1911165,3,2400  BASELINE RD      ,BASELINE ROAD,CITY ST/CNTY RD,40,E ,2019/09/19 00:00:00+00,2019/09/19 15:41:00+00,2019,9,September,15,5,19,Thursday,15,Motorway Collision,Daylight,NONE,Property Damage Only,0,0,0,40.000116,-105.26255,0,0,0,0,INTERSECTION RELATED,1541,8951
-105.258565,40.008102,Police Collision Report,COLLISION W/ MV - FRONT TO REAR,1911094,2,COLORADO AVE/28TH ST,COLORADO AVE,CITY ST/CNTY RD,35,N ,2019/09/18 00:00:00+00,2019/09/18 11:28:00+00,2019,9,September,11,4,18,Wednesday,11,Motorway Collision,Daylight,NONE,Property Damage Only,0,0,0,40.008102,-105.258565,0,0,0,0,INTERSECTION RELATED,1128,8952
-105.232572,40.000025,Police Collision Report,COLLISION W/ MV - FRONT TO REAR,1911097,2,FOOTHILLS PKWY/BASELINE RD,FOOTHILLS AVE,STATE HWY,1080,N ,2019/09/18 00:00:00+00,2019/09/18 11:48:00+00,2019,9,September,11,4,18,Wednesday,11,Motorway Collision,Daylight,NONE,Property Damage Only,0,0,0,40.000025,-105.232572,0,0,0,0,AT INTERSECTION,1148,8953
-105.258524,40.008127,Police Collision Report,COLLISION W/ MV - FRONT TO REAR,1911084,2,28TH ST/COLORADO AVE,28TH STREET,STATE HWY,     ,  ,2019/09/18 00:00:00+00,2019/09/18 08:11:00+00,2019,9,September,8,4,18,Wednesday,8,Motorway Collision,Daylight,NONE,Property Damage Only,0,0,0,40.008127,-105.258524,0,0,0,0,AT INTERSECTION,810,8954
-105.282109,40.034973,Police Collision Report,COLLISION W/ MV - FRONT TO REAR,1911388,2,BROADWAY/HAWTHORN AVE,HAWTHORN AVE,CITY ST/CNTY RD,15,W ,2019/09/24 00:00:00+00,2019/09/24 09:39:00+00,2019,9,September,9,3,24,Tuesday,9,Motorway Collision,Daylight,NONE,Property Damage Only,0,0,0,40.034973,-105.282109,0,0,0,0,AT INTERSECTION,940,8955
-105.242678,39.985853,Police Collision Report,COLLISION W/ MV - FRONT TO REAR,1911431,4,TABLE MESA DR/S 45TH ST,TABLE MESA,CITY ST/CNTY RD,75,E ,2019/09/25 00:00:00+00,2019/09/25 07:46:00+00,2019,9,September,7,4,25,Wednesday,7,Motorway Collision,Daylight,NONE,Possible injury,0,0,0,39.985853,-105.242678,0,0,0,0,NON-INTERSECTION,746,8956
-105.243571,39.985825,Police Collision Report,COLLISION W/ MV - FRONT TO REAR,1911434,2,S 44TH ST/TABLE MESA DR,TABLE MESA,CITY ST/CNTY RD,75,W ,2019/09/25 00:00:00+00,2019/09/25 08:44:00+00,2019,9,September,8,4,25,Wednesday,8,Motorway Collision,Daylight,NONE,Property Damage Only,0,0,0,39.985825,-105.243571,0,0,0,0,NON-INTERSECTION,840,8957
-105.282162,40.062913,Police Collision Report,COLLISION W/ MV - FRONT TO REAR,1911013,3,BROADWAY/FRONT RANGE AVE,BROADWAY,CITY ST/CNTY RD,176,N ,2019/09/16 00:00:00+00,2019/09/16 00:00:00+00,2019,9,September,0,2,16,Monday,0,Motorway Collision,Daylight,NONE,Possible injury,0,0,0,40.062913,-105.282162,0,0,0,0,INTERSECTION RELATED,1715,8958
-105.25439,40.005961,Police Collision Report,COLLISION W/ MV - FRONT TO REAR,1911440,2,ADAMS CIR/KENT ST,ADAMS CIR,CITY ST/CNTY RD,200,W ,2019/09/25 00:00:00+00,2019/09/25 12:00:00+00,2019,9,September,12,4,25,Wednesday,12,Motorway Collision,Daylight,NONE,Property Damage Only,0,0,0,40.005961,-105.25439,0,0,0,0,NON-INTERSECTION,1200,8959
-105.240833,40.014503,Police Collision Report,COLLISION W/ MV - FRONT TO REAR,1911446,2,ARAPAHOE AVE/FOOTHILLS PKWY,ARAPAHOE AVENUE,STATE HWY,     ,  ,2019/09/25 00:00:00+00,2019/09/25 13:21:00+00,2019,9,September,13,4,25,Wednesday,13,Motorway Collision,Daylight,NONE,Possible injury,0,0,0,40.014503,-105.240833,0,0,0,0,AT INTERSECTION,1321,8960
-105.267721,40.003464,Police Collision Report,COLLISION W/ MV - FRONT TO REAR,1911453,2,BROADWAY/20TH ST,BROADWAY,STATE HWY,350,S ,2019/09/25 00:00:00+00,2019/09/25 16:44:00+00,2019,9,September,16,4,25,Wednesday,16,Motorway Collision,Daylight,NONE,Property Damage Only,0,0,0,40.003464,-105.267721,0,0,0,0,NON-INTERSECTION,1644,8961
-105.26379,40.000067,Police Collision Report,COLLISION W/ MV - FRONT TO REAR,1911253,2,BROADWAY/BASELINE RD,BROADWAY,STATE HWY,50,S ,2019/09/21 00:00:00+00,2019/09/21 10:42:00+00,2019,9,September,10,7,21,Saturday,10,Motorway Collision,Daylight,NONE,Property Damage Only,0,0,0,40.000067,-105.26379,0,0,0,0,AT INTERSECTION,1042,8962
-105.26462,40.014613,Police Collision Report,COLLISION W/ MV - FRONT TO REAR,1911256,3,23RD ST/ARAPAHOE AVE,ARAPAHOE AVE,CITY ST/CNTY RD,275,W ,2019/09/21 00:00:00+00,2019/09/21 12:37:00+00,2019,9,September,12,7,21,Saturday,12,Motorway Collision,Daylight,NONE,Possible injury,0,0,0,40.014613,-105.26462,0,0,0,0,INTERSECTION RELATED,1237,8963
-105.282073,40.024462,Police Collision Report,COLLISION W/ MV - FRONT TO REAR,1911257,2,BROADWAY/NORTH ST,BROADWAY,CITY ST/CNTY RD,150,N ,2019/09/21 00:00:00+00,2019/09/21 12:18:00+00,2019,9,September,12,7,21,Saturday,12,Motorway Collision,Daylight,NONE,Property Damage Only,0,0,0,40.024462,-105.282073,0,0,0,0,INTERSECTION RELATED,850,8964
-105.239567,40.008522,Police Collision Report,COLLISION W/ MV - FRONT TO REAR,1910411,2,FOOTHILLS PKWY/COLORADO AVE,FOOTHILLS PKWY,STATE HWY,     ,  ,2019/09/04 00:00:00+00,2019/09/04 00:00:00+00,2019,9,September,0,4,4,Wednesday,0,Motorway Collision,Daylight,NONE,Possible injury,0,0,0,40.008522,-105.239567,0,0,0,0,AT INTERSECTION,1810,8965
-105.232572,40.000025,Police Collision Report,COLLISION W/ MV - FRONT TO REAR,1911334,2,FOOTHILLS PKWY/BASELINE RD,FOOTHILLS PKWY,STATE HWY,70,N ,2019/09/23 00:00:00+00,2019/09/23 09:06:00+00,2019,9,September,9,2,23,Monday,9,Motorway Collision,Daylight,NONE,Possible injury,0,0,0,40.000025,-105.232572,0,0,0,0,NON-INTERSECTION,908,8966
-105.234743,39.986514,Police Collision Report,COLLISION W/ MV - FRONT TO REAR,1911338,2,US HIGHWAY 36/TABLE MESA DR,US HWY 36,STATE HWY,40,W ,2019/09/23 00:00:00+00,2019/09/23 10:57:00+00,2019,9,September,10,2,23,Monday,10,Motorway Collision,Daylight,NONE,Property Damage Only,0,0,0,39.986514,-105.234743,0,0,0,0,NON-INTERSECTION,1057,8967
-105.258565,40.008102,Police Collision Report,COLLISION W/ MV - FRONT TO REAR,2001269,2,COLORADO AVE/28TH ST,COLORADO AVENUE,CITY ST/CNTY RD,100,W ,2020/02/04 00:00:00+00,2020/02/04 15:35:00+00,2020,2,February,15,3,4,Tuesday,15,Motorway Collision,Daylight,NONE,Possible injury,0,0,0,40.008102,-105.258565,0,0,0,0,NON-INTERSECTION,1535,8968
-105.232572,40.000025,Police Collision Report,COLLISION W/ MV - FRONT TO REAR,1913779,2,FOOTHILLS PKWY/BASELINE RD,FOOTHILLS PARKWAY,STATE HWY,     ,  ,2019/11/21 00:00:00+00,2019/11/21 10:35:00+00,2019,11,November,10,5,21,Thursday,10,Motorway Collision,Daylight,NONE,Property Damage Only,0,0,0,40.000025,-105.232572,0,0,0,0,AT INTERSECTION,1035,8969
-105.258504,40.020518,Police Collision Report,COLLISION W/ MV - FRONT TO REAR,1913981,2,28TH ST/WALNUT ST,PEARL STREET,STATE HWY,     ,  ,2019/11/27 00:00:00+00,2019/11/27 09:21:00+00,2019,11,November,9,4,27,Wednesday,9,Motorway Collision,Daylight,NONE,Possible injury,0,0,0,40.020518,-105.258504,0,0,0,0,AT INTERSECTION,919,8970
-105.260198,40.000304,Police Collision Report,COLLISION W/ MV - FRONT TO REAR,1912116,2,BASELINE RD/27TH WAY,BASELINE ROAD,STATE HWY,     ,  ,2019/10/10 00:00:00+00,2019/10/10 12:33:00+00,2019,10,October,12,5,10,Thursday,12,Motorway Collision,Daylight,NONE,Property Damage Only,0,0,0,40.000304,-105.260198,0,0,0,0,AT INTERSECTION,1233,8971
-105.258524,40.008127,Police Collision Report,COLLISION W/ MV - FRONT TO REAR,1912118,3,28TH ST/COLORADO AVE,28TH STREET,STATE HWY,     ,  ,2019/10/10 00:00:00+00,2019/10/10 13:18:00+00,2019,10,October,13,5,10,Thursday,13,Motorway Collision,Daylight,NONE,Property Damage Only,0,0,0,40.008127,-105.258524,0,0,0,0,AT INTERSECTION,1318,8972
-105.28315,40.007274,Police Collision Report,COLLISION W/ MV - FRONT TO REAR,2001188,2,COLLEGE AVE/GRANT PL,COLLEGE,CITY ST/CNTY RD,100,W ,2020/02/02 00:00:00+00,2020/02/02 20:43:00+00,2020,2,February,20,1,2,Sunday,20,Motorway Collision,Dark - Lighted,NONE,Property Damage Only,0,0,0,40.007274,-105.28315,0,0,0,0,NON-INTERSECTION,2155,8973
-105.258504,40.020518,Police Collision Report,COLLISION W/ MV - FRONT TO REAR,2001124,3,28TH ST/WALNUT ST,28TH ST,STATE HWY,455,S ,2020/02/01 00:00:00+00,2020/02/01 15:36:00+00,2020,2,February,15,7,1,Saturday,15,Motorway Collision,Daylight,NONE,Possible injury,0,0,0,40.020518,-105.258504,0,0,0,0,INTERSECTION RELATED,1536,8974
-105.232448,39.987076,Police Collision Report,COLLISION W/ MV - FRONT TO REAR,2001086,2,TABLE MESA DR/FOOTHILLS SB OFF RP @ T MESA,FOOTHILLS PARKWAY,STATE HWY,1000,N ,2020/01/31 00:00:00+00,2020/01/31 17:46:00+00,2020,1,January,17,6,31,Friday,17,Motorway Collision,Dark - Unlighted,NONE,Property Damage Only,0,0,0,39.987076,-105.232448,0,0,0,0,NON-INTERSECTION,1745,8975
-105.258482,40.036463,Police Collision Report,COLLISION W/ MV - FRONT TO REAR,2001162,2,28TH ST/IRIS AVE,28TH ST,STATE HWY,468,S ,2020/02/02 00:00:00+00,2020/02/02 11:13:00+00,2020,2,February,11,1,2,Sunday,11,Motorway Collision,Daylight,NONE,Property Damage Only,0,0,0,40.036463,-105.258482,0,0,0,0,NON-INTERSECTION,1115,8976
-105.253763,40.037979,Police Collision Report,COLLISION W/ MV - FRONT TO REAR,1910556,2,DIAGONAL HWY/30TH ST,DIAGONAL HWY,STATE HWY,55,W ,2019/09/07 00:00:00+00,2019/09/07 11:15:00+00,2019,9,September,11,7,7,Saturday,11,Motorway Collision,Daylight,NONE,Property Damage Only,0,0,0,40.037979,-105.253763,0,0,0,0,INTERSECTION RELATED,1111,8977
-105.272587,40.014585,Police Collision Report,COLLISION W/ MV - FRONT TO REAR,1910608,2,17TH ST/ARAPAHOE AVE,17TH ST,CITY ST/CNTY RD,100,S ,2019/09/08 01:26:59+00,2019/09/08 01:27:00+00,2019,9,September,1,1,8,Sunday,1,Motorway Collision,Dark - Lighted,NONE,Property Damage Only,0,0,0,40.014585,-105.272587,1,1,0,0,INTERSECTION RELATED,102,8978
-105.269561,40.00444,Police Collision Report,COLLISION W/ MV - FRONT TO REAR,1910442,2,18TH ST/BROADWAY,18TH ST,CITY ST/CNTY RD,28,W ,2019/09/05 00:00:00+00,2019/09/05 12:47:00+00,2019,9,September,12,5,5,Thursday,12,Motorway Collision,Daylight,NONE,Property Damage Only,0,0,0,40.00444,-105.269561,0,0,0,0,NON-INTERSECTION,1248,8979
-105.253143,40.002729,Police Collision Report,COLLISION W/ MV - FRONT TO REAR,1910458,2,30TH ST/BIXBY AVE,30TH ST,CITY ST/CNTY RD,10,N ,2019/09/05 00:00:00+00,2019/09/05 17:06:00+00,2019,9,September,17,5,5,Thursday,17,Motorway Collision,Daylight,NONE,Non-Incapacitating Injury,0,0,1,40.002729,-105.253143,0,0,0,0,INTERSECTION RELATED,1706,8980
-105.188054,40.072776,Police Collision Report,COLLISION W/ MV - FRONT TO REAR,1910462,2,71ST ST/LOOKOUT RD,LOOKOUT ROAD,CITY ST/CNTY RD,500,W ,2019/09/05 00:00:00+00,2019/09/05 17:37:00+00,2019,9,September,17,5,5,Thursday,17,Motorway Collision,Daylight,NONE,Possible injury,0,0,0,40.072776,-105.188054,0,0,0,0,NON-INTERSECTION,1737,8981
-105.276298,40.009488,Police Collision Report,COLLISION W/ MV - FRONT TO REAR,1910486,2,13TH ST/BROADWAY,BROADWAY,STATE HWY,     ,  ,2019/09/06 00:00:00+00,2019/09/06 07:46:00+00,2019,9,September,7,6,6,Friday,7,Motorway Collision,Daylight,NONE,Property Damage Only,0,0,0,40.009488,-105.276298,0,0,0,0,INTERSECTION RELATED,746,8982
-105.249347,40.029229,Police Collision Report,COLLISION W/ MV - FRONT TO REAR,1909907,2,VALMONT RD/34TH ST,VALMONT ROAD,CITY ST/CNTY RD,260,S ,2019/08/27 00:00:00+00,2019/08/27 08:09:00+00,2019,8,August,8,3,27,Tuesday,8,Motorway Collision,Daylight,NONE,Property Damage Only,0,0,0,40.029229,-105.249347,0,0,0,0,NON-INTERSECTION,810,8983
-105.25371,40.029189,Police Collision Report,COLLISION W/ MV - FRONT TO REAR,1909883,3,30TH ST/VALMONT RD,30TH ST,CITY ST/CNTY RD,57,W ,2019/08/26 00:00:00+00,2019/08/26 13:35:00+00,2019,8,August,13,2,26,Monday,13,Motorway Collision,Daylight,NONE,Possible injury,0,0,0,40.029189,-105.25371,0,0,0,0,NON-INTERSECTION,1335,8984
-105.279883,40.009481,Police Collision Report,COLLISION W/ MV - FRONT TO REAR,1909832,2,1001  PLEASANT ST      ,10TH,CITY ST/CNTY RD,     ,  ,2019/08/25 00:00:00+00,2019/08/25 10:17:00+00,2019,8,August,10,1,25,Sunday,10,Motorway Collision,Daylight,NONE,Property Damage Only,0,0,0,40.009481,-105.279883,0,0,0,0,NON-INTERSECTION,1016,8985
-105.278696,40.011535,Police Collision Report,COLLISION W/ MV - FRONT TO REAR,1909656,2,11TH ST/GRANDVIEW AVE,11TH ST,CITY ST/CNTY RD,35,N ,2019/08/23 00:00:00+00,2019/08/23 16:11:00+00,2019,8,August,16,6,23,Friday,16,Motorway Collision,Daylight,NONE,Property Damage Only,0,0,0,40.011535,-105.278696,0,0,0,0,INTERSECTION RELATED,1611,8986
-105.280342,40.018923,Police Collision Report,COLLISION W/ MV - FRONT TO REAR,1909717,2,SPRUCE ST/BROADWAY,BROADWAY,CITY ST/CNTY RD,     ,  ,2019/08/24 00:00:00+00,2019/08/24 10:54:00+00,2019,8,August,10,7,24,Saturday,10,Motorway Collision,Daylight,NONE,Property Damage Only,0,0,0,40.018923,-105.280342,0,0,0,0,AT INTERSECTION,1054,8987
-105.258516,40.040103,Police Collision Report,COLLISION W/ MV - FRONT TO REAR,1909736,4,28TH ST/KALMIA AVE,28TH ST,STATE HWY,110,S ,2019/08/24 00:00:00+00,2019/08/24 17:16:00+00,2019,8,August,17,7,24,Saturday,17,Motorway Collision,Daylight,NONE,Non-Incapacitating Injury,0,0,1,40.040103,-105.258516,0,0,0,0,INTERSECTION RELATED,1716,8988
-105.263356,40.022398,Police Collision Report,COLLISION W/ MV - FRONT TO REAR,1910005,3,FOLSOM ST/SPRUCE ST,FOLSOM ST,CITY ST/CNTY RD,50,N ,2019/08/28 00:00:00+00,2019/08/28 16:50:00+00,2019,8,August,16,4,28,Wednesday,16,Motorway Collision,Daylight,NONE,Possible injury,0,0,0,40.022398,-105.263356,0,0,0,0,NON-INTERSECTION,1551,8989
-105.239593,39.985887,Police Collision Report,COLLISION W/ MV - FRONT TO REAR,1910015,2,TABLE MESA DR/TANTRA DR,TABLE MESA DR,CITY ST/CNTY RD,     ,  ,2019/08/28 00:00:00+00,2019/08/28 20:07:00+00,2019,8,August,20,4,28,Wednesday,20,Motorway Collision,Dark - Lighted,NONE,Property Damage Only,0,0,0,39.985887,-105.239593,0,0,0,0,AT INTERSECTION,2007,8990
-105.232572,40.000025,Police Collision Report,COLLISION W/ MV - FRONT TO REAR,1910039,2,FOOTHILLS PKWY/BASELINE RD,FOOTHILLS PARKWAY,STATE HWY,     ,  ,2019/08/29 00:00:00+00,2019/08/29 12:17:00+00,2019,8,August,12,5,29,Thursday,12,Motorway Collision,Daylight,NONE,Property Damage Only,0,0,0,40.000025,-105.232572,0,0,0,0,AT INTERSECTION,1217,8991
-105.249862,39.98558,Police Collision Report,COLLISION W/ MV - FRONT TO REAR,1910044,2,S BROADWAY/TABLE MESA DR,BROADWAY,STATE HWY,     ,  ,2019/08/28 00:00:00+00,2019/08/29 13:13:00+00,2019,8,August,13,5,29,Thursday,13,Motorway Collision,Dark - Lighted,NONE,Possible injury,0,0,0,39.98558,-105.249862,0,0,0,0,AT INTERSECTION,2045,8992
-105.280704,40.019902,Police Collision Report,COLLISION W/ MV - FRONT TO REAR,1910052,2,BROADWAY/PINE ST,BROADWAY,CITY ST/CNTY RD,     ,  ,2019/08/29 00:00:00+00,2019/08/29 17:22:00+00,2019,8,August,17,5,29,Thursday,17,Motorway Collision,Daylight,NONE,Property Damage Only,0,0,0,40.019902,-105.280704,0,0,0,0,AT INTERSECTION,1722,8993
-105.24066,40.014698,Police Collision Report,COLLISION W/ MV - FRONT TO REAR,1910092,2,FOOTHILLS PKWY/ARAPAHOE AVE,CO 157,STATE HWY,50,E ,2019/08/30 00:00:00+00,2019/08/30 07:26:00+00,2019,8,August,7,6,30,Friday,7,Motorway Collision,Daylight,NONE,Possible injury,0,0,0,40.014698,-105.24066,0,0,0,0,INTERSECTION RELATED,726,8994
-105.261628,40.014585,Police Collision Report,COLLISION W/ MV - FRONT TO REAR,1910141,2,2525  ARAPAHOE AVE      ,ARAPAHOE AVE,CITY ST/CNTY RD,     ,  ,2019/08/30 00:00:00+00,2019/08/30 20:20:00+00,2019,8,August,20,6,30,Friday,20,Motorway Collision,Dark - Lighted,NONE,Property Damage Only,0,0,0,40.014585,-105.261628,0,0,0,0,AT INTERSECTION,2020,8995
-105.258322,40.020492,Police Collision Report,COLLISION W/ MV - FRONT TO REAR,1909943,2,WALNUT ST/28TH ST,WALNUT ST.,,200,E ,2019/08/27 00:00:00+00,2019/08/27 17:33:00+00,2019,8,August,17,3,27,Tuesday,17,Motorway Collision,Daylight,NONE,Property Damage Only,0,0,0,40.020492,-105.258322,0,0,0,0,INTERSECTION RELATED,1732,8996
-105.253677,40.029218,Police Collision Report,COLLISION W/ MV - FRONT TO REAR,1909964,3,VALMONT RD/30TH ST,VALMONT ROAD,CITY ST/CNTY RD,215,W ,2019/08/28 00:00:00+00,2019/08/28 09:04:00+00,2019,8,August,9,4,28,Wednesday,9,Motorway Collision,Daylight,NONE,Property Damage Only,0,0,0,40.029218,-105.253677,0,0,0,0,DRIVEWAY ACCESS RELATED,903,8997
-105.244862,40.029223,Police Collision Report,COLLISION W/ MV - FRONT TO REAR,1909992,2,FOOTHILLS PKWY/VALMONT RD,VALMONT RD,STATE HWY,     ,  ,2019/08/28 00:00:00+00,2019/08/28 14:16:00+00,2019,8,August,14,4,28,Wednesday,14,Motorway Collision,Daylight,NONE,Possible injury,0,0,0,40.029223,-105.244862,0,0,0,0,AT INTERSECTION,1415,8998
-105.232572,40.000025,Police Collision Report,COLLISION W/ MV - FRONT TO REAR,1909993,2,FOOTHILLS PKWY/BASELINE RD,FOOTHILLS PKWY,STATE HWY,300,S ,2019/08/28 00:00:00+00,2019/08/28 14:45:00+00,2019,8,August,14,4,28,Wednesday,14,Motorway Collision,Daylight,NONE,Property Damage Only,0,0,0,40.000025,-105.232572,0,0,0,0,INTERSECTION RELATED,1444,8999
-105.258504,40.020518,Police Collision Report,COLLISION W/ MV - FRONT TO REAR,1909994,2,28TH ST/WALNUT ST,28TH STREET,STATE HWY,100,N ,2019/08/28 00:00:00+00,2019/08/28 14:52:00+00,2019,8,August,14,4,28,Wednesday,14,Motorway Collision,Daylight,NONE,Property Damage Only,0,0,0,40.020518,-105.258504,0,0,0,0,INTERSECTION RELATED,1452,9000
-105.258282,40.014544,Police Collision Report,COLLISION W/ MV - FRONT TO REAR,1910000,2,28TH ST/ARAPAHOE AVE,28TH ST,STATE HWY,40,N ,2019/08/28 00:00:00+00,2019/08/28 16:28:00+00,2019,8,August,16,4,28,Wednesday,16,Motorway Collision,Daylight,NONE,Property Damage Only,0,0,0,40.014544,-105.258282,0,0,0,0,INTERSECTION RELATED,1631,9001
-105.23281,39.999988,Police Collision Report,COLLISION W/ MV - FRONT TO REAR,1909341,3,BASELINE RD/FOOTHILLS PKWY,BASELINE,STATE HWY,     ,  ,2019/08/18 00:00:00+00,2019/08/18 08:52:00+00,2019,8,August,8,1,18,Sunday,8,Motorway Collision,Daylight,NONE,Possible injury,0,0,0,39.999988,-105.23281,0,0,0,0,INTERSECTION RELATED,852,9002
-105.294795,40.013938,Police Collision Report,COLLISION W/ MV - FRONT TO REAR,1909346,2,PEARL ST/CANYON BLVD,PEARL ST,STATE HWY,474,E ,2019/08/18 00:00:00+00,2019/08/18 10:49:00+00,2019,8,August,10,1,18,Sunday,10,Motorway Collision,Daylight,NONE,Possible injury,0,0,0,40.013938,-105.294795,0,0,0,0,NON-INTERSECTION,1049,9003
-105.24066,40.014698,Police Collision Report,COLLISION W/ MV - FRONT TO REAR,1909320,2,FOOTHILLS PKWY/ARAPAHOE AVE,FOOTHILLS PKY,STATE HWY,405,S ,2019/08/17 00:00:00+00,2019/08/17 16:44:00+00,2019,8,August,16,7,17,Saturday,16,Motorway Collision,Daylight,NONE,Property Damage Only,0,0,0,40.014698,-105.24066,0,0,0,0,INTERSECTION RELATED,1644,9004
-105.260159,40.000452,Police Collision Report,COLLISION W/ MV - FRONT TO REAR,1909261,2,27TH WAY/BASELINE RD,BASELINE RD,STATE HWY,60,W ,2019/08/16 00:00:00+00,2019/08/16 13:07:00+00,2019,8,August,13,6,16,Friday,13,Motorway Collision,Daylight,NONE,Property Damage Only,0,0,0,40.000452,-105.260159,0,0,0,0,INTERSECTION RELATED,1307,9005
-105.258504,40.020518,Police Collision Report,COLLISION W/ MV - FRONT TO REAR,1909268,2,28TH ST/WALNUT ST,28TH STREET,STATE HWY,225,N ,2019/08/16 00:00:00+00,2019/08/16 14:32:00+00,2019,8,August,14,6,16,Friday,14,Motorway Collision,Daylight,NONE,Possible injury,0,0,0,40.020518,-105.258504,0,0,0,0,INTERSECTION RELATED,1432,9006
-105.258524,40.008127,Police Collision Report,COLLISION W/ MV - FRONT TO REAR,1909270,2,28TH ST/COLORADO AVE,COLORADO AVE,CITY ST/CNTY RD,118,W ,2019/08/16 00:00:00+00,2019/08/16 14:31:00+00,2019,8,August,14,6,16,Friday,14,Motorway Collision,Daylight,NONE,Property Damage Only,0,0,0,40.008127,-105.258524,0,0,0,0,NON-INTERSECTION,1431,9007
-105.25831,40.022375,Police Collision Report,COLLISION W/ MV - FRONT TO REAR,1909202,2,PEARL ST/28TH ST,FOOTHILLS PARKWAY,STATE HWY,     ,  ,2019/08/15 00:00:00+00,2019/08/15 08:47:00+00,2019,8,August,8,5,15,Thursday,8,Motorway Collision,Daylight,NONE,Property Damage Only,0,0,0,40.022375,-105.25831,0,0,0,0,AT INTERSECTION,847,9008
-105.225348,40.000086,Police Collision Report,COLLISION W/ MV - FRONT TO REAR,1909200,3,BASELINE RD/55TH ST,BASELINE ROAD,CITY ST/CNTY RD,250,W ,2019/08/15 00:00:00+00,2019/08/15 09:06:00+00,2019,8,August,9,5,15,Thursday,9,Motorway Collision,Daylight,NONE,Property Damage Only,0,0,0,40.000086,-105.225348,0,0,0,0,INTERSECTION RELATED,908,9009
-105.244261,40.038483,Police Collision Report,COLLISION W/ MV - FRONT TO REAR,1909183,2,47TH ST/DIAGONAL HWY,47TH STREET,CITY ST/CNTY RD,25,N ,2019/08/14 00:00:00+00,2019/08/14 15:35:00+00,2019,8,August,15,4,14,Wednesday,15,Motorway Collision,Daylight,NONE,Possible injury,0,0,0,40.038483,-105.244261,0,0,0,0,INTERSECTION RELATED,1535,9010
-105.253595,40.023261,Police Collision Report,COLLISION W/ MV - FRONT TO REAR,1909147,2,PEARL ST/30TH ST,PEARL ST,CITY ST/CNTY RD,100,W ,2019/08/13 00:00:00+00,2019/08/13 20:30:00+00,2019,8,August,20,3,13,Tuesday,20,Motorway Collision,Dark - Lighted,NONE,Possible injury,0,0,0,40.023261,-105.253595,0,0,0,0,INTERSECTION RELATED,2030,9011
-105.235491,40.014695,Police Collision Report,COLLISION W/ MV - FRONT TO REAR,1909163,2,4747  ARAPAHOE AVE      ,4747 ARAPAHOE AVE,,     ,  ,2019/08/14 00:00:00+00,2019/08/14 09:09:00+00,2019,8,August,9,4,14,Wednesday,9,Motorway Collision,Daylight,NONE,Property Damage Only,0,0,0,40.014695,-105.235491,0,0,0,0,DRIVEWAY ACCESS RELATED,1030,9012
-105.256668,40.000069,Police Collision Report,COLLISION W/ MV - FRONT TO REAR,1909164,2,HWY 36 WB ON RP @ BASELINE EB/BASELINE RD,W/B US 36,STATE HWY,     ,  ,2019/08/14 00:00:00+00,2019/08/14 09:18:00+00,2019,8,August,9,4,14,Wednesday,9,Motorway Collision,Daylight,NONE,Possible injury,0,0,0,40.000069,-105.256668,0,0,0,0,NON-INTERSECTION,918,9013
-105.258317,40.014664,Police Collision Report,COLLISION W/ MV - FRONT TO REAR,1909166,2,ARAPAHOE AVE/28TH ST,ARAPAHOE AVE,STATE HWY,     ,  ,2019/08/14 00:00:00+00,2019/08/14 09:52:00+00,2019,8,August,9,4,14,Wednesday,9,Motorway Collision,Daylight,NONE,Property Damage Only,0,0,0,40.014664,-105.258317,0,0,0,0,AT INTERSECTION,952,9014
-105.235207,39.999986,Police Collision Report,COLLISION W/ MV - FRONT TO REAR,1909212,2,4800  BASELINE RD      ,4800 BASELINE RD A109,,     ,  ,2019/08/15 00:00:00+00,2019/08/15 12:27:00+00,2019,8,August,12,5,15,Thursday,12,Motorway Collision,Daylight,NONE,Property Damage Only,0,0,0,39.999986,-105.235207,0,0,0,0,PARKING LOT,1130,9015