X,Y,ReportType,PrmaryCollsionType,CaseNumber,UnitsInvolved,Location,OnHighway,CrossStreet,FeetFromIntersection,DirectionFromIntersection,CollisionDate,ReportedDate,ReportedYear,ReportedMonth,ReportedMonthName,ReportedWeek,ReportedDayofWeekNum,ReportedDayofMonth,ReportedDayofWeek,ReportedHour,HitAndRunStatus,LightingCondition,WeatherCondition,Severity,NumKilled,NumSeriouslyInjured,NumInjuredOrKilled,Lat,Lon,DUI,AlcoholDrugSuspected,BicyclesInvolved,PedestriansInvolved,RoadDescription,Crash_Time,ESRI_OID
-105.264658,40.01464,Police Collision Report,Counter Report,1812833,2,ARAPAHOE AVE/23RD ST,ARAPAHOE AVE,CITY ST/CNTY RD,60,E ,2018/10/03 00:00:00+00,2018/10/03 17:23:00+00,2018,10,October,17,4,3,Wednesday,17,Motorway Collision,Daylight,NONE,Incapacitating Injury,0,1,1,40.01464,-105.264658,0,0,0,0,DRIVEWAY ACCESS RELATED,1330,9149
-105.258306,40.022242,Police Collision Report,Counter Report,1814807,2,2800  PEARL ST      ,3275 28TH ST,,     ,  ,2018/11/16 17:24:00+00,2018/11/16 17:24:00+00,2018,11,November,17,6,16,Friday,17,Motorway Collision,Daylight,NONE,Property Damage Only,0,0,0,40.022242,-105.258306,0,0,0,0,PARKING LOT,1600,9150
-105.241998,40.022493,Police Collision Report,Counter Report,1902412,2,4740  PEARL PKWY      ,4740 PEARL PKWY PARKING LOT,,     ,  ,2019/03/06 00:00:00+00,2019/03/06 15:39:00+00,2019,3,March,15,4,6,Wednesday,15,Motorway Collision,Daylight,NONE,Property Damage Only,0,0,0,40.022493,-105.241998,0,0,0,0,PARKING LOT,1535,9151
-105.201245,40.072777,Police Collision Report,Counter Report,1904925,2,6550  LOOKOUT RD      ,6550 LOOKOUT RD,,     ,  ,2019/05/07 00:00:00+00,2019/05/07 16:23:00+00,2019,5,May,16,3,7,Tuesday,16,Motorway Collision,Daylight,NONE,Property Damage Only,0,0,0,40.072777,-105.201245,0,0,0,0,PARKING LOT,1245,9152
-105.250223,40.005965,Police Collision Report,Counter Report,1807296,2,3303  MADISON AVE      ,3303 MADISON AVE,,     ,  ,2018/06/14 00:00:00+00,2018/06/14 14:53:00+00,2018,6,June,14,5,14,Thursday,14,Motorway Collision,Daylight,NONE,Property Damage Only,0,0,0,40.005965,-105.250223,0,0,0,0,PARKING LOT,1453,9153
-105.261372,40.024981,Police Collision Report,Counter Report,1801070,2,2635  MAPLETON AVE 182    ,2635 MAPLETON AVE,,     ,  ,2018/01/27 00:00:00+00,2018/01/27 17:51:00+00,2018,1,January,17,7,27,Saturday,17,Motorway Collision,Dawn or Dusk,NONE,Property Damage Only,0,0,0,40.024981,-105.261372,0,0,0,0,NON-INTERSECTION,1712,9154
-105.218758,39.993142,Police Collision Report,Counter Report,1801136,2,5660  SIOUX DR      ,5660 SIOUX RD,,     ,  ,2018/01/29 00:00:00+00,2018/01/29 16:00:00+00,2018,1,January,16,2,29,Monday,16,Motorway Collision,Daylight,NONE,Property Damage Only,0,0,0,39.993142,-105.218758,0,0,0,0,PARKING LOT,1601,9155
-105.244234,40.042815,Police Collision Report,NON-COLLISION - OTHER NON-COLLISION,1903640,1,3805  47TH ST      ,3805 47TH ST,,     ,  ,2019/04/06 00:00:00+00,2019/04/06 11:10:00+00,2019,4,April,11,7,6,Saturday,11,Motorway Collision,Daylight,NONE,Incapacitating Injury,0,1,1,40.042815,-105.244234,0,0,1,0,PARKING LOT,1110,9156
-105.276658,40.016326,Police Collision Report,NON-COLLISION - OTHER NON-COLLISION,1903737,2,CANYON BLVD/14TH ST,CANYON BLVD,STATE HWY,     ,  ,2019/04/08 00:00:00+00,2019/04/08 14:24:00+00,2019,4,April,14,2,8,Monday,14,Motorway Collision,Daylight,NONE,Possible injury,0,0,0,40.016326,-105.276658,0,0,1,0,AT INTERSECTION,1443,9157
-105.272734,40.054671,Police Collision Report,NON-COLLISION - OTHER NON-COLLISION,1905836,1,VIOLET AVE/19TH ST,VIOLET AVENUE,CITY ST/CNTY RD,360,W ,2019/05/29 00:00:00+00,2019/05/29 19:33:00+00,2019,5,May,19,4,29,Wednesday,19,Motorway Collision,Daylight,NONE,Property Damage Only,0,0,0,40.054671,-105.272734,0,0,0,0,NON-INTERSECTION,1933,9158
-105.255432,40.03642,Police Collision Report,NON-COLLISION - OTHER NON-COLLISION,1905929,1,2900  IRIS AVE      ,2972 IRIS AVE,CITY ST/CNTY RD,     ,  ,2019/05/31 22:04:59+00,2019/05/31 22:05:00+00,2019,5,May,22,6,31,Friday,22,Motorway Collision,Dark - Lighted,NONE,Fatal,1,0,1,40.03642,-105.255432,0,0,1,0,PARKING LOT,2222,9159
-105.258492,40.017345,Police Collision Report,NON-COLLISION - OTHER NON-COLLISION,1906365,1,28TH ST/CANYON BLVD,28TH ST,STATE HWY,     ,  ,2019/06/11 18:26:59+00,2019/06/11 18:27:00+00,2019,6,June,18,3,11,Tuesday,18,Motorway Collision,Daylight,NONE,Incapacitating Injury,0,1,1,40.017345,-105.258492,0,0,1,0,INTERSECTION RELATED,1827,9160
-105.249862,39.98558,Police Collision Report,NON-COLLISION - OTHER NON-COLLISION,1909799,2,S BROADWAY/TABLE MESA DR,SOUTH BROADWAY,STATE HWY,     ,  ,2019/08/24 00:00:00+00,2019/08/24 23:46:00+00,2019,8,August,23,7,24,Saturday,23,Motorway Collision,Dark - Lighted,NONE,Incapacitating Injury,0,1,1,39.98558,-105.249862,0,0,0,0,AT INTERSECTION,2347,9161
-105.256158,40.016426,Police Collision Report,NON-COLLISION - OTHER NON-COLLISION,1909508,3,1710  29TH      ,1710 29TH ST,,     ,  ,2019/08/21 15:50:59+00,2019/08/21 15:51:00+00,2019,8,August,15,4,21,Wednesday,15,Motorway Collision,Daylight,NONE,Property Damage Only,0,0,0,40.016426,-105.256158,0,0,0,0,PARKING LOT,1537,9162
-105.237889,39.98573,Police Collision Report,NON-COLLISION - OTHER NON-COLLISION,1910515,1,4742  TABLE MESA DR      ,4742 TABLE MESA DRIVE,,     ,  ,2019/09/06 00:00:00+00,2019/09/06 15:58:00+00,2019,9,September,15,6,6,Friday,15,Motorway Collision,Daylight,NONE,Incapacitating Injury,0,1,1,39.98573,-105.237889,0,0,0,1,PARKING LOT,1558,9163
-105.231979,40.014606,Police Collision Report,NON-COLLISION - OTHER NON-COLLISION,1907554,3,ARAPAHOE AVE/EISENHOWER DR,ARAPAHOE AVE,STATE HWY,     ,  ,2019/07/09 00:00:00+00,2019/07/09 15:18:00+00,2019,7,July,15,3,9,Tuesday,15,Motorway Collision,Daylight,NONE,Property Damage Only,0,0,0,40.014606,-105.231979,0,0,0,0,INTERSECTION RELATED,1518,9164
-105.238912,40.000012,Police Collision Report,NON-COLLISION - OTHER NON-COLLISION,1908894,1,BASELINE RD/LAGUNA PL,BASELINE RD,CITY ST/CNTY RD,     ,  ,2019/08/08 00:00:00+00,2019/08/08 12:48:00+00,2019,8,August,12,5,8,Thursday,12,Motorway Collision,Daylight,NONE,Possible injury,0,0,0,40.000012,-105.238912,0,0,0,0,AT INTERSECTION,1230,9165
-105.253139,40.004452,Police Collision Report,NON-COLLISION - OTHER NON-COLLISION,1908956,1,30TH ST/DENTON AVE,30TH ST,CITY ST/CNTY RD,     ,  ,2019/08/09 00:00:00+00,2019/08/09 19:01:00+00,2019,8,August,19,6,9,Friday,19,Motorway Collision,Daylight,NONE,Non-Incapacitating Injury,0,0,1,40.004452,-105.253139,0,0,0,0,AT INTERSECTION,1920,9166
-105.235751,39.986983,Police Collision Report,NON-COLLISION - OTHER NON-COLLISION,1911707,1,38800  US HIGHWAY 36      ,EASTBOUND US HWY 36,STATE HWY,     ,  ,2019/09/30 00:00:00+00,2019/09/30 23:24:00+00,2019,9,September,23,2,30,Monday,23,Motorway Collision,Dark - Unlighted,NONE,Property Damage Only,0,0,0,39.986983,-105.235751,0,0,0,0,NON-INTERSECTION,2324,9167
-105.258571,40.043598,Police Collision Report,NON-COLLISION - OTHER NON-COLLISION,1913614,2,28TH ST/PALO PKWY,28TH STREET,STATE HWY,40,N ,2019/11/16 00:00:00+00,2019/11/16 18:16:00+00,2019,11,November,18,7,16,Saturday,18,Motorway Collision,Dark - Unlighted,NONE,Possible injury,0,0,0,40.043598,-105.258571,0,0,0,0,INTERSECTION RELATED,1816,9168
-105.279903,40.007262,Police Collision Report,NON-COLLISION - OTHER NON-COLLISION,1914353,2,COLLEGE AVE/10TH ST,COLLEGE AVE,CITY ST/CNTY RD,     ,  ,2019/12/07 00:00:00+00,2019/12/07 15:09:00+00,2019,12,December,15,7,7,Saturday,15,Motorway Collision,Daylight,NONE,Possible injury,0,0,0,40.007262,-105.279903,0,0,0,0,AT INTERSECTION,1509,9169
-105.244862,40.029147,Police Collision Report,NON-COLLISION - OTHER NON-COLLISION,1914851,1,FOOTHILLS PKWY/VALMONT RD,CO HWY 119,STATE HWY,1000,N ,2019/12/20 13:11:59+00,2019/12/20 13:12:00+00,2019,12,December,13,6,20,Friday,13,Motorway Collision,Daylight,NONE,Property Damage Only,0,0,0,40.029147,-105.244862,1,1,0,0,NON-INTERSECTION,1040,9170
-105.258357,40.000215,Police Collision Report,NON-COLLISION - OTHER NON-COLLISION,2000347,1,US HIGHWAY 36/BASELINE RD,TABLE MESA DR,STATE HWY,980,N ,2020/01/11 00:00:00+00,2020/01/11 22:56:00+00,2020,1,January,22,7,11,Saturday,22,Motorway Collision,Dark - Lighted,NONE,Property Damage Only,0,0,0,40.000215,-105.258357,0,0,0,0,NON-INTERSECTION,2255,9171
-105.258363,40.008082,Police Collision Report,NON-COLLISION - OTHER NON-COLLISION,2000789,2,COLORADO AVE/28TH FRONTAGE RD,COLORADO AVE,CITY ST/CNTY RD,     ,  ,2020/01/23 00:00:00+00,2020/01/23 17:21:00+00,2020,1,January,17,5,23,Thursday,17,Motorway Collision,Dawn or Dusk,NONE,Possible injury,0,0,0,40.008082,-105.258363,0,0,1,0,AT INTERSECTION,1721,9172
-105.258357,40.000215,Police Collision Report,NON-COLLISION - OTHER NON-COLLISION,2002692,2,US HIGHWAY 36/BASELINE RD,US HWY 36,STATE HWY,600,S ,2020/03/10 00:00:00+00,2020/03/10 17:21:00+00,2020,3,March,17,3,10,Tuesday,17,Motorway Collision,Daylight,NONE,Property Damage Only,0,0,0,40.000215,-105.258357,0,0,0,0,NON-INTERSECTION,1723,9173
-105.282152,40.05457,Police Collision Report,NON-COLLISION - OTHER NON-COLLISION,2001509,2,BROADWAY/VIOLET AVE,BROADWAY,CITY ST/CNTY RD,51,W ,2020/02/10 00:00:00+00,2020/02/10 08:29:00+00,2020,2,February,8,2,10,Monday,8,Motorway Collision,Daylight,NONE,Property Damage Only,0,0,0,40.05457,-105.282152,0,0,0,0,INTERSECTION RELATED,828,9174
-105.261365,40.00819,Police Collision Report,NON-COLLISION - OTHER NON-COLLISION,2108998,1,COLORADO AVE/REGENT DR,COLORADO AVE,CITY ST/CNTY RD,     ,  ,2021/09/21 00:00:00+00,2021/09/21 16:29:00+00,2021,9,September,16,3,21,Tuesday,16,Motorway Collision,Daylight,NONE,Incapacitating Injury,0,1,1,40.00819,-105.261365,0,0,0,0,AT INTERSECTION,1628,9175
-105.281336,40.017609,Police Collision Report,NON-COLLISION - OTHER NON-COLLISION,2109185,2,11TH ST/PEARL ST,11TH ST,CITY ST/CNTY RD,     ,N ,2021/09/26 00:00:00+00,2021/09/26 12:28:00+00,2021,9,September,12,1,26,Sunday,12,Motorway Collision,Daylight,NONE,Possible injury,0,0,0,40.017609,-105.281336,0,0,0,0,NON-INTERSECTION,1228,9176
-105.235484,40.014836,Police Collision Report,NON-COLLISION - OTHER NON-COLLISION,2107099,1,4747  ARAPAHOE AVE      ,TABLE MESA DRIVE,CITY ST/CNTY RD,     ,E ,2021/08/12 02:46:00+00,2021/08/12 03:57:00+00,2021,8,August,3,5,12,Thursday,3,Motorway Collision,Dark - Lighted,NONE,Property Damage Only,0,0,0,40.014836,-105.235484,1,1,0,0,NON-INTERSECTION,249,9177
-105.244815,40.02287,Police Collision Report,NON-COLLISION - OTHER NON-COLLISION,2102897,1,FOOTHILLS PKWY/PEARL PKWY,N/B FOOTHILLS PARKWAY OFF-RAMP,STATE HWY,     ,  ,2021/04/09 00:00:00+00,2021/04/09 07:30:00+00,2021,4,April,7,6,9,Friday,7,Motorway Collision,Daylight,NONE,Property Damage Only,0,0,0,40.02287,-105.244815,0,0,0,0,AT INTERSECTION,730,9178
-105.244815,40.02287,Police Collision Report,NON-COLLISION - OTHER NON-COLLISION,2102184,2,FOOTHILLS PKWY/PEARL PKWY,FOOTHILLS PKWY,STATE HWY,680,S ,2021/03/16 00:00:00+00,2021/03/16 07:17:00+00,2021,3,March,7,3,16,Tuesday,7,Motorway Collision,Daylight,NONE,Property Damage Only,0,0,0,40.02287,-105.244815,0,0,0,0,NON-INTERSECTION,716,9179
-105.285701,40.025513,Police Collision Report,NON-COLLISION - OTHER NON-COLLISION,2011400,1,9TH ST/ALPINE AVE,9TH STREET,CITY ST/CNTY RD,     ,  ,2020/12/04 00:00:00+00,2020/12/04 14:52:00+00,2020,12,December,14,6,4,Friday,14,Motorway Collision,Daylight,NONE,Non-Incapacitating Injury,0,0,1,40.025513,-105.285701,0,0,0,0,AT INTERSECTION,1452,9180
-105.243132,40.029251,Police Collision Report,NON-COLLISION - OTHER NON-COLLISION,2008056,2,VALMONT RD/47TH ST,VALMONT ROAD,CITY ST/CNTY RD,58,E ,2020/08/25 00:00:00+00,2020/08/25 00:00:00+00,2020,8,August,0,3,25,Tuesday,0,Motorway Collision,Daylight,NONE,Non-Incapacitating Injury,0,0,1,40.029251,-105.243132,0,0,0,0,NON-INTERSECTION,651,9181
-105.253043,40.000084,Police Collision Report,NON-COLLISION - OTHER NON-COLLISION,2007693,1,BASELINE RD/30TH ST,BASELINE RD,CITY ST/CNTY RD,     ,  ,2020/08/17 00:00:00+00,2020/08/17 00:00:00+00,2020,8,August,0,2,17,Monday,0,Motorway Collision,Daylight,NONE,Non-Incapacitating Injury,0,0,1,40.000084,-105.253043,0,0,0,0,AT INTERSECTION,1047,9182
-105.279303,40.015822,Police Collision Report,NON-COLLISION - OTHER NON-COLLISION,2008132,2,BROADWAY/CANYON BLVD,CANYON BOULEVARD,STATE HWY,     ,  ,2020/08/28 00:00:00+00,2020/08/28 08:48:00+00,2020,8,August,8,6,28,Friday,8,Motorway Collision,Daylight,NONE,Property Damage Only,0,0,0,40.015822,-105.279303,0,0,0,1,AT INTERSECTION,848,9183
-105.249911,39.985461,Police Collision Report,NON-COLLISION - OTHER NON-COLLISION,2005534,2,TABLE MESA DR/S BROADWAY,BROADWAY,STATE HWY,200,N ,2020/06/13 00:00:00+00,2020/06/13 13:53:00+00,2020,6,June,13,7,13,Saturday,13,Motorway Collision,Daylight,NONE,Non-Incapacitating Injury,0,0,1,39.985461,-105.249911,0,0,0,0,NON-INTERSECTION,1350,9184
-105.263831,40.010544,Police Collision Report,NON-COLLISION - OTHER NON-COLLISION,2005529,2,FOLSOM ST/STADIUM DR,FOLSOM ST,CITY ST/CNTY RD,     ,  ,2020/06/13 00:00:00+00,2020/06/13 11:17:00+00,2020,6,June,11,7,13,Saturday,11,Motorway Collision,Daylight,NONE,Incapacitating Injury,0,1,1,40.010544,-105.263831,0,0,1,0,DRIVEWAY ACCESS RELATED,1117,9185
-105.258357,40.000215,Police Collision Report,NON-COLLISION - OTHER NON-COLLISION,2006122,2,US HIGHWAY 36/BASELINE RD,US HWY 36,STATE HWY,     ,E ,2020/07/01 00:00:00+00,2020/07/01 15:31:00+00,2020,7,July,15,4,1,Wednesday,15,Motorway Collision,Daylight,NONE,Property Damage Only,0,0,0,40.000215,-105.258357,0,0,0,0,NON-INTERSECTION,1530,9186
-105.258357,40.000215,Police Collision Report,NON-COLLISION - OTHER NON-COLLISION,2006124,3,US HIGHWAY 36/BASELINE RD,US HWY 36,STATE HWY,     ,E ,2020/07/01 00:00:00+00,2020/07/01 16:06:00+00,2020,7,July,16,4,1,Wednesday,16,Motorway Collision,Daylight,NONE,Possible injury,0,0,0,40.000215,-105.258357,0,0,0,0,NON-INTERSECTION,1531,9187
-105.258357,40.000215,Police Collision Report,NON-COLLISION - OTHER NON-COLLISION,2006125,2,US HIGHWAY 36/BASELINE RD,US-36,STATE HWY,     ,E ,2020/07/01 00:00:00+00,2020/07/01 16:07:00+00,2020,7,July,16,4,1,Wednesday,16,Motorway Collision,Daylight,NONE,Property Damage Only,0,0,0,40.000215,-105.258357,0,0,0,0,NON-INTERSECTION,1530,9188
-105.279657,40.016862,Police Collision Report,NON-COLLISION - OTHER NON-COLLISION,2006460,2,BROADWAY/WALNUT ST,WALNUT ST,CITY ST/CNTY RD,     ,  ,2020/07/12 00:00:00+00,2020/07/12 18:13:00+00,2020,7,July,18,1,12,Sunday,18,Motorway Collision,Daylight,NONE,Property Damage Only,0,0,0,40.016862,-105.279657,0,0,0,0,AT INTERSECTION,1830,9189
-105.253572,40.02006,Police Collision Report,NON-COLLISION - OTHER NON-COLLISION,2205487,2,WALNUT ST/30TH ST,WALNUT STREET,CITY ST/CNTY RD,     ,  ,2022/06/10 00:00:00+00,2022/06/10 10:38:00+00,2022,6,June,10,6,10,Friday,10,Motorway Collision,Daylight,NONE,Possible injury,0,0,0,40.02006,-105.253572,0,0,0,0,AT INTERSECTION,1045,9190
-105.206933,40.094396,Police Collision Report,NON-COLLISION - OTHER NON-COLLISION,2205100,2,63RD ST/MONARCH RD,63RD ST,CITY ST/CNTY RD,     ,  ,2022/05/30 00:00:00+00,2022/05/30 17:50:00+00,2022,5,May,17,2,30,Monday,17,Motorway Collision,Daylight,NONE,Incapacitating Injury,0,1,1,40.094396,-105.206933,0,0,0,0,AT INTERSECTION,1750,9191
-105.236396,40.000018,Police Collision Report,NON-COLLISION - OTHER NON-COLLISION,2202340,2,BASELINE RD/MOHAWK DR,BASELINE RD,CITY ST/CNTY RD,     ,  ,2022/03/13 00:00:00+00,2022/03/13 17:22:00+00,2022,3,March,17,1,13,Sunday,17,Motorway Collision,Daylight,NONE,Incapacitating Injury,0,1,1,40.000018,-105.236396,0,0,0,0,AT INTERSECTION,1722,9192
-105.253797,40.016675,Police Collision Report,NON-COLLISION - OTHER NON-COLLISION,2203280,1,30TH ST/CANYON BLVD,30TH ST,STATE HWY,     ,N ,2022/04/09 00:00:00+00,2022/04/09 19:19:00+00,2022,4,April,19,7,9,Saturday,19,Motorway Collision,Daylight,NONE,Incapacitating Injury,0,1,1,40.016675,-105.253797,0,0,0,0,NON-INTERSECTION,1921,9193
-105.24066,40.014698,Police Collision Report,NON-COLLISION - OTHER NON-COLLISION,2201856,1,FOOTHILLS PKWY/ARAPAHOE AVE,ARAPAHOE AVE,STATE HWY,     ,W ,2022/02/26 00:00:00+00,2022/02/26 00:00:00+00,2022,2,February,0,7,26,Saturday,0,Motorway Collision,Daylight,NONE,Possible injury,0,0,0,40.014698,-105.24066,0,0,0,0,NON-INTERSECTION,1246,9194
-105.265056,40.000112,Police Collision Report,COLLISION W/ PED - ALL OTHER PEDS,2103957,2,BASELINE RD/22ND ST,BASELINE RD,CITY ST/CNTY RD,     ,  ,2021/05/13 00:00:00+00,2021/05/13 19:36:00+00,2021,5,May,19,5,13,Thursday,19,Motorway Collision,Daylight,NONE,Property Damage Only,0,0,0,40.000112,-105.265056,0,0,0,1,AT INTERSECTION,1937,9195
-105.282158,40.056301,Police Collision Report,COLLISION W/ PED - ALL OTHER PEDS,2104662,2,BROADWAY/ROSEWOOD AVE,BROADWAY,STATE HWY,     ,S ,2021/06/03 00:00:00+00,2021/06/03 14:06:00+00,2021,6,June,14,5,3,Thursday,14,Motorway Collision,Daylight,NONE,Non-Incapacitating Injury,0,0,1,40.056301,-105.282158,0,0,0,1,NON-INTERSECTION,1405,9196
-105.253544,40.020893,Police Collision Report,COLLISION W/ PED - ALL OTHER PEDS,2104704,2,2000  30TH ST BLK    ,30TH ST,CITY ST/CNTY RD,     ,S ,2021/06/04 00:00:00+00,2021/06/04 18:33:00+00,2021,6,June,18,6,4,Friday,18,Motorway Collision,Daylight,NONE,Non-Incapacitating Injury,0,0,1,40.020893,-105.253544,0,0,0,1,NON-INTERSECTION,1833,9197
-105.258403,40.029131,Police Collision Report,COLLISION W/ PED - ALL OTHER PEDS,2104843,2,VALMONT RD/28TH ST,VALMONT RD,CITY ST/CNTY RD,     ,  ,2021/06/09 00:00:00+00,2021/06/09 11:07:00+00,2021,6,June,11,4,9,Wednesday,11,Motorway Collision,Daylight,NONE,Possible injury,0,0,0,40.029131,-105.258403,0,0,0,1,AT INTERSECTION,1107,9198
-105.25836,40.021501,Police Collision Report,COLLISION W/ PED - ALL OTHER PEDS,2106614,2,1955  28TH ST      ,1955 28TH ST,,     ,  ,2021/07/28 00:00:00+00,2021/07/28 12:46:00+00,2021,7,July,12,4,28,Wednesday,12,Motorway Collision,Daylight,NONE,Possible injury,0,0,0,40.021501,-105.25836,0,0,0,1,PARKING LOT,1246,9199
-105.259642,40.014527,Police Collision Report,COLLISION W/ PED - ALL OTHER PEDS,2106219,2,2700  ARAPAHOE AVE      ,2700 ARAPAHOE AVE,,     ,  ,2021/07/18 00:00:00+00,2021/07/18 13:28:00+00,2021,7,July,13,1,18,Sunday,13,Motorway Collision,Daylight,NONE,Incapacitating Injury,0,1,1,40.014527,-105.259642,0,0,0,1,PARKING LOT,1328,9200
-105.272777,40.01716,Police Collision Report,COLLISION W/ PED - ALL OTHER PEDS,2106330,2,17TH ST/CANYON BLVD,17TH ST,STATE HWY,     ,  ,2021/07/21 00:00:00+00,2021/07/21 11:49:00+00,2021,7,July,11,4,21,Wednesday,11,Motorway Collision,Daylight,NONE,Possible injury,0,0,0,40.01716,-105.272777,0,0,0,1,AT INTERSECTION,1148,9201
-105.261628,40.014585,Police Collision Report,COLLISION W/ PED - ALL OTHER PEDS,2105994,2,2525  ARAPAHOE AVE      ,2525 ARAPAHOE RD,,     ,E ,2021/07/11 00:00:00+00,2021/07/11 12:16:00+00,2021,7,July,12,1,11,Sunday,12,Motorway Collision,Daylight,NONE,Incapacitating Injury,0,1,1,40.014585,-105.261628,0,0,0,1,AT INTERSECTION,1215,9202
-105.258407,40.022375,Police Collision Report,COLLISION W/ PED - ALL OTHER PEDS,2106059,2,28TH ST/PEARL ST,28TH ST,STATE HWY,     ,  ,2021/07/13 00:00:00+00,2021/07/13 09:30:00+00,2021,7,July,9,3,13,Tuesday,9,Motorway Collision,Daylight,NONE,Non-Incapacitating Injury,0,0,1,40.022375,-105.258407,0,0,0,1,INTERSECTION RELATED,930,9203
-105.267875,40.017224,Police Collision Report,COLLISION W/ PED - ALL OTHER PEDS,2106102,2,21ST ST/CANYON BLVD,CANYON BLVD,STATE HWY,     ,  ,2021/07/14 00:00:00+00,2021/07/14 15:02:00+00,2021,7,July,15,4,14,Wednesday,15,Motorway Collision,Daylight,NONE,Possible injury,0,0,0,40.017224,-105.267875,0,0,0,1,AT INTERSECTION,1450,9204
-105.228112,40.014736,Police Collision Report,COLLISION W/ PED - ALL OTHER PEDS,2109197,2,CONESTOGA ST/ARAPAHOE AVE,ARAPAHOE AVENUE,STATE HWY,     ,  ,2021/09/27 00:00:00+00,2021/09/27 05:56:00+00,2021,9,September,5,2,27,Monday,5,Motorway Collision,Dawn or Dusk,NONE,Non-Incapacitating Injury,0,0,1,40.014736,-105.228112,0,0,0,1,INTERSECTION RELATED,555,9205
-105.253655,40.035001,Police Collision Report,COLLISION W/ PED - ALL OTHER PEDS,2109356,2,30TH ST/CORONA TRL,30TH STREET,CITY ST/CNTY RD,     ,S ,2021/10/01 00:00:00+00,2021/10/01 15:22:00+00,2021,10,October,15,6,1,Friday,15,Motorway Collision,Daylight,NONE,Property Damage Only,0,0,0,40.035001,-105.253655,0,0,0,1,DRIVEWAY ACCESS RELATED,1522,9206
-105.253059,39.999933,Police Collision Report,COLLISION W/ PED - ALL OTHER PEDS,2109707,2,30TH ST/BASELINE RD,BASELINE RD,CITY ST/CNTY RD,     ,W ,2021/10/10 00:00:00+00,2021/10/10 01:36:00+00,2021,10,October,1,1,10,Sunday,1,Motorway Collision,Dark - Lighted,NONE,Non-Incapacitating Injury,0,0,1,39.999933,-105.253059,0,0,0,1,AT INTERSECTION,136,9207
-105.273461,40.019228,Police Collision Report,COLLISION W/ PED - ALL OTHER PEDS,2109828,2,17TH ST/PEARL ST,17TH ST,CITY ST/CNTY RD,     ,S ,2021/10/13 00:00:00+00,2021/10/13 17:27:00+00,2021,10,October,17,4,13,Wednesday,17,Motorway Collision,Dawn or Dusk,NONE,Incapacitating Injury,0,1,1,40.019228,-105.273461,0,0,0,1,AT INTERSECTION,1727,9208
-105.263065,40.014614,Police Collision Report,COLLISION W/ PED - ALL OTHER PEDS,2108094,2,FOLSOM ST/ARAPAHOE AVE,ARAPAHOE AVE,CITY ST/CNTY RD,     ,E ,2021/08/31 00:00:00+00,2021/08/31 16:14:00+00,2021,8,August,16,3,31,Tuesday,16,Motorway Collision,Daylight,NONE,Possible injury,0,0,0,40.014614,-105.263065,0,0,0,1,AT INTERSECTION,1551,9209
-105.261328,40.008161,Police Collision Report,COLLISION W/ PED - ALL OTHER PEDS,2108839,2,REGENT DR/COLORADO AVE,COLORADO AVE,CITY ST/CNTY RD,     ,  ,2021/09/17 00:00:00+00,2021/09/17 15:44:00+00,2021,9,September,15,6,17,Friday,15,Motorway Collision,Daylight,NONE,Property Damage Only,0,0,0,40.008161,-105.261328,0,0,0,1,AT INTERSECTION,1535,9210
-105.269561,40.00444,Police Collision Report,COLLISION W/ PED - ALL OTHER PEDS,2108879,2,18TH ST/BROADWAY,18TH ST.,CITY ST/CNTY RD,     ,  ,2021/09/18 00:00:00+00,2021/09/18 20:59:00+00,2021,9,September,20,7,18,Saturday,20,Motorway Collision,Dark - Lighted,NONE,Possible injury,0,0,0,40.00444,-105.269561,0,0,0,1,AT INTERSECTION,2110,9211
-105.281112,40.010495,Police Collision Report,COLLISION W/ PED - ALL OTHER PEDS,2006252,2,LINCOLN PL/UNIVERSITY AVE,LINCOLN PL,CITY ST/CNTY RD,60,E ,2020/07/05 21:43:59+00,2020/07/05 21:44:00+00,2020,7,July,21,1,5,Sunday,21,Motorway Collision,Dark - Lighted,NONE,Possible injury,0,0,0,40.010495,-105.281112,1,1,0,1,NON-INTERSECTION,2145,9212
-105.283912,40.023274,Police Collision Report,COLLISION W/ PED - ALL OTHER PEDS,2005622,2,10TH ST/PORTLAND PL,PORTLAND PL,CITY ST/CNTY RD,58,E ,2020/06/16 00:00:00+00,2020/06/16 11:40:00+00,2020,6,June,11,3,16,Tuesday,11,Motorway Collision,Daylight,NONE,Non-Incapacitating Injury,0,0,1,40.023274,-105.283912,0,0,0,1,DRIVEWAY ACCESS RELATED,1139,9213
-105.277915,40.016126,Police Collision Report,COLLISION W/ PED - ALL OTHER PEDS,2005649,2,1301  CANYON BLVD      ,PRIVATE PROPERTY,,     ,  ,2020/06/17 00:00:00+00,2020/06/17 08:41:00+00,2020,6,June,8,4,17,Wednesday,8,Motorway Collision,Daylight,NONE,Incapacitating Injury,0,1,1,40.016126,-105.277915,0,0,0,1,PARKING LOT,842,9214
-105.282038,40.026132,Police Collision Report,COLLISION W/ PED - ALL OTHER PEDS,2005902,2,2750  BROADWAY      ,PRIVATE PROPERTY,,     ,  ,2020/06/24 00:00:00+00,2020/06/24 12:08:00+00,2020,6,June,12,4,24,Wednesday,12,Motorway Collision,Daylight,NONE,Incapacitating Injury,0,1,1,40.026132,-105.282038,0,0,0,1,PARKING LOT,1208,9215