X,Y,ReportType,PrmaryCollsionType,CaseNumber,UnitsInvolved,Location,OnHighway,CrossStreet,FeetFromIntersection,DirectionFromIntersection,CollisionDate,ReportedDate,ReportedYear,ReportedMonth,ReportedMonthName,ReportedWeek,ReportedDayofWeekNum,ReportedDayofMonth,ReportedDayofWeek,ReportedHour,HitAndRunStatus,LightingCondition,WeatherCondition,Severity,NumKilled,NumSeriouslyInjured,NumInjuredOrKilled,Lat,Lon,DUI,AlcoholDrugSuspected,BicyclesInvolved,PedestriansInvolved,RoadDescription,Crash_Time,ESRI_OID
-105.282122,40.048009,Police Collision Report,COLLISION W/ PED - ALL OTHER PEDS,2005539,2,BROADWAY/QUINCE AVE,BROADWAY,CITY ST/CNTY RD,14,S ,2020/06/13 00:00:00+00,2020/06/13 18:33:00+00,2020,6,June,18,7,13,Saturday,18,Motorway Collision,Daylight,NONE,Incapacitating Injury,0,1,1,40.048009,-105.282122,0,0,0,1,AT INTERSECTION,1833,9216
-105.22748,39.985868,Police Collision Report,COLLISION W/ PED - ALL OTHER PEDS,2003015,2,SOUTH BOULDER RD/MANHATTAN CIR,S. BOULDER RD,CITY ST/CNTY RD,     ,  ,2020/03/18 22:21:00+00,2020/03/18 22:22:00+00,2020,3,March,22,4,18,Wednesday,22,Motorway Collision,Dark - Lighted,NONE,Incapacitating Injury,0,1,1,39.985868,-105.22748,0,0,0,1,AT INTERSECTION,2222,9217
-105.276095,40.018694,Police Collision Report,COLLISION W/ PED - ALL OTHER PEDS,2004005,2,15TH ST/PEARL ST,15TH ST,CITY ST/CNTY RD,110,N ,2020/04/28 00:00:00+00,2020/04/28 10:36:00+00,2020,4,April,10,3,28,Tuesday,10,Motorway Collision,Daylight,NONE,Incapacitating Injury,0,1,1,40.018694,-105.276095,0,0,0,1,NON-INTERSECTION,1030,9218
-105.274806,40.025531,Police Collision Report,COLLISION W/ PED - ALL OTHER PEDS,2004081,2,ALPINE AVE/17TH ST,ALPINE AVE,CITY ST/CNTY RD,     ,  ,2020/04/30 20:00:00+00,2020/04/30 14:44:00+00,2020,4,April,14,5,30,Thursday,14,Motorway Collision,Daylight,NONE,Non-Incapacitating Injury,0,0,1,40.025531,-105.274806,0,0,0,1,AT INTERSECTION,1444,9219
-105.250216,40.014597,Police Collision Report,COLLISION W/ PED - ALL OTHER PEDS,2004318,1,3289  ARAPAHOE AVE      ,3289 ARAPAHOE AVE,,     ,  ,2020/05/08 20:00:00+00,2020/05/08 16:18:00+00,2020,5,May,16,6,8,Friday,16,Motorway Collision,Daylight,NONE,Non-Incapacitating Injury,0,0,1,40.014597,-105.250216,0,0,0,1,PARKING LOT,1618,9220
-105.278698,40.005461,Police Collision Report,COLLISION W/ PED - ALL OTHER PEDS,2008021,2,11TH ST/EUCLID AVE,11TH ST,CITY ST/CNTY RD,     ,  ,2020/08/24 00:00:00+00,2020/08/24 18:20:00+00,2020,8,August,18,2,24,Monday,18,Motorway Collision,Daylight,NONE,Incapacitating Injury,0,1,1,40.005461,-105.278698,0,0,0,1,AT INTERSECTION,1820,9221
-105.280027,40.017903,Police Collision Report,COLLISION W/ PED - ALL OTHER PEDS,2008062,2,BROADWAY/PEARL ST,BROADWAY,CITY ST/CNTY RD,     ,  ,2020/08/26 10:17:00+00,2020/08/28 07:43:00+00,2020,8,August,7,6,28,Friday,7,Motorway Collision,Daylight,NONE,Incapacitating Injury,0,1,1,40.017903,-105.280027,0,0,0,1,AT INTERSECTION,1018,9222
-105.276953,40.010476,Police Collision Report,COLLISION W/ PED - ALL OTHER PEDS,2008658,2,BROADWAY/UNIVERSITY AVE,UNIVERSITY AVE,CITY ST/CNTY RD,78,W ,2020/09/10 00:00:00+00,2020/09/10 16:54:00+00,2020,9,September,16,5,10,Thursday,16,Motorway Collision,Dawn or Dusk,NONE,Possible injury,0,0,0,40.010476,-105.276953,0,0,0,1,NON-INTERSECTION,1654,9223
-105.258284,40.020627,Police Collision Report,COLLISION W/ PED - ALL OTHER PEDS,2006876,2,1906  28TH ST      ,1906 28TH ST.,,     ,  ,2020/07/24 00:00:00+00,2020/07/24 14:55:00+00,2020,7,July,14,6,24,Friday,14,Motorway Collision,Daylight,NONE,Possible injury,0,0,0,40.020627,-105.258284,0,0,0,1,PARKING LOT,1500,9224
-105.249862,39.98558,Police Collision Report,COLLISION W/ PED - ALL OTHER PEDS,2006953,2,S BROADWAY/TABLE MESA DR,S BROADWAY,CITY ST/CNTY RD,     ,  ,2020/07/26 00:00:00+00,2020/07/26 21:48:00+00,2020,7,July,21,1,26,Sunday,21,Motorway Collision,Dark - Lighted,NONE,Incapacitating Injury,0,1,1,39.98558,-105.249862,0,0,0,1,AT INTERSECTION,2149,9225
-105.267699,40.003423,Police Collision Report,COLLISION W/ PED - ALL OTHER PEDS,2011391,2,REGENT DR/BROADWAY,REGENT DRIVE,CITY ST/CNTY RD,     ,  ,2020/12/04 00:00:00+00,2020/12/04 09:32:00+00,2020,12,December,9,6,4,Friday,9,Motorway Collision,Daylight,NONE,Non-Incapacitating Injury,0,0,1,40.003423,-105.267699,0,0,0,1,AT INTERSECTION,932,9226
-105.266285,40.017232,Police Collision Report,COLLISION W/ PED - ALL OTHER PEDS,2011438,2,22ND ST/CANYON BLVD,CANYON BOULEVARD,STATE HWY,60,E ,2020/12/05 16:29:59+00,2020/12/05 16:30:00+00,2020,12,December,16,7,5,Saturday,16,Motorway Collision,Dawn or Dusk,NONE,Non-Incapacitating Injury,0,0,1,40.017232,-105.266285,0,0,0,1,INTERSECTION RELATED,1630,9227
-105.232067,39.986813,Police Collision Report,COLLISION W/ PED - ALL OTHER PEDS,2011696,2,TABLE MESA DR/FOOTHILLS PKWY,TABLE MESA DRIVE,CITY ST/CNTY RD,10,W ,2020/12/15 00:00:00+00,2020/12/15 07:49:00+00,2020,12,December,7,3,15,Tuesday,7,Motorway Collision,Daylight,NONE,Possible injury,0,0,0,39.986813,-105.232067,0,0,0,1,AT INTERSECTION,700,9228
-105.253797,40.016675,Police Collision Report,COLLISION W/ PED - ALL OTHER PEDS,2101185,2,30TH ST/CANYON BLVD,30TH ST,CITY ST/CNTY RD,     ,  ,2021/02/08 00:00:00+00,2021/02/08 16:09:00+00,2021,2,February,16,2,8,Monday,16,Motorway Collision,Daylight,NONE,Possible injury,0,0,0,40.016675,-105.253797,0,0,0,1,AT INTERSECTION,1609,9229
-105.276698,40.027982,Police Collision Report,COLLISION W/ PED - ALL OTHER PEDS,2100441,2,15TH ST/CEDAR AVE,CEDAR AVENUE,CITY ST/CNTY RD,     ,  ,2021/01/15 00:00:00+00,2021/01/15 14:15:00+00,2021,1,January,14,6,15,Friday,14,Motorway Collision,Daylight,NONE,Non-Incapacitating Injury,0,0,1,40.027982,-105.276698,0,0,0,1,AT INTERSECTION,1415,9230
-105.23201,40.01463,Police Collision Report,COLLISION W/ PED - ALL OTHER PEDS,2100589,2,EISENHOWER DR/ARAPAHOE AVE,EISENHOWER DRIVE,CITY ST/CNTY RD,     ,  ,2021/01/20 00:00:00+00,2021/01/20 06:58:00+00,2021,1,January,6,4,20,Wednesday,6,Motorway Collision,Daylight,NONE,Non-Incapacitating Injury,0,0,1,40.01463,-105.23201,0,0,0,1,AT INTERSECTION,658,9231
-105.253059,39.999933,Police Collision Report,COLLISION W/ PED - ALL OTHER PEDS,2010480,2,30TH ST/BASELINE RD,BASELINE ROAD,CITY ST/CNTY RD,     ,  ,2020/11/01 00:00:00+00,2020/11/01 08:22:00+00,2020,11,November,8,1,1,Sunday,8,Motorway Collision,Daylight,NONE,Non-Incapacitating Injury,0,0,1,39.999933,-105.253059,0,0,0,1,AT INTERSECTION,822,9232
-105.279303,40.015822,Police Collision Report,COLLISION W/ PED - ALL OTHER PEDS,2010571,2,BROADWAY/CANYON BLVD,CANYON BOULEVARD,STATE HWY,     ,  ,2020/11/04 00:00:00+00,2020/11/04 16:44:00+00,2020,11,November,16,4,4,Wednesday,16,Motorway Collision,Daylight,NONE,Non-Incapacitating Injury,0,0,1,40.015822,-105.279303,0,0,0,1,AT INTERSECTION,1644,9233
-105.258432,40.027325,Police Collision Report,COLLISION W/ PED - ALL OTHER PEDS,2010665,2,28TH ST/BLUFF ST,28TH ST,STATE HWY,240,S ,2020/11/07 00:00:00+00,2020/11/07 17:20:00+00,2020,11,November,17,7,7,Saturday,17,Motorway Collision,Dark - Lighted,NONE,Fatal,1,0,1,40.027325,-105.258432,0,0,0,1,NON-INTERSECTION,1719,9234
-105.253122,40.000893,Police Collision Report,COLLISION W/ PED - ALL OTHER PEDS,2010769,2,30TH ST/CANYON CREEK RD,30TH ST,CITY ST/CNTY RD,30,N ,2020/11/11 00:00:00+00,2020/11/11 09:04:00+00,2020,11,November,9,4,11,Wednesday,9,Motorway Collision,Daylight,NONE,Non-Incapacitating Injury,0,0,1,40.000893,-105.253122,0,0,0,1,NON-INTERSECTION,900,9235
-105.282083,40.040944,Police Collision Report,COLLISION W/ PED - ALL OTHER PEDS,2010891,2,LINDEN AVE/BROADWAY,BROADWAY,CITY ST/CNTY RD,12,S ,2020/11/15 00:00:00+00,2020/11/15 15:48:00+00,2020,11,November,15,1,15,Sunday,15,Motorway Collision,Daylight,NONE,Non-Incapacitating Injury,0,0,1,40.040944,-105.282083,0,0,0,1,AT INTERSECTION,1548,9236
-105.258565,40.008102,Police Collision Report,COLLISION W/ PED - ALL OTHER PEDS,2010916,2,COLORADO AVE/28TH ST,COLORADO AVE,CITY ST/CNTY RD,     ,  ,2020/11/16 00:00:00+00,2020/11/16 18:23:00+00,2020,11,November,18,2,16,Monday,18,Motorway Collision,Dark - Lighted,NONE,Non-Incapacitating Injury,0,0,1,40.008102,-105.258565,0,0,0,1,AT INTERSECTION,1823,9237
-105.265915,40.029086,Police Collision Report,COLLISION W/ PED - ALL OTHER PEDS,2011060,2,23RD ST/EDGEWOOD DR,23RD ST.,CITY ST/CNTY RD,     ,  ,2020/11/20 00:00:00+00,2020/11/20 17:28:00+00,2020,11,November,17,6,20,Friday,17,Motorway Collision,Dark - Unlighted,NONE,Non-Incapacitating Injury,0,0,1,40.029086,-105.265915,0,0,0,1,AT INTERSECTION,1727,9238
-105.282152,40.05457,Police Collision Report,COLLISION W/ PED - ALL OTHER PEDS,2011138,2,BROADWAY/VIOLET AVE,BROADWAY,CITY ST/CNTY RD,210,N ,2020/11/23 00:00:00+00,2020/11/23 20:14:00+00,2020,11,November,20,2,23,Monday,20,Motorway Collision,Dark - Lighted,NONE,Possible injury,0,0,0,40.05457,-105.282152,0,0,0,1,NON-INTERSECTION,2014,9239
-105.262985,40.017486,Police Collision Report,COLLISION W/ PED - ALL OTHER PEDS,2011174,2,CANYON BLVD/FOLSOM ST,CANYON BLVD,CITY ST/CNTY RD,     ,  ,2020/11/24 00:00:00+00,2020/11/24 22:18:00+00,2020,11,November,22,3,24,Tuesday,22,Motorway Collision,Dark - Lighted,NONE,Possible injury,0,0,0,40.017486,-105.262985,0,0,1,1,AT INTERSECTION,2218,9240
-105.215961,40.029348,Police Collision Report,COLLISION W/ PED - ALL OTHER PEDS,2009372,2,5880  BUTTE MILL RD      ,5880 BUTTE MILL ROAD,,     ,  ,2020/09/30 00:00:00+00,2020/09/30 14:27:00+00,2020,9,September,14,4,30,Wednesday,14,Motorway Collision,Daylight,NONE,Non-Incapacitating Injury,0,0,1,40.029348,-105.215961,0,0,0,1,DRIVEWAY ACCESS RELATED,1427,9241
-105.254621,40.000092,Police Collision Report,COLLISION W/ PED - ALL OTHER PEDS,2009456,2,BASELINE RD/CANYON CREEK RD,BASELINE RD,CITY ST/CNTY RD,     ,  ,2020/10/02 00:00:00+00,2020/10/02 18:21:00+00,2020,10,October,18,6,2,Friday,18,Motorway Collision,Dawn or Dusk,NONE,Property Damage Only,0,0,0,40.000092,-105.254621,0,0,0,1,AT INTERSECTION,1821,9242
-105.268206,40.020339,Police Collision Report,COLLISION W/ PED - ALL OTHER PEDS,2009601,2,PEARL ST/21ST ST,PEARL ST,CITY ST/CNTY RD,20,E ,2020/10/07 00:00:00+00,2020/10/07 12:46:00+00,2020,10,October,12,4,7,Wednesday,12,Motorway Collision,Daylight,NONE,Incapacitating Injury,0,1,1,40.020339,-105.268206,0,0,0,1,AT INTERSECTION,1346,9243
-105.285701,40.025513,Police Collision Report,COLLISION W/ PED - ALL OTHER PEDS,1913521,2,9TH ST/ALPINE AVE,ALPINE AVENUE,CITY ST/CNTY RD,450,E ,2019/11/14 00:00:00+00,2019/11/14 16:47:00+00,2019,11,November,16,5,14,Thursday,16,Motorway Collision,Dawn or Dusk,NONE,Possible injury,0,0,0,40.025513,-105.285701,0,0,0,1,NON-INTERSECTION,1647,9244
-105.277469,40.009438,Police Collision Report,COLLISION W/ PED - ALL OTHER PEDS,1914134,2,12TH ST/PLEASANT ST,12TH ST,CITY ST/CNTY RD,     ,  ,2019/12/02 00:00:00+00,2019/12/02 15:21:00+00,2019,12,December,15,2,2,Monday,15,Motorway Collision,Daylight,NONE,Possible injury,0,0,0,40.009438,-105.277469,0,0,0,1,AT INTERSECTION,1440,9245
-105.277039,40.017449,Police Collision Report,COLLISION W/ PED - ALL OTHER PEDS,1912930,2,WALNUT ST/14TH ST,14TH ST,CITY ST/CNTY RD,     ,  ,2019/10/31 00:00:00+00,2019/10/31 10:55:00+00,2019,10,October,10,5,31,Thursday,10,Motorway Collision,Daylight,NONE,Possible injury,0,0,0,40.017449,-105.277039,0,0,0,1,AT INTERSECTION,1055,9246
-105.258436,40.029101,Police Collision Report,COLLISION W/ PED - ALL OTHER PEDS,1913122,2,28TH ST/VALMONT RD,VALMONT RD,CITY ST/CNTY RD,     ,  ,2019/11/05 00:00:00+00,2019/11/05 05:54:00+00,2019,11,November,5,3,5,Tuesday,5,Motorway Collision,Dawn or Dusk,NONE,Incapacitating Injury,0,1,1,40.029101,-105.258436,0,0,0,1,AT INTERSECTION,554,9247
-105.270525,40.01721,Police Collision Report,NON-COLLISION - OTHER NON-COLLISION,2104905,2,19TH ST/CANYON BLVD,CANYON BLVD,STATE HWY,     ,  ,2021/06/10 00:00:00+00,2021/06/10 20:49:00+00,2021,6,June,20,5,10,Thursday,20,Motorway Collision,Dawn or Dusk,NONE,Non-Incapacitating Injury,0,0,1,40.01721,-105.270525,0,0,0,0,AT INTERSECTION,2048,9248
-105.225423,40.029232,Police Collision Report,NON-COLLISION - OTHER NON-COLLISION,2103735,1,55TH ST/VALMONT RD,55TH STREET,CITY ST/CNTY RD,     ,  ,2021/05/07 00:00:00+00,2021/05/07 13:18:00+00,2021,5,May,13,6,7,Friday,13,Motorway Collision,Daylight,NONE,Property Damage Only,0,0,0,40.029232,-105.225423,0,0,0,0,AT INTERSECTION,1117,9249
-105.296051,40.020525,Police Collision Report,NON-COLLISION - OTHER NON-COLLISION,2104371,1,SUNSHINE CANYON DR/GREEN ROCK DR,SUNSHINE CANYON DR,CITY ST/CNTY RD,     ,E ,2021/05/25 00:00:00+00,2021/05/26 00:00:00+00,2021,5,May,0,4,26,Wednesday,0,Motorway Collision,Daylight,NONE,Incapacitating Injury,0,1,1,40.020525,-105.296051,0,1,0,0,NON-INTERSECTION,1621,9250
-105.244862,40.029223,Police Collision Report,NON-COLLISION - OTHER NON-COLLISION,2104463,3,FOOTHILLS PKWY/VALMONT RD,FOOTHILLS PKY,STATE HWY,     ,N ,2021/05/28 00:00:00+00,2021/05/28 12:11:00+00,2021,5,May,12,6,28,Friday,12,Motorway Collision,Daylight,NONE,Possible injury,0,0,0,40.029223,-105.244862,0,0,0,0,INTERSECTION RELATED,1211,9251
-105.277469,40.007301,Police Collision Report,NON-COLLISION - OTHER NON-COLLISION,1913324,1,12TH ST/COLLEGE AVE,12TH ST,CITY ST/CNTY RD,30,S ,2019/11/09 18:31:59+00,2019/11/09 18:32:00+00,2019,11,November,18,7,9,Saturday,18,Motorway Collision,Dark - Lighted,NONE,Incapacitating Injury,0,1,1,40.007301,-105.277469,0,0,0,0,NON-INTERSECTION,1833,9252
-105.251909,39.984144,Police Collision Report,Counter Report,1905555,2,3600  TABLE MESA DR      ,3600 TABLE MESA,,     ,  ,2019/05/22 00:00:00+00,2019/05/22 17:11:00+00,2019,5,May,17,4,22,Wednesday,17,Motorway Collision,Daylight,NONE,Property Damage Only,0,0,0,39.984144,-105.251909,0,0,0,0,PARKING LOT,400,9253
-105.272553,40.014615,Police Collision Report,COLLISION W/ PED - SCHOOL AGE TO/FROM SCHOOL,1910426,2,ARAPAHOE AVE/17TH ST,ARAPAHOE AVENUE,CITY ST/CNTY RD,     ,  ,2019/09/05 00:00:00+00,2019/09/05 08:14:00+00,2019,9,September,8,5,5,Thursday,8,Motorway Collision,Daylight,NONE,Non-Incapacitating Injury,0,0,1,40.014615,-105.272553,0,0,0,1,AT INTERSECTION,814,9254
-105.292689,40.040951,Police Collision Report,COLLISION W/ PED - SCHOOL AGE TO/FROM SCHOOL,1815860,2,LINDEN AVE/SPRING VALLEY RD,LINDEN,CITY ST/CNTY RD,     ,  ,2018/12/14 08:00:00+00,2018/12/14 08:05:00+00,2018,12,December,8,6,14,Friday,8,Motorway Collision,Daylight,NONE,Incapacitating Injury,0,1,1,40.040951,-105.292689,0,0,0,1,AT INTERSECTION,800,9255
-105.275084,40.058267,Police Collision Report,COLLISION W/ PED - SCHOOL AGE TO/FROM SCHOOL,1805633,2,18TH ST/YARMOUTH AVE,YARMOUTH AVENUE,CITY ST/CNTY RD,     ,  ,2018/05/09 00:00:00+00,2018/05/09 07:37:00+00,2018,5,May,7,4,9,Wednesday,7,Motorway Collision,Daylight,NONE,Non-Incapacitating Injury,0,0,1,40.058267,-105.275084,0,0,0,1,AT INTERSECTION,737,9256
-105.275386,40.016754,Police Collision Report,COLLISION W/ PED - PEDESTRIAN ON TOY MOTORIZE,1713522,2,CANYON BLVD/15TH ST,CANYON BLVD,STATE HWY,     ,  ,2017/10/13 00:00:00+00,2017/10/14 00:00:00+00,2017,10,October,0,7,14,Saturday,0,Motorway Collision,Daylight,NONE,Incapacitating Injury,0,1,1,40.016754,-105.275386,0,0,0,1,AT INTERSECTION,1631,9257
-105.271632,40.017339,Police Collision Report,COLLISION W/ PED - PEDESTRIAN ON TOY MOTORIZE,1714241,2,CANYON BLVD/18TH ST,18TH ST,CITY ST/CNTY RD,     ,  ,2017/10/28 00:00:00+00,2017/10/28 14:28:00+00,2017,10,October,14,7,28,Saturday,14,Motorway Collision,Daylight,NONE,Incapacitating Injury,0,1,1,40.017339,-105.271632,0,0,0,1,AT INTERSECTION,1428,9258
-105.258505,40.020149,Police Collision Report,COLLISION W/ PED - PEDESTRIAN ON TOY MOTORIZE,1712871,2,1875  28TH ST      ,1875 28TH ST,,     ,  ,2017/09/29 00:00:00+00,2017/09/29 16:22:00+00,2017,9,September,16,6,29,Friday,16,Motorway Collision,Daylight,NONE,Property Damage Only,0,0,0,40.020149,-105.258505,0,0,0,1,PARKING LOT,1622,9259
-105.281326,40.013602,Police Collision Report,COLLISION W/ PED - PEDESTRIAN ON TOY MOTORIZE,1808925,2,1001  ARAPAHOE AVE      ,CANYON BLVD,STATE HWY,330,W ,2018/07/18 00:00:00+00,2018/07/18 16:53:00+00,2018,7,July,16,4,18,Wednesday,16,Motorway Collision,Daylight,NONE,Non-Incapacitating Injury,0,0,1,40.013602,-105.281326,0,0,0,1,NON-INTERSECTION,1653,9260
-105.225448,40.014598,Police Collision Report,COLLISION W/ PED - PEDESTRIAN ON TOY MOTORIZE,1911035,2,55TH ST/ARAPAHOE AVE,55TH ST,STATE HWY,81,S ,2019/09/17 00:00:00+00,2019/09/17 09:57:00+00,2019,9,September,9,3,17,Tuesday,9,Motorway Collision,Daylight,NONE,Non-Incapacitating Injury,0,0,1,40.014598,-105.225448,0,0,0,1,DRIVEWAY ACCESS RELATED,855,9261
-105.257829,40.000354,Police Collision Report,COLLISION W/ PED - PEDESTRIAN ON TOY MOTORIZE,1913654,2,BASELINE RD/28TH ST,BASELINE RD,CITY ST/CNTY RD,     ,  ,2019/11/18 00:00:00+00,2019/11/18 11:53:00+00,2019,11,November,11,2,18,Monday,11,Motorway Collision,Daylight,NONE,Non-Incapacitating Injury,0,0,1,40.000354,-105.257829,0,0,0,1,AT INTERSECTION,1151,9262
-105.235491,40.014695,Police Collision Report,COLLISION W/ PED - PEDESTRIAN ON TOY MOTORIZE,2101548,2,4747  ARAPAHOE AVE      ,4747 ARAPAHOE AVE,,     ,  ,2021/02/22 00:00:00+00,2021/02/22 09:19:00+00,2021,2,February,9,2,22,Monday,9,Motorway Collision,Daylight,NONE,Possible injury,0,0,0,40.014695,-105.235491,0,0,0,1,PARKING LOT,919,9263
-105.258468,40.032817,Police Collision Report,COLLISION W/ PED - ALL OTHER PEDS,2101484,2,28TH ST/GLENWOOD DR,28TH ST,CITY ST/CNTY RD,10,S ,2021/02/19 00:00:00+00,2021/02/19 18:49:00+00,2021,2,February,18,6,19,Friday,18,Motorway Collision,Dark - Lighted,NONE,Property Damage Only,0,0,0,40.032817,-105.258468,0,0,0,1,INTERSECTION RELATED,1849,9264
-105.258389,40.025537,Police Collision Report,COLLISION W/ PED - ALL OTHER PEDS,2101682,2,MAPLETON AVE/28TH ST,28TH ST,STATE HWY,     ,  ,2021/02/26 00:00:00+00,2021/02/26 10:35:00+00,2021,2,February,10,6,26,Friday,10,Motorway Collision,Daylight,NONE,Incapacitating Injury,0,1,1,40.025537,-105.258389,0,0,0,1,AT INTERSECTION,1034,9265
-105.297905,40.013382,Police Collision Report,NON-COLLISION - OTHER NON-COLLISION,2200863,2,CANYON BLVD/ARAPAHOE AVE,CANYON BOULEVARD,STATE HWY,     ,E ,2022/01/27 00:00:00+00,2022/01/27 16:23:00+00,2022,1,January,16,5,27,Thursday,16,Motorway Collision,Daylight,NONE,Non-Incapacitating Injury,0,0,1,40.013382,-105.297905,0,0,0,0,NON-INTERSECTION,1623,9266
-105.253712,40.030486,Police Collision Report,NON-COLLISION - OTHER NON-COLLISION,2201389,1,3065  30TH ST      ,30TH ST,,     ,N ,2022/02/12 00:00:00+00,2022/02/12 19:01:00+00,2022,2,February,19,7,12,Saturday,19,Motorway Collision,Dark - Lighted,NONE,Property Damage Only,0,0,0,40.030486,-105.253712,0,0,0,0,NON-INTERSECTION,1901,9267
-105.276268,40.00951,Police Collision Report,NON-COLLISION - OTHER NON-COLLISION,2211277,1,1299  PLEASANT ST/BROADWAY      ,BROADWAY,STATE HWY,     ,  ,2022/11/11 01:10:00+00,2022/11/11 01:10:00+00,2022,11,November,1,6,11,Friday,1,Motorway Collision,Dark - Lighted,NONE,Non-Incapacitating Injury,0,0,1,40.00951,-105.276268,1,1,0,0,AT INTERSECTION,110,9268
-105.272757,40.050831,Police Collision Report,COLLISION W/ PED - SCHOOL AGE TO/FROM SCHOOL,2111921,2,SUMAC AVE/19TH ST,SUMAC,CITY ST/CNTY RD,     ,W ,2021/12/14 00:00:00+00,2021/12/14 08:00:00+00,2021,12,December,8,3,14,Tuesday,8,Motorway Collision,Daylight,NONE,Non-Incapacitating Injury,0,0,1,40.050831,-105.272757,0,0,0,1,NON-INTERSECTION,730,9269
-105.239593,39.985887,Police Collision Report,COLLISION W/ PED - ALL OTHER PEDS,2101826,2,TABLE MESA DR/TANTRA DR,TABLE MESA DR,CITY ST/CNTY RD,     ,  ,2021/03/03 00:00:00+00,2021/03/03 21:41:00+00,2021,3,March,21,4,3,Wednesday,21,Motorway Collision,Dark - Lighted,NONE,Non-Incapacitating Injury,0,0,1,39.985887,-105.239593,0,0,0,1,AT INTERSECTION,2141,9270
-105.263218,40.037385,Police Collision Report,COLLISION W/ PED - ALL OTHER PEDS,2102692,2,JUNIPER AVE/N 26TH ST,JUNIPER AVE,CITY ST/CNTY RD,     ,W ,2021/04/02 00:00:00+00,2021/04/02 00:00:00+00,2021,4,April,0,6,2,Friday,0,Motorway Collision,Dark - Unlighted,NONE,Non-Incapacitating Injury,0,0,1,40.037385,-105.263218,0,0,0,1,NON-INTERSECTION,2358,9271
-105.236396,40.000018,Police Collision Report,COLLISION W/ PED - ALL OTHER PEDS,1913465,2,BASELINE RD/MOHAWK DR,BASELINE RD,,     ,  ,2019/11/13 00:00:00+00,2019/11/13 12:21:00+00,2019,11,November,12,4,13,Wednesday,12,Motorway Collision,Daylight,NONE,Non-Incapacitating Injury,0,0,1,40.000018,-105.236396,0,0,0,1,AT INTERSECTION,1221,9272
-105.249862,39.98558,Police Collision Report,COLLISION W/ PED - ALL OTHER PEDS,1913184,2,S BROADWAY/TABLE MESA DR,BROADWAY,STATE HWY,     ,  ,2019/11/02 00:00:00+00,2019/11/02 00:00:00+00,2019,11,November,0,7,2,Saturday,0,Motorway Collision,Dark - Lighted,NONE,Property Damage Only,0,0,0,39.98558,-105.249862,0,0,0,1,NON-INTERSECTION,2005,9273
-105.258373,40.00721,Police Collision Report,COLLISION W/ PED - ALL OTHER PEDS,1911862,2,28TH FRONTAGE RD/E COLLEGE AVE,28TH STREET FRONTAGE ROAD,CITY ST/CNTY RD,     ,  ,2019/10/04 00:00:00+00,2019/10/04 10:47:00+00,2019,10,October,10,6,4,Friday,10,Motorway Collision,Daylight,NONE,Incapacitating Injury,0,1,1,40.00721,-105.258373,0,0,0,1,AT INTERSECTION,1047,9274
-105.253059,39.999933,Police Collision Report,COLLISION W/ PED - ALL OTHER PEDS,1911443,2,30TH ST/BASELINE RD,30TH ST,CITY ST/CNTY RD,462,S ,2019/09/25 00:00:00+00,2019/09/25 12:22:00+00,2019,9,September,12,4,25,Wednesday,12,Motorway Collision,Daylight,NONE,Possible injury,0,0,0,39.999933,-105.253059,0,0,0,1,NON-INTERSECTION,1223,9275
-105.282073,40.024462,Police Collision Report,COLLISION W/ PED - ALL OTHER PEDS,2001574,2,BROADWAY/NORTH ST,BROADWAY,CITY ST/CNTY RD,     ,  ,2020/02/11 00:00:00+00,2020/02/11 15:41:00+00,2020,2,February,15,3,11,Tuesday,15,Motorway Collision,Daylight,NONE,Non-Incapacitating Injury,0,0,1,40.024462,-105.282073,0,0,0,1,AT INTERSECTION,1541,9276
-105.279719,40.017035,Police Collision Report,COLLISION W/ PED - ALL OTHER PEDS,2001467,3,1917  BROADWAY      ,1917 BROADWAY,,     ,  ,2020/02/09 00:00:00+00,2020/02/09 02:03:00+00,2020,2,February,2,1,9,Sunday,2,Motorway Collision,Dark - Lighted,NONE,Possible injury,0,0,0,40.017035,-105.279719,0,0,0,1,PARKING LOT,202,9277
-105.263831,40.010544,Police Collision Report,COLLISION W/ PED - ALL OTHER PEDS,2001172,2,FOLSOM ST/STADIUM DR,FOLSOM ST,CITY ST/CNTY RD,     ,  ,2020/02/02 00:00:00+00,2020/02/02 15:00:00+00,2020,2,February,15,1,2,Sunday,15,Motorway Collision,Daylight,NONE,Incapacitating Injury,0,1,1,40.010544,-105.263831,0,0,0,1,AT INTERSECTION,1500,9278
-105.282118,40.031067,Police Collision Report,COLLISION W/ PED - ALL OTHER PEDS,2001576,2,BROADWAY/EVERGREEN AVE,BROADWAY,CITY ST/CNTY RD,323,N ,2020/02/11 00:00:00+00,2020/02/11 15:58:00+00,2020,2,February,15,3,11,Tuesday,15,Motorway Collision,Daylight,NONE,Non-Incapacitating Injury,0,0,1,40.031067,-105.282118,0,0,0,1,AT INTERSECTION,1558,9279
-105.236396,40.000018,Police Collision Report,COLLISION W/ PED - ALL OTHER PEDS,2001660,2,BASELINE RD/MOHAWK DR,MOHAWK DR,CITY ST/CNTY RD,     ,  ,2020/02/13 00:00:00+00,2020/02/13 18:54:00+00,2020,2,February,18,5,13,Thursday,18,Motorway Collision,Dark - Lighted,NONE,Possible injury,0,0,0,40.000018,-105.236396,0,0,0,1,AT INTERSECTION,1853,9280