X,Y,ReportType,PrmaryCollsionType,CaseNumber,UnitsInvolved,Location,OnHighway,CrossStreet,FeetFromIntersection,DirectionFromIntersection,CollisionDate,ReportedDate,ReportedYear,ReportedMonth,ReportedMonthName,ReportedWeek,ReportedDayofWeekNum,ReportedDayofMonth,ReportedDayofWeek,ReportedHour,HitAndRunStatus,LightingCondition,WeatherCondition,Severity,NumKilled,NumSeriouslyInjured,NumInjuredOrKilled,Lat,Lon,DUI,AlcoholDrugSuspected,BicyclesInvolved,PedestriansInvolved,RoadDescription,Crash_Time,ESRI_OID
-105.276293,40.009467,Police Collision Report,COLLISION W/ PED - ALL OTHER PEDS,2001669,3,BROADWAY/PLEASANT ST,BROADWAY ST,STATE HWY,35,N ,2020/02/14 00:00:00+00,2020/02/14 01:30:00+00,2020,2,February,1,6,14,Friday,1,Motorway Collision,Dark - Lighted,NONE,Non-Incapacitating Injury,0,0,2,40.009467,-105.276293,0,0,0,1,INTERSECTION RELATED,130,9281
-105.258524,40.008127,Police Collision Report,COLLISION W/ PED - ALL OTHER PEDS,2002802,2,28TH ST/COLORADO AVE,28TH ST,STATE HWY,     ,  ,2020/03/13 00:00:00+00,2020/03/13 21:51:00+00,2020,3,March,21,6,13,Friday,21,Motorway Collision,Dark - Lighted,NONE,Possible injury,0,0,0,40.008127,-105.258524,0,0,0,1,AT INTERSECTION,2151,9282
-105.253059,39.999933,Police Collision Report,COLLISION W/ PED - ALL OTHER PEDS,2002431,2,30TH ST/BASELINE RD,BASELINE RD,CITY ST/CNTY RD,241,W ,2020/03/04 00:00:00+00,2020/03/04 19:27:00+00,2020,3,March,19,4,4,Wednesday,19,Motorway Collision,Dark - Lighted,NONE,Possible injury,0,0,0,39.999933,-105.253059,0,0,0,1,NON-INTERSECTION,2027,9283
-105.206772,40.07115,Police Collision Report,COLLISION W/ PED - ALL OTHER PEDS,2001056,2,LOOKOUT RD/63RD ST,63RD STREET,CITY ST/CNTY RD,     ,  ,2020/01/31 00:00:00+00,2020/01/31 07:03:00+00,2020,1,January,7,6,31,Friday,7,Motorway Collision,Dawn or Dusk,NONE,Incapacitating Injury,0,1,1,40.07115,-105.206772,0,0,0,1,AT INTERSECTION,703,9284
-105.236396,40.000018,Police Collision Report,COLLISION W/ PED - ALL OTHER PEDS,2000270,2,BASELINE RD/MOHAWK DR,MOHAWK DR.,CITY ST/CNTY RD,     ,  ,2020/01/09 10:15:00+00,2020/01/09 10:15:00+00,2020,1,January,10,5,9,Thursday,10,Motorway Collision,Daylight,NONE,Fatal,1,0,1,40.000018,-105.236396,0,0,0,1,AT INTERSECTION,1015,9285
-105.280027,40.017903,Police Collision Report,COLLISION W/ PED - ALL OTHER PEDS,1915136,2,BROADWAY/PEARL ST,BROADWAY,CITY ST/CNTY RD,     ,  ,2019/12/30 00:00:00+00,2019/12/30 21:32:00+00,2019,12,December,21,2,30,Monday,21,Motorway Collision,Dark - Lighted,NONE,Possible injury,0,0,0,40.017903,-105.280027,0,0,0,1,AT INTERSECTION,2132,9286
-105.258282,40.014544,Police Collision Report,COLLISION W/ PED - ALL OTHER PEDS,1910904,2,28TH ST/ARAPAHOE AVE,28TH STREET,STATE HWY,     ,  ,2019/09/14 00:00:00+00,2019/09/14 10:53:00+00,2019,9,September,10,7,14,Saturday,10,Motorway Collision,Daylight,NONE,Incapacitating Injury,0,1,1,40.014544,-105.258282,0,0,0,1,AT INTERSECTION,1053,9287
-105.243557,40.022837,Police Collision Report,COLLISION W/ PED - ALL OTHER PEDS,1910704,2,PEARL PKWY/FOOTHILLS NB OFF RP @ PEARL,PEARL ST,CITY ST/CNTY RD,26,S ,2019/09/09 00:00:00+00,2019/09/09 18:43:00+00,2019,9,September,18,2,9,Monday,18,Motorway Collision,Daylight,NONE,Non-Incapacitating Injury,0,0,1,40.022837,-105.243557,0,0,0,1,PARKING LOT,1845,9288
-105.254446,39.999921,Police Collision Report,COLLISION W/ PED - ALL OTHER PEDS,1910498,2,2950  BASELINE RD      ,BASELINE ROAD,CITY ST/CNTY RD,25,E ,2019/09/06 00:00:00+00,2019/09/06 12:09:00+00,2019,9,September,12,6,6,Friday,12,Motorway Collision,Daylight,NONE,Non-Incapacitating Injury,0,0,1,39.999921,-105.254446,0,0,0,1,DRIVEWAY ACCESS RELATED,1030,9289
-105.280806,40.025544,Police Collision Report,COLLISION W/ PED - ALL OTHER PEDS,1909395,2,1275  ALPINE AVE      ,1275 ALPINE AVE,,     ,  ,2019/08/19 00:00:00+00,2019/08/19 15:47:00+00,2019,8,August,15,2,19,Monday,15,Motorway Collision,Daylight,NONE,Possible injury,0,0,0,40.025544,-105.280806,0,0,0,1,PARKING LOT,1537,9290
-105.244674,40.038243,Police Collision Report,COLLISION W/ PED - ALL OTHER PEDS,1909179,2,FOOTHILLS PKWY/DIAGONAL HWY,DIAGNOL HWY,STATE HWY,     ,  ,2019/08/14 00:00:00+00,2019/08/14 13:15:00+00,2019,8,August,13,4,14,Wednesday,13,Motorway Collision,Daylight,NONE,Property Damage Only,0,0,0,40.038243,-105.244674,0,0,1,1,PARKING LOT,1150,9291
-105.250117,40.014735,Police Collision Report,COLLISION W/ PED - ALL OTHER PEDS,1909369,2,ARAPAHOE AVE/33RD ST,ARAPAHOE AVE,STATE HWY,312,W ,2019/08/18 00:00:00+00,2019/08/18 21:16:00+00,2019,8,August,21,1,18,Sunday,21,Motorway Collision,Dark - Unlighted,NONE,Incapacitating Injury,0,1,1,40.014735,-105.250117,0,0,0,1,NON-INTERSECTION,2117,9292
-105.270525,40.01721,Police Collision Report,COLLISION W/ PED - ALL OTHER PEDS,1909834,2,19TH ST/CANYON BLVD,CANYON BLVD,STATE HWY,15,E ,2019/08/25 11:39:59+00,2019/08/25 11:40:00+00,2019,8,August,11,1,25,Sunday,11,Motorway Collision,Daylight,NONE,Incapacitating Injury,0,1,1,40.01721,-105.270525,0,0,0,1,AT INTERSECTION,1139,9293
-105.252787,40.014739,Police Collision Report,COLLISION W/ PED - ALL OTHER PEDS,1909654,2,3075  ARAPAHOE AVE B     ,3075 ARAPAHOE AV,,     ,  ,2019/08/23 00:00:00+00,2019/08/23 16:24:00+00,2019,8,August,16,6,23,Friday,16,Motorway Collision,Daylight,NONE,Non-Incapacitating Injury,0,0,1,40.014739,-105.252787,0,0,0,1,PARKING LOT,1630,9294
-105.246519,40.014636,Police Collision Report,COLLISION W/ PED - ALL OTHER PEDS,1908929,2,ARAPAHOE AVE/38TH ST,ARAPAHOE AVE,STATE HWY,     ,  ,2019/08/09 00:00:00+00,2019/08/09 10:30:00+00,2019,8,August,10,6,9,Friday,10,Motorway Collision,Daylight,NONE,Non-Incapacitating Injury,0,0,1,40.014636,-105.246519,0,0,0,1,AT INTERSECTION,1030,9295
-105.247289,39.985818,Police Collision Report,COLLISION W/ PED - ALL OTHER PEDS,1908767,2,S 40TH ST/TABLE MESA DR,S 4OTH STREET,CITY ST/CNTY RD,75,W ,2019/08/05 00:00:00+00,2019/08/05 18:40:00+00,2019,8,August,18,2,5,Monday,18,Motorway Collision,Daylight,NONE,Possible injury,0,0,0,39.985818,-105.247289,0,0,0,1,NON-INTERSECTION,1839,9296
-105.253688,40.014535,Police Collision Report,COLLISION W/ PED - ALL OTHER PEDS,1907521,2,ARAPAHOE AVE/30TH ST,30TH ST,CITY ST/CNTY RD,60,N ,2019/07/08 00:00:00+00,2019/07/08 19:17:00+00,2019,7,July,19,2,8,Monday,19,Motorway Collision,Daylight,NONE,Non-Incapacitating Injury,0,0,1,40.014535,-105.253688,0,0,0,1,DRIVEWAY ACCESS RELATED,1720,9297
-105.28381,40.01712,Police Collision Report,COLLISION W/ PED - ALL OTHER PEDS,1907174,2,PEARL ST/9TH ST,PEARL ST,CITY ST/CNTY RD,166,E ,2019/06/30 00:00:00+00,2019/06/30 17:44:00+00,2019,6,June,17,1,30,Sunday,17,Motorway Collision,Daylight,NONE,Possible injury,0,0,0,40.01712,-105.28381,0,0,0,1,NON-INTERSECTION,1644,9298
-105.256034,40.029131,Police Collision Report,COLLISION W/ PED - ALL OTHER PEDS,1907349,2,VALMONT RD/29TH ST,VALMONT,CITY ST/CNTY RD,     ,  ,2019/07/04 00:00:00+00,2019/07/04 17:41:00+00,2019,7,July,17,5,4,Thursday,17,Motorway Collision,Daylight,NONE,Property Damage Only,0,0,0,40.029131,-105.256034,0,0,0,1,AT INTERSECTION,1742,9299
-105.249911,39.985461,Police Collision Report,COLLISION W/ PED - ALL OTHER PEDS,1905551,2,TABLE MESA DR/S BROADWAY,S. BROADWAY,STATE HWY,     ,  ,2019/05/22 00:00:00+00,2019/05/22 15:50:00+00,2019,5,May,15,4,22,Wednesday,15,Motorway Collision,Daylight,NONE,Possible injury,0,0,0,39.985461,-105.249911,0,0,1,1,AT INTERSECTION,1550,9300
-105.281315,40.017646,Police Collision Report,COLLISION W/ PED - ALL OTHER PEDS,1905612,2,PEARL ST/11TH ST,PEARL STREET,CITY ST/CNTY RD,5,W ,2019/05/24 00:00:00+00,2019/05/24 12:55:00+00,2019,5,May,12,6,24,Friday,12,Motorway Collision,Daylight,NONE,Possible injury,0,0,0,40.017646,-105.281315,0,0,0,1,NON-INTERSECTION,1300,9301
-105.279635,40.016897,Police Collision Report,COLLISION W/ PED - ALL OTHER PEDS,1905325,2,WALNUT ST/BROADWAY,WALNUT STREET,CITY ST/CNTY RD,175,E ,2019/05/17 00:00:00+00,2019/05/17 10:36:00+00,2019,5,May,10,6,17,Friday,10,Motorway Collision,Daylight,NONE,Possible injury,0,0,0,40.016897,-105.279635,0,0,0,1,NON-INTERSECTION,1015,9302
-105.254379,40.005208,Police Collision Report,COLLISION W/ PED - ALL OTHER PEDS,1905406,2,E EUCLID AVE/KENT ST,E EUCLID AVE,CITY ST/CNTY RD,78,E ,2019/05/19 00:00:00+00,2019/05/19 12:51:00+00,2019,5,May,12,1,19,Sunday,12,Motorway Collision,Daylight,NONE,Possible injury,0,0,0,40.005208,-105.254379,0,0,0,1,NON-INTERSECTION,1251,9303
-105.253713,40.018899,Police Collision Report,COLLISION W/ PED - ALL OTHER PEDS,1903748,2,1830  30TH ST      ,1830 30TH ST,,     ,  ,2019/04/08 00:00:00+00,2019/04/08 16:20:00+00,2019,4,April,16,2,8,Monday,16,Motorway Collision,Daylight,NONE,Incapacitating Injury,0,1,1,40.018899,-105.253713,0,0,0,1,PARKING LOT,1620,9304
-105.278334,40.017158,Police Collision Report,COLLISION W/ PED - ALL OTHER PEDS,1903749,2,WALNUT ST/13TH ST,13TH ST,CITY ST/CNTY RD,     ,  ,2019/04/08 00:00:00+00,2019/04/08 16:28:00+00,2019,4,April,16,2,8,Monday,16,Motorway Collision,Daylight,NONE,Possible injury,0,0,0,40.017158,-105.278334,0,0,0,1,AT INTERSECTION,1628,9305
-105.270222,40.014626,Police Collision Report,COLLISION W/ PED - ALL OTHER PEDS,1903854,2,ARAPAHOE AVE/19TH ST,ARAPAHOE ROAD,CITY ST/CNTY RD,     ,  ,2019/04/11 00:00:00+00,2019/04/11 08:37:00+00,2019,4,April,8,5,11,Thursday,8,Motorway Collision,Daylight,NONE,Property Damage Only,0,0,0,40.014626,-105.270222,0,0,0,1,AT INTERSECTION,840,9306
-105.201245,40.072777,Police Collision Report,COLLISION W/ PED - ALL OTHER PEDS,1903997,2,6550  LOOKOUT RD      ,6550 LOOKOUT RD,,     ,  ,2019/04/14 00:00:00+00,2019/04/14 15:47:00+00,2019,4,April,15,1,14,Sunday,15,Motorway Collision,Daylight,NONE,Incapacitating Injury,0,1,1,40.072777,-105.201245,0,0,0,1,PARKING LOT,1547,9307
-105.276252,40.008678,Police Collision Report,COLLISION W/ PED - ALL OTHER PEDS,1904039,3,13TH ST/PENNSYLVANIA AVE,13TH ST,CITY ST/CNTY RD,45,S ,2019/04/15 00:00:00+00,2019/04/15 15:36:00+00,2019,4,April,15,2,15,Monday,15,Motorway Collision,Daylight,NONE,Possible injury,0,0,0,40.008678,-105.276252,0,0,0,1,DRIVEWAY ACCESS RELATED,1536,9308
-105.278257,40.012875,Police Collision Report,COLLISION W/ PED - ALL OTHER PEDS,1904042,2,BROADWAY/MARINE ST,BROADWAY,STATE HWY,     ,  ,2019/04/15 00:00:00+00,2019/04/15 16:44:00+00,2019,4,April,16,2,15,Monday,16,Motorway Collision,Daylight,NONE,Non-Incapacitating Injury,0,0,1,40.012875,-105.278257,0,0,0,1,AT INTERSECTION,1644,9309
-105.282131,40.061857,Police Collision Report,COLLISION W/ PED - ALL OTHER PEDS,1904114,2,LEE HILL DR/BROADWAY,LEE HILL RD,CITY ST/CNTY RD,285,E ,2019/04/15 00:00:00+00,2019/04/15 00:00:00+00,2019,4,April,0,2,15,Monday,0,Motorway Collision,Daylight,NONE,Possible injury,0,0,0,40.061857,-105.282131,0,0,0,1,DRIVEWAY ACCESS RELATED,1700,9310
-105.261976,40.024825,Police Collision Report,COLLISION W/ PED - ALL OTHER PEDS,1808723,2,26TH ST/MAPLETON AVE,MAPLETON AVE,CITY ST/CNTY RD,     ,  ,2018/07/14 00:00:00+00,2018/07/14 11:15:00+00,2018,7,July,11,7,14,Saturday,11,Motorway Collision,Daylight,NONE,Possible injury,0,0,0,40.024825,-105.261976,0,0,0,1,AT INTERSECTION,1115,9311
-105.279314,40.015947,Police Collision Report,COLLISION W/ PED - ALL OTHER PEDS,1809257,2,CANYON BLVD/BROADWAY,BROADWAY,STATE HWY,     ,  ,2018/07/25 00:00:00+00,2018/07/25 20:26:00+00,2018,7,July,20,4,25,Wednesday,20,Motorway Collision,Daylight,NONE,Incapacitating Injury,0,1,1,40.015947,-105.279314,0,0,0,1,AT INTERSECTION,2035,9312
-105.225448,40.014598,Police Collision Report,COLLISION W/ PED - ALL OTHER PEDS,1809285,2,55TH ST/ARAPAHOE AVE,55TH ST,STATE HWY,50,S ,2018/07/26 00:00:00+00,2018/07/26 11:53:00+00,2018,7,July,11,5,26,Thursday,11,Motorway Collision,Daylight,NONE,Property Damage Only,0,0,0,40.014598,-105.225448,0,0,0,1,NON-INTERSECTION,1153,9313
-105.282131,40.051606,Police Collision Report,COLLISION W/ PED - ALL OTHER PEDS,1809445,2,BROADWAY/TAMARACK AVE,BROADWAY,CITY ST/CNTY RD,     ,W ,2018/07/29 00:00:00+00,2018/07/29 15:18:00+00,2018,7,July,15,1,29,Sunday,15,Motorway Collision,Daylight,NONE,Non-Incapacitating Injury,0,0,1,40.051606,-105.282131,0,0,0,1,AT INTERSECTION,1518,9314
-105.259142,39.994042,Police Collision Report,COLLISION W/ PED - ALL OTHER PEDS,1806068,2,LASHLEY LN/29TH ST,LASHLEY LANE,CITY ST/CNTY RD,150,S ,2018/05/17 00:00:00+00,2018/05/18 00:00:00+00,2018,5,May,0,6,18,Friday,0,Motorway Collision,Dark - Lighted,NONE,Non-Incapacitating Injury,0,0,1,39.994042,-105.259142,0,0,0,1,NON-INTERSECTION,2145,9315
-105.261295,40.032369,Police Collision Report,COLLISION W/ PED - ALL OTHER PEDS,1806451,2,3186  WESTWOOD CT      ,WESTWOOD CT,CITY ST/CNTY RD,     ,  ,2018/05/25 00:00:00+00,2018/05/25 22:43:00+00,2018,5,May,22,6,25,Friday,22,Motorway Collision,Dark - Lighted,NONE,Non-Incapacitating Injury,0,0,1,40.032369,-105.261295,0,0,0,1,NON-INTERSECTION,2301,9316
-105.25015,40.017254,Police Collision Report,COLLISION W/ PED - ALL OTHER PEDS,1807254,2,33RD ST/FISHER DR,33RD ST,CITY ST/CNTY RD,223,S ,2018/06/13 00:00:00+00,2018/06/13 14:15:00+00,2018,6,June,14,4,13,Wednesday,14,Motorway Collision,Daylight,NONE,Property Damage Only,0,0,0,40.017254,-105.25015,0,0,0,1,NON-INTERSECTION,1415,9317
-105.277016,40.017397,Police Collision Report,COLLISION W/ PED - ALL OTHER PEDS,1807363,2,1400  WALNUT ST      ,1400 WALNUT ST,,     ,  ,2018/06/15 14:01:00+00,2018/06/15 14:02:00+00,2018,6,June,14,6,15,Friday,14,Motorway Collision,Daylight,NONE,Non-Incapacitating Injury,0,0,1,40.017397,-105.277016,0,0,0,1,INTERSECTION RELATED,1402,9318
-105.257424,40.011096,Police Collision Report,COLLISION W/ PED - ALL OTHER PEDS,1807431,2,2850  BOULDER CREEK PATH      ,28TH FRONTAGE ROAD,CITY ST/CNTY RD,     ,  ,2018/06/21 00:00:00+00,2018/06/21 00:00:00+00,2018,6,June,0,5,21,Thursday,0,Motorway Collision,Dawn or Dusk,NONE,Property Damage Only,0,0,0,40.011096,-105.257424,0,0,1,1,,2121,9319
-105.27537,40.016622,Police Collision Report,COLLISION W/ PED - ALL OTHER PEDS,1807556,2,15TH ST/CANYON BLVD,CANYON BLVD,STATE HWY,     ,  ,2018/06/19 18:07:59+00,2018/06/19 18:08:00+00,2018,6,June,18,3,19,Tuesday,18,Motorway Collision,Daylight,NONE,Possible injury,0,0,0,40.016622,-105.27537,0,0,0,1,AT INTERSECTION,1808,9320
-105.27867,40.010518,Police Collision Report,COLLISION W/ PED - ALL OTHER PEDS,1811960,3,UNIVERSITY AVE/11TH ST,UNIVERSITY,CITY ST/CNTY RD,     ,  ,2018/09/14 00:00:00+00,2018/09/14 23:13:00+00,2018,9,September,23,6,14,Friday,23,Motorway Collision,Dark - Lighted,NONE,Non-Incapacitating Injury,0,0,2,40.010518,-105.27867,0,0,0,1,AT INTERSECTION,2340,9321
-105.278698,40.005461,Police Collision Report,COLLISION W/ PED - ALL OTHER PEDS,1812022,2,11TH ST/EUCLID AVE,11TH ST,CITY ST/CNTY RD,     ,  ,2018/09/16 00:00:00+00,2018/09/16 11:04:00+00,2018,9,September,11,1,16,Sunday,11,Motorway Collision,Daylight,NONE,Possible injury,0,0,0,40.005461,-105.278698,0,0,0,1,INTERSECTION RELATED,1104,9322
-105.272553,40.014615,Police Collision Report,COLLISION W/ PED - ALL OTHER PEDS,1812429,2,ARAPAHOE AVE/17TH ST,ARAPAHOE AVE,CITY ST/CNTY RD,18,E ,2018/09/25 00:00:00+00,2018/09/25 12:37:00+00,2018,9,September,12,3,25,Tuesday,12,Motorway Collision,Daylight,NONE,Property Damage Only,0,0,0,40.014615,-105.272553,0,0,0,1,AT INTERSECTION,1236,9323
-105.258282,40.014544,Police Collision Report,COLLISION W/ PED - ALL OTHER PEDS,1812359,2,28TH ST/ARAPAHOE AVE,28TH,CITY ST/CNTY RD,382,S ,2018/09/23 00:00:00+00,2018/09/23 14:08:00+00,2018,9,September,14,1,23,Sunday,14,Motorway Collision,Daylight,NONE,Possible injury,0,0,0,40.014544,-105.258282,0,0,0,1,DRIVEWAY ACCESS RELATED,1409,9324
-105.282089,40.026763,Police Collision Report,COLLISION W/ PED - ALL OTHER PEDS,1813357,2,BALSAM AVE/BROADWAY,BALSAM AVE,CITY ST/CNTY RD,     ,  ,2018/10/15 00:00:00+00,2018/10/15 13:45:00+00,2018,10,October,13,2,15,Monday,13,Motorway Collision,Daylight,NONE,Non-Incapacitating Injury,0,0,1,40.026763,-105.282089,0,0,0,1,AT INTERSECTION,1345,9325
-105.253425,40.00742,Police Collision Report,COLLISION W/ PED - ALL OTHER PEDS,1812871,2,30TH ST/COLORADO AVE,COLROADO,CITY ST/CNTY RD,     ,  ,2018/10/04 00:00:00+00,2018/10/04 11:05:00+00,2018,10,October,11,5,4,Thursday,11,Motorway Collision,Daylight,NONE,Possible injury,0,0,0,40.00742,-105.253425,0,0,0,1,AT INTERSECTION,1055,9326
-105.258407,40.022375,Police Collision Report,COLLISION W/ PED - ALL OTHER PEDS,1811248,2,28TH ST/PEARL ST,28TH STREET,STATE HWY,     ,  ,2018/09/01 00:00:00+00,2018/09/01 08:22:00+00,2018,9,September,8,7,1,Saturday,8,Motorway Collision,Daylight,NONE,Non-Incapacitating Injury,0,0,1,40.022375,-105.258407,0,0,0,1,AT INTERSECTION,822,9327
-105.24264,39.985829,Police Collision Report,COLLISION W/ PED - ALL OTHER PEDS,1809888,2,S 45TH ST/TABLE MESA DR,TABLE MESA DR.,CITY ST/CNTY RD,125,E ,2018/08/07 00:00:00+00,2018/08/07 18:09:00+00,2018,8,August,18,3,7,Tuesday,18,Motorway Collision,Daylight,NONE,Incapacitating Injury,0,1,1,39.985829,-105.24264,0,0,0,1,NON-INTERSECTION,1805,9328
-105.279314,40.015947,Police Collision Report,COLLISION W/ PED - ALL OTHER PEDS,1810250,2,CANYON BLVD/BROADWAY,CANYON,STATE HWY,     ,  ,2018/08/15 00:00:00+00,2018/08/15 10:56:00+00,2018,8,August,10,4,15,Wednesday,10,Motorway Collision,Daylight,NONE,Possible injury,0,0,0,40.015947,-105.279314,0,0,0,1,AT INTERSECTION,1100,9329
-105.284114,40.018109,Police Collision Report,COLLISION W/ PED - ALL OTHER PEDS,1810430,2,9TH ST/SPRUCE ST,9TH ST,CITY ST/CNTY RD,     ,  ,2018/08/18 00:00:00+00,2018/08/18 19:30:00+00,2018,8,August,19,7,18,Saturday,19,Motorway Collision,Dawn or Dusk,NONE,Property Damage Only,0,0,0,40.018109,-105.284114,0,0,0,1,AT INTERSECTION,1930,9330
-105.234612,40.029256,Police Collision Report,COLLISION W/ PED - ALL OTHER PEDS,1815774,2,VALMONT RD/AIRPORT RD,VALMONT,CITY ST/CNTY RD,     ,  ,2018/12/12 00:00:00+00,2018/12/12 14:13:00+00,2018,12,December,14,4,12,Wednesday,14,Motorway Collision,Daylight,NONE,Non-Incapacitating Injury,0,0,1,40.029256,-105.234612,0,0,0,1,AT INTERSECTION,1413,9331
-105.253706,40.027516,Police Collision Report,COLLISION W/ PED - ALL OTHER PEDS,1815887,2,2691  30TH ST      ,2691 30TH STREET,CITY ST/CNTY RD,     ,  ,2018/12/14 00:00:00+00,2018/12/14 18:15:00+00,2018,12,December,18,6,14,Friday,18,Motorway Collision,Dark - Unlighted,NONE,Non-Incapacitating Injury,0,0,1,40.027516,-105.253706,0,0,0,1,PARKING LOT,1814,9332
-105.236396,40.000018,Police Collision Report,COLLISION W/ PED - ALL OTHER PEDS,1816110,2,BASELINE RD/MOHAWK DR,BASELINE,CITY ST/CNTY RD,     ,  ,2018/12/20 00:00:00+00,2018/12/20 08:26:00+00,2018,12,December,8,5,20,Thursday,8,Motorway Collision,Daylight,NONE,Incapacitating Injury,0,1,1,40.000018,-105.236396,0,0,0,1,AT INTERSECTION,826,9333
-105.263158,40.021342,Police Collision Report,COLLISION W/ PED - ALL OTHER PEDS,1816118,2,FOLSOM ST/PEARL ST,FOLSOM ST,CITY ST/CNTY RD,     ,  ,2018/12/20 00:00:00+00,2018/12/20 09:18:00+00,2018,12,December,9,5,20,Thursday,9,Motorway Collision,Daylight,NONE,Possible injury,0,0,0,40.021342,-105.263158,0,0,0,1,AT INTERSECTION,918,9334
-105.280342,40.018923,Police Collision Report,COLLISION W/ PED - ALL OTHER PEDS,1816148,2,SPRUCE ST/BROADWAY,BROADWAY,CITY ST/CNTY RD,     ,  ,2018/12/20 17:23:59+00,2018/12/20 17:24:00+00,2018,12,December,17,5,20,Thursday,17,Motorway Collision,Dark - Lighted,NONE,Non-Incapacitating Injury,0,0,1,40.018923,-105.280342,0,0,0,1,AT INTERSECTION,1728,9335
-105.263563,40.000114,Police Collision Report,COLLISION W/ PED - ALL OTHER PEDS,1816326,2,BASELINE RD/BROADWAY,BASELINE ROAD,STATE HWY,     ,  ,2018/12/26 00:00:00+00,2018/12/26 15:23:00+00,2018,12,December,15,4,26,Wednesday,15,Motorway Collision,Daylight,NONE,Non-Incapacitating Injury,0,0,1,40.000114,-105.263563,0,0,0,1,AT INTERSECTION,830,9336
-105.263091,40.02903,Police Collision Report,COLLISION W/ PED - ALL OTHER PEDS,1814894,2,2880  FOLSOM ST      ,2880 FOLSOM PARKING LOT,,     ,  ,2018/11/19 00:00:00+00,2018/11/19 14:06:00+00,2018,11,November,14,2,19,Monday,14,Motorway Collision,Daylight,NONE,Possible injury,0,0,0,40.02903,-105.263091,0,0,0,1,PARKING LOT,1420,9337
-105.275827,40.008732,Police Collision Report,COLLISION W/ PED - ALL OTHER PEDS,1815164,2,BROADWAY/PENNSYLVANIA AVE,BROADWAY,STATE HWY,     ,  ,2018/11/27 00:00:00+00,2018/11/27 19:33:00+00,2018,11,November,19,3,27,Tuesday,19,Motorway Collision,Dark - Lighted,NONE,Non-Incapacitating Injury,0,0,1,40.008732,-105.275827,0,0,0,1,AT INTERSECTION,1932,9338
-105.260873,40.021728,Police Collision Report,COLLISION W/ PED - ALL OTHER PEDS,1815183,2,PEARL ST/26TH ST,PEARL STREET,CITY ST/CNTY RD,     ,  ,2018/11/28 00:00:00+00,2018/11/28 09:06:00+00,2018,11,November,9,4,28,Wednesday,9,Motorway Collision,Daylight,NONE,Non-Incapacitating Injury,0,0,1,40.021728,-105.260873,0,0,0,1,AT INTERSECTION,905,9339
-105.279019,40.019204,Police Collision Report,COLLISION W/ PED - ALL OTHER PEDS,1815348,2,SPRUCE ST/13TH ST,13TH ST,CITY ST/CNTY RD,     ,  ,2018/12/01 00:00:00+00,2018/12/01 15:56:00+00,2018,12,December,15,7,1,Saturday,15,Motorway Collision,Daylight,NONE,Possible injury,0,0,0,40.019204,-105.279019,0,0,0,1,AT INTERSECTION,1556,9340
-105.253767,40.023257,Police Collision Report,COLLISION W/ PED - ALL OTHER PEDS,1815458,2,30TH ST/PEARL ST,30TH ST,CITY ST/CNTY RD,     ,  ,2018/12/04 00:00:00+00,2018/12/04 20:47:00+00,2018,12,December,20,3,4,Tuesday,20,Motorway Collision,Dark - Lighted,NONE,Property Damage Only,0,0,0,40.023257,-105.253767,0,0,0,1,AT INTERSECTION,2045,9341
-105.258476,40.03511,Police Collision Report,COLLISION W/ PED - ALL OTHER PEDS,1814417,2,3325  28TH ST      ,PRIVATE PROPERTY,,     ,  ,2018/11/07 00:00:00+00,2018/11/07 13:41:00+00,2018,11,November,13,4,7,Wednesday,13,Motorway Collision,Daylight,NONE,Non-Incapacitating Injury,0,0,1,40.03511,-105.258476,0,0,0,1,PARKING LOT,1340,9342
-105.253404,40.00745,Police Collision Report,COLLISION W/ PED - ALL OTHER PEDS,1814228,2,COLORADO AVE/30TH ST,COLORADO AVE,CITY ST/CNTY RD,     ,  ,2018/11/02 00:00:00+00,2018/11/02 09:03:00+00,2018,11,November,9,6,2,Friday,9,Motorway Collision,Daylight,NONE,Non-Incapacitating Injury,0,0,1,40.00745,-105.253404,0,0,0,1,AT INTERSECTION,903,9343
-105.276252,40.008678,Police Collision Report,COLLISION W/ PED - ALL OTHER PEDS,1814173,2,13TH ST/PENNSYLVANIA AVE,PENNSYLVANIA,CITY ST/CNTY RD,252,S ,2018/10/31 00:00:00+00,2018/10/31 23:46:00+00,2018,10,October,23,4,31,Wednesday,23,Motorway Collision,Dark - Lighted,NONE,Property Damage Only,0,0,0,40.008678,-105.276252,0,0,0,1,NON-INTERSECTION,2346,9344
-105.274674,40.007207,Police Collision Report,COLLISION W/ PED - ALL OTHER PEDS,1813930,2,BROADWAY/COLLEGE AVE,COLLEGE AVE,CITY ST/CNTY RD,10,W ,2018/10/27 00:00:00+00,2018/10/27 01:46:00+00,2018,10,October,1,7,27,Saturday,1,Motorway Collision,Dark - Lighted,NONE,Non-Incapacitating Injury,0,0,1,40.007207,-105.274674,0,0,0,1,NON-INTERSECTION,146,9345
-105.263033,40.014644,Police Collision Report,COLLISION W/ PED - ALL OTHER PEDS,1813525,2,ARAPAHOE AVE/FOLSOM ST,ARAPAHOE AVE,CITY ST/CNTY RD,584,E ,2018/10/18 00:00:00+00,2018/10/18 14:51:00+00,2018,10,October,14,5,18,Thursday,14,Motorway Collision,Daylight,NONE,Incapacitating Injury,0,1,1,40.014644,-105.263033,0,0,0,1,AT INTERSECTION,1451,9346