X,Y,ReportType,PrmaryCollsionType,CaseNumber,UnitsInvolved,Location,OnHighway,CrossStreet,FeetFromIntersection,DirectionFromIntersection,CollisionDate,ReportedDate,ReportedYear,ReportedMonth,ReportedMonthName,ReportedWeek,ReportedDayofWeekNum,ReportedDayofMonth,ReportedDayofWeek,ReportedHour,HitAndRunStatus,LightingCondition,WeatherCondition,Severity,NumKilled,NumSeriouslyInjured,NumInjuredOrKilled,Lat,Lon,DUI,AlcoholDrugSuspected,BicyclesInvolved,PedestriansInvolved,RoadDescription,Crash_Time,ESRI_OID
-105.258468,40.032817,Police Collision Report,COLLISION W/ PED - ALL OTHER PEDS,2208545,2,28TH ST/GLENWOOD DR,28TH ST,STATE HWY,     ,S ,2022/08/29 00:00:00+00,2022/08/29 12:59:00+00,2022,8,August,12,2,29,Monday,12,Motorway Collision,Daylight,NONE,Non-Incapacitating Injury,0,0,1,40.032817,-105.258468,0,0,0,1,DRIVEWAY ACCESS RELATED,1259,9413
-105.256094,40.017033,Police Collision Report,COLLISION W/ PED - ALL OTHER PEDS,2209216,2,29TH ST/CANYON BLVD,CANYON BLVD,OTHER RDWY,     ,  ,2022/09/14 00:00:00+00,2022/09/14 12:03:00+00,2022,9,September,12,4,14,Wednesday,12,Motorway Collision,Daylight,NONE,Non-Incapacitating Injury,0,0,1,40.017033,-105.256094,0,0,0,1,AT INTERSECTION,1202,9414
-105.278473,40.026773,Police Collision Report,COLLISION W/ PED - ALL OTHER PEDS,2209666,2,BALSAM AVE/14TH ST,BALSAM AVE,CITY ST/CNTY RD,     ,  ,2022/09/26 00:00:00+00,2022/09/26 09:20:00+00,2022,9,September,9,2,26,Monday,9,Motorway Collision,Daylight,NONE,Non-Incapacitating Injury,0,0,1,40.026773,-105.278473,0,0,0,1,ROUNDABOUT,920,9415
-105.241291,39.973583,Police Collision Report,COLLISION W/ PED - ALL OTHER PEDS,2209776,2,CHAMBERS DR/GREENBRIAR BLVD,CHAMBERS DRIVE,CITY ST/CNTY RD,     ,  ,2022/09/29 00:00:00+00,2022/09/29 11:48:00+00,2022,9,September,11,5,29,Thursday,11,Motorway Collision,Daylight,NONE,Non-Incapacitating Injury,0,0,1,39.973583,-105.241291,0,0,0,1,AT INTERSECTION,1148,9416
-105.234572,40.029228,Police Collision Report,COLLISION W/ PED - ALL OTHER PEDS,2209824,2,AIRPORT RD/VALMONT RD,VALMONT RD,CITY ST/CNTY RD,     ,  ,2022/09/30 00:00:00+00,2022/09/30 12:37:00+00,2022,9,September,12,6,30,Friday,12,Motorway Collision,Daylight,NONE,Non-Incapacitating Injury,0,0,1,40.029228,-105.234572,0,0,0,1,AT INTERSECTION,1220,9417
-105.258534,40.014525,Police Collision Report,COLLISION W/ PED - ALL OTHER PEDS,2209648,2,2798  ARAPAHOE AVE      ,2798 ARAPAHOE AVE,,     ,W ,2022/09/25 00:00:00+00,2022/09/25 17:13:00+00,2022,9,September,17,1,25,Sunday,17,Motorway Collision,Daylight,NONE,Possible injury,0,0,0,40.014525,-105.258534,0,0,0,1,PARKING LOT,1715,9418
-105.280364,40.018887,Police Collision Report,COLLISION W/ PED - ALL OTHER PEDS,2209619,2,BROADWAY/SPRUCE ST,BROADWAY,CITY ST/CNTY RD,     ,S ,2022/09/24 00:00:00+00,2022/09/24 17:51:00+00,2022,9,September,17,7,24,Saturday,17,Motorway Collision,Dawn or Dusk,NONE,Incapacitating Injury,0,1,1,40.018887,-105.280364,0,0,0,1,INTERSECTION RELATED,1751,9419
-105.277469,40.007301,Police Collision Report,COLLISION W/ PED - ALL OTHER PEDS,2210139,2,12TH ST/COLLEGE AVE,12TH ST,CITY ST/CNTY RD,     ,S ,2022/10/09 00:00:00+00,2022/10/09 13:32:00+00,2022,10,October,13,1,9,Sunday,13,Motorway Collision,Daylight,NONE,Non-Incapacitating Injury,0,0,1,40.007301,-105.277469,0,0,0,1,NON-INTERSECTION,1332,9420
-105.253774,40.014536,Police Collision Report,COLLISION W/ PED - ALL OTHER PEDS,2271731,2,ARAPAHOE AVE/30TH ST,ARAPAHOE AVE,CITY ST/CNTY RD,     ,  ,2022/04/22 14:30:00+00,2022/06/20 12:34:58+00,2022,6,June,12,2,20,Monday,12,Motorway Collision,Daylight,NONE,Non-Incapacitating Injury,0,0,1,40.014536,-105.253774,0,0,0,1,DRIVEWAY ACCESS RELATED,1430,9421
-105.244862,40.029223,Police Collision Report,COLLISION W/ PED - ALL OTHER PEDS,2206474,2,FOOTHILLS PKWY/VALMONT RD,FOOTHILLS PKWY,STATE HWY,     ,S ,2022/07/08 00:00:00+00,2022/07/08 22:36:00+00,2022,7,July,22,6,8,Friday,22,Motorway Collision,Dark - Lighted,NONE,Non-Incapacitating Injury,0,0,1,40.029223,-105.244862,0,0,0,1,INTERSECTION RELATED,2236,9422
-105.285701,40.025513,Police Collision Report,COLLISION W/ PED - ALL OTHER PEDS,2207049,2,9TH ST/ALPINE AVE,9TH ST,CITY ST/CNTY RD,     ,N ,2022/07/25 00:00:00+00,2022/07/25 08:03:00+00,2022,7,July,8,2,25,Monday,8,Motorway Collision,Daylight,NONE,Incapacitating Injury,0,1,1,40.025513,-105.285701,0,0,0,1,AT INTERSECTION,803,9423
-105.283211,40.014969,Police Collision Report,COLLISION W/ PED - ALL OTHER PEDS,2207818,2,900   CANYON BLVD BLK    ,CANYON BLVD,STATE HWY,     ,E ,2022/08/15 06:30:00+00,2022/08/15 08:49:02+00,2022,8,August,8,2,15,Monday,8,Motorway Collision,Dawn or Dusk,NONE,Incapacitating Injury,0,1,1,40.014969,-105.283211,0,0,0,1,MID-BLOCK CROSSWALK,635,9424
-105.258282,40.014544,Police Collision Report,COLLISION W/ MV - FRONT TO FRONT,2207947,2,28TH ST/ARAPAHOE AVE,28TH STREET,CITY ST/CNTY RD,     ,  ,2022/08/18 00:00:00+00,2022/08/18 02:12:00+00,2022,8,August,2,5,18,Thursday,2,Motorway Collision,Dark - Lighted,NONE,Property Damage Only,0,0,0,40.014544,-105.258282,0,0,0,0,AT INTERSECTION,212,9425
-105.253688,40.014535,Police Collision Report,COLLISION W/ MV - FRONT TO FRONT,2207989,2,ARAPAHOE AVE/30TH ST,ARAPAHOE AVENUE,CITY ST/CNTY RD,     ,  ,2022/08/18 00:00:00+00,2022/08/18 21:27:00+00,2022,8,August,21,5,18,Thursday,21,Motorway Collision,Dark - Lighted,NONE,Non-Incapacitating Injury,0,0,1,40.014535,-105.253688,0,0,0,0,AT INTERSECTION,2127,9426
-105.256094,40.017033,Police Collision Report,COLLISION W/ MV - FRONT TO FRONT,2208034,2,29TH ST/CANYON BLVD,29TH ST,CITY ST/CNTY RD,     ,  ,2022/08/19 00:00:00+00,2022/08/19 14:18:00+00,2022,8,August,14,6,19,Friday,14,Motorway Collision,Daylight,NONE,Property Damage Only,0,0,0,40.017033,-105.256094,0,0,0,0,AT INTERSECTION,1416,9427
-105.263563,40.000114,Police Collision Report,COLLISION W/ MV - FRONT TO FRONT,2208053,2,BASELINE RD/BROADWAY,BASELINE ROAD,CITY ST/CNTY RD,     ,  ,2022/08/19 00:00:00+00,2022/08/19 21:33:00+00,2022,8,August,21,6,19,Friday,21,Motorway Collision,Dark - Lighted,NONE,Property Damage Only,0,0,0,40.000114,-105.263563,0,0,0,0,AT INTERSECTION,2133,9428
-105.225448,40.014598,Police Collision Report,COLLISION W/ MV - FRONT TO FRONT,2207352,2,55TH ST/ARAPAHOE AVE,55TH STREET,CITY ST/CNTY RD,     ,  ,2022/08/02 00:00:00+00,2022/08/02 21:39:00+00,2022,8,August,21,3,2,Tuesday,21,Motorway Collision,Dark - Lighted,NONE,Possible injury,0,0,0,40.014598,-105.225448,0,0,0,0,AT INTERSECTION,2138,9429
-105.276252,40.008678,Police Collision Report,COLLISION W/ MV - FRONT TO FRONT,2207521,2,13TH ST/PENNSYLVANIA AVE,13TH STREET,CITY ST/CNTY RD,     ,S ,2022/08/07 02:15:59+00,2022/08/07 02:16:00+00,2022,8,August,2,1,7,Sunday,2,Motorway Collision,Dark - Lighted,NONE,Non-Incapacitating Injury,0,0,3,40.008678,-105.276252,1,1,0,0,NON-INTERSECTION,216,9430
-105.20686,40.084414,Police Collision Report,COLLISION W/ MV - FRONT TO FRONT,2207583,2,6180  63RD ST      ,6180 N 63RD ST,,     ,  ,2022/08/08 00:00:00+00,2022/08/08 16:50:00+00,2022,8,August,16,2,8,Monday,16,Motorway Collision,Daylight,NONE,Property Damage Only,0,0,0,40.084414,-105.20686,0,0,0,0,PARKING LOT,1600,9431
-105.258284,40.020627,Police Collision Report,COLLISION W/ MV - FRONT TO FRONT,2271887,2,1906  28TH ST      ,1906 28TH STREET,,     ,  ,2022/07/07 14:45:00+00,2022/07/07 16:09:25+00,2022,7,July,16,5,7,Thursday,16,Motorway Collision,Daylight,NONE,Property Damage Only,0,0,0,40.020627,-105.258284,0,0,0,0,PARKING LOT,1445,9432
-105.283214,40.014969,Police Collision Report,COLLISION W/ MV - FRONT TO FRONT,2206064,2,CANYON BLVD/9TH ST,CANYON BLVD,CITY ST/CNTY RD,     ,  ,2022/06/27 00:00:00+00,2022/06/27 20:24:00+00,2022,6,June,20,2,27,Monday,20,Motorway Collision,Dawn or Dusk,NONE,Possible injury,0,0,0,40.014969,-105.283214,0,0,0,0,AT INTERSECTION,2024,9433
-105.258407,40.022375,Police Collision Report,COLLISION W/ MV - FRONT TO FRONT,2205931,2,28TH ST/PEARL ST,28TH ST,STATE HWY,     ,  ,2022/06/23 00:00:00+00,2022/06/24 00:00:00+00,2022,6,June,0,6,24,Friday,0,Motorway Collision,Daylight,NONE,Possible injury,0,0,0,40.022375,-105.258407,0,0,0,0,AT INTERSECTION,1420,9434
-105.258403,40.029131,Police Collision Report,COLLISION W/ MV - FRONT TO FRONT,2210222,2,VALMONT RD/28TH ST,28TH STREET,CITY ST/CNTY RD,     ,  ,2022/10/11 00:00:00+00,2022/10/11 19:08:00+00,2022,10,October,19,3,11,Tuesday,19,Motorway Collision,Dark - Lighted,NONE,Property Damage Only,0,0,0,40.029131,-105.258403,0,0,0,0,AT INTERSECTION,1908,9435
-105.290864,40.016715,Police Collision Report,COLLISION W/ MV - FRONT TO FRONT,2210302,2,4TH ST/SPRUCE ST,4TH ST,CITY ST/CNTY RD,     ,  ,2022/10/13 21:31:00+00,2022/10/13 21:31:00+00,2022,10,October,21,5,13,Thursday,21,Motorway Collision,Dark - Lighted,NONE,Non-Incapacitating Injury,0,0,2,40.016715,-105.290864,1,1,0,0,AT INTERSECTION,2132,9436
-105.267753,40.003418,Police Collision Report,COLLISION W/ MV - FRONT TO FRONT,2208816,2,BROADWAY/REGENT DR,REGENT DR,CITY ST/CNTY RD,     ,  ,2022/09/03 00:00:00+00,2022/09/03 23:37:00+00,2022,9,September,23,7,3,Saturday,23,Motorway Collision,Dark - Lighted,NONE,Property Damage Only,0,0,0,40.003418,-105.267753,0,0,0,0,AT INTERSECTION,2335,9437
-105.24066,40.014698,Police Collision Report,COLLISION W/ MV - FRONT TO FRONT,2209378,2,FOOTHILLS PKWY/ARAPAHOE AVE,FOOTHILLS,STATE HWY,     ,  ,2022/09/18 00:00:00+00,2022/09/18 15:36:00+00,2022,9,September,15,1,18,Sunday,15,Motorway Collision,Daylight,NONE,Non-Incapacitating Injury,0,0,1,40.014698,-105.24066,0,0,0,0,AT INTERSECTION,1536,9438
-105.263254,40.035605,Police Collision Report,COLLISION W/ PED - ALL OTHER PEDS,1714985,2,FOLSOM ST/IRIS HOLLOW PL,26TH ST,CITY ST/CNTY RD,     ,  ,2017/11/13 00:00:00+00,2017/11/13 09:23:00+00,2017,11,November,9,2,13,Monday,9,Motorway Collision,Daylight,NONE,Non-Incapacitating Injury,0,0,1,40.035605,-105.263254,0,0,0,1,AT INTERSECTION,920,9439
-105.275386,40.016754,Police Collision Report,COLLISION W/ PED - ALL OTHER PEDS,1714922,2,CANYON BLVD/15TH ST,CANYON BLVD,STATE HWY,     ,  ,2017/11/11 00:00:00+00,2017/11/11 19:17:00+00,2017,11,November,19,7,11,Saturday,19,Motorway Collision,Daylight,NONE,Property Damage Only,0,0,0,40.016754,-105.275386,0,0,0,1,AT INTERSECTION,1930,9440
-105.279303,40.015822,Police Collision Report,COLLISION W/ PED - ALL OTHER PEDS,1714872,2,BROADWAY/CANYON BLVD,CANYON,CITY ST/CNTY RD,     ,  ,2017/11/10 00:00:00+00,2017/11/10 20:26:00+00,2017,11,November,20,6,10,Friday,20,Motorway Collision,Dark - Lighted,NONE,Property Damage Only,0,0,0,40.015822,-105.279303,0,0,0,1,AT INTERSECTION,2026,9441
-105.258456,40.036493,Police Collision Report,COLLISION W/ PED - ALL OTHER PEDS,1715320,2,IRIS AVE/28TH ST,28TH ST,STATE HWY,     ,  ,2017/11/19 00:00:00+00,2017/11/19 16:35:00+00,2017,11,November,16,1,19,Sunday,16,Motorway Collision,Dawn or Dusk,NONE,Non-Incapacitating Injury,0,0,1,40.036493,-105.258456,0,0,0,1,AT INTERSECTION,1635,9442
-105.280342,40.018923,Police Collision Report,COLLISION W/ PED - ALL OTHER PEDS,1715342,2,SPRUCE ST/BROADWAY,BROADWAY,CITY ST/CNTY RD,     ,  ,2017/11/20 00:00:00+00,2017/11/20 11:55:00+00,2017,11,November,11,2,20,Monday,11,Motorway Collision,Daylight,NONE,Possible injury,0,0,0,40.018923,-105.280342,0,0,0,1,AT INTERSECTION,1100,9443
-105.275747,40.017739,Police Collision Report,COLLISION W/ PED - ALL OTHER PEDS,1715416,2,1905  15TH ST      ,CANYON BLVD,STATE HWY,60,N ,2017/11/21 00:00:00+00,2017/11/22 00:00:00+00,2017,11,November,0,4,22,Wednesday,0,Motorway Collision,Dark - Lighted,NONE,Possible injury,0,0,0,40.017739,-105.275747,0,0,0,1,DRIVEWAY ACCESS RELATED,2200,9444
-105.283202,40.015101,Police Collision Report,COLLISION W/ PED - ALL OTHER PEDS,1805979,2,9TH ST/CANYON BLVD,CANYON BOULEVARD,STATE HWY,318,E ,2018/05/16 00:00:00+00,2018/05/16 09:36:00+00,2018,5,May,9,4,16,Wednesday,9,Motorway Collision,Daylight,NONE,Incapacitating Injury,0,1,1,40.015101,-105.283202,0,0,0,1,NON-INTERSECTION,936,9445
-105.254755,40.000099,Police Collision Report,COLLISION W/ PED - ALL OTHER PEDS,1805509,2,2935  BASELINE RD      ,PRIVATE PARKING LOT,,     ,  ,2018/05/06 00:00:00+00,2018/05/06 12:40:00+00,2018,5,May,12,1,6,Sunday,12,Motorway Collision,Daylight,NONE,Incapacitating Injury,0,1,1,40.000099,-105.254755,0,0,0,1,PARKING LOT,1238,9446
-105.235207,39.999986,Police Collision Report,COLLISION W/ PED - ALL OTHER PEDS,1804284,2,4800  BASELINE RD      ,4800 BASELINE RD,,     ,  ,2018/04/10 00:00:00+00,2018/04/10 16:26:00+00,2018,4,April,16,3,10,Tuesday,16,Motorway Collision,Daylight,NONE,Possible injury,0,0,0,39.999986,-105.235207,0,0,0,1,PARKING LOT,1433,9447
-105.236394,40.000018,Police Collision Report,COLLISION W/ PED - ALL OTHER PEDS,1804192,4,4700  BASELINE RD      ,4700 BASELINE RD,,     ,  ,2018/04/08 08:26:00+00,2018/04/08 08:26:00+00,2018,4,April,8,1,8,Sunday,8,Motorway Collision,Daylight,NONE,Incapacitating Injury,0,1,2,40.000018,-105.236394,0,0,0,1,PARKING LOT,826,9448
-105.253719,40.036455,Police Collision Report,COLLISION W/ PED - ALL OTHER PEDS,1804464,2,30TH ST/IRIS AVE,30TH STREET,CITY ST/CNTY RD,205,S ,2018/04/13 00:00:00+00,2018/04/16 00:00:00+00,2018,4,April,0,2,16,Monday,0,Motorway Collision,Daylight,NONE,Possible injury,0,0,0,40.036455,-105.253719,0,0,0,1,DRIVEWAY ACCESS RELATED,1700,9449
-105.200948,40.072773,Police Collision Report,COLLISION W/ PED - ALL OTHER PEDS,1803007,2,6566  LOOKOUT RD      ,,,     ,  ,2018/03/13 00:00:00+00,2018/03/13 12:58:00+00,2018,3,March,12,3,13,Tuesday,12,Motorway Collision,Daylight,NONE,Possible injury,0,0,0,40.072773,-105.200948,0,0,0,1,DRIVEWAY ACCESS RELATED,1720,9450
-105.254374,40.000033,Police Collision Report,COLLISION W/ PED - ALL OTHER PEDS,1802526,2,2950  BASELINE RD      ,CANYON CREEK RD,CITY ST/CNTY RD,5,W ,2018/03/02 18:59:00+00,2018/03/02 20:51:00+00,2018,3,March,20,6,2,Friday,20,Motorway Collision,Dark - Lighted,NONE,Non-Incapacitating Injury,0,0,1,40.000033,-105.254374,1,1,0,1,NON-INTERSECTION,1859,9451
-105.269744,40.004528,Police Collision Report,COLLISION W/ PED - ALL OTHER PEDS,1803975,2,BROADWAY/18TH ST,BROADWAY,STATE HWY,     ,  ,2018/04/06 00:00:00+00,2018/04/06 19:48:00+00,2018,4,April,19,6,6,Friday,19,Motorway Collision,Dawn or Dusk,NONE,Possible injury,0,0,0,40.004528,-105.269744,0,0,0,1,INTERSECTION RELATED,1915,9452
-105.27537,40.016622,Police Collision Report,COLLISION W/ PED - ALL OTHER PEDS,1803924,2,15TH ST/CANYON BLVD,15TH,STATE HWY,     ,  ,2018/04/02 00:00:00+00,2018/04/02 16:54:00+00,2018,4,April,16,2,2,Monday,16,Motorway Collision,Daylight,NONE,Non-Incapacitating Injury,0,0,1,40.016622,-105.27537,0,0,0,1,AT INTERSECTION,1654,9453
-105.272777,40.01716,Police Collision Report,COLLISION W/ PED - ALL OTHER PEDS,1803530,2,17TH ST/CANYON BLVD,CANYON BLVD,STATE HWY,155,E ,2018/03/23 00:00:00+00,2018/03/23 10:15:00+00,2018,3,March,10,6,23,Friday,10,Motorway Collision,Daylight,NONE,Possible injury,0,0,0,40.01716,-105.272777,0,0,0,1,NON-INTERSECTION,1015,9454
-105.254504,39.988797,Police Collision Report,COLLISION W/ PED - ALL OTHER PEDS,1800817,2,3205  EASTMAN AVE      ,DARTMOUTH AVE,STATE HWY,     ,  ,2018/01/22 00:00:00+00,2018/01/22 13:26:00+00,2018,1,January,13,2,22,Monday,13,Motorway Collision,Daylight,NONE,Possible injury,0,0,0,39.988797,-105.254504,0,0,0,1,AT INTERSECTION,1325,9455
-105.264096,40.009542,Police Collision Report,COLLISION W/ PED - ALL OTHER PEDS,2205750,2,FOLSOM ST/UNIVERSITY HEIGHTS AVE,FOLSOM STREET,CITY ST/CNTY RD,     ,  ,2022/06/17 00:00:00+00,2022/06/17 23:11:00+00,2022,6,June,23,6,17,Friday,23,Motorway Collision,Dark - Lighted,NONE,Non-Incapacitating Injury,0,0,1,40.009542,-105.264096,0,0,0,1,NON-INTERSECTION,2300,9456
-105.260114,39.968603,Police Collision Report,COLLISION W/ PED - ALL OTHER PEDS,2204687,2,CRAGMOOR RD/LEHIGH ST,CRAGMOOR ROAD,CITY ST/CNTY RD,     ,W ,2022/05/18 00:00:00+00,2022/05/18 14:26:00+00,2022,5,May,14,4,18,Wednesday,14,Motorway Collision,Daylight,NONE,Property Damage Only,0,0,0,39.968603,-105.260114,0,0,0,1,NON-INTERSECTION,1330,9457
-105.263158,40.021342,Police Collision Report,COLLISION W/ PED - ALL OTHER PEDS,2204700,2,FOLSOM ST/PEARL ST,FOLSOM ST,CITY ST/CNTY RD,     ,  ,2022/05/18 00:00:00+00,2022/05/18 19:50:00+00,2022,5,May,19,4,18,Wednesday,19,Motorway Collision,Daylight,NONE,Possible injury,0,0,0,40.021342,-105.263158,0,0,0,1,AT INTERSECTION,1949,9458
-105.253114,40.003757,Police Collision Report,COLLISION W/ PED - ALL OTHER PEDS,2204877,2,E AURORA AVE/30TH ST,E AURORA AVE,CITY ST/CNTY RD,     ,W ,2022/05/23 00:00:00+00,2022/05/23 00:00:00+00,2022,5,May,0,2,23,Monday,0,Motorway Collision,Daylight,NONE,Non-Incapacitating Injury,0,0,1,40.003757,-105.253114,0,0,0,1,AT INTERSECTION,1623,9459
-105.267805,40.001847,Police Collision Report,COLLISION W/ PED - ALL OTHER PEDS,2204411,2,20TH ST/CASCADE AVE,20TH ST,CITY ST/CNTY RD,     ,S ,2022/05/11 00:00:00+00,2022/05/11 11:40:00+00,2022,5,May,11,4,11,Wednesday,11,Motorway Collision,Daylight,NONE,Possible injury,0,0,0,40.001847,-105.267805,0,0,0,1,NON-INTERSECTION,1139,9460
-105.24963,39.979046,Police Collision Report,COLLISION W/ PED - ALL OTHER PEDS,2203855,2,GILLASPIE DR/DARLEY AVE,GILLASPIE DRIVE,CITY ST/CNTY RD,     ,  ,2022/04/26 00:00:00+00,2022/04/26 08:10:00+00,2022,4,April,8,3,26,Tuesday,8,Motorway Collision,Daylight,NONE,Possible injury,0,0,0,39.979046,-105.24963,0,0,0,1,AT INTERSECTION,816,9461
-105.276252,40.008678,Police Collision Report,COLLISION W/ PED - ALL OTHER PEDS,2203927,2,13TH ST/PENNSYLVANIA AVE,13TH ST/PENNSYLVANIA,CITY ST/CNTY RD,     ,  ,2022/04/27 00:00:00+00,2022/04/27 22:55:00+00,2022,4,April,22,4,27,Wednesday,22,Motorway Collision,Dark - Lighted,NONE,Property Damage Only,0,0,0,40.008678,-105.276252,0,1,0,1,AT INTERSECTION,2255,9462
-105.27537,40.016622,Police Collision Report,COLLISION W/ PED - ALL OTHER PEDS,2211329,2,1799  15TH ST/CANYON BLVD      ,CANYON BLVD,STATE HWY,     ,W ,2022/11/12 18:49:59+00,2022/11/12 18:50:00+00,2022,11,November,18,7,12,Saturday,18,Motorway Collision,Dark - Lighted,NONE,Incapacitating Injury,0,1,1,40.016622,-105.27537,0,0,0,1,NON-INTERSECTION,1850,9463
-105.259282,40.040542,Police Collision Report,COLLISION W/ PED - ALL OTHER PEDS,2210818,2,3633  HAZELWOOD CT      ,HAZELWOOD CT,CITY ST/CNTY RD,     ,N ,2022/10/28 00:00:00+00,2022/10/28 10:19:00+00,2022,10,October,10,6,28,Friday,10,Motorway Collision,Daylight,NONE,Incapacitating Injury,0,1,1,40.040542,-105.259282,0,0,0,1,DRIVEWAY ACCESS RELATED,1019,9464
-105.26379,40.000067,Police Collision Report,COLLISION W/ PED - ALL OTHER PEDS,2210127,2,BROADWAY/BASELINE RD,BROADWAY,STATE HWY,     ,  ,2022/10/08 00:00:00+00,2022/10/08 22:40:00+00,2022,10,October,22,7,8,Saturday,22,Motorway Collision,Dark - Lighted,NONE,Property Damage Only,0,0,0,40.000067,-105.26379,0,1,0,1,AT INTERSECTION,2205,9465
-105.260426,40.017483,Police Collision Report,COLLISION W/ PED - ALL OTHER PEDS,2211003,2,26TH ST/CANYON BLVD,CANYON BLVD,CITY ST/CNTY RD,     ,  ,2022/11/02 00:00:00+00,2022/11/02 19:03:00+00,2022,11,November,19,4,2,Wednesday,19,Motorway Collision,Dark - Lighted,NONE,Non-Incapacitating Injury,0,0,1,40.017483,-105.260426,0,0,0,1,AT INTERSECTION,1903,9466
-105.253685,40.036484,Police Collision Report,COLLISION W/ PED - ALL OTHER PEDS,2211121,2,IRIS AVE/30TH ST,30TH ST,CITY ST/CNTY RD,     ,  ,2022/11/06 00:00:00+00,2022/11/06 17:27:00+00,2022,11,November,17,1,6,Sunday,17,Motorway Collision,Dark - Unlighted,NONE,Non-Incapacitating Injury,0,0,1,40.036484,-105.253685,0,0,0,1,AT INTERSECTION,1729,9467
-105.253043,40.000084,Police Collision Report,COLLISION W/ PED - ALL OTHER PEDS,1801074,2,BASELINE RD/30TH ST,BASELINE RD,CITY ST/CNTY RD,     ,  ,,2018/01/27 19:47:00+00,2018,1,January,19,7,27,Saturday,19,Motorway Collision,Dark - Lighted,NONE,Property Damage Only,0,0,0,40.000084,-105.253043,0,0,0,1,AT INTERSECTION,1947,9468
-105.28325,40.015126,Police Collision Report,COLLISION W/ PED - ALL OTHER PEDS,1800997,2,899   CANYON BLVD      ,CANYON BLVD,STATE HWY,372,E ,2018/01/25 16:10:00+00,2018/01/25 16:10:00+00,2018,1,January,16,5,25,Thursday,16,Motorway Collision,Daylight,NONE,Possible injury,0,0,0,40.015126,-105.28325,0,0,0,1,NON-INTERSECTION,1610,9469
-105.263012,40.017354,Police Collision Report,COLLISION W/ PED - ALL OTHER PEDS,1801485,2,FOLSOM ST/CANYON BLVD,FOLSOM AVE,STATE HWY,     ,  ,2018/02/07 00:00:00+00,2018/02/07 11:00:00+00,2018,2,February,11,4,7,Wednesday,11,Motorway Collision,Daylight,NONE,Possible injury,0,0,0,40.017354,-105.263012,0,0,0,1,AT INTERSECTION,1100,9470
-105.282312,40.010471,Police Collision Report,COLLISION W/ MV - FRONT TO FRONT,2209160,2,9TH ST/UNIVERSITY AVE,9TH STREET,STATE HWY,     ,  ,2022/09/13 00:00:00+00,2022/09/13 09:24:00+00,2022,9,September,9,3,13,Tuesday,9,Motorway Collision,Daylight,NONE,Property Damage Only,0,0,0,40.010471,-105.282312,0,0,0,0,AT INTERSECTION,926,9471
-105.236404,40.000161,Police Collision Report,COLLISION W/ MV - FRONT TO FRONT,2211887,2,MOHAWK DR/BASELINE RD,BASELINE RD,CITY ST/CNTY RD,     ,  ,2022/12/01 00:00:00+00,2022/12/01 17:40:00+00,2022,12,December,17,5,1,Thursday,17,Motorway Collision,Dark - Lighted,NONE,Property Damage Only,0,0,0,40.000161,-105.236404,0,0,0,0,AT INTERSECTION,1740,9472
-105.26379,40.000067,Police Collision Report,COLLISION W/ MV - FRONT TO FRONT,2211538,2,BROADWAY/BASELINE RD,BASELINE RD,STATE HWY,     ,  ,2022/11/19 00:00:00+00,2022/11/19 17:40:00+00,2022,11,November,17,7,19,Saturday,17,Motorway Collision,Dawn or Dusk,NONE,Property Damage Only,0,0,0,40.000067,-105.26379,0,0,0,0,AT INTERSECTION,1740,9473
-105.284884,40.020611,Police Collision Report,COLLISION W/ MV - FRONT TO FRONT,2211000,2,899   MAPLETON AVE/9TH ST      ,9TH STREET,CITY ST/CNTY RD,     ,S ,2022/11/02 17:04:59+00,2022/11/02 17:05:00+00,2022,11,November,17,4,2,Wednesday,17,Motorway Collision,Daylight,NONE,Possible injury,0,0,0,40.020611,-105.284884,1,1,0,0,NON-INTERSECTION,1705,9474
-105.253425,40.00742,Police Collision Report,COLLISION W/ MV - FRONT TO FRONT,2210882,2,30TH ST/COLORADO AVE,30TH STREET,CITY ST/CNTY RD,     ,S ,2022/10/29 00:00:00+00,2022/10/29 22:13:00+00,2022,10,October,22,7,29,Saturday,22,Motorway Collision,Dark - Unlighted,NONE,Non-Incapacitating Injury,0,0,1,40.00742,-105.253425,0,0,0,0,NON-INTERSECTION,2212,9475
-105.253722,40.025501,Police Collision Report,COLLISION W/ MV - FRONT TO FRONT,2210976,2,30TH ST/MAPLETON AVE,30TH STREET,CITY ST/CNTY RD,     ,  ,2022/11/01 00:00:00+00,2022/11/01 15:17:00+00,2022,11,November,15,3,1,Tuesday,15,Motorway Collision,Daylight,NONE,Property Damage Only,0,0,0,40.025501,-105.253722,0,0,0,0,INTERSECTION RELATED,1517,9476
-105.280682,40.019937,Police Collision Report,COLLISION W/ MV - FRONT TO FRONT,2210274,2,PINE ST/BROADWAY,BROADWAY,CITY ST/CNTY RD,     ,  ,2022/10/13 00:00:00+00,2022/10/13 09:18:00+00,2022,10,October,9,5,13,Thursday,9,Motorway Collision,Daylight,NONE,Property Damage Only,0,0,0,40.019937,-105.280682,0,0,0,0,AT INTERSECTION,926,9477
-105.263012,40.017354,Police Collision Report,COLLISION W/ MV - FRONT TO FRONT,2210881,2,FOLSOM ST/CANYON BLVD,FOLSOM ST.,CITY ST/CNTY RD,     ,  ,2022/10/29 00:00:00+00,2022/10/29 22:10:00+00,2022,10,October,22,7,29,Saturday,22,Motorway Collision,Dark - Lighted,NONE,Non-Incapacitating Injury,0,0,4,40.017354,-105.263012,0,0,0,0,AT INTERSECTION,2209,9478