X,Y,ReportType,PrmaryCollsionType,CaseNumber,UnitsInvolved,Location,OnHighway,CrossStreet,FeetFromIntersection,DirectionFromIntersection,CollisionDate,ReportedDate,ReportedYear,ReportedMonth,ReportedMonthName,ReportedWeek,ReportedDayofWeekNum,ReportedDayofMonth,ReportedDayofWeek,ReportedHour,HitAndRunStatus,LightingCondition,WeatherCondition,Severity,NumKilled,NumSeriouslyInjured,NumInjuredOrKilled,Lat,Lon,DUI,AlcoholDrugSuspected,BicyclesInvolved,PedestriansInvolved,RoadDescription,Crash_Time,ESRI_OID
-105.281984,40.001833,Police Collision Report,COLLISION W/ MV - FRONT TO FRONT,2203964,2,9TH ST/CASCADE AVE,9TH ST,CITY ST/CNTY RD,     ,  ,2022/04/28 00:00:00+00,2022/04/28 16:38:00+00,2022,4,April,16,5,28,Thursday,16,Motorway Collision,Daylight,NONE,Property Damage Only,0,0,0,40.001833,-105.281984,0,0,0,0,AT INTERSECTION,1638,9479
-105.258482,40.036463,Police Collision Report,COLLISION W/ MV - FRONT TO FRONT,2203973,2,28TH ST/IRIS AVE,28TH ST,CITY ST/CNTY RD,     ,  ,2022/04/28 00:00:00+00,2022/04/28 22:20:00+00,2022,4,April,22,5,28,Thursday,22,Motorway Collision,Dark - Lighted,NONE,Property Damage Only,0,0,0,40.036463,-105.258482,0,0,0,0,AT INTERSECTION,2219,9480
-105.277524,40.011528,Police Collision Report,COLLISION W/ MV - FRONT TO FRONT,2204518,2,BROADWAY/GRANDVIEW AVE,BROADWAY,STATE HWY,     ,S ,2022/05/14 00:58:00+00,2022/05/14 04:45:48+00,2022,5,May,4,7,14,Saturday,4,Motorway Collision,Dark - Lighted,NONE,Incapacitating Injury,0,3,3,40.011528,-105.277524,1,1,0,0,AT INTERSECTION,58,9481
-105.244261,40.038483,Police Collision Report,COLLISION W/ MV - FRONT TO FRONT,2204798,2,47TH ST/DIAGONAL HWY,DIAGONAL HWY,STATE HWY,     ,  ,2022/05/21 00:00:00+00,2022/05/21 13:26:00+00,2022,5,May,13,7,21,Saturday,13,Motorway Collision,Daylight,NONE,Non-Incapacitating Injury,0,0,1,40.038483,-105.244261,0,0,0,0,AT INTERSECTION,1326,9482
-105.267721,40.003464,Police Collision Report,COLLISION W/ MV - FRONT TO FRONT,2205744,2,BROADWAY/20TH ST,BROADWAY,STATE HWY,     ,S ,2022/06/17 18:06:00+00,2022/06/17 18:06:00+00,2022,6,June,18,6,17,Friday,18,Motorway Collision,Daylight,NONE,Possible injury,0,0,0,40.003464,-105.267721,1,1,0,0,NON-INTERSECTION,1806,9483
-105.281409,40.012221,Police Collision Report,COLLISION W/ MV - FRONT TO FRONT,2205711,3,MARINE ST/LINCOLN PL,LINCOLN PLACE,CITY ST/CNTY RD,     ,E ,2022/06/22 00:00:00+00,2022/06/22 00:00:00+00,2022,6,June,0,4,22,Wednesday,0,Motorway Collision,Dark - Lighted,NONE,Property Damage Only,0,0,0,40.012221,-105.281409,0,0,0,0,NON-INTERSECTION,5,9484
-105.258407,40.022375,Police Collision Report,COLLISION W/ MV - FRONT TO FRONT,2205330,2,28TH ST/PEARL ST,28TH STREET,STATE HWY,     ,  ,2022/06/05 00:00:00+00,2022/06/05 21:23:00+00,2022,6,June,21,1,5,Sunday,21,Motorway Collision,Dark - Lighted,NONE,Incapacitating Injury,0,1,1,40.022375,-105.258407,0,1,0,0,AT INTERSECTION,2122,9485
-105.263563,40.000114,Police Collision Report,COLLISION W/ MV - FRONT TO FRONT,2202833,2,BASELINE RD/BROADWAY,BASELINE RD,STATE HWY,     ,  ,2022/03/28 00:00:00+00,2022/03/28 21:36:00+00,2022,3,March,21,2,28,Monday,21,Motorway Collision,Dark - Lighted,NONE,Property Damage Only,0,0,0,40.000114,-105.263563,0,0,0,0,AT INTERSECTION,2136,9486
-105.246923,39.982262,Police Collision Report,COLLISION W/ MV - FRONT TO FRONT,2202550,2,S BROADWAY/HANOVER AVE,S BROADWAY,STATE HWY,     ,  ,2022/03/19 00:00:00+00,2022/03/19 12:44:00+00,2022,3,March,12,7,19,Saturday,12,Motorway Collision,Daylight,NONE,Property Damage Only,0,0,0,39.982262,-105.246923,0,0,0,0,AT INTERSECTION,1244,9487
-105.24066,40.014698,Police Collision Report,COLLISION W/ MV - FRONT TO FRONT,2203507,2,FOOTHILLS PKWY/ARAPAHOE AVE,FOOTHILLS PARKWAY,STATE HWY,     ,  ,2022/04/16 00:00:00+00,2022/04/16 10:31:00+00,2022,4,April,10,7,16,Saturday,10,Motorway Collision,Daylight,NONE,Property Damage Only,0,0,0,40.014698,-105.24066,0,1,0,0,AT INTERSECTION,1030,9488
-105.263033,40.014644,Police Collision Report,COLLISION W/ MV - FRONT TO FRONT,2203144,2,ARAPAHOE AVE/FOLSOM ST,ARAPAHOE AVENUE,CITY ST/CNTY RD,     ,  ,2022/04/05 00:00:00+00,2022/04/05 17:14:00+00,2022,4,April,17,3,5,Tuesday,17,Motorway Collision,Daylight,NONE,Possible injury,0,0,0,40.014644,-105.263033,0,0,0,0,AT INTERSECTION,1715,9489
-105.258407,40.022375,Police Collision Report,COLLISION W/ MV - FRONT TO FRONT,2203155,2,28TH ST/PEARL ST,28TH STREET,STATE HWY,     ,  ,2022/04/05 00:00:00+00,2022/04/05 23:07:00+00,2022,4,April,23,3,5,Tuesday,23,Motorway Collision,Dark - Lighted,NONE,Property Damage Only,0,0,0,40.022375,-105.258407,0,0,0,0,AT INTERSECTION,2307,9490
-105.225463,40.017748,Police Collision Report,COLLISION W/ MV - FRONT TO FRONT,2201558,2,55TH ST/WESTERN AVE,55TH ST,CITY ST/CNTY RD,     ,  ,2022/02/17 00:00:00+00,2022/02/17 16:53:00+00,2022,2,February,16,5,17,Thursday,16,Motorway Collision,Daylight,NONE,Property Damage Only,0,0,0,40.017748,-105.225463,0,0,0,0,AT INTERSECTION,1653,9491
-105.282097,40.025514,Police Collision Report,COLLISION W/ MV - FRONT TO FRONT,2201600,2,BROADWAY/ALPINE AVE,ALPINE AVE,CITY ST/CNTY RD,     ,W ,2022/02/18 00:00:00+00,2022/02/18 16:35:00+00,2022,2,February,16,6,18,Friday,16,Motorway Collision,Daylight,NONE,Possible injury,0,0,0,40.025514,-105.282097,0,0,0,0,DRIVEWAY ACCESS RELATED,1635,9492
-105.244261,40.038483,Police Collision Report,COLLISION W/ MV - FRONT TO FRONT,2201964,2,47TH ST/DIAGONAL HWY,47TH ST,STATE HWY,     ,  ,2022/03/01 00:00:00+00,2022/03/01 22:27:00+00,2022,3,March,22,3,1,Tuesday,22,Motorway Collision,Dark - Lighted,NONE,Property Damage Only,0,0,0,40.038483,-105.244261,0,0,0,0,AT INTERSECTION,2230,9493
-105.263033,40.014644,Police Collision Report,COLLISION W/ MV - FRONT TO FRONT,2111715,2,ARAPAHOE AVE/FOLSOM ST,ARAPAHOE AVE,CITY ST/CNTY RD,     ,  ,2021/12/08 00:00:00+00,2021/12/08 16:22:00+00,2021,12,December,16,4,8,Wednesday,16,Motorway Collision,Dawn or Dusk,NONE,Non-Incapacitating Injury,0,0,1,40.014644,-105.263033,0,0,0,0,AT INTERSECTION,1622,9494
-105.253595,40.023261,Police Collision Report,COLLISION W/ MV - FRONT TO FRONT,2111866,2,PEARL ST/30TH ST,PEARL STREET,CITY ST/CNTY RD,     ,  ,2021/12/12 00:00:00+00,2021/12/12 22:35:00+00,2021,12,December,22,1,12,Sunday,22,Motorway Collision,Dark - Lighted,NONE,Property Damage Only,0,0,0,40.023261,-105.253595,0,0,0,0,AT INTERSECTION,2330,9495
-105.253059,39.999933,Police Collision Report,COLLISION W/ MV - FRONT TO FRONT,2111031,2,30TH ST/BASELINE RD,30TH ST,CITY ST/CNTY RD,     ,  ,2021/11/17 00:00:00+00,2021/11/17 19:15:00+00,2021,11,November,19,4,17,Wednesday,19,Motorway Collision,Dark - Lighted,NONE,Property Damage Only,0,0,0,39.999933,-105.253059,0,0,0,0,AT INTERSECTION,1915,9496
-105.250117,40.014735,Police Collision Report,COLLISION W/ MV - FRONT TO FRONT,2111045,2,ARAPAHOE AVE/33RD ST,ARAPAHOE AVE,INTERSTATE,     ,  ,2021/11/18 00:00:00+00,2021/11/18 10:48:00+00,2021,11,November,10,5,18,Thursday,10,Motorway Collision,Daylight,NONE,Property Damage Only,0,0,0,40.014735,-105.250117,0,0,0,0,AT INTERSECTION,1047,9497
-105.253595,40.023261,Police Collision Report,COLLISION W/ MV - FRONT TO FRONT,2110768,2,PEARL ST/30TH ST,PEARL ST,CITY ST/CNTY RD,     ,  ,2021/11/09 00:00:00+00,2021/11/09 15:04:00+00,2021,11,November,15,3,9,Tuesday,15,Motorway Collision,Daylight,NONE,Property Damage Only,0,0,0,40.023261,-105.253595,0,0,0,0,AT INTERSECTION,1504,9498
-105.267753,40.003418,Police Collision Report,COLLISION W/ MV - FRONT TO FRONT,2110833,2,BROADWAY/REGENT DR,BROADWAY,STATE HWY,     ,  ,2021/11/11 00:00:00+00,2021/11/11 20:15:00+00,2021,11,November,20,5,11,Thursday,20,Motorway Collision,Dark - Lighted,NONE,Property Damage Only,0,0,0,40.003418,-105.267753,0,0,0,0,AT INTERSECTION,2016,9499
-105.263563,40.000114,Police Collision Report,COLLISION W/ MV - FRONT TO FRONT,2110962,2,BASELINE RD/BROADWAY,BASELINE RD,CITY ST/CNTY RD,     ,  ,2021/11/15 00:00:00+00,2021/11/15 17:08:00+00,2021,11,November,17,2,15,Monday,17,Motorway Collision,Dark - Lighted,NONE,Property Damage Only,0,0,0,40.000114,-105.263563,0,0,0,0,AT INTERSECTION,1708,9500
-105.264083,40.008226,Police Collision Report,COLLISION W/ MV - FRONT TO FRONT,2109929,4,FOLSOM ST/COLORADO AVE,FOLSOM STREET,CITY ST/CNTY RD,     ,N ,2021/10/16 17:30:00+00,2021/10/16 18:30:00+00,2021,10,October,18,7,16,Saturday,18,Motorway Collision,Daylight,NONE,Non-Incapacitating Injury,0,0,2,40.008226,-105.264083,1,1,0,0,NON-INTERSECTION,1733,9501
-105.243166,40.029221,Police Collision Report,COLLISION W/ MV - FRONT TO FRONT,2110148,2,47TH ST/VALMONT RD,VALMONT RD,CITY ST/CNTY RD,     ,  ,2021/10/22 00:00:00+00,2021/10/22 16:44:00+00,2021,10,October,16,6,22,Friday,16,Motorway Collision,Daylight,NONE,Property Damage Only,0,0,0,40.029221,-105.243166,0,0,0,0,AT INTERSECTION,1653,9502
-105.260198,40.000304,Police Collision Report,COLLISION W/ MV - FRONT TO FRONT,2110308,2,BASELINE RD/27TH WAY,BASELINE RD,CITY ST/CNTY RD,     ,  ,2021/10/27 00:00:00+00,2021/10/27 20:42:00+00,2021,10,October,20,4,27,Wednesday,20,Motorway Collision,Dark - Lighted,NONE,Property Damage Only,0,0,0,40.000304,-105.260198,0,0,0,0,AT INTERSECTION,2042,9503
-105.237635,39.985875,Police Collision Report,COLLISION W/ MV - FRONT TO FRONT,2200877,2,MOORHEAD AVE/TABLE MESA DR,MOORHEAD AVE,CITY ST/CNTY RD,     ,N ,2022/01/28 00:00:00+00,2022/01/28 00:00:00+00,2022,1,January,0,6,28,Friday,0,Motorway Collision,Daylight,NONE,Property Damage Only,0,0,0,39.985875,-105.237635,0,0,0,0,DRIVEWAY ACCESS RELATED,914,9504
-105.282101,40.036414,Police Collision Report,COLLISION W/ MV - FRONT TO FRONT,2200866,2,BROADWAY/IRIS AVE,BROADWAY,CITY ST/CNTY RD,     ,  ,2022/01/27 00:00:00+00,2022/01/27 17:41:00+00,2022,1,January,17,5,27,Thursday,17,Motorway Collision,Dark - Lighted,NONE,Possible injury,0,0,0,40.036414,-105.282101,0,0,0,0,AT INTERSECTION,1742,9505
-105.272693,40.054643,Police Collision Report,COLLISION W/ MV - FRONT TO FRONT,2201247,2,4500  19TH ST      ,PERSIMMON DR,CITY ST/CNTY RD,     ,S ,2022/02/08 00:00:00+00,2022/02/08 16:45:00+00,2022,2,February,16,3,8,Tuesday,16,Motorway Collision,Dawn or Dusk,NONE,Property Damage Only,0,0,0,40.054643,-105.272693,0,0,0,0,AT INTERSECTION,1646,9506
-105.258417,40.017104,Police Collision Report,COLLISION W/ MV - FRONT TO FRONT,2200323,2,1690  28TH ST      ,1690 CANYON BLVD,,     ,  ,2022/01/12 00:00:00+00,2022/01/12 19:22:00+00,2022,1,January,19,4,12,Wednesday,19,Motorway Collision,Dark - Lighted,NONE,Property Damage Only,0,0,0,40.017104,-105.258417,0,0,0,0,PARKING LOT,1921,9507
-105.2131,40.014835,Police Collision Report,COLLISION W/ MV - FRONT TO FRONT,2200354,2,ARAPAHOE AVE/CHERRYVALE RD,ARAPAHOE,STATE HWY,     ,  ,2022/01/13 00:00:00+00,2022/01/13 16:34:00+00,2022,1,January,16,5,13,Thursday,16,Motorway Collision,Dawn or Dusk,NONE,Non-Incapacitating Injury,0,0,1,40.014835,-105.2131,0,0,0,0,AT INTERSECTION,1634,9508
-105.253677,40.029218,Police Collision Report,COLLISION W/ MV - FRONT TO FRONT,1716070,2,VALMONT RD/30TH ST,30TH STREET,CITY ST/CNTY RD,     ,  ,2017/12/08 00:00:00+00,2017/12/08 14:57:00+00,2017,12,December,14,6,8,Friday,14,Motorway Collision,Daylight,NONE,Possible injury,0,0,0,40.029218,-105.253677,0,0,0,0,AT INTERSECTION,1457,9509
-105.253688,40.014535,Police Collision Report,COLLISION W/ MV - FRONT TO FRONT,1716042,2,ARAPAHOE AVE/30TH ST,30TH ST,STATE HWY,     ,  ,2017/12/07 00:00:00+00,2017/12/07 20:12:00+00,2017,12,December,20,5,7,Thursday,20,Motorway Collision,Dark - Lighted,NONE,Property Damage Only,0,0,0,40.014535,-105.253688,0,0,0,0,AT INTERSECTION,2012,9510
-105.263563,40.000114,Police Collision Report,COLLISION W/ MV - FRONT TO FRONT,1716013,2,BASELINE RD/BROADWAY,BROADWAY,STATE HWY,     ,  ,2017/12/07 00:00:00+00,2017/12/07 08:18:00+00,2017,12,December,8,5,7,Thursday,8,Motorway Collision,Daylight,NONE,Property Damage Only,0,0,0,40.000114,-105.263563,0,0,0,0,AT INTERSECTION,818,9511
-105.232572,40.000025,Police Collision Report,COLLISION W/ MV - FRONT TO FRONT,1716218,2,FOOTHILLS PKWY/BASELINE RD,FOOTHILLS PKWY,STATE HWY,     ,S ,2017/12/12 00:00:00+00,2017/12/12 08:49:00+00,2017,12,December,8,3,12,Tuesday,8,Motorway Collision,Daylight,NONE,Property Damage Only,0,0,0,40.000025,-105.232572,0,0,0,0,NON-INTERSECTION,850,9512
-105.236399,39.997121,Police Collision Report,COLLISION W/ MV - FRONT TO FRONT,1716214,2,550   MOHAWK DR 65    ,BASELINE RD,,     ,  ,2017/12/12 00:00:00+00,2017/12/12 12:26:00+00,2017,12,December,12,3,12,Tuesday,12,Motorway Collision,Dawn or Dusk,NONE,Property Damage Only,0,0,0,39.997121,-105.236399,0,0,0,0,AT INTERSECTION,620,9513
-105.222988,40.014546,Police Collision Report,COLLISION W/ MV - FRONT TO FRONT,1716294,2,5600  ARAPAHOE AVE BLK    ,ARAPAHOE AVENUE,STATE HWY,1000,E ,2017/12/14 00:00:00+00,2017/12/14 06:48:00+00,2017,12,December,6,5,14,Thursday,6,Motorway Collision,Daylight,NONE,Possible injury,0,0,0,40.014546,-105.222988,0,0,0,0,NON-INTERSECTION,648,9514
-105.253677,40.029218,Police Collision Report,COLLISION W/ MV - FRONT TO FRONT,1716312,2,VALMONT RD/30TH ST,VALMONT RD,CITY ST/CNTY RD,     ,  ,2017/12/14 00:00:00+00,2017/12/14 11:27:00+00,2017,12,December,11,5,14,Thursday,11,Motorway Collision,Daylight,NONE,Property Damage Only,0,0,0,40.029218,-105.253677,0,0,0,0,AT INTERSECTION,1126,9515
-105.253425,40.00742,Police Collision Report,COLLISION W/ MV - FRONT TO FRONT,1716525,2,30TH ST/COLORADO AVE,30TH ST,CITY ST/CNTY RD,     ,  ,2017/12/19 00:00:00+00,2017/12/19 13:53:00+00,2017,12,December,13,3,19,Tuesday,13,Motorway Collision,Daylight,NONE,Possible injury,0,0,0,40.00742,-105.253425,0,0,0,0,AT INTERSECTION,1354,9516
-105.270255,40.014596,Police Collision Report,COLLISION W/ MV - FRONT TO FRONT,1800579,2,19TH ST/ARAPAHOE AVE,ARAPAHOE,CITY ST/CNTY RD,     ,  ,2018/01/17 00:00:00+00,2018/01/17 09:34:00+00,2018,1,January,9,4,17,Wednesday,9,Motorway Collision,Daylight,NONE,Property Damage Only,0,0,0,40.014596,-105.270255,0,0,0,0,AT INTERSECTION,933,9517
-105.245645,40.019332,Police Collision Report,COLLISION W/ MV - FRONT TO FRONT,1800532,2,38TH ST/WALNUT ST,WALNUT,CITY ST/CNTY RD,     ,E ,2018/01/16 00:00:00+00,2018/01/16 11:38:00+00,2018,1,January,11,3,16,Tuesday,11,Motorway Collision,Daylight,NONE,Property Damage Only,0,0,0,40.019332,-105.245645,0,0,0,0,DRIVEWAY ACCESS RELATED,1137,9518
-105.28208,40.046415,Police Collision Report,COLLISION W/ MV - FRONT TO FRONT,1800217,2,POPLAR AVE/BROADWAY,BROADWAY,CITY ST/CNTY RD,     ,  ,2018/01/06 00:00:00+00,2018/01/06 23:24:00+00,2018,1,January,23,7,6,Saturday,23,Motorway Collision,Dark - Lighted,NONE,Property Damage Only,0,0,0,40.046415,-105.28208,0,0,0,0,AT INTERSECTION,2324,9519
-105.260145,40.051015,Police Collision Report,COLLISION W/ MV - FRONT TO FRONT,1800397,2,28TH ST/JAY RD,28TH STREET,STATE HWY,     ,  ,2018/01/12 00:00:00+00,2018/01/12 13:36:00+00,2018,1,January,13,6,12,Friday,13,Motorway Collision,Daylight,NONE,Property Damage Only,0,0,0,40.051015,-105.260145,0,0,0,0,AT INTERSECTION,1336,9520
-105.277492,40.011567,Police Collision Report,COLLISION W/ MV - FRONT TO FRONT,1801548,3,GRANDVIEW AVE/BROADWAY,BROADWAY,STATE HWY,15,S ,2018/02/08 15:40:00+00,2018/02/08 15:35:00+00,2018,2,February,15,5,8,Thursday,15,Motorway Collision,Daylight,NONE,Possible injury,0,0,0,40.011567,-105.277492,0,0,0,0,NON-INTERSECTION,1540,9521
-105.253136,40.00517,Police Collision Report,COLLISION W/ MV - FRONT TO FRONT,1801738,2,30TH ST/E EUCLID AVE,30TH STREET,CITY ST/CNTY RD,129,W ,2018/02/13 00:00:00+00,2018/02/13 08:34:00+00,2018,2,February,8,3,13,Tuesday,8,Motorway Collision,Daylight,NONE,Property Damage Only,0,0,0,40.00517,-105.253136,0,0,0,0,PARKING LOT,834,9522
-105.246635,40.014655,Police Collision Report,COLLISION W/ MV - FRONT TO FRONT,1801742,2,38TH ST/ARAPAHOE AVE,ARAPAHOE,STATE HWY,     ,  ,2018/02/13 00:00:00+00,2018/02/13 08:51:00+00,2018,2,February,8,3,13,Tuesday,8,Motorway Collision,Daylight,NONE,Non-Incapacitating Injury,0,0,1,40.014655,-105.246635,0,0,0,0,AT INTERSECTION,850,9523
-105.280398,40.061894,Police Collision Report,COLLISION W/ MV - FRONT TO FRONT,1801860,2,1325  LEE HILL DR      ,LEE HILL DR,CITY ST/CNTY RD,     ,  ,2018/02/15 22:49:00+00,2018/02/15 22:49:00+00,2018,2,February,22,5,15,Thursday,22,Motorway Collision,Dawn or Dusk,NONE,Property Damage Only,0,0,0,40.061894,-105.280398,0,0,0,0,AT INTERSECTION,1754,9524
-105.258529,40.002733,Police Collision Report,COLLISION W/ MV - FRONT TO FRONT,1802167,2,820   28TH ST      ,28TH FRONTAGE,CITY ST/CNTY RD,389,S ,2018/02/22 00:00:00+00,2018/02/22 21:04:00+00,2018,2,February,21,5,22,Thursday,21,Motorway Collision,Dark - Lighted,NONE,Property Damage Only,0,0,0,40.002733,-105.258529,0,0,0,0,DRIVEWAY ACCESS RELATED,2104,9525
-105.281985,40.007299,Police Collision Report,COLLISION W/ MV - FRONT TO FRONT,1802103,2,COLLEGE AVE/9TH ST,COLLEGE AVE,CITY ST/CNTY RD,     ,  ,2018/02/21 00:00:00+00,2018/02/21 18:23:00+00,2018,2,February,18,4,21,Wednesday,18,Motorway Collision,Dark - Lighted,NONE,Property Damage Only,0,0,0,40.007299,-105.281985,0,0,0,0,AT INTERSECTION,1823,9526
-105.247941,39.983417,Police Collision Report,COLLISION W/ MV - FRONT TO FRONT,1802079,2,S BROADWAY/S 40TH ST,S. 40TH STREET,CITY ST/CNTY RD,125,E ,2018/02/21 00:00:00+00,2018/02/21 09:15:00+00,2018,2,February,9,4,21,Wednesday,9,Motorway Collision,Daylight,NONE,Property Damage Only,0,0,0,39.983417,-105.247941,0,0,0,0,INTERSECTION RELATED,915,9527
-105.282089,40.026763,Police Collision Report,COLLISION W/ MV - FRONT TO FRONT,1802054,2,BALSAM AVE/BROADWAY,BALSAM AVE,CITY ST/CNTY RD,25,W ,2018/02/20 00:00:00+00,2018/02/20 15:24:00+00,2018,2,February,15,3,20,Tuesday,15,Motorway Collision,Daylight,NONE,Property Damage Only,0,0,0,40.026763,-105.282089,0,0,0,0,AT INTERSECTION,1524,9528
-105.281634,40.0186,Police Collision Report,COLLISION W/ MV - FRONT TO FRONT,1801077,2,1100  SPRUCE ST      ,1100 SPRUCE ST.,CITY ST/CNTY RD,     ,  ,2018/01/27 00:00:00+00,2018/01/27 19:35:00+00,2018,1,January,19,7,27,Saturday,19,Motorway Collision,Dark - Lighted,NONE,Property Damage Only,0,0,0,40.0186,-105.281634,0,0,0,0,PARKING LOT,1930,9529
-105.283214,40.014969,Police Collision Report,COLLISION W/ MV - FRONT TO FRONT,1801401,2,CANYON BLVD/9TH ST,CANYON BLVD,STATE HWY,     ,  ,2018/02/05 00:00:00+00,2018/02/05 07:02:00+00,2018,2,February,7,2,5,Monday,7,Motorway Collision,Dawn or Dusk,NONE,Non-Incapacitating Injury,0,0,2,40.014969,-105.283214,0,0,0,0,AT INTERSECTION,700,9530
-105.263033,40.014644,Police Collision Report,COLLISION W/ MV - FRONT TO FRONT,1801409,2,ARAPAHOE AVE/FOLSOM ST,FOLSOM,CITY ST/CNTY RD,20,N ,2018/02/05 00:00:00+00,2018/02/05 12:10:00+00,2018,2,February,12,2,5,Monday,12,Motorway Collision,Daylight,NONE,Property Damage Only,0,0,0,40.014644,-105.263033,0,0,0,0,INTERSECTION RELATED,1210,9531
-105.225069,40.027648,Police Collision Report,COLLISION W/ MV - FRONT TO FRONT,1800845,2,55TH ST/PEARL PKWY,PEARL PKWY,CITY ST/CNTY RD,     ,  ,2018/01/23 00:00:00+00,2018/01/23 08:26:00+00,2018,1,January,8,3,23,Tuesday,8,Motorway Collision,Daylight,NONE,Property Damage Only,0,0,0,40.027648,-105.225069,0,0,0,0,AT INTERSECTION,827,9532
-105.253719,40.036455,Police Collision Report,COLLISION W/ MV - FRONT TO FRONT,1800920,2,30TH ST/IRIS AVE,30TH ST,CITY ST/CNTY RD,     ,  ,2018/01/24 00:00:00+00,2018/01/24 17:33:00+00,2018,1,January,17,4,24,Wednesday,17,Motorway Collision,Dark - Lighted,NONE,Possible injury,0,0,0,40.036455,-105.253719,0,0,0,0,AT INTERSECTION,1730,9533
-105.282092,40.058215,Police Collision Report,COLLISION W/ MV - FRONT TO FRONT,1803526,2,BROADWAY/YARMOUTH AVE,13TH STREET,CITY ST/CNTY RD,     ,  ,2018/03/23 00:00:00+00,2018/03/23 07:36:00+00,2018,3,March,7,6,23,Friday,7,Motorway Collision,Daylight,NONE,Property Damage Only,0,0,0,40.058215,-105.282092,0,0,0,0,AT INTERSECTION,735,9534
-105.234781,40.014837,Police Collision Report,COLLISION W/ MV - FRONT TO FRONT,1803355,3,ARAPAHOE AVE/48TH ST,ARAPAHOE RD,STATE HWY,     ,  ,2018/03/19 00:00:00+00,2018/03/19 15:21:00+00,2018,3,March,15,2,19,Monday,15,Motorway Collision,Daylight,NONE,Property Damage Only,0,0,0,40.014837,-105.234781,0,0,0,0,AT INTERSECTION,1521,9535
-105.258282,40.014544,Police Collision Report,COLLISION W/ MV - FRONT TO FRONT,1803685,2,28TH ST/ARAPAHOE AVE,28TH STREET,STATE HWY,922,S ,2018/03/27 00:00:00+00,2018/03/27 12:02:00+00,2018,3,March,12,3,27,Tuesday,12,Motorway Collision,Daylight,NONE,Possible injury,0,0,0,40.014544,-105.258282,0,0,0,0,INTERSECTION RELATED,1201,9536
-105.253767,40.023257,Police Collision Report,COLLISION W/ MV - FRONT TO FRONT,1803757,2,30TH ST/PEARL ST,PEARL STREET,CITY ST/CNTY RD,     ,  ,2018/03/29 00:00:00+00,2018/03/29 08:45:00+00,2018,3,March,8,5,29,Thursday,8,Motorway Collision,Daylight,NONE,Property Damage Only,0,0,0,40.023257,-105.253767,0,0,0,0,AT INTERSECTION,845,9537
-105.250152,40.018236,Police Collision Report,COLLISION W/ MV - FRONT TO FRONT,1802575,2,1805  33RD ST      ,2602 BASELINE ROAD,CITY ST/CNTY RD,     ,  ,2018/03/02 00:00:00+00,2018/03/03 18:55:00+00,2018,3,March,18,7,3,Saturday,18,Motorway Collision,Dawn or Dusk,NONE,Property Damage Only,0,0,0,40.018236,-105.250152,0,0,0,0,PARKING LOT,1630,9538
-105.258418,39.999109,Police Collision Report,COLLISION W/ MV - FRONT TO FRONT,1802594,2,MOORHEAD AVE/,MOORHEAD AVE,CITY ST/CNTY RD,136,W ,2018/03/04 03:55:00+00,2018/03/04 10:28:00+00,2018,3,March,10,1,4,Sunday,10,Motorway Collision,Dark - Unlighted,NONE,Property Damage Only,0,0,0,39.999109,-105.258418,0,0,0,0,NON-INTERSECTION,355,9539
-105.274965,40.005483,Police Collision Report,COLLISION W/ MV - FRONT TO FRONT,1802444,2,EUCLID AVE/14TH ST,14TH STREET,CITY ST/CNTY RD,     ,  ,2018/03/01 00:00:00+00,2018/03/01 09:23:00+00,2018,3,March,9,5,1,Thursday,9,Motorway Collision,Daylight,NONE,Property Damage Only,0,0,0,40.005483,-105.274965,0,0,0,0,AT INTERSECTION,923,9540
-105.278698,40.005461,Police Collision Report,COLLISION W/ MV - FRONT TO FRONT,1802518,2,11TH ST/EUCLID AVE,EUCLID,CITY ST/CNTY RD,172,E ,2018/03/02 00:00:00+00,2018/03/02 16:49:00+00,2018,3,March,16,6,2,Friday,16,Motorway Collision,Daylight,NONE,Property Damage Only,0,0,0,40.005461,-105.278698,0,0,0,0,CROSSOVER-RELATED,1650,9541
-105.282065,40.036389,Police Collision Report,COLLISION W/ MV - FRONT TO FRONT,1802520,3,IRIS AVE/BROADWAY,BROADWAY,CITY ST/CNTY RD,     ,  ,2018/03/02 00:00:00+00,2018/03/02 16:47:00+00,2018,3,March,16,6,2,Friday,16,Motorway Collision,Daylight,NONE,Property Damage Only,0,0,0,40.036389,-105.282065,0,0,0,0,AT INTERSECTION,1647,9542
-105.217415,40.059202,Police Collision Report,COLLISION W/ PED - ALL OTHER PEDS,1912414,2,4600  SLEEPYTIME DR      ,4600 SLEEPYTIME DR,,     ,  ,2019/10/17 00:00:00+00,2019/10/17 15:05:00+00,2019,10,October,15,5,17,Thursday,15,Motorway Collision,Daylight,NONE,Possible injury,0,0,0,40.059202,-105.217415,0,0,0,1,PARKING LOT,1505,9543
-105.258349,40.020156,Police Collision Report,COLLISION W/ PED - ALL OTHER PEDS,1912531,2,1875  28TH ST      ,1875 28TH ST,,     ,  ,2019/10/20 00:00:00+00,2019/10/20 17:44:00+00,2019,10,October,17,1,20,Sunday,17,Motorway Collision,Dawn or Dusk,NONE,Property Damage Only,0,0,0,40.020156,-105.258349,0,0,0,1,PARKING LOT,1744,9544