X,Y,ReportType,PrmaryCollsionType,CaseNumber,UnitsInvolved,Location,OnHighway,CrossStreet,FeetFromIntersection,DirectionFromIntersection,CollisionDate,ReportedDate,ReportedYear,ReportedMonth,ReportedMonthName,ReportedWeek,ReportedDayofWeekNum,ReportedDayofMonth,ReportedDayofWeek,ReportedHour,HitAndRunStatus,LightingCondition,WeatherCondition,Severity,NumKilled,NumSeriouslyInjured,NumInjuredOrKilled,Lat,Lon,DUI,AlcoholDrugSuspected,BicyclesInvolved,PedestriansInvolved,RoadDescription,Crash_Time,ESRI_OID
-105.253564,40.023285,Police Collision Report,COLLISION W/ MV - FRONT TO FRONT,2112141,2,30TH ST/PEARL PKWY,30TH ST,CITY ST/CNTY RD,     ,  ,2021/12/20 00:00:00+00,2021/12/20 18:37:00+00,2021,12,December,18,2,20,Monday,18,Motorway Collision,Dark - Lighted,NONE,Possible injury,0,0,0,40.023285,-105.253564,0,0,0,0,AT INTERSECTION,1837,9611
-105.253767,40.023257,Police Collision Report,COLLISION W/ MV - FRONT TO FRONT,2112231,2,30TH ST/PEARL ST,30TH ST,CITY ST/CNTY RD,     ,  ,2021/12/23 00:00:00+00,2021/12/23 19:43:00+00,2021,12,December,19,5,23,Thursday,19,Motorway Collision,Dark - Lighted,NONE,Non-Incapacitating Injury,0,0,1,40.023257,-105.253767,0,0,0,0,AT INTERSECTION,1945,9612
-105.255966,40.002711,Police Collision Report,COLLISION W/ MV - FRONT TO FRONT,1814804,2,29TH ST/BIXBY AVE,29TH ST,CITY ST/CNTY RD,     ,  ,2018/11/16 00:00:00+00,2018/11/16 16:44:00+00,2018,11,November,16,6,16,Friday,16,Motorway Collision,Dark - Lighted,NONE,Possible injury,0,0,0,40.002711,-105.255966,0,0,0,0,AT INTERSECTION,1644,9613
-105.282014,40.024997,Police Collision Report,COLLISION W/ MV - FRONT TO FRONT,1814688,2,2650  BROADWAY      ,2650 BROADWAY,CITY ST/CNTY RD,     ,  ,2018/11/14 00:00:00+00,2018/11/14 12:45:00+00,2018,11,November,12,4,14,Wednesday,12,Motorway Collision,Daylight,NONE,Property Damage Only,0,0,0,40.024997,-105.282014,0,0,0,0,PARKING LOT,1245,9614
-105.202163,40.070057,Police Collision Report,COLLISION W/ MV - FRONT TO FRONT,1815444,2,SPINE RD/GUNPARK DR,SPINE ROAD,CITY ST/CNTY RD,     ,  ,2018/12/04 00:00:00+00,2018/12/04 15:14:00+00,2018,12,December,15,3,4,Tuesday,15,Motorway Collision,Daylight,NONE,Property Damage Only,0,0,0,40.070057,-105.202163,0,0,0,0,AT INTERSECTION,1515,9615
-105.253457,40.003757,Police Collision Report,COLLISION W/ MV - FRONT TO FRONT,1815613,2,2985  E AURORA AVEE 106B   ,2985 E AURORA,,     ,  ,2018/12/07 00:00:00+00,2018/12/08 00:02:00+00,2018,12,December,0,7,8,Saturday,0,Motorway Collision,Dark - Lighted,NONE,Property Damage Only,0,0,0,40.003757,-105.253457,0,0,0,0,PARKING LOT,2359,9616
-105.23199,39.990431,Police Collision Report,COLLISION W/ MV - FRONT TO FRONT,1815626,2,OSAGE DR/THUNDERBIRD DR,THUNDERBIRD DRIVE,CITY ST/CNTY RD,260,S ,2018/12/08 00:00:00+00,2018/12/08 08:56:00+00,2018,12,December,8,7,8,Saturday,8,Motorway Collision,Dark - Unlighted,NONE,Property Damage Only,0,0,0,39.990431,-105.23199,0,0,0,0,DRIVEWAY ACCESS RELATED,100,9617
-105.255925,40.000177,Police Collision Report,COLLISION W/ MV - FRONT TO FRONT,1814895,2,BASELINE RD/29TH ST,BASELINE RD,CITY ST/CNTY RD,     ,  ,2018/11/19 00:00:00+00,2018/11/19 13:55:00+00,2018,11,November,13,2,19,Monday,13,Motorway Collision,Daylight,NONE,Property Damage Only,0,0,0,40.000177,-105.255925,0,0,0,0,AT INTERSECTION,1355,9618
-105.2131,40.014835,Police Collision Report,COLLISION W/ MV - FRONT TO FRONT,1815994,2,ARAPAHOE AVE/CHERRYVALE RD,ARAPAHOE AVE,STATE HWY,     ,  ,2018/12/17 00:00:00+00,2018/12/17 17:06:00+00,2018,12,December,17,2,17,Monday,17,Motorway Collision,Dark - Lighted,NONE,Property Damage Only,0,0,0,40.014835,-105.2131,0,0,0,0,AT INTERSECTION,1707,9619
-105.236396,40.000018,Police Collision Report,COLLISION W/ MV - FRONT TO FRONT,1810439,2,BASELINE RD/MOHAWK DR,BASELINE ROAD,CITY ST/CNTY RD,     ,  ,2018/08/18 00:00:00+00,2018/08/18 21:20:00+00,2018,8,August,21,7,18,Saturday,21,Motorway Collision,Dark - Lighted,NONE,Non-Incapacitating Injury,0,0,2,40.000018,-105.236396,0,0,0,0,AT INTERSECTION,2120,9620
-105.258484,40.040133,Police Collision Report,COLLISION W/ MV - FRONT TO FRONT,1810537,2,KALMIA AVE/28TH ST,28TH ST,STATE HWY,     ,  ,2018/08/21 00:00:00+00,2018/08/21 07:14:00+00,2018,8,August,7,3,21,Tuesday,7,Motorway Collision,Daylight,NONE,Non-Incapacitating Injury,0,0,2,40.040133,-105.258484,0,0,0,0,AT INTERSECTION,714,9621
-105.244862,40.029223,Police Collision Report,COLLISION W/ MV - FRONT TO FRONT,1810232,2,FOOTHILLS PKWY/VALMONT RD,FOOTHILLS PKWY,STATE HWY,     ,  ,2018/08/14 00:00:00+00,2018/08/14 23:19:00+00,2018,8,August,23,3,14,Tuesday,23,Motorway Collision,Dark - Lighted,NONE,Property Damage Only,0,0,0,40.029223,-105.244862,0,0,0,0,AT INTERSECTION,2319,9622
-105.253122,40.000893,Police Collision Report,COLLISION W/ MV - FRONT TO FRONT,1809886,2,30TH ST/CANYON CREEK RD,30TH ST,CITY ST/CNTY RD,     ,  ,2018/08/07 00:00:00+00,2018/08/07 17:14:00+00,2018,8,August,17,3,7,Tuesday,17,Motorway Collision,Daylight,NONE,Property Damage Only,0,0,0,40.000893,-105.253122,0,0,0,0,AT INTERSECTION,1715,9623
-105.281269,40.017627,Police Collision Report,COLLISION W/ MV - FRONT TO FRONT,1810054,2,2000  11TH ST      ,1100 SPRUCE,,     ,  ,2018/08/10 00:00:00+00,2018/08/10 16:07:00+00,2018,8,August,16,6,10,Friday,16,Motorway Collision,Dark - Lighted,NONE,Property Damage Only,0,0,0,40.017627,-105.281269,0,0,0,0,PARKING LOT,1607,9624
-105.244261,40.038483,Police Collision Report,COLLISION W/ MV - FRONT TO FRONT,1811221,2,47TH ST/DIAGONAL HWY,47TH ST,STATE HWY,     ,  ,2018/08/31 00:00:00+00,2018/08/31 19:48:00+00,2018,8,August,19,6,31,Friday,19,Motorway Collision,Dawn or Dusk,NONE,Non-Incapacitating Injury,0,0,1,40.038483,-105.244261,0,0,0,0,AT INTERSECTION,1948,9625
-105.258282,40.014544,Police Collision Report,COLLISION W/ MV - FRONT TO FRONT,1811377,2,28TH ST/ARAPAHOE AVE,28TH ST,STATE HWY,     ,  ,2018/09/03 00:00:00+00,2018/09/03 23:25:00+00,2018,9,September,23,2,3,Monday,23,Motorway Collision,Dark - Lighted,NONE,Property Damage Only,0,0,0,40.014544,-105.258282,0,0,0,0,AT INTERSECTION,2325,9626
-105.245721,39.980965,Police Collision Report,COLLISION W/ MV - FRONT TO FRONT,1810824,2,DARLEY AVE/S BROADWAY,BROADWAY,STATE HWY,65,N ,2018/08/24 00:00:00+00,2018/08/24 00:00:00+00,2018,8,August,0,6,24,Friday,0,Motorway Collision,Dawn or Dusk,NONE,Possible injury,0,0,0,39.980965,-105.245721,0,0,1,0,NON-INTERSECTION,1620,9627
-105.253564,40.023285,Police Collision Report,COLLISION W/ MV - FRONT TO FRONT,1810932,2,30TH ST/PEARL PKWY,30TH ST,CITY ST/CNTY RD,258,S ,2018/08/27 00:00:00+00,2018/08/27 11:47:00+00,2018,8,August,11,2,27,Monday,11,Motorway Collision,Daylight,NONE,Property Damage Only,0,0,0,40.023285,-105.253564,0,0,0,0,DRIVEWAY ACCESS RELATED,1147,9628
-105.253043,40.000084,Police Collision Report,COLLISION W/ MV - FRONT TO FRONT,1811026,2,BASELINE RD/30TH ST,30TH ST,CITY ST/CNTY RD,     ,  ,2018/08/28 00:00:00+00,2018/08/28 21:29:00+00,2018,8,August,21,3,28,Tuesday,21,Motorway Collision,Dark - Lighted,NONE,Possible injury,0,0,0,40.000084,-105.253043,0,0,0,0,AT INTERSECTION,2129,9629
-105.253404,40.00745,Police Collision Report,COLLISION W/ MV - FRONT TO FRONT,1812842,2,COLORADO AVE/30TH ST,COLORADO AVE,CITY ST/CNTY RD,     ,  ,2018/10/03 00:00:00+00,2018/10/03 22:06:00+00,2018,10,October,22,4,3,Wednesday,22,Motorway Collision,Dark - Lighted,NONE,Possible injury,0,0,0,40.00745,-105.253404,0,0,0,0,AT INTERSECTION,2206,9630
-105.267721,40.003464,Police Collision Report,COLLISION W/ MV - FRONT TO FRONT,1812783,2,BROADWAY/20TH ST,BROADWAY,STATE HWY,     ,  ,2018/10/02 00:00:00+00,2018/10/02 20:07:00+00,2018,10,October,20,3,2,Tuesday,20,Motorway Collision,Dark - Lighted,NONE,Property Damage Only,0,0,0,40.003464,-105.267721,0,0,0,0,AT INTERSECTION,2007,9631
-105.283404,40.013195,Police Collision Report,COLLISION W/ MV - FRONT TO FRONT,1812669,2,ARAPAHOE AVE/9TH ST,ARAPAHOE,STATE HWY,450,E ,2018/09/29 00:00:00+00,2018/09/29 20:47:00+00,2018,9,September,20,7,29,Saturday,20,Motorway Collision,Dark - Lighted,NONE,Possible injury,0,0,0,40.013195,-105.283404,0,0,0,0,DRIVEWAY ACCESS RELATED,2047,9632
-105.258768,40.010537,Police Collision Report,COLLISION W/ MV - FRONT TO FRONT,1812997,2,28TH ST/TAFT DR,TAFT DR,CITY ST/CNTY RD,555,N ,2018/10/06 00:00:00+00,2018/10/06 16:51:00+00,2018,10,October,16,7,6,Saturday,16,Motorway Collision,Daylight,NONE,Property Damage Only,0,0,0,40.010537,-105.258768,0,0,0,0,NON-INTERSECTION,1651,9633
-105.253767,40.023257,Police Collision Report,COLLISION W/ MV - FRONT TO FRONT,1812292,2,30TH ST/PEARL ST,30TH ST,CITY ST/CNTY RD,     ,  ,2018/09/21 00:00:00+00,2018/09/21 21:21:00+00,2018,9,September,21,6,21,Friday,21,Motorway Collision,Dark - Lighted,NONE,Non-Incapacitating Injury,0,0,1,40.023257,-105.253767,0,0,0,0,AT INTERSECTION,2121,9634
-105.261236,39.9965,Police Collision Report,COLLISION W/ MV - FRONT TO FRONT,1812288,2,BROADWAY/27TH WAY,BROADWAY,STATE HWY,     ,  ,2018/09/21 00:00:00+00,2018/09/21 19:51:00+00,2018,9,September,19,6,21,Friday,19,Motorway Collision,Dark - Lighted,NONE,Possible injury,0,0,0,39.9965,-105.261236,0,0,0,0,AT INTERSECTION,1951,9635
-105.258433,40.027676,Police Collision Report,COLLISION W/ MV - FRONT TO FRONT,1812040,2,2839  28TH ST      ,,,     ,  ,2018/09/16 00:00:00+00,2018/09/16 18:31:00+00,2018,9,September,18,1,16,Sunday,18,Motorway Collision,Daylight,NONE,Property Damage Only,0,0,0,40.027676,-105.258433,0,0,0,0,PARKING LOT,1831,9636
-105.253567,40.015714,Police Collision Report,COLLISION W/ MV - FRONT TO FRONT,1811779,2,1650  30TH ST      ,1630 30TH ST,,     ,  ,2018/09/11 00:00:00+00,2018/09/11 11:08:00+00,2018,9,September,11,3,11,Tuesday,11,Motorway Collision,Daylight,NONE,Property Damage Only,0,0,0,40.015714,-105.253567,0,0,0,0,PARKING LOT,1108,9637
-105.239567,40.008522,Police Collision Report,COLLISION W/ MV - FRONT TO FRONT,1807196,2,FOOTHILLS PKWY/COLORADO AVE,FOOTHILLS PKY,INTERSTATE,     ,  ,2018/06/12 00:00:00+00,2018/06/12 11:01:00+00,2018,6,June,11,3,12,Tuesday,11,Motorway Collision,Daylight,NONE,Non-Incapacitating Injury,0,0,1,40.008522,-105.239567,0,0,0,0,AT INTERSECTION,1100,9638
-105.279303,40.015822,Police Collision Report,COLLISION W/ MV - FRONT TO FRONT,1806989,2,BROADWAY/CANYON BLVD,BROADWAY,STATE HWY,18,S ,2018/06/07 00:00:00+00,2018/06/07 22:23:00+00,2018,6,June,22,5,7,Thursday,22,Motorway Collision,Dark - Unlighted,NONE,Non-Incapacitating Injury,0,0,1,40.015822,-105.279303,0,0,1,0,INTERSECTION RELATED,2223,9639
-105.252818,40.020126,Police Collision Report,COLLISION W/ MV - FRONT TO FRONT,1806306,2,3083  WALNUT ST      ,PRIVATE PROPERTY,,     ,  ,2018/05/23 00:00:00+00,2018/05/23 16:14:00+00,2018,5,May,16,4,23,Wednesday,16,Motorway Collision,Daylight,NONE,Property Damage Only,0,0,0,40.020126,-105.252818,0,0,0,0,PARKING LOT,1628,9640
-105.253565,40.018916,Police Collision Report,COLLISION W/ MV - FRONT TO FRONT,1806575,2,1830  30TH ST      ,WALNUT ST,CITY ST/CNTY RD,503,S ,2018/05/29 00:00:00+00,2018/05/29 14:38:00+00,2018,5,May,14,3,29,Tuesday,14,Motorway Collision,Daylight,NONE,Property Damage Only,0,0,0,40.018916,-105.253565,0,0,1,0,NON-INTERSECTION,1438,9641
-105.253797,40.016675,Police Collision Report,COLLISION W/ MV - FRONT TO FRONT,1806585,2,30TH ST/CANYON BLVD,30TH,CITY ST/CNTY RD,     ,  ,2018/05/29 00:00:00+00,2018/05/29 17:31:00+00,2018,5,May,17,3,29,Tuesday,17,Motorway Collision,Daylight,NONE,Property Damage Only,0,0,0,40.016675,-105.253797,0,0,0,0,AT INTERSECTION,1731,9642
-105.26379,40.000067,Police Collision Report,COLLISION W/ MV - FRONT TO FRONT,1806582,2,BROADWAY/BASELINE RD,BROADWAY,,     ,  ,2018/05/29 00:00:00+00,2018/05/29 16:50:00+00,2018,5,May,16,3,29,Tuesday,16,Motorway Collision,Daylight,NONE,Incapacitating Injury,0,1,1,40.000067,-105.26379,0,0,1,0,AT INTERSECTION,1650,9643
-105.263563,40.000114,Police Collision Report,COLLISION W/ MV - FRONT TO FRONT,1809443,2,BASELINE RD/BROADWAY,BASELINE RD,CITY ST/CNTY RD,278,W ,2018/07/29 00:00:00+00,2018/07/29 14:53:00+00,2018,7,July,14,1,29,Sunday,14,Motorway Collision,Daylight,NONE,Incapacitating Injury,0,1,1,40.000114,-105.263563,0,0,0,0,DRIVEWAY ACCESS RELATED,1453,9644
-105.2131,40.014835,Police Collision Report,COLLISION W/ MV - FRONT TO FRONT,1809244,4,ARAPAHOE AVE/CHERRYVALE RD,ARAPAHOE AVE,STATE HWY,236,E ,2018/07/25 00:00:00+00,2018/07/25 16:31:00+00,2018,7,July,16,4,25,Wednesday,16,Motorway Collision,Daylight,NONE,Property Damage Only,0,0,0,40.014835,-105.2131,0,0,0,0,NON-INTERSECTION,1633,9645
-105.253685,40.036484,Police Collision Report,COLLISION W/ MV - FRONT TO FRONT,1809216,2,IRIS AVE/30TH ST,DIAGONAL HWY,STATE HWY,     ,  ,2018/07/25 00:00:00+00,2018/07/25 08:06:00+00,2018,7,July,8,4,25,Wednesday,8,Motorway Collision,Daylight,NONE,Property Damage Only,0,0,0,40.036484,-105.253685,0,0,0,0,AT INTERSECTION,807,9646
-105.263639,40.023434,Police Collision Report,COLLISION W/ MV - FRONT TO FRONT,1809222,3,PINE ST/FOLSOM ST,PINE STREET,CITY ST/CNTY RD,20,W ,2018/07/25 00:00:00+00,2018/07/25 10:11:00+00,2018,7,July,10,4,25,Wednesday,10,Motorway Collision,Daylight,NONE,Property Damage Only,0,0,0,40.023434,-105.263639,0,0,0,0,INTERSECTION RELATED,1011,9647
-105.280039,40.013853,Police Collision Report,COLLISION W/ MV - FRONT TO FRONT,1809512,2,ARAPAHOE AVE/11TH ST,ARAPAHOE AVE,CITY ST/CNTY RD,     ,  ,2018/07/31 00:00:00+00,2018/07/31 09:28:00+00,2018,7,July,9,3,31,Tuesday,9,Motorway Collision,Daylight,NONE,Possible injury,0,0,0,40.013853,-105.280039,0,0,1,0,AT INTERSECTION,927,9648
-105.239461,39.984856,Police Collision Report,COLLISION W/ MV - FRONT TO FRONT,1908129,2,TANTRA DR/TABLE MESA DR,TANTRA,CITY ST/CNTY RD,75,S ,2019/07/23 00:00:00+00,2019/07/23 07:49:00+00,2019,7,July,7,3,23,Tuesday,7,Motorway Collision,Daylight,NONE,Property Damage Only,0,0,0,39.984856,-105.239461,0,0,0,0,NON-INTERSECTION,750,9649
-105.258492,40.017345,Police Collision Report,COLLISION W/ MV - FRONT TO FRONT,1908950,3,28TH ST/CANYON BLVD,28TH ST,STATE HWY,338,S ,2019/08/09 00:00:00+00,2019/08/09 17:47:00+00,2019,8,August,17,6,9,Friday,17,Motorway Collision,Daylight,NONE,Property Damage Only,0,0,0,40.017345,-105.258492,0,0,0,0,INTERSECTION RELATED,1747,9650
-105.236396,40.000018,Police Collision Report,COLLISION W/ MV - FRONT TO FRONT,1908279,2,BASELINE RD/MOHAWK DR,BASELINE ROAD,CITY ST/CNTY RD,     ,  ,2019/07/26 00:00:00+00,2019/07/26 09:35:00+00,2019,7,July,9,6,26,Friday,9,Motorway Collision,Daylight,NONE,Property Damage Only,0,0,0,40.000018,-105.236396,0,0,0,0,AT INTERSECTION,933,9651
-105.254532,39.988632,Police Collision Report,COLLISION W/ MV - FRONT TO FRONT,1909892,2,EASTMAN AVE/S BROADWAY,EASTMAN AVE,STATE HWY,25,E ,2019/08/26 00:00:00+00,2019/08/26 17:32:00+00,2019,8,August,17,2,26,Monday,17,Motorway Collision,Daylight,NONE,Possible injury,0,0,0,39.988632,-105.254532,0,0,0,0,INTERSECTION RELATED,1731,9652
-105.278665,40.010463,Police Collision Report,COLLISION W/ MV - FRONT TO FRONT,1910305,2,1100  UNIVERSITY AVE      ,BROADWAY,STATE HWY,     ,  ,2019/09/02 00:00:00+00,2019/09/02 21:13:00+00,2019,9,September,21,2,2,Monday,21,Motorway Collision,Dark - Lighted,NONE,Non-Incapacitating Injury,0,0,1,40.010463,-105.278665,0,0,0,0,INTERSECTION RELATED,2113,9653
-105.258349,40.02624,Police Collision Report,COLLISION W/ MV - FRONT TO FRONT,1910769,2,2560  28TH ST      ,28TH STREET,STATE HWY,     ,  ,2019/09/11 00:00:00+00,2019/09/11 09:12:00+00,2019,9,September,9,4,11,Wednesday,9,Motorway Collision,Daylight,NONE,Property Damage Only,0,0,0,40.02624,-105.258349,0,0,0,0,AT INTERSECTION,912,9654
-105.26379,40.000067,Police Collision Report,COLLISION W/ MV - FRONT TO FRONT,1910847,3,BROADWAY/BASELINE RD,BROADWAY,STATE HWY,     ,  ,2019/09/12 00:00:00+00,2019/09/12 18:16:00+00,2019,9,September,18,5,12,Thursday,18,Motorway Collision,Dawn or Dusk,NONE,Non-Incapacitating Injury,0,0,3,40.000067,-105.26379,0,0,0,0,AT INTERSECTION,1835,9655
-105.282073,40.024462,Police Collision Report,COLLISION W/ MV - FRONT TO FRONT,2000051,2,BROADWAY/NORTH ST,BROADWAY,CITY ST/CNTY RD,     ,  ,2020/01/02 00:00:00+00,2020/01/02 17:31:00+00,2020,1,January,17,5,2,Thursday,17,Motorway Collision,Dark - Lighted,NONE,Property Damage Only,0,0,0,40.024462,-105.282073,0,0,1,0,AT INTERSECTION,1731,9656
-105.257084,40.011558,Police Collision Report,COLLISION W/ MV - FRONT TO FRONT,1915140,2,2808  CORDRY CT      ,CORDRY CT,CITY ST/CNTY RD,459,E ,2019/12/31 03:13:13+00,2019/12/31 03:13:14+00,2019,12,December,3,3,31,Tuesday,3,Motorway Collision,Dark - Unlighted,NONE,Property Damage Only,0,0,0,40.011558,-105.257084,0,0,0,0,NON-INTERSECTION,106,9657
-105.254621,40.000092,Police Collision Report,COLLISION W/ MV - FRONT TO FRONT,1915090,2,BASELINE RD/CANYON CREEK RD,BASELINE ROAD,CITY ST/CNTY RD,100,N ,2019/12/29 00:00:00+00,2019/12/29 14:17:00+00,2019,12,December,14,1,29,Sunday,14,Motorway Collision,Daylight,NONE,Property Damage Only,0,0,0,40.000092,-105.254621,0,0,0,0,DRIVEWAY ACCESS RELATED,1417,9658
-105.25831,40.022375,Police Collision Report,COLLISION W/ MV - FRONT TO FRONT,1914719,2,PEARL ST/28TH ST,PEARL ST,CITY ST/CNTY RD,342,E ,2019/12/17 00:00:00+00,2019/12/17 12:57:00+00,2019,12,December,12,3,17,Tuesday,12,Motorway Collision,Daylight,NONE,Property Damage Only,0,0,0,40.022375,-105.25831,0,0,0,0,DRIVEWAY ACCESS RELATED,1257,9659
-105.281019,40.020951,Police Collision Report,COLLISION W/ MV - FRONT TO FRONT,1914417,2,MAPLETON AVE/BROADWAY,BROADWAY,CITY ST/CNTY RD,     ,  ,2019/12/09 00:00:00+00,2019/12/09 11:56:00+00,2019,12,December,11,2,9,Monday,11,Motorway Collision,Daylight,NONE,Property Damage Only,0,0,0,40.020951,-105.281019,0,0,0,0,AT INTERSECTION,1156,9660
-105.280575,40.011914,Police Collision Report,COLLISION W/ MV - FRONT TO FRONT,1914641,2,10TH ST/GRANDVIEW | MARINE ALLEY,MARINE ST,CITY ST/CNTY RD,40,E ,2019/12/14 20:44:59+00,2019/12/14 20:45:00+00,2019,12,December,20,7,14,Saturday,20,Motorway Collision,Dark - Lighted,NONE,Property Damage Only,0,0,0,40.011914,-105.280575,0,0,0,0,NON-INTERSECTION,2045,9661
-105.258456,40.036493,Police Collision Report,COLLISION W/ MV - FRONT TO FRONT,1914620,2,IRIS AVE/28TH ST,IRIS,CITY ST/CNTY RD,     ,  ,2019/12/14 00:00:00+00,2019/12/14 01:30:00+00,2019,12,December,1,7,14,Saturday,1,Motorway Collision,Dark - Lighted,NONE,Possible injury,0,0,0,40.036493,-105.258456,0,0,0,0,AT INTERSECTION,130,9662
-105.234713,40.02593,Police Collision Report,COLLISION W/ MV - FRONT TO FRONT,2000246,2,5050  PEARL ST      ,5050 PEARL STREEET,,     ,  ,2020/01/08 20:00:00+00,2020/01/08 20:00:00+00,2020,1,January,20,4,8,Wednesday,20,Motorway Collision,Daylight,NONE,Property Damage Only,0,0,0,40.02593,-105.234713,0,0,0,0,PARKING LOT,1523,9663
-105.258425,40.036444,Police Collision Report,COLLISION W/ MV - FRONT TO FRONT,2000153,2,DIAGONAL HWY/28TH ST,28TH ST,STATE HWY,     ,  ,2020/01/05 00:00:00+00,2020/01/05 21:56:00+00,2020,1,January,21,1,5,Sunday,21,Motorway Collision,Dark - Lighted,NONE,Property Damage Only,0,0,0,40.036444,-105.258425,0,0,0,0,AT INTERSECTION,2156,9664
-105.202201,40.072814,Police Collision Report,COLLISION W/ MV - FRONT TO FRONT,2000178,2,SPINE RD/LOOKOUT RD,SPINE RD,CITY ST/CNTY RD,     ,  ,2020/01/06 00:00:00+00,2020/01/06 18:16:00+00,2020,1,January,18,2,6,Monday,18,Motorway Collision,Dark - Lighted,NONE,Possible injury,0,0,0,40.072814,-105.202201,0,0,0,0,AT INTERSECTION,1816,9665
-105.253059,39.999933,Police Collision Report,COLLISION W/ MV - FRONT TO FRONT,2001090,2,30TH ST/BASELINE RD,30TH ST,CITY ST/CNTY RD,     ,  ,2020/01/31 20:00:00+00,2020/01/31 20:47:00+00,2020,1,January,20,6,31,Friday,20,Motorway Collision,Dark - Lighted,NONE,Property Damage Only,0,0,0,39.999933,-105.253059,0,0,0,0,AT INTERSECTION,2047,9666
-105.263012,40.017354,Police Collision Report,COLLISION W/ MV - FRONT TO FRONT,2000887,2,FOLSOM ST/CANYON BLVD,FOLSOM,CITY ST/CNTY RD,     ,  ,2020/01/26 00:00:00+00,2020/01/26 20:35:00+00,2020,1,January,20,1,26,Sunday,20,Motorway Collision,Dark - Lighted,NONE,Property Damage Only,0,0,0,40.017354,-105.263012,0,0,0,0,AT INTERSECTION,2045,9667
-105.272547,40.001836,Police Collision Report,COLLISION W/ MV - FRONT TO FRONT,2000929,2,16TH ST/CASCADE AVE,16TH ST,CITY ST/CNTY RD,     ,  ,2020/01/27 00:00:00+00,2020/01/27 18:39:00+00,2020,1,January,18,2,27,Monday,18,Motorway Collision,Dark - Lighted,NONE,Property Damage Only,0,0,0,40.001836,-105.272547,0,0,0,0,AT INTERSECTION,1838,9668
-105.2128,40.000117,Police Collision Report,COLLISION W/ MV - FRONT TO FRONT,2000943,3,BASELINE RD/CHERRYVALE RD,BASELINE RD,CITY ST/CNTY RD,1800,W ,2020/01/28 00:00:00+00,2020/01/28 07:58:00+00,2020,1,January,7,3,28,Tuesday,7,Motorway Collision,Daylight,NONE,Non-Incapacitating Injury,0,0,1,40.000117,-105.2128,0,0,0,0,NON-INTERSECTION,756,9669
-105.253114,40.003757,Police Collision Report,COLLISION W/ MV - FRONT TO FRONT,2002273,2,E AURORA AVE/30TH ST,30TH ST,CITY ST/CNTY RD,     ,  ,2020/02/29 00:00:00+00,2020/02/29 19:03:00+00,2020,2,February,19,7,29,Saturday,19,Motorway Collision,Dark - Lighted,NONE,Property Damage Only,0,0,0,40.003757,-105.253114,0,0,0,0,DRIVEWAY ACCESS RELATED,1903,9670
-105.262985,40.017486,Police Collision Report,COLLISION W/ MV - FRONT TO FRONT,2002399,2,CANYON BLVD/FOLSOM ST,CANYON BOULEVARD,STATE HWY,     ,  ,2020/03/04 00:00:00+00,2020/03/04 07:41:00+00,2020,3,March,7,4,4,Wednesday,7,Motorway Collision,Daylight,NONE,Property Damage Only,0,0,0,40.017486,-105.262985,0,0,0,0,AT INTERSECTION,741,9671
-105.284095,40.018147,Police Collision Report,COLLISION W/ MV - FRONT TO FRONT,2002159,2,SPRUCE ST/9TH ST,SPRUCE,CITY ST/CNTY RD,     ,  ,2020/02/27 12:25:00+00,2020/02/27 12:25:00+00,2020,2,February,12,5,27,Thursday,12,Motorway Collision,Daylight,NONE,Property Damage Only,0,0,0,40.018147,-105.284095,1,1,0,0,AT INTERSECTION,1225,9672
-105.253143,40.002729,Police Collision Report,COLLISION W/ MV - FRONT TO FRONT,2002099,2,30TH ST/BIXBY AVE,30TH ST,CITY ST/CNTY RD,     ,  ,2020/02/25 00:00:00+00,2020/02/25 16:33:00+00,2020,2,February,16,3,25,Tuesday,16,Motorway Collision,Dawn or Dusk,NONE,Possible injury,0,0,0,40.002729,-105.253143,0,0,0,0,AT INTERSECTION,1633,9673
-105.246385,39.982245,Police Collision Report,COLLISION W/ MV - FRONT TO FRONT,2002120,2,HANOVER AVE/S 41ST ST,S. 41ST,CITY ST/CNTY RD,63,N ,2020/02/26 00:00:00+00,2020/02/26 09:06:00+00,2020,2,February,9,4,26,Wednesday,9,Motorway Collision,Daylight,NONE,Property Damage Only,0,0,0,39.982245,-105.246385,0,0,0,0,INTERSECTION RELATED,906,9674
-105.263563,40.000114,Police Collision Report,COLLISION W/ MV - FRONT TO FRONT,2002582,2,BASELINE RD/BROADWAY,BASELINE RD,CITY ST/CNTY RD,     ,  ,2020/03/07 00:00:00+00,2020/03/07 20:05:00+00,2020,3,March,20,7,7,Saturday,20,Motorway Collision,Dark - Lighted,NONE,Property Damage Only,0,0,0,40.000114,-105.263563,0,0,0,0,AT INTERSECTION,2005,9675
-105.24206,40.043972,Police Collision Report,COLLISION W/ MV - FRONT TO FRONT,2002533,2,FOOTHILLS NB OFF RP @ DIAG WB/DIAGONAL HWY,FOOTHILLS PKWY,STATE HWY,     ,  ,2020/03/06 17:00:00+00,2020/03/06 23:57:00+00,2020,3,March,23,6,6,Friday,23,Motorway Collision,Daylight,NONE,Property Damage Only,0,0,0,40.043972,-105.24206,0,0,0,0,AT INTERSECTION,1700,9676
-105.267753,40.003418,Police Collision Report,COLLISION W/ MV - FRONT TO FRONT,2002540,2,BROADWAY/REGENT DR,BROADWAY,STATE HWY,     ,  ,2020/03/06 00:00:00+00,2020/03/06 22:25:00+00,2020,3,March,22,6,6,Friday,22,Motorway Collision,Dark - Unlighted,NONE,Property Damage Only,0,0,0,40.003418,-105.267753,0,0,0,0,AT INTERSECTION,2224,9677