X,Y,ReportType,PrmaryCollsionType,CaseNumber,UnitsInvolved,Location,OnHighway,CrossStreet,FeetFromIntersection,DirectionFromIntersection,CollisionDate,ReportedDate,ReportedYear,ReportedMonth,ReportedMonthName,ReportedWeek,ReportedDayofWeekNum,ReportedDayofMonth,ReportedDayofWeek,ReportedHour,HitAndRunStatus,LightingCondition,WeatherCondition,Severity,NumKilled,NumSeriouslyInjured,NumInjuredOrKilled,Lat,Lon,DUI,AlcoholDrugSuspected,BicyclesInvolved,PedestriansInvolved,RoadDescription,Crash_Time,ESRI_OID
-105.27618,40.001805,Police Collision Report,COLLISION W/ MV - FRONT TO FRONT,2108754,2,1300  CASCADE AVE      ,CASCADE AVE,CITY ST/CNTY RD,     ,E ,2021/09/15 22:48:00+00,2021/09/15 22:48:00+00,2021,9,September,22,4,15,Wednesday,22,Motorway Collision,Dark - Unlighted,NONE,Property Damage Only,0,0,0,40.001805,-105.27618,1,1,0,0,NON-INTERSECTION,2249,9744
-105.225348,40.000086,Police Collision Report,COLLISION W/ MV - FRONT TO FRONT,2108076,2,BASELINE RD/55TH ST,BASELINE RD,CITY ST/CNTY RD,     ,  ,2021/08/31 00:00:00+00,2021/08/31 00:00:00+00,2021,8,August,0,3,31,Tuesday,0,Motorway Collision,Daylight,NONE,Non-Incapacitating Injury,0,0,1,40.000086,-105.225348,0,0,0,0,AT INTERSECTION,941,9745
-105.263563,40.000114,Police Collision Report,COLLISION W/ MV - FRONT TO FRONT,2109404,2,BASELINE RD/BROADWAY,BROADWAY,STATE HWY,     ,  ,2021/10/02 00:00:00+00,2021/10/02 22:30:00+00,2021,10,October,22,7,2,Saturday,22,Motorway Collision,Dark - Lighted,NONE,Property Damage Only,0,0,0,40.000114,-105.263563,0,0,0,0,AT INTERSECTION,2230,9746
-105.253729,40.032823,Police Collision Report,COLLISION W/ MV - FRONT TO FRONT,2109480,2,30TH ST/GLENWOOD DR,30TH ST,CITY ST/CNTY RD,     ,  ,2021/10/04 00:00:00+00,2021/10/04 19:54:00+00,2021,10,October,19,2,4,Monday,19,Motorway Collision,Dark - Lighted,NONE,Non-Incapacitating Injury,0,0,1,40.032823,-105.253729,0,0,0,0,AT INTERSECTION,1953,9747
-105.249911,39.985461,Police Collision Report,COLLISION W/ MV - FRONT TO FRONT,2109366,2,TABLE MESA DR/S BROADWAY,BROADWAY,STATE HWY,     ,N ,2021/10/01 00:00:00+00,2021/10/01 21:46:00+00,2021,10,October,21,6,1,Friday,21,Motorway Collision,Dark - Lighted,NONE,Possible injury,0,0,0,39.985461,-105.249911,0,0,0,0,NON-INTERSECTION,2145,9748
-105.246573,40.015272,Police Collision Report,COLLISION W/ MV - FRONT TO FRONT,2001905,2,38TH ST/EXPOSITION DR,38TH STREET,CITY ST/CNTY RD,625,N ,2020/02/20 00:00:00+00,2020/02/20 12:21:00+00,2020,2,February,12,5,20,Thursday,12,Motorway Collision,Daylight,NONE,Property Damage Only,0,0,0,40.015272,-105.246573,0,0,0,0,DRIVEWAY ACCESS RELATED,1221,9749
-105.283315,40.031057,Police Collision Report,COLLISION W/ MV - FRONT TO FRONT,2001924,2,11TH ST/EVERGREEN AVE,11TH ST,CITY ST/CNTY RD,43,E ,2020/02/20 00:00:00+00,2020/02/20 18:18:00+00,2020,2,February,18,5,20,Thursday,18,Motorway Collision,Dark - Unlighted,NONE,Possible injury,0,0,0,40.031057,-105.283315,0,0,0,0,NON-INTERSECTION,1818,9750
-105.258348,40.025516,Police Collision Report,COLLISION W/ MV - FRONT TO FRONT,1911548,2,28TH ST/MAPLETON AVE,28TH ST,STATE HWY,     ,  ,2019/09/27 00:00:00+00,2019/09/27 15:10:00+00,2019,9,September,15,6,27,Friday,15,Motorway Collision,Daylight,NONE,Possible injury,0,0,0,40.025516,-105.258348,0,0,0,0,AT INTERSECTION,1512,9751
-105.279303,40.015822,Police Collision Report,COLLISION W/ MV - FRONT TO FRONT,1912672,2,BROADWAY/CANYON BLVD,BROADWAY,STATE HWY,     ,  ,2019/10/24 00:00:00+00,2019/10/24 10:44:00+00,2019,10,October,10,5,24,Thursday,10,Motorway Collision,Daylight,NONE,Non-Incapacitating Injury,0,0,1,40.015822,-105.279303,0,0,0,0,AT INTERSECTION,1044,9752
-105.279303,40.015822,Police Collision Report,COLLISION W/ MV - FRONT TO FRONT,2007064,2,BROADWAY/CANYON BLVD,BROADWAY,CITY ST/CNTY RD,     ,  ,2020/07/29 00:00:00+00,2020/07/29 21:52:00+00,2020,7,July,21,4,29,Wednesday,21,Motorway Collision,Dark - Lighted,NONE,Non-Incapacitating Injury,0,0,1,40.015822,-105.279303,0,0,0,0,AT INTERSECTION,2152,9753
-105.242322,39.987475,Police Collision Report,COLLISION W/ MV - FRONT TO FRONT,2007105,2,S 45TH ST/MARTIN DR,MARTIN DR,CITY ST/CNTY RD,212,E ,2020/07/30 00:00:00+00,2020/07/30 00:00:00+00,2020,7,July,0,5,30,Thursday,0,Motorway Collision,Dark - Unlighted,NONE,Possible injury,0,0,0,39.987475,-105.242322,0,0,0,0,NON-INTERSECTION,2321,9754
-105.281039,40.020916,Police Collision Report,COLLISION W/ MV - FRONT TO FRONT,2006777,2,BROADWAY/MAPLETON AVE,MAPLETON AVE,CITY ST/CNTY RD,     ,  ,2020/07/21 00:00:00+00,2020/07/21 14:39:00+00,2020,7,July,14,3,21,Tuesday,14,Motorway Collision,Daylight,NONE,Property Damage Only,0,0,0,40.020916,-105.281039,0,0,0,0,AT INTERSECTION,1438,9755
-105.274945,40.000098,Police Collision Report,COLLISION W/ MV - FRONT TO FRONT,2007117,2,BASELINE RD/14TH ST,BASELINE ROAD,CITY ST/CNTY RD,     ,  ,2020/07/31 00:00:00+00,2020/07/31 09:37:00+00,2020,7,July,9,6,31,Friday,9,Motorway Collision,Daylight,NONE,Non-Incapacitating Injury,0,0,1,40.000098,-105.274945,0,0,1,0,AT INTERSECTION,937,9756
-105.253136,40.00517,Police Collision Report,COLLISION W/ MV - FRONT TO FRONT,2007362,2,30TH ST/E EUCLID AVE,30TH STREET,CITY ST/CNTY RD,     ,  ,2020/08/07 00:00:00+00,2020/08/07 18:55:00+00,2020,8,August,18,6,7,Friday,18,Motorway Collision,Daylight,NONE,Non-Incapacitating Injury,0,0,1,40.00517,-105.253136,0,0,0,0,AT INTERSECTION,1855,9757
-105.26379,40.000067,Police Collision Report,COLLISION W/ MV - FRONT TO FRONT,2007663,2,BROADWAY/BASELINE RD,BROADWAY RD,STATE HWY,     ,  ,2020/08/16 01:29:59+00,2020/08/16 01:30:00+00,2020,8,August,1,1,16,Sunday,1,Motorway Collision,Dark - Lighted,NONE,Property Damage Only,0,0,0,40.000067,-105.26379,0,0,0,0,AT INTERSECTION,130,9758
-105.258282,40.014544,Police Collision Report,COLLISION W/ MV - FRONT TO FRONT,2106592,2,28TH ST/ARAPAHOE AVE,28TH ST,STATE HWY,     ,S ,2021/07/27 00:00:00+00,2021/07/27 18:08:00+00,2021,7,July,18,3,27,Tuesday,18,Motorway Collision,Daylight,NONE,Non-Incapacitating Injury,0,0,1,40.014544,-105.258282,0,0,0,0,DRIVEWAY ACCESS RELATED,1808,9759
-105.258504,40.020518,Police Collision Report,COLLISION W/ MV - FRONT TO FRONT,2106969,2,28TH ST/WALNUT ST,28TH ST,STATE HWY,     ,  ,2021/08/07 00:00:00+00,2021/08/07 22:11:00+00,2021,8,August,22,7,7,Saturday,22,Motorway Collision,Dark - Lighted,NONE,Property Damage Only,0,0,0,40.020518,-105.258504,0,0,0,0,AT INTERSECTION,2211,9760
-105.282131,40.061857,Police Collision Report,COLLISION W/ MV - FRONT TO FRONT,2107177,2,LEE HILL DR/BROADWAY,BROADWAY,CITY ST/CNTY RD,     ,  ,2021/08/13 00:00:00+00,2021/08/13 18:02:00+00,2021,8,August,18,6,13,Friday,18,Motorway Collision,Daylight,NONE,Possible injury,0,0,0,40.061857,-105.282131,0,0,0,0,AT INTERSECTION,1802,9761
-105.258773,40.00023,Police Collision Report,COLLISION W/ MV - FRONT TO FRONT,2106722,2,2750  BASELINE RD      ,2750 BASELINE RD,,     ,  ,2021/07/31 00:00:00+00,2021/07/31 13:21:00+00,2021,7,July,13,7,31,Saturday,13,Motorway Collision,,NONE,Property Damage Only,0,0,0,40.00023,-105.258773,0,0,0,0,PARKING LOT,1321,9762
-105.258609,40.047447,Police Collision Report,COLLISION W/ MV - FRONT TO FRONT,2106766,2,28TH ST/JUNEAU RD,28TH ST.,STATE HWY,     ,S ,2021/08/01 00:00:00+00,2021/08/01 22:39:00+00,2021,8,August,22,1,1,Sunday,22,Motorway Collision,Dark - Unlighted,NONE,Property Damage Only,0,0,0,40.047447,-105.258609,0,0,0,0,NON-INTERSECTION,2239,9763
-105.253143,40.002729,Police Collision Report,COLLISION W/ MV - FRONT TO FRONT,2104817,2,30TH ST/BIXBY AVE,30TH ST,CITY ST/CNTY RD,     ,  ,2021/06/08 00:00:00+00,2021/06/08 11:46:00+00,2021,6,June,11,3,8,Tuesday,11,Motorway Collision,Daylight,NONE,Property Damage Only,0,0,0,40.002729,-105.253143,0,0,0,0,AT INTERSECTION,1145,9764
-105.272693,40.054643,Police Collision Report,COLLISION W/ MV - FRONT TO FRONT,2104742,2,4500  19TH ST 169    ,BLUEBERRY CIR,CITY ST/CNTY RD,     ,N ,2021/06/06 00:00:00+00,2021/06/06 04:33:00+00,2021,6,June,4,1,6,Sunday,4,Motorway Collision,Dark - Lighted,NONE,Property Damage Only,0,0,0,40.054643,-105.272693,0,0,0,0,NON-INTERSECTION,435,9765
-105.236396,40.000018,Police Collision Report,COLLISION W/ MV - FRONT TO FRONT,2104684,2,BASELINE RD/MOHAWK DR,BASELINE ROAD,CITY ST/CNTY RD,     ,W ,2021/06/04 00:00:00+00,2021/06/04 08:55:00+00,2021,6,June,8,6,4,Friday,8,Motorway Collision,Daylight,NONE,Property Damage Only,0,0,0,40.000018,-105.236396,0,0,0,0,AT INTERSECTION,854,9766
-105.258524,40.008127,Police Collision Report,COLLISION W/ MV - FRONT TO FRONT,2104660,2,28TH ST/COLORADO AVE,28TH ST,INTERSTATE,     ,N ,2021/06/03 00:00:00+00,2021/06/03 13:33:00+00,2021,6,June,13,5,3,Thursday,13,Motorway Collision,Daylight,NONE,Property Damage Only,0,0,0,40.008127,-105.258524,0,0,0,0,INTERSECTION RELATED,1333,9767
-105.280364,40.018887,Police Collision Report,COLLISION W/ MV - FRONT TO FRONT,2105038,2,BROADWAY/SPRUCE ST,BROADWAY,CITY ST/CNTY RD,     ,  ,2021/06/14 00:00:00+00,2021/06/14 13:41:00+00,2021,6,June,13,2,14,Monday,13,Motorway Collision,Daylight,NONE,Property Damage Only,0,0,0,40.018887,-105.280364,0,0,0,0,AT INTERSECTION,1340,9768
-105.258373,40.003731,Police Collision Report,COLLISION W/ MV - FRONT TO FRONT,2105537,2,28TH FRONTAGE RD/E AURORA AVE,28TH ST FRONTAGE RD,CITY ST/CNTY RD,     ,S ,2021/06/29 00:00:00+00,2021/06/29 13:43:00+00,2021,6,June,13,3,29,Tuesday,13,Motorway Collision,Daylight,NONE,Possible injury,0,0,0,40.003731,-105.258373,0,0,0,0,DRIVEWAY ACCESS RELATED,1343,9769
-105.241648,39.980475,Police Collision Report,COLLISION W/ MV - FRONT TO FRONT,2105558,3,S 46TH ST/WHITNEY PL,WHITNEY PL,CITY ST/CNTY RD,     ,  ,2021/06/30 00:00:00+00,2021/06/30 01:42:00+00,2021,6,June,1,4,30,Wednesday,1,Motorway Collision,Dark - Lighted,NONE,Property Damage Only,0,0,0,39.980475,-105.241648,1,1,0,0,AT INTERSECTION,10,9770
-105.258524,40.008127,Police Collision Report,COLLISION W/ MV - FRONT TO FRONT,2105472,2,28TH ST/COLORADO AVE,28TH ST,STATE HWY,     ,  ,2021/06/28 00:00:00+00,2021/06/28 00:44:00+00,2021,6,June,0,2,28,Monday,0,Motorway Collision,Dark - Lighted,NONE,Possible injury,0,0,0,40.008127,-105.258524,0,0,0,0,AT INTERSECTION,44,9771
-105.26379,40.000067,Police Collision Report,COLLISION W/ MV - FRONT TO FRONT,2105195,2,BROADWAY/BASELINE RD,BASELINE ROAD,STATE HWY,     ,  ,2021/06/18 00:00:00+00,2021/06/18 22:26:00+00,2021,6,June,22,6,18,Friday,22,Motorway Collision,Dark - Lighted,NONE,Incapacitating Injury,0,1,3,40.000067,-105.26379,0,0,0,0,AT INTERSECTION,2226,9772
-105.258482,40.036463,Police Collision Report,COLLISION W/ MV - FRONT TO FRONT,2105388,2,28TH ST/IRIS AVE,28TH ST,STATE HWY,     ,  ,2021/06/24 00:00:00+00,2021/06/24 22:12:00+00,2021,6,June,22,5,24,Thursday,22,Motorway Collision,Dark - Lighted,NONE,Incapacitating Injury,0,1,1,40.036463,-105.258482,0,1,0,0,AT INTERSECTION,2211,9773
-105.241822,39.971899,Police Collision Report,COLLISION W/ MV - FRONT TO FRONT,2104096,2,GREENBRIAR BLVD/GREENBRIAR CT,GREENBRIAR BLVD,CITY ST/CNTY RD,     ,W ,2021/05/18 00:00:00+00,2021/05/18 13:35:00+00,2021,5,May,13,3,18,Tuesday,13,Motorway Collision,Daylight,NONE,Possible injury,0,0,0,39.971899,-105.241822,0,0,0,0,AT INTERSECTION,1336,9774
-105.234741,40.014803,Police Collision Report,COLLISION W/ MV - FRONT TO FRONT,2103619,2,48TH ST/ARAPAHOE AVE,48TH STREET,CITY ST/CNTY RD,     ,  ,2021/05/04 00:00:00+00,2021/05/04 14:59:00+00,2021,5,May,14,3,4,Tuesday,14,Motorway Collision,Daylight,NONE,Non-Incapacitating Injury,0,0,1,40.014803,-105.234741,0,0,0,0,INTERSECTION RELATED,1500,9775
-105.279303,40.015822,Police Collision Report,COLLISION W/ MV - FRONT TO FRONT,2104355,2,BROADWAY/CANYON BLVD,CANYON BLVD,STATE HWY,     ,  ,2021/05/25 00:00:00+00,2021/05/25 11:11:00+00,2021,5,May,11,3,25,Tuesday,11,Motorway Collision,Daylight,NONE,Property Damage Only,0,0,0,40.015822,-105.279303,0,0,0,0,AT INTERSECTION,1110,9776
-105.283202,40.015101,Police Collision Report,COLLISION W/ MV - FRONT TO FRONT,2104233,2,9TH ST/CANYON BLVD,CANYON BLVD,CITY ST/CNTY RD,     ,  ,2021/05/21 00:00:00+00,2021/05/21 19:28:00+00,2021,5,May,19,6,21,Friday,19,Motorway Collision,Dawn or Dusk,NONE,Property Damage Only,0,0,0,40.015101,-105.283202,0,0,0,0,AT INTERSECTION,1928,9777
-105.253425,40.00742,Police Collision Report,COLLISION W/ MV - FRONT TO FRONT,2104193,2,30TH ST/COLORADO AVE,30TH STREET,CITY ST/CNTY RD,     ,  ,2021/05/21 00:00:00+00,2021/05/21 01:26:00+00,2021,5,May,1,6,21,Friday,1,Motorway Collision,Dark - Lighted,NONE,Non-Incapacitating Injury,0,0,1,40.00742,-105.253425,0,0,0,0,AT INTERSECTION,126,9778
-105.267763,40.003446,Police Collision Report,COLLISION W/ MV - FRONT TO FRONT,2102716,2,20TH ST/BROADWAY,20TH STREET,CITY ST/CNTY RD,     ,  ,2021/04/03 00:00:00+00,2021/04/03 22:26:00+00,2021,4,April,22,7,3,Saturday,22,Motorway Collision,Dark - Lighted,NONE,Non-Incapacitating Injury,0,0,1,40.003446,-105.267763,0,1,0,0,AT INTERSECTION,2226,9779
-105.258504,40.020518,Police Collision Report,COLLISION W/ MV - FRONT TO FRONT,2102563,2,28TH ST/WALNUT ST,28TH ST,STATE HWY,     ,  ,2021/03/31 00:00:00+00,2021/03/31 19:33:00+00,2021,3,March,19,4,31,Wednesday,19,Motorway Collision,Dark - Lighted,NONE,Property Damage Only,0,0,0,40.020518,-105.258504,0,0,0,0,AT INTERSECTION,1933,9780
-105.253146,40.003727,Police Collision Report,COLLISION W/ MV - FRONT TO FRONT,2102565,2,30TH ST/E AURORA AVE,30TH ST,CITY ST/CNTY RD,     ,  ,2021/03/31 00:00:00+00,2021/03/31 21:03:00+00,2021,3,March,21,4,31,Wednesday,21,Motorway Collision,Dark - Lighted,NONE,Property Damage Only,0,0,0,40.003727,-105.253146,0,0,0,0,AT INTERSECTION,2100,9781
-105.256048,40.017055,Police Collision Report,COLLISION W/ MV - FRONT TO FRONT,2102827,2,CANYON BLVD/29TH ST,CANYON BLVD,,     ,W ,2021/04/07 00:00:00+00,2021/04/07 16:23:00+00,2021,4,April,16,4,7,Wednesday,16,Motorway Collision,Daylight,NONE,Property Damage Only,0,0,0,40.017055,-105.256048,0,0,0,0,NON-INTERSECTION,1623,9782
-105.281039,40.020916,Police Collision Report,COLLISION W/ MV - FRONT TO FRONT,2101835,2,BROADWAY/MAPLETON AVE,MAPLETON AVENUE,CITY ST/CNTY RD,     ,  ,2021/03/04 00:00:00+00,2021/03/04 08:27:00+00,2021,3,March,8,5,4,Thursday,8,Motorway Collision,Daylight,NONE,Property Damage Only,0,0,0,40.020916,-105.281039,0,0,0,0,AT INTERSECTION,827,9783
-105.244901,40.029254,Police Collision Report,COLLISION W/ MV - FRONT TO FRONT,2102119,2,VALMONT RD/FOOTHILLS PKWY,VALMONT RD,CITY ST/CNTY RD,     ,  ,2021/03/12 00:00:00+00,2021/03/12 16:00:00+00,2021,3,March,16,6,12,Friday,16,Motorway Collision,Dawn or Dusk,NONE,Property Damage Only,0,0,0,40.029254,-105.244901,0,0,0,0,AT INTERSECTION,1600,9784
-105.263261,40.036431,Police Collision Report,COLLISION W/ MV - FRONT TO FRONT,2101701,2,FOLSOM ST/IRIS AVE,IRIS AVE,CITY ST/CNTY RD,269,W ,2021/02/26 00:00:00+00,2021/02/26 16:06:00+00,2021,2,February,16,6,26,Friday,16,Motorway Collision,Daylight,NONE,Property Damage Only,0,0,0,40.036431,-105.263261,0,0,0,0,INTERSECTION RELATED,1606,9785
-105.278697,40.014093,Police Collision Report,COLLISION W/ MV - FRONT TO FRONT,2101703,2,BROADWAY/ARAPAHOE AVE,ARAPAHOE,STATE HWY,     ,  ,2021/02/26 00:00:00+00,2021/02/26 20:14:00+00,2021,2,February,20,6,26,Friday,20,Motorway Collision,Dark - Lighted,NONE,Property Damage Only,0,0,0,40.014093,-105.278697,0,0,0,0,AT INTERSECTION,2015,9786
-105.225421,40.02921,Police Collision Report,COLLISION W/ MV - FRONT TO REAR,2101478,2,2995  55TH ST      ,2955 55TH STREET,,     ,  ,2021/02/19 00:00:00+00,2021/02/19 14:14:00+00,2021,2,February,14,6,19,Friday,14,Motorway Collision,Daylight,NONE,Property Damage Only,0,0,0,40.02921,-105.225421,0,0,0,0,DRIVEWAY ACCESS RELATED,1414,9787
-105.258282,40.014544,Police Collision Report,COLLISION W/ MV - FRONT TO REAR,2101532,3,28TH ST/ARAPAHOE AVE,28TH ST,STATE HWY,292,S ,2021/02/21 00:00:00+00,2021/02/21 11:36:00+00,2021,2,February,11,1,21,Sunday,11,Motorway Collision,Daylight,NONE,Possible injury,0,0,0,40.014544,-105.258282,0,0,0,0,NON-INTERSECTION,1136,9788
-105.267786,40.014608,Police Collision Report,COLLISION W/ MV - FRONT TO REAR,2101551,2,21ST ST/ARAPAHOE AVE,ARAPAHOE AVE,CITY ST/CNTY RD,175,E ,2021/02/22 00:00:00+00,2021/02/22 10:39:00+00,2021,2,February,10,2,22,Monday,10,Motorway Collision,Daylight,NONE,Property Damage Only,0,0,0,40.014608,-105.267786,0,0,0,0,NON-INTERSECTION,1039,9789
-105.240833,40.014503,Police Collision Report,COLLISION W/ MV - FRONT TO REAR,2101605,2,ARAPAHOE AVE/FOOTHILLS PKWY,FOOTHILLS PARKWAY,STATE HWY,     ,  ,2021/02/24 00:00:00+00,2021/02/24 08:23:00+00,2021,2,February,8,4,24,Wednesday,8,Motorway Collision,Daylight,NONE,Property Damage Only,0,0,0,40.014503,-105.240833,0,0,0,0,AT INTERSECTION,823,9790
-105.253595,40.023261,Police Collision Report,COLLISION W/ MV - FRONT TO REAR,2101791,2,PEARL ST/30TH ST,PEARL PKWY,CITY ST/CNTY RD,44,E ,2021/03/02 00:00:00+00,2021/03/02 17:34:00+00,2021,3,March,17,3,2,Tuesday,17,Motorway Collision,Dawn or Dusk,NONE,Possible injury,0,0,0,40.023261,-105.253595,0,0,0,0,INTERSECTION RELATED,1749,9791
-105.25598,40.001227,Police Collision Report,COLLISION W/ MV - FRONT TO REAR,2101803,2,805   29TH ST      ,805 29TH STREET,,     ,  ,2021/03/03 00:00:00+00,2021/03/03 09:53:00+00,2021,3,March,9,4,3,Wednesday,9,Motorway Collision,Daylight,NONE,Property Damage Only,0,0,0,40.001227,-105.25598,0,0,0,0,PARKING LOT,953,9792
-105.253059,39.999933,Police Collision Report,COLLISION W/ MV - FRONT TO REAR,2101804,2,30TH ST/BASELINE RD,BASELINE RD,CITY ST/CNTY RD,30,W ,2021/03/03 00:00:00+00,2021/03/03 10:20:00+00,2021,3,March,10,4,3,Wednesday,10,Motorway Collision,Daylight,NONE,Property Damage Only,0,0,0,39.999933,-105.253059,0,0,0,0,INTERSECTION RELATED,1020,9793
-105.260153,39.999094,Police Collision Report,COLLISION W/ MV - FRONT TO REAR,2101811,2,27TH WAY/MOORHEAD AVE,28TH STREET,CITY ST/CNTY RD,     ,  ,2021/03/03 00:00:00+00,2021/03/03 14:17:00+00,2021,3,March,14,4,3,Wednesday,14,Motorway Collision,Daylight,NONE,Property Damage Only,0,0,0,39.999094,-105.260153,0,0,0,0,AT INTERSECTION,1417,9794
-105.258275,40.024514,Police Collision Report,COLLISION W/ MV - FRONT TO REAR,2101812,2,28TH ST/PINE ST,28TH ST,STATE HWY,390,N ,2021/03/03 00:00:00+00,2021/03/03 14:32:00+00,2021,3,March,14,4,3,Wednesday,14,Motorway Collision,Daylight,NONE,Property Damage Only,0,0,0,40.024514,-105.258275,0,0,0,0,NON-INTERSECTION,1432,9795
-105.260159,40.000452,Police Collision Report,COLLISION W/ MV - FRONT TO REAR,2101816,2,27TH WAY/BASELINE RD,BASELINE RD,STATE HWY,180,W ,2021/03/03 00:00:00+00,2021/03/03 16:11:00+00,2021,3,March,16,4,3,Wednesday,16,Motorway Collision,Daylight,NONE,Property Damage Only,0,0,0,40.000452,-105.260159,0,0,0,0,DRIVEWAY ACCESS RELATED,1611,9796
-105.22815,40.014579,Police Collision Report,COLLISION W/ MV - FRONT TO REAR,2101825,2,ARAPAHOE AVE/CONESTOGA ST,ARAPAHOE AVE,STATE HWY,20,W ,2021/03/03 00:00:00+00,2021/03/03 20:39:00+00,2021,3,March,20,4,3,Wednesday,20,Motorway Collision,Dark - Lighted,NONE,Non-Incapacitating Injury,0,0,2,40.014579,-105.22815,0,0,0,0,INTERSECTION RELATED,2050,9797
-105.206734,40.071175,Police Collision Report,COLLISION W/ MV - FRONT TO REAR,2101687,2,63RD ST/LOOKOUT RD,63RD,CITY ST/CNTY RD,     ,  ,2021/02/26 00:00:00+00,2021/02/26 11:35:00+00,2021,2,February,11,6,26,Friday,11,Motorway Collision,Daylight,NONE,Property Damage Only,0,0,0,40.071175,-105.206734,0,0,0,0,INTERSECTION RELATED,1135,9798
-105.24066,40.014698,Police Collision Report,COLLISION W/ MV - FRONT TO REAR,2101691,2,FOOTHILLS PKWY/ARAPAHOE AVE,FOOTHILLS PKY,STATE HWY,120,N ,2021/02/26 00:00:00+00,2021/02/26 12:42:00+00,2021,2,February,12,6,26,Friday,12,Motorway Collision,Daylight,NONE,Property Damage Only,0,0,0,40.014698,-105.24066,0,0,0,0,INTERSECTION RELATED,1242,9799
-105.249862,39.98558,Police Collision Report,COLLISION W/ MV - FRONT TO REAR,2101695,2,S BROADWAY/TABLE MESA DR,BROADWAY,STATE HWY,20,S ,2021/02/26 00:00:00+00,2021/02/26 14:16:00+00,2021,2,February,14,6,26,Friday,14,Motorway Collision,Daylight,NONE,Property Damage Only,0,0,0,39.98558,-105.249862,0,0,0,0,INTERSECTION RELATED,1416,9800
-105.275701,40.017713,Police Collision Report,COLLISION W/ MV - FRONT TO REAR,2101621,2,WALNUT ST/15TH ST,WALNUT ST,CITY ST/CNTY RD,58,W ,2021/02/24 00:00:00+00,2021/02/24 15:16:00+00,2021,2,February,15,4,24,Wednesday,15,Motorway Collision,Daylight,NONE,Property Damage Only,0,0,0,40.017713,-105.275701,0,0,0,0,NON-INTERSECTION,1516,9801
-105.253772,40.020084,Police Collision Report,COLLISION W/ MV - FRONT TO REAR,2101624,2,30TH ST/WALNUT ST,30TH ST,CITY ST/CNTY RD,20,N ,2021/02/24 00:00:00+00,2021/02/24 15:43:00+00,2021,2,February,15,4,24,Wednesday,15,Motorway Collision,Daylight,NONE,Property Damage Only,0,0,0,40.020084,-105.253772,0,0,0,0,INTERSECTION RELATED,1543,9802
-105.253043,40.000084,Police Collision Report,COLLISION W/ MV - FRONT TO REAR,2102030,2,BASELINE RD/30TH ST,BASELINE ROAD,CITY ST/CNTY RD,25,W ,2021/03/10 00:00:00+00,2021/03/10 08:29:00+00,2021,3,March,8,4,10,Wednesday,8,Motorway Collision,Daylight,NONE,Possible injury,0,0,0,40.000084,-105.253043,0,0,0,0,AT INTERSECTION,829,9803
-105.244862,40.029223,Police Collision Report,COLLISION W/ MV - FRONT TO REAR,2102055,2,FOOTHILLS PKWY/VALMONT RD,FOOTHILLS PKWY,STATE HWY,582,N ,2021/03/11 00:00:00+00,2021/03/11 07:50:00+00,2021,3,March,7,5,11,Thursday,7,Motorway Collision,Daylight,NONE,Property Damage Only,0,0,0,40.029223,-105.244862,0,0,0,0,NON-INTERSECTION,750,9804
-105.253043,40.000084,Police Collision Report,COLLISION W/ MV - FRONT TO REAR,2101870,2,BASELINE RD/30TH ST,BASELINE ROAD,CITY ST/CNTY RD,     ,  ,2021/03/05 00:00:00+00,2021/03/05 13:51:00+00,2021,3,March,13,6,5,Friday,13,Motorway Collision,Daylight,NONE,Possible injury,0,0,0,40.000084,-105.253043,0,0,0,0,AT INTERSECTION,1351,9805
-105.253404,40.00745,Police Collision Report,COLLISION W/ MV - FRONT TO REAR,2101913,2,COLORADO AVE/30TH ST,30TH ST,CITY ST/CNTY RD,350,N ,2021/03/06 00:00:00+00,2021/03/06 15:56:00+00,2021,3,March,15,7,6,Saturday,15,Motorway Collision,Daylight,NONE,Possible injury,0,0,0,40.00745,-105.253404,0,0,0,0,DRIVEWAY ACCESS RELATED,1556,9806
-105.258282,40.014544,Police Collision Report,COLLISION W/ MV - FRONT TO REAR,2102224,2,28TH ST/ARAPAHOE AVE,ARAPAHOE AVE,STATE HWY,48,E ,2021/03/17 00:00:00+00,2021/03/17 13:32:00+00,2021,3,March,13,4,17,Wednesday,13,Motorway Collision,Daylight,NONE,Property Damage Only,0,0,0,40.014544,-105.258282,0,0,0,0,INTERSECTION RELATED,1332,9807
-105.253716,40.037957,Police Collision Report,COLLISION W/ MV - FRONT TO REAR,2102200,2,30TH ST/DIAGONAL HWY,DIAGONAL HWY,STATE HWY,20,E ,2021/03/16 00:00:00+00,2021/03/16 13:27:00+00,2021,3,March,13,3,16,Tuesday,13,Motorway Collision,Daylight,NONE,Property Damage Only,0,0,0,40.037957,-105.253716,0,0,0,0,AT INTERSECTION,1327,9808
-105.238429,40.022074,Police Collision Report,COLLISION W/ MV - FRONT TO REAR,2102235,2,49TH ST/PEARL PKWY,PEARL PKWY,CITY ST/CNTY RD,1280,E ,2021/03/17 00:00:00+00,2021/03/17 17:35:00+00,2021,3,March,17,4,17,Wednesday,17,Motorway Collision,Daylight,NONE,Possible injury,0,0,0,40.022074,-105.238429,0,0,0,0,NON-INTERSECTION,1735,9809