X,Y,ReportType,PrmaryCollsionType,CaseNumber,UnitsInvolved,Location,OnHighway,CrossStreet,FeetFromIntersection,DirectionFromIntersection,CollisionDate,ReportedDate,ReportedYear,ReportedMonth,ReportedMonthName,ReportedWeek,ReportedDayofWeekNum,ReportedDayofMonth,ReportedDayofWeek,ReportedHour,HitAndRunStatus,LightingCondition,WeatherCondition,Severity,NumKilled,NumSeriouslyInjured,NumInjuredOrKilled,Lat,Lon,DUI,AlcoholDrugSuspected,BicyclesInvolved,PedestriansInvolved,RoadDescription,Crash_Time,ESRI_OID
-105.267786,40.014608,Police Collision Report,COLLISION W/ MV - FRONT TO REAR,2102277,3,21ST ST/ARAPAHOE AVE,ARAPAHOE AVE,CITY ST/CNTY RD,75,E ,2021/03/18 00:00:00+00,2021/03/18 15:15:00+00,2021,3,March,15,5,18,Thursday,15,Motorway Collision,Daylight,NONE,Property Damage Only,0,0,0,40.014608,-105.267786,0,0,0,0,INTERSECTION RELATED,1515,9810
-105.267786,40.014608,Police Collision Report,COLLISION W/ MV - FRONT TO REAR,2102279,2,21ST ST/ARAPAHOE AVE,ARAPAHOE AVENUE,CITY ST/CNTY RD,120,E ,2021/03/18 00:00:00+00,2021/03/18 15:41:00+00,2021,3,March,15,5,18,Thursday,15,Motorway Collision,Daylight,NONE,Property Damage Only,0,0,0,40.014608,-105.267786,0,0,0,0,NON-INTERSECTION,1545,9811
-105.244862,40.029223,Police Collision Report,COLLISION W/ MV - FRONT TO REAR,2102304,2,FOOTHILLS PKWY/VALMONT RD,FOOTHILLS PARKWAY,STATE HWY,300,N ,2021/03/19 00:00:00+00,2021/03/19 12:59:00+00,2021,3,March,12,6,19,Friday,12,Motorway Collision,Daylight,NONE,Property Damage Only,0,0,0,40.029223,-105.244862,0,0,0,0,INTERSECTION RELATED,1259,9812
-105.267721,40.003464,Police Collision Report,COLLISION W/ MV - FRONT TO REAR,2102314,3,BROADWAY/20TH ST,BROADWAY,STATE HWY,450,S ,2021/03/19 00:00:00+00,2021/03/19 17:15:00+00,2021,3,March,17,6,19,Friday,17,Motorway Collision,Daylight,NONE,Non-Incapacitating Injury,0,0,1,40.003464,-105.267721,0,0,0,0,NON-INTERSECTION,1715,9813
-105.24066,40.014698,Police Collision Report,COLLISION W/ MV - FRONT TO REAR,2102342,2,FOOTHILLS PKWY/ARAPAHOE AVE,ARAPAHOE AVE,STATE HWY,60,E ,2021/03/17 00:00:00+00,2021/03/17 00:00:00+00,2021,3,March,0,4,17,Wednesday,0,Motorway Collision,Daylight,NONE,Property Damage Only,0,0,0,40.014698,-105.24066,0,0,0,0,INTERSECTION RELATED,1040,9814
-105.267753,40.003418,Police Collision Report,COLLISION W/ MV - FRONT TO REAR,2102396,2,BROADWAY/REGENT DR,BROADWAY,STATE HWY,12,N ,2021/03/21 00:00:00+00,2021/03/21 13:28:00+00,2021,3,March,13,1,21,Sunday,13,Motorway Collision,Daylight,NONE,Possible injury,0,0,0,40.003418,-105.267753,0,0,0,0,INTERSECTION RELATED,1348,9815
-105.24066,40.014698,Police Collision Report,COLLISION W/ MV - FRONT TO REAR,2102416,2,FOOTHILLS PKWY/ARAPAHOE AVE,ARAPAHOE AVE,STATE HWY,300,E ,2021/03/22 00:00:00+00,2021/03/22 09:51:00+00,2021,3,March,9,2,22,Monday,9,Motorway Collision,Daylight,NONE,Property Damage Only,0,0,0,40.014698,-105.24066,0,0,0,0,INTERSECTION RELATED,951,9816
-105.246635,40.014655,Police Collision Report,COLLISION W/ MV - FRONT TO REAR,2102852,3,38TH ST/ARAPAHOE AVE,ARAPAHOE AVE,STATE HWY,     ,W ,2021/04/08 00:00:00+00,2021/04/08 14:47:00+00,2021,4,April,14,5,8,Thursday,14,Motorway Collision,Daylight,NONE,Property Damage Only,0,0,0,40.014655,-105.246635,0,0,0,0,NON-INTERSECTION,1447,9817
-105.270222,40.014626,Police Collision Report,COLLISION W/ MV - FRONT TO REAR,2102826,2,ARAPAHOE AVE/19TH ST,ARAPAHOE AVENUE,CITY ST/CNTY RD,     ,  ,2021/04/07 00:00:00+00,2021/04/07 14:15:00+00,2021,4,April,14,4,7,Wednesday,14,Motorway Collision,Daylight,NONE,Property Damage Only,0,0,0,40.014626,-105.270222,0,0,0,0,AT INTERSECTION,1415,9818
-105.272773,40.040098,Police Collision Report,COLLISION W/ MV - FRONT TO REAR,2102957,2,19TH ST/KALMIA AVE,19TH ST,CITY ST/CNTY RD,     ,N ,2021/04/11 00:00:00+00,2021/04/11 16:15:00+00,2021,4,April,16,1,11,Sunday,16,Motorway Collision,Daylight,NONE,Non-Incapacitating Injury,0,0,1,40.040098,-105.272773,1,1,0,0,NON-INTERSECTION,1615,9819
-105.278102,40.02044,Police Collision Report,COLLISION W/ MV - FRONT TO REAR,2102979,2,14TH ST/PINE ST,14TH ST,CITY ST/CNTY RD,     ,S ,2021/04/12 00:00:00+00,2021/04/12 10:05:00+00,2021,4,April,10,2,12,Monday,10,Motorway Collision,Daylight,NONE,Property Damage Only,0,0,0,40.02044,-105.278102,0,0,0,0,NON-INTERSECTION,1005,9820
-105.263563,40.000114,Police Collision Report,COLLISION W/ MV - FRONT TO REAR,2102981,2,BASELINE RD/BROADWAY,BASELINE ROAD,STATE HWY,     ,N ,2021/04/12 00:00:00+00,2021/04/12 10:34:00+00,2021,4,April,10,2,12,Monday,10,Motorway Collision,Daylight,NONE,Property Damage Only,0,0,0,40.000114,-105.263563,0,0,0,0,INTERSECTION RELATED,1034,9821
-105.258504,40.020518,Police Collision Report,COLLISION W/ MV - FRONT TO REAR,2102939,2,28TH ST/WALNUT ST,28TH ST,STATE HWY,     ,S ,2021/04/10 00:00:00+00,2021/04/10 17:52:00+00,2021,4,April,17,7,10,Saturday,17,Motorway Collision,Daylight,NONE,Property Damage Only,0,0,0,40.020518,-105.258504,0,0,0,0,INTERSECTION RELATED,1752,9822
-105.258397,40.0273,Police Collision Report,COLLISION W/ MV - FRONT TO REAR,2102989,2,BLUFF ST/28TH ST,BLUFF ST,CITY ST/CNTY RD,     ,E ,2021/04/12 00:00:00+00,2021/04/12 12:43:00+00,2021,4,April,12,2,12,Monday,12,Motorway Collision,Daylight,NONE,Property Damage Only,0,0,0,40.0273,-105.258397,0,0,0,0,NON-INTERSECTION,1243,9823
-105.249862,39.98558,Police Collision Report,COLLISION W/ MV - FRONT TO REAR,2102990,2,S BROADWAY/TABLE MESA DR,BROADWAY,STATE HWY,     ,S ,2021/04/12 00:00:00+00,2021/04/12 13:56:00+00,2021,4,April,13,2,12,Monday,13,Motorway Collision,Daylight,NONE,Property Damage Only,0,0,0,39.98558,-105.249862,0,0,0,0,DRIVEWAY ACCESS RELATED,1355,9824
-105.24066,40.014698,Police Collision Report,COLLISION W/ MV - FRONT TO FRONT,2109015,2,FOOTHILLS PKWY/ARAPAHOE AVE,FOOTHILLS HIGHWAY,STATE HWY,     ,  ,2021/09/21 00:00:00+00,2021/09/21 21:48:00+00,2021,9,September,21,3,21,Tuesday,21,Motorway Collision,Dark - Lighted,NONE,Property Damage Only,0,0,0,40.014698,-105.24066,0,0,0,0,AT INTERSECTION,2148,9825
-105.283422,40.01316,Police Collision Report,COLLISION W/ MV - FRONT TO FRONT,2109085,2,9TH ST/ARAPAHOE AVE,ARAPAHOE,CITY ST/CNTY RD,     ,  ,2021/09/23 00:00:00+00,2021/09/23 19:56:00+00,2021,9,September,19,5,23,Thursday,19,Motorway Collision,Dark - Lighted,NONE,Property Damage Only,0,0,0,40.01316,-105.283422,0,0,0,0,AT INTERSECTION,2000,9826
-105.25371,40.029189,Police Collision Report,COLLISION W/ MV - FRONT TO FRONT,2109089,2,30TH ST/VALMONT RD,VALMONT RD,CITY ST/CNTY RD,     ,  ,2021/09/23 23:15:59+00,2021/09/23 23:16:00+00,2021,9,September,23,5,23,Thursday,23,Motorway Collision,Dark - Lighted,NONE,Property Damage Only,0,0,0,40.029189,-105.25371,1,1,0,0,AT INTERSECTION,2317,9827
-105.206672,40.014677,Police Collision Report,COLLISION W/ MV - FRONT TO FRONT,2106121,2,ARAPAHOE RD/63RD ST,ARAPAHOE AVENUE,STATE HWY,     ,E ,2021/07/15 00:00:00+00,2021/07/15 09:04:00+00,2021,7,July,9,5,15,Thursday,9,Motorway Collision,Daylight,NONE,Property Damage Only,0,0,0,40.014677,-105.206672,0,0,0,0,DRIVEWAY ACCESS RELATED,904,9828
-105.225389,40.00011,Police Collision Report,COLLISION W/ MV - FRONT TO FRONT,2106056,2,55TH ST/BASELINE RD,BASELINE RD,CITY ST/CNTY RD,     ,  ,2021/07/13 00:00:00+00,2021/07/13 08:20:00+00,2021,7,July,8,3,13,Tuesday,8,Motorway Collision,Daylight,NONE,Non-Incapacitating Injury,0,0,1,40.00011,-105.225389,0,0,0,0,AT INTERSECTION,820,9829
-105.225069,40.027648,Police Collision Report,COLLISION W/ MV - FRONT TO FRONT,2101431,2,55TH ST/PEARL PKWY,55TH STREET,CITY ST/CNTY RD,     ,  ,2021/02/18 00:00:00+00,2021/02/18 08:56:00+00,2021,2,February,8,5,18,Thursday,8,Motorway Collision,Daylight,NONE,Property Damage Only,0,0,0,40.027648,-105.225069,0,0,0,0,AT INTERSECTION,856,9830
-105.273569,40.034079,Police Collision Report,COLLISION W/ MV - FRONT TO FRONT,2101444,2,GRAPE AVE/GARLAND LN,GRAPE AVE,CITY ST/CNTY RD,150 F,W ,2021/02/18 00:00:00+00,2021/02/18 13:14:00+00,2021,2,February,13,5,18,Thursday,13,Motorway Collision,Daylight,NONE,Property Damage Only,0,0,0,40.034079,-105.273569,0,0,0,0,NON-INTERSECTION,1325,9831
-105.26012,40.051061,Police Collision Report,COLLISION W/ MV - FRONT TO REAR,2101448,2,JAY RD/28TH ST,28TH ST,STATE HWY,100,N ,2021/02/18 00:00:00+00,2021/02/18 15:37:00+00,2021,2,February,15,5,18,Thursday,15,Motorway Collision,Daylight,NONE,Property Damage Only,0,0,0,40.051061,-105.26012,0,0,0,0,INTERSECTION RELATED,1537,9832
-105.258282,40.014544,Police Collision Report,COLLISION W/ MV - FRONT TO REAR,2102530,3,28TH ST/ARAPAHOE AVE,28TH ST,STATE HWY,40,S ,2021/03/28 00:00:00+00,2021/03/28 17:28:00+00,2021,3,March,17,1,28,Sunday,17,Motorway Collision,Daylight,NONE,Property Damage Only,0,0,0,40.014544,-105.258282,0,0,0,0,INTERSECTION RELATED,1709,9833
-105.258403,40.029131,Police Collision Report,COLLISION W/ MV - FRONT TO REAR,2171192,2,VALMONT RD/28TH ST,VALMONT RD,CITY ST/CNTY RD,     ,  ,2021/03/25 14:59:00+00,2021/03/25 22:46:48+00,2021,3,March,22,5,25,Thursday,22,Motorway Collision,Daylight,NONE,Possible injury,0,0,0,40.029131,-105.258403,0,0,0,0,AT INTERSECTION,1500,9834
-105.264704,40.017236,Police Collision Report,COLLISION W/ MV - FRONT TO REAR,2102619,2,23RD ST/CANYON BLVD,CANYON BOULEVARD,STATE HWY,     ,  ,2021/04/01 00:00:00+00,2021/04/01 15:21:00+00,2021,4,April,15,5,1,Thursday,15,Motorway Collision,Daylight,NONE,Property Damage Only,0,0,0,40.017236,-105.264704,0,0,0,0,NON-INTERSECTION,1521,9835
-105.234584,39.986627,Police Collision Report,COLLISION W/ MV - FRONT TO REAR,2102661,2,TABLE MESA DR/US HIGHWAY 36,TABLE MESA DRIVE,CITY ST/CNTY RD,     ,E ,2021/04/02 00:00:00+00,2021/04/02 08:45:00+00,2021,4,April,8,6,2,Friday,8,Motorway Collision,Daylight,NONE,Property Damage Only,0,0,0,39.986627,-105.234584,0,0,0,0,AT INTERSECTION,845,9836
-105.282113,40.050763,Police Collision Report,COLLISION W/ MV - FRONT TO REAR,2102667,2,SUMAC AVE/BROADWAY,BROADWAY,,     ,N ,2021/04/02 00:00:00+00,2021/04/02 11:28:00+00,2021,4,April,11,6,2,Friday,11,Motorway Collision,Daylight,NONE,Property Damage Only,0,0,0,40.050763,-105.282113,0,0,0,0,DRIVEWAY ACCESS RELATED,1128,9837
-105.232572,40.000025,Police Collision Report,COLLISION W/ MV - FRONT TO REAR,2102723,2,FOOTHILLS PKWY/BASELINE RD,BASELINE RD,CITY ST/CNTY RD,     ,E ,2021/04/04 00:00:00+00,2021/04/04 09:53:00+00,2021,4,April,9,1,4,Sunday,9,Motorway Collision,Daylight,NONE,Non-Incapacitating Injury,0,0,1,40.000025,-105.232572,0,0,0,0,AT INTERSECTION,953,9838
-105.234787,40.016013,Police Collision Report,COLLISION W/ MV - FRONT TO REAR,2102740,2,RIVERBEND RD/48TH ST,RIVERBEND,CITY ST/CNTY RD,     ,  ,2021/04/05 00:00:00+00,2021/04/05 08:33:00+00,2021,4,April,8,2,5,Monday,8,Motorway Collision,Daylight,NONE,Property Damage Only,0,0,0,40.016013,-105.234787,0,0,0,0,INTERSECTION RELATED,830,9839
-105.244901,40.029254,Police Collision Report,COLLISION W/ MV - FRONT TO REAR,2102761,2,VALMONT RD/FOOTHILLS PKWY,VALMONT RD,CITY ST/CNTY RD,     ,  ,2021/04/05 00:00:00+00,2021/04/05 16:33:00+00,2021,4,April,16,2,5,Monday,16,Motorway Collision,Daylight,NONE,Possible injury,0,0,0,40.029254,-105.244901,0,0,0,0,INTERSECTION RELATED,1630,9840
-105.282157,40.056319,Police Collision Report,COLLISION W/ MV - FRONT TO REAR,2102703,2,4501  BROADWAY      ,4501 BROADWAY,,     ,  ,2021/04/03 00:00:00+00,2021/04/03 13:44:00+00,2021,4,April,13,7,3,Saturday,13,Motorway Collision,Daylight,NONE,Property Damage Only,0,0,0,40.056319,-105.282157,0,0,0,0,PARKING LOT,1344,9841
-105.253716,40.037957,Police Collision Report,COLLISION W/ MV - FRONT TO REAR,2102677,2,30TH ST/DIAGONAL HWY,DIAGONAL HWY,STATE HWY,     ,W ,2021/04/02 00:00:00+00,2021/04/02 16:31:00+00,2021,4,April,16,6,2,Friday,16,Motorway Collision,Daylight,NONE,Property Damage Only,0,0,0,40.037957,-105.253716,0,0,0,0,INTERSECTION RELATED,1630,9842
-105.258492,40.017345,Police Collision Report,COLLISION W/ MV - FRONT TO REAR,2102683,2,28TH ST/CANYON BLVD,28TH ST,STATE HWY,     ,N ,2021/04/02 00:00:00+00,2021/04/02 18:25:00+00,2021,4,April,18,6,2,Friday,18,Motorway Collision,Daylight,NONE,Property Damage Only,0,0,0,40.017345,-105.258492,0,0,0,0,NON-INTERSECTION,1825,9843
-105.244862,40.029147,Police Collision Report,COLLISION W/ MV - FRONT TO REAR,2103121,2,FOOTHILLS PKWY/VALMONT RD,FOOTHILLS PKY,STATE HWY,     ,N ,2021/04/17 14:19:59+00,2021/04/17 14:20:00+00,2021,4,April,14,7,17,Saturday,14,Motorway Collision,Daylight,NONE,Non-Incapacitating Injury,0,0,1,40.029147,-105.244862,1,1,0,0,INTERSECTION RELATED,1420,9844
-105.239567,40.008522,Police Collision Report,COLLISION W/ MV - FRONT TO REAR,2103018,2,FOOTHILLS PKWY/COLORADO AVE,FOOTHILLS PKWY,STATE HWY,     ,N ,2021/04/13 00:00:00+00,2021/04/13 15:18:00+00,2021,4,April,15,3,13,Tuesday,15,Motorway Collision,Daylight,NONE,Possible injury,0,0,0,40.008522,-105.239567,0,0,0,0,INTERSECTION RELATED,1518,9845
-105.24066,40.014698,Police Collision Report,COLLISION W/ MV - FRONT TO REAR,2103023,2,FOOTHILLS PKWY/ARAPAHOE AVE,ARAPAHOE AVE,STATE HWY,     ,E ,2021/04/13 00:00:00+00,2021/04/13 18:08:00+00,2021,4,April,18,3,13,Tuesday,18,Motorway Collision,Daylight,NONE,Possible injury,0,0,0,40.014698,-105.24066,0,0,0,0,INTERSECTION RELATED,1808,9846
-105.267721,40.003464,Police Collision Report,COLLISION W/ MV - FRONT TO REAR,2103161,2,BROADWAY/20TH ST,20TH ST,CITY ST/CNTY RD,     ,S ,2021/04/19 00:00:00+00,2021/04/19 08:22:00+00,2021,4,April,8,2,19,Monday,8,Motorway Collision,Daylight,NONE,Property Damage Only,0,0,0,40.003464,-105.267721,0,0,0,0,INTERSECTION RELATED,822,9847
-105.239699,40.008435,Police Collision Report,COLLISION W/ MV - FRONT TO REAR,2103251,2,COLORADO AVE/FOOTHILLS PKWY,FOOTHILLS PKY,STATE HWY,     ,  ,2021/04/22 00:00:00+00,2021/04/22 11:37:00+00,2021,4,April,11,5,22,Thursday,11,Motorway Collision,Daylight,NONE,Property Damage Only,0,0,0,40.008435,-105.239699,0,0,0,0,AT INTERSECTION,1137,9848
-105.258432,40.027325,Police Collision Report,COLLISION W/ MV - FRONT TO REAR,2103302,2,28TH ST/BLUFF ST,28TH ST,STATE HWY,     ,S ,2021/04/24 00:00:00+00,2021/04/24 15:17:00+00,2021,4,April,15,7,24,Saturday,15,Motorway Collision,Daylight,NONE,Property Damage Only,0,0,0,40.027325,-105.258432,0,0,0,0,NON-INTERSECTION,1517,9849
-105.258407,40.022375,Police Collision Report,COLLISION W/ MV - FRONT TO REAR,2103336,2,28TH ST/PEARL ST,28TH ST,STATE HWY,     ,S ,2021/04/25 00:00:00+00,2021/04/25 14:20:00+00,2021,4,April,14,1,25,Sunday,14,Motorway Collision,Daylight,NONE,Property Damage Only,0,0,0,40.022375,-105.258407,0,0,0,0,NON-INTERSECTION,1420,9850
-105.279303,40.015822,Police Collision Report,COLLISION W/ MV - FRONT TO REAR,2103343,2,BROADWAY/CANYON BLVD,CANYON BLVD,CITY ST/CNTY RD,     ,  ,2021/04/25 00:00:00+00,2021/04/25 21:48:00+00,2021,4,April,21,1,25,Sunday,21,Motorway Collision,Dark - Lighted,NONE,Property Damage Only,0,0,0,40.015822,-105.279303,0,0,0,0,AT INTERSECTION,2149,9851
-105.280582,40.016644,Police Collision Report,COLLISION W/ MV - FRONT TO REAR,2103431,2,1126  WALNUT ST      ,1126 WALNUT STREET,,     ,  ,2021/04/27 00:00:00+00,2021/04/27 18:52:00+00,2021,4,April,18,3,27,Tuesday,18,Motorway Collision,Dark - Lighted,NONE,Property Damage Only,0,0,0,40.016644,-105.280582,0,0,0,0,PARKING LOT,1852,9852
-105.261044,40.022356,Police Collision Report,COLLISION W/ MV - FRONT TO REAR,2103473,2,2050  26TH ST      ,2050 26TH ST,,     ,  ,2021/04/29 00:00:00+00,2021/04/29 15:16:00+00,2021,4,April,15,5,29,Thursday,15,Motorway Collision,Daylight,NONE,Property Damage Only,0,0,0,40.022356,-105.261044,0,0,0,0,PARKING LOT,1516,9853
-105.225448,40.014598,Police Collision Report,COLLISION W/ MV - FRONT TO REAR,2103475,2,55TH ST/ARAPAHOE AVE,55TH STREET,CITY ST/CNTY RD,     ,N ,2021/04/29 00:00:00+00,2021/04/29 16:35:00+00,2021,4,April,16,5,29,Thursday,16,Motorway Collision,Daylight,NONE,Property Damage Only,0,0,0,40.014598,-105.225448,0,0,0,0,INTERSECTION RELATED,1635,9854
-105.263563,40.000114,Police Collision Report,COLLISION W/ MV - FRONT TO REAR,2103550,2,BASELINE RD/BROADWAY,BROADWAY,STATE HWY,     ,  ,2021/05/01 00:00:00+00,2021/05/01 22:31:00+00,2021,5,May,22,7,1,Saturday,22,Motorway Collision,Dark - Lighted,NONE,Property Damage Only,0,0,0,40.000114,-105.263563,0,0,0,0,AT INTERSECTION,2230,9855
-105.26016,40.000392,Police Collision Report,COLLISION W/ MV - FRONT TO REAR,2103552,3,27TH WAY/BASELINE RD,BASELINE,CITY ST/CNTY RD,     ,W ,2021/05/01 23:42:59+00,2021/05/01 23:43:00+00,2021,5,May,23,7,1,Saturday,23,Motorway Collision,Dark - Lighted,NONE,Non-Incapacitating Injury,0,0,1,40.000392,-105.26016,1,1,0,0,NON-INTERSECTION,2343,9856
-105.258504,40.020518,Police Collision Report,COLLISION W/ MV - FRONT TO REAR,2104174,2,28TH ST/WALNUT ST,28TH ST,STATE HWY,     ,S ,2021/05/20 00:00:00+00,2021/05/20 15:08:00+00,2021,5,May,15,5,20,Thursday,15,Motorway Collision,Daylight,NONE,Non-Incapacitating Injury,0,0,1,40.020518,-105.258504,0,0,0,0,NON-INTERSECTION,1509,9857
-105.244901,40.029254,Police Collision Report,COLLISION W/ MV - FRONT TO REAR,2104094,2,VALMONT RD/FOOTHILLS PKWY,VALMONT RD,STATE HWY,     ,  ,2021/05/18 00:00:00+00,2021/05/18 12:21:00+00,2021,5,May,12,3,18,Tuesday,12,Motorway Collision,Daylight,NONE,Property Damage Only,0,0,0,40.029254,-105.244901,0,0,0,0,AT INTERSECTION,1221,9858
-105.253767,40.023257,Police Collision Report,COLLISION W/ MV - FRONT TO REAR,2104169,2,30TH ST/PEARL ST,PEARL ST,,     ,W ,2021/05/20 00:00:00+00,2021/05/20 13:01:00+00,2021,5,May,13,5,20,Thursday,13,Motorway Collision,Daylight,NONE,Property Damage Only,0,0,0,40.023257,-105.253767,0,0,0,0,INTERSECTION RELATED,1301,9859
-105.244901,40.029254,Police Collision Report,COLLISION W/ MV - FRONT TO REAR,2104217,2,VALMONT RD/FOOTHILLS PKWY,FOOTHILLS PKY,STATE HWY,     ,N ,2021/05/21 00:00:00+00,2021/05/21 12:50:00+00,2021,5,May,12,6,21,Friday,12,Motorway Collision,Daylight,NONE,Property Damage Only,0,0,0,40.029254,-105.244901,0,0,0,0,INTERSECTION RELATED,1250,9860
-105.249378,40.029199,Police Collision Report,COLLISION W/ MV - FRONT TO REAR,2104223,2,34TH ST/VALMONT RD,VALMONT ROAD,CITY ST/CNTY RD,     ,  ,2021/05/21 00:00:00+00,2021/05/21 15:52:00+00,2021,5,May,15,6,21,Friday,15,Motorway Collision,Daylight,NONE,Property Damage Only,0,0,0,40.029199,-105.249378,0,0,0,0,AT INTERSECTION,1552,9861
-105.253688,40.014535,Police Collision Report,COLLISION W/ MV - FRONT TO REAR,2104461,2,ARAPAHOE AVE/30TH ST,ARAPAHOE AVE,STATE HWY,     ,E ,2021/05/28 00:00:00+00,2021/05/28 10:29:00+00,2021,5,May,10,6,28,Friday,10,Motorway Collision,Daylight,NONE,Property Damage Only,0,0,0,40.014535,-105.253688,0,0,0,0,INTERSECTION RELATED,1029,9862
-105.247289,39.985818,Police Collision Report,COLLISION W/ MV - FRONT TO REAR,2104416,2,S 40TH ST/TABLE MESA DR,TABLE MESA DRIVE,CITY ST/CNTY RD,     ,E ,2021/05/27 00:00:00+00,2021/05/27 08:06:00+00,2021,5,May,8,5,27,Thursday,8,Motorway Collision,Daylight,NONE,Property Damage Only,0,0,0,39.985818,-105.247289,0,0,0,0,INTERSECTION RELATED,806,9863
-105.232572,40.000025,Police Collision Report,COLLISION W/ MV - FRONT TO REAR,2104417,2,FOOTHILLS PKWY/BASELINE RD,FOOTHILLS PKWY,STATE HWY,     ,  ,2021/05/27 00:00:00+00,2021/05/27 08:03:00+00,2021,5,May,8,5,27,Thursday,8,Motorway Collision,Daylight,NONE,Property Damage Only,0,0,0,40.000025,-105.232572,0,0,0,0,AT INTERSECTION,803,9864
-105.244261,40.038483,Police Collision Report,COLLISION W/ MV - FRONT TO REAR,2104437,2,47TH ST/DIAGONAL HWY,47TH ST,CITY ST/CNTY RD,     ,N ,2021/05/27 00:00:00+00,2021/05/27 00:00:00+00,2021,5,May,0,5,27,Thursday,0,Motorway Collision,Daylight,NONE,Property Damage Only,0,0,0,40.038483,-105.244261,0,0,0,0,AT INTERSECTION,1842,9865
-105.258468,40.032817,Police Collision Report,COLLISION W/ MV - FRONT TO REAR,2104481,2,28TH ST/GLENWOOD DR,28TH STREEET,STATE HWY,     ,N ,2021/05/28 00:00:00+00,2021/05/28 18:02:00+00,2021,5,May,18,6,28,Friday,18,Motorway Collision,Daylight,NONE,Possible injury,0,0,0,40.032817,-105.258468,0,0,0,0,INTERSECTION RELATED,1802,9866
-105.276293,40.009467,Police Collision Report,COLLISION W/ MV - FRONT TO REAR,2104551,2,BROADWAY/PLEASANT ST,PLEASANT ST,CITY ST/CNTY RD,     ,W ,2021/05/31 00:00:00+00,2021/05/31 17:16:00+00,2021,5,May,17,2,31,Monday,17,Motorway Collision,Daylight,NONE,Property Damage Only,0,0,0,40.009467,-105.276293,0,0,0,0,INTERSECTION RELATED,1717,9867
-105.272728,40.036409,Police Collision Report,COLLISION W/ MV - FRONT TO REAR,2104579,2,19TH ST/IRIS AVE,IRIS AVE,,     ,E ,2021/06/01 00:00:00+00,2021/06/01 14:56:00+00,2021,6,June,14,3,1,Tuesday,14,Motorway Collision,Daylight,NONE,Property Damage Only,0,0,0,40.036409,-105.272728,0,0,0,0,NON-INTERSECTION,1456,9868
-105.263033,40.014644,Police Collision Report,COLLISION W/ MV - FRONT TO REAR,2104583,2,ARAPAHOE AVE/FOLSOM ST,ARAPAHOE AVE,CITY ST/CNTY RD,     ,E ,2021/06/01 00:00:00+00,2021/06/01 00:00:00+00,2021,6,June,0,3,1,Tuesday,0,Motorway Collision,Daylight,NONE,Possible injury,0,0,0,40.014644,-105.263033,0,0,0,0,NON-INTERSECTION,1714,9869
-105.258432,40.027325,Police Collision Report,COLLISION W/ MV - FRONT TO REAR,2104606,2,28TH ST/BLUFF ST,28TH ST,STATE HWY,     ,N ,2021/06/02 00:00:00+00,2021/06/02 12:50:00+00,2021,6,June,12,4,2,Wednesday,12,Motorway Collision,Daylight,NONE,Possible injury,0,0,0,40.027325,-105.258432,0,0,0,0,INTERSECTION RELATED,1250,9870
-105.206772,40.07115,Police Collision Report,COLLISION W/ MV - FRONT TO REAR,2103625,2,LOOKOUT RD/63RD ST,63RD ST,CITY ST/CNTY RD,     ,N ,2021/05/04 00:00:00+00,2021/05/04 17:45:00+00,2021,5,May,17,3,4,Tuesday,17,Motorway Collision,Daylight,NONE,Possible injury,0,0,0,40.07115,-105.206772,0,0,0,0,INTERSECTION RELATED,1745,9871
-105.258394,40.000381,Police Collision Report,COLLISION W/ MV - FRONT TO REAR,2103658,2,28TH ST/BASELINE RD,28TH ST,STATE HWY,     ,N ,2021/05/05 00:00:00+00,2021/05/05 17:06:00+00,2021,5,May,17,4,5,Wednesday,17,Motorway Collision,Daylight,NONE,Property Damage Only,0,0,0,40.000381,-105.258394,0,0,0,0,RAMP,1706,9872
-105.263133,40.020339,Police Collision Report,COLLISION W/ MV - FRONT TO REAR,2103695,2,FOLSOM ST/WALNUT ST,FOLSOM ST,CITY ST/CNTY RD,     ,  ,2021/05/06 00:00:00+00,2021/05/06 14:29:00+00,2021,5,May,14,5,6,Thursday,14,Motorway Collision,Daylight,NONE,Property Damage Only,0,0,0,40.020339,-105.263133,0,0,0,0,AT INTERSECTION,1430,9873
-105.271659,40.01462,Police Collision Report,COLLISION W/ MV - FRONT TO REAR,2103686,2,ARAPAHOE AVE/18TH ST,ARAPAHOE AVENUE,CITY ST/CNTY RD,     ,E ,2021/05/06 00:00:00+00,2021/05/06 12:36:00+00,2021,5,May,12,5,6,Thursday,12,Motorway Collision,Daylight,NONE,Property Damage Only,0,0,0,40.01462,-105.271659,0,0,0,0,NON-INTERSECTION,1236,9874
-105.258436,40.029101,Police Collision Report,COLLISION W/ MV - FRONT TO REAR,2103728,2,28TH ST/VALMONT RD,28TH STREET,STATE HWY,     ,S ,2021/05/07 00:00:00+00,2021/05/07 10:53:00+00,2021,5,May,10,6,7,Friday,10,Motorway Collision,Daylight,NONE,Property Damage Only,0,0,0,40.029101,-105.258436,0,0,0,0,INTERSECTION RELATED,1053,9875
-105.253404,40.00745,Police Collision Report,COLLISION W/ MV - FRONT TO REAR,2103732,2,COLORADO AVE/30TH ST,30TH STREET,CITY ST/CNTY RD,     ,N ,2021/05/07 00:00:00+00,2021/05/07 12:38:00+00,2021,5,May,12,6,7,Friday,12,Motorway Collision,Daylight,NONE,Property Damage Only,0,0,0,40.00745,-105.253404,0,0,0,0,INTERSECTION RELATED,1238,9876