X,Y,ReportType,PrmaryCollsionType,CaseNumber,UnitsInvolved,Location,OnHighway,CrossStreet,FeetFromIntersection,DirectionFromIntersection,CollisionDate,ReportedDate,ReportedYear,ReportedMonth,ReportedMonthName,ReportedWeek,ReportedDayofWeekNum,ReportedDayofMonth,ReportedDayofWeek,ReportedHour,HitAndRunStatus,LightingCondition,WeatherCondition,Severity,NumKilled,NumSeriouslyInjured,NumInjuredOrKilled,Lat,Lon,DUI,AlcoholDrugSuspected,BicyclesInvolved,PedestriansInvolved,RoadDescription,Crash_Time,ESRI_OID
-105.236396,40.000018,Police Collision Report,COLLISION W/ MV - FRONT TO REAR,2103791,3,BASELINE RD/MOHAWK DR,MOHAWK DR,CITY ST/CNTY RD,     ,S ,2021/05/08 00:00:00+00,2021/05/08 15:14:00+00,2021,5,May,15,7,8,Saturday,15,Motorway Collision,Daylight,NONE,Property Damage Only,0,0,0,40.000018,-105.236396,0,0,0,0,INTERSECTION RELATED,1514,9877
-105.258456,40.036493,Police Collision Report,COLLISION W/ MV - FRONT TO REAR,2103758,2,IRIS AVE/28TH ST,IRIS,CITY ST/CNTY RD,     ,W ,2021/05/07 00:00:00+00,2021/05/07 19:29:00+00,2021,5,May,19,6,7,Friday,19,Motorway Collision,Daylight,NONE,Property Damage Only,0,0,0,40.036493,-105.258456,0,0,0,0,AT INTERSECTION,1947,9878
-105.279303,40.015822,Police Collision Report,COLLISION W/ MV - FRONT TO REAR,2103761,2,BROADWAY/CANYON BLVD,BROADWAY,CITY ST/CNTY RD,     ,N ,2021/05/07 00:00:00+00,2021/05/07 20:10:00+00,2021,5,May,20,6,7,Friday,20,Motorway Collision,Dark - Lighted,NONE,Possible injury,0,0,0,40.015822,-105.279303,0,0,0,0,INTERSECTION RELATED,2015,9879
-105.234743,39.986514,Police Collision Report,COLLISION W/ MV - FRONT TO REAR,2103821,2,US HIGHWAY 36/TABLE MESA DR,S BOULDER RD,CITY ST/CNTY RD,     ,  ,2021/05/09 00:00:00+00,2021/05/09 13:47:00+00,2021,5,May,13,1,9,Sunday,13,Motorway Collision,Daylight,NONE,Non-Incapacitating Injury,0,0,1,39.986514,-105.234743,0,0,0,0,AT INTERSECTION,1347,9880
-105.258436,40.029101,Police Collision Report,COLLISION W/ MV - FRONT TO REAR,2104008,2,28TH ST/VALMONT RD,28TH ST,STATE HWY,     ,N ,2021/05/15 00:00:00+00,2021/05/15 16:13:00+00,2021,5,May,16,7,15,Saturday,16,Motorway Collision,Daylight,NONE,Property Damage Only,0,0,0,40.029101,-105.258436,0,0,0,0,INTERSECTION RELATED,1610,9881
-105.276238,40.007301,Police Collision Report,COLLISION W/ MV - FRONT TO REAR,2103964,2,13TH ST/COLLEGE AVE,13TH ST,CITY ST/CNTY RD,     ,S ,2021/05/14 00:00:00+00,2021/05/14 00:29:00+00,2021,5,May,0,6,14,Friday,0,Motorway Collision,Dark - Lighted,NONE,Property Damage Only,0,0,0,40.007301,-105.276238,0,0,0,0,NON-INTERSECTION,25,9882
-105.232572,40.000025,Police Collision Report,COLLISION W/ MV - FRONT TO REAR,2103939,2,FOOTHILLS PKWY/BASELINE RD,FOOTHILLS PKY,STATE HWY,     ,N ,2021/05/13 00:00:00+00,2021/05/13 12:29:00+00,2021,5,May,12,5,13,Thursday,12,Motorway Collision,Daylight,NONE,Property Damage Only,0,0,0,40.000025,-105.232572,0,0,0,0,DRIVEWAY ACCESS RELATED,1229,9883
-105.23281,39.999988,Police Collision Report,COLLISION W/ MV - FRONT TO REAR,2103894,2,BASELINE RD/FOOTHILLS PKWY,FOOTHIILS PARKWAY,STATE HWY,     ,S ,2021/05/12 00:00:00+00,2021/05/12 13:55:00+00,2021,5,May,13,4,12,Wednesday,13,Motorway Collision,Daylight,NONE,Property Damage Only,0,0,0,39.999988,-105.23281,0,0,0,0,AT INTERSECTION,1355,9884
-105.225418,40.014574,Police Collision Report,COLLISION W/ MV - FRONT TO REAR,2103873,2,ARAPAHOE AVE/55TH ST,ARAPAHOE AVE,STATE HWY,     ,W ,2021/05/11 00:00:00+00,2021/05/11 16:36:00+00,2021,5,May,16,3,11,Tuesday,16,Motorway Collision,Daylight,NONE,Property Damage Only,0,0,0,40.014574,-105.225418,0,0,0,0,AT INTERSECTION,1636,9885
-105.258468,40.032817,Police Collision Report,COLLISION W/ MV - FRONT TO REAR,2105403,2,28TH ST/GLENWOOD DR,28TH ST,STATE HWY,     ,S ,2021/06/25 00:00:00+00,2021/06/25 09:00:00+00,2021,6,June,9,6,25,Friday,9,Motorway Collision,Daylight,NONE,Property Damage Only,0,0,0,40.032817,-105.258468,0,0,0,0,NON-INTERSECTION,900,9886
-105.29793,40.013412,Police Collision Report,COLLISION W/ MV - FRONT TO REAR,2105369,2,ARAPAHOE AVE/CANYON BLVD,ARAPAHOE AVE,CITY ST/CNTY RD,     ,S ,2021/06/24 00:00:00+00,2021/06/24 11:25:00+00,2021,6,June,11,5,24,Thursday,11,Motorway Collision,Daylight,NONE,Property Damage Only,0,0,0,40.013412,-105.29793,0,0,0,0,NON-INTERSECTION,1125,9887
-105.270222,40.014626,Police Collision Report,COLLISION W/ MV - FRONT TO REAR,2105371,2,ARAPAHOE AVE/19TH ST,ARAPAHOE AVENUE,CITY ST/CNTY RD,     ,E ,2021/06/24 00:00:00+00,2021/06/24 11:44:00+00,2021,6,June,11,5,24,Thursday,11,Motorway Collision,Daylight,NONE,Property Damage Only,0,0,0,40.014626,-105.270222,0,0,0,0,INTERSECTION RELATED,1144,9888
-105.234743,39.986514,Police Collision Report,COLLISION W/ MV - FRONT TO REAR,2105245,2,US HIGHWAY 36/TABLE MESA DR,US HWY 36,STATE HWY,     ,W ,2021/06/20 00:00:00+00,2021/06/20 17:48:00+00,2021,6,June,17,1,20,Sunday,17,Motorway Collision,Daylight,NONE,Property Damage Only,0,0,0,39.986514,-105.234743,0,0,0,0,RAMP-RELATED,1748,9889
-105.234741,40.014803,Police Collision Report,COLLISION W/ MV - FRONT TO REAR,2105250,2,48TH ST/ARAPAHOE AVE,48TH ST,CITY ST/CNTY RD,     ,  ,2021/06/21 00:00:00+00,2021/06/21 08:00:00+00,2021,6,June,8,2,21,Monday,8,Motorway Collision,Daylight,NONE,Property Damage Only,0,0,0,40.014803,-105.234741,0,0,0,0,AT INTERSECTION,802,9890
-105.260159,40.000452,Police Collision Report,COLLISION W/ MV - FRONT TO REAR,2105216,2,27TH WAY/BASELINE RD,27TH WAY,CITY ST/CNTY RD,     ,N ,2021/06/19 00:00:00+00,2021/06/19 17:42:00+00,2021,6,June,17,7,19,Saturday,17,Motorway Collision,Daylight,NONE,Property Damage Only,0,0,0,40.000452,-105.260159,0,0,0,0,INTERSECTION RELATED,1742,9891
-105.275827,40.008732,Police Collision Report,COLLISION W/ MV - FRONT TO REAR,2105220,2,BROADWAY/PENNSYLVANIA AVE,BROADWAY,STATE HWY,     ,  ,2021/06/19 23:18:00+00,2021/06/19 23:18:00+00,2021,6,June,23,7,19,Saturday,23,Motorway Collision,Dark - Lighted,NONE,Property Damage Only,0,0,0,40.008732,-105.275827,1,1,0,0,AT INTERSECTION,2317,9892
-105.258422,40.012817,Police Collision Report,COLLISION W/ MV - FRONT TO REAR,2105181,2,28TH FRONTAGE RD/OLSON DR,28TH STREET,STATE HWY,     ,  ,2021/06/18 00:00:00+00,2021/06/18 14:50:00+00,2021,6,June,14,6,18,Friday,14,Motorway Collision,Daylight,NONE,Property Damage Only,0,0,0,40.012817,-105.258422,0,0,0,0,NON-INTERSECTION,1450,9893
-105.258282,40.014544,Police Collision Report,COLLISION W/ MV - FRONT TO REAR,2105114,2,28TH ST/ARAPAHOE AVE,ARAPAHOE AVE,STATE HWY,     ,  ,2021/06/16 00:00:00+00,2021/06/16 18:20:00+00,2021,6,June,18,4,16,Wednesday,18,Motorway Collision,Daylight,NONE,Property Damage Only,0,0,0,40.014544,-105.258282,0,0,0,0,AT INTERSECTION,1820,9894
-105.253574,40.017539,Police Collision Report,COLLISION W/ MV - FRONT TO REAR,2105137,2,1750  30TH ST      ,1750 30TH ST,,     ,  ,2021/06/17 00:00:00+00,2021/06/17 12:02:00+00,2021,6,June,12,5,17,Thursday,12,Motorway Collision,,NONE,Property Damage Only,0,0,0,40.017539,-105.253574,0,0,0,0,PARKING LOT,1202,9895
-105.206917,40.075119,Police Collision Report,COLLISION W/ MV - FRONT TO REAR,2105150,2,63RD ST/DIAGONAL HWY,63RD STREET,CITY ST/CNTY RD,     ,N ,2021/06/17 00:00:00+00,2021/06/17 18:00:00+00,2021,6,June,18,5,17,Thursday,18,Motorway Collision,Daylight,NONE,Property Damage Only,0,0,0,40.075119,-105.206917,0,0,0,0,MID-BLOCK CROSSWALK,1800,9896
-105.258403,40.029131,Police Collision Report,COLLISION W/ MV - FRONT TO REAR,2105168,2,VALMONT RD/28TH ST,VALMONT RD,CITY ST/CNTY RD,     ,E ,2021/06/18 00:00:00+00,2021/06/18 10:05:00+00,2021,6,June,10,6,18,Friday,10,Motorway Collision,Daylight,NONE,Property Damage Only,0,0,0,40.029131,-105.258403,0,0,0,0,NON-INTERSECTION,1005,9897
-105.270525,40.01721,Police Collision Report,COLLISION W/ MV - FRONT TO REAR,2105476,2,19TH ST/CANYON BLVD,CANYON BLVD,STATE HWY,     ,E ,2021/06/28 00:00:00+00,2021/06/28 09:01:00+00,2021,6,June,9,2,28,Monday,9,Motorway Collision,Daylight,NONE,Possible injury,0,0,0,40.01721,-105.270525,0,0,0,0,NON-INTERSECTION,901,9898
-105.27461,40.014588,Police Collision Report,COLLISION W/ MV - FRONT TO REAR,2105495,2,15TH ST/ARAPAHOE AVE,ARAPAHOE AVE,CITY ST/CNTY RD,     ,E ,2021/06/28 00:00:00+00,2021/06/28 15:52:00+00,2021,6,June,15,2,28,Monday,15,Motorway Collision,Daylight,NONE,Property Damage Only,0,0,0,40.014588,-105.27461,0,0,0,0,NON-INTERSECTION,1552,9899
-105.232572,40.000025,Police Collision Report,COLLISION W/ MV - FRONT TO REAR,2105497,2,FOOTHILLS PKWY/BASELINE RD,FOOTHILLS PKWY,STATE HWY,     ,S ,2021/06/28 00:00:00+00,2021/06/28 16:37:00+00,2021,6,June,16,2,28,Monday,16,Motorway Collision,Daylight,NONE,Possible injury,0,0,0,40.000025,-105.232572,0,0,0,0,NON-INTERSECTION,1637,9900
-105.279314,40.015947,Police Collision Report,COLLISION W/ MV - FRONT TO REAR,2105439,2,CANYON BLVD/BROADWAY,CANYON BLVD,STATE HWY,     ,W ,2021/06/26 00:00:00+00,2021/06/26 12:40:00+00,2021,6,June,12,7,26,Saturday,12,Motorway Collision,Daylight,NONE,Property Damage Only,0,0,0,40.015947,-105.279314,0,0,0,0,INTERSECTION RELATED,1240,9901
-105.258436,40.032848,Police Collision Report,COLLISION W/ MV - FRONT TO REAR,2105409,2,GLENWOOD DR/28TH ST,28TH STREET,STATE HWY,     ,S ,2021/06/25 00:00:00+00,2021/06/25 11:40:00+00,2021,6,June,11,6,25,Friday,11,Motorway Collision,Daylight,NONE,Property Damage Only,0,0,0,40.032848,-105.258436,0,0,0,0,AT INTERSECTION,1140,9902
-105.258504,40.020518,Police Collision Report,COLLISION W/ MV - FRONT TO REAR,2105411,2,28TH ST/WALNUT ST,28TH ST,STATE HWY,     ,N ,2021/06/25 00:00:00+00,2021/06/25 12:01:00+00,2021,6,June,12,6,25,Friday,12,Motorway Collision,Daylight,NONE,Property Damage Only,0,0,0,40.020518,-105.258504,0,0,0,0,INTERSECTION RELATED,1201,9903
-105.24066,40.014698,Police Collision Report,COLLISION W/ MV - FRONT TO REAR,2105413,2,FOOTHILLS PKWY/ARAPAHOE AVE,ARAPAHOE AVENUE,STATE HWY,     ,  ,2021/06/25 00:00:00+00,2021/06/25 12:48:00+00,2021,6,June,12,6,25,Friday,12,Motorway Collision,Daylight,NONE,Possible injury,0,0,0,40.014698,-105.24066,0,0,0,0,AT INTERSECTION,1248,9904
-105.260873,40.021728,Police Collision Report,COLLISION W/ MV - FRONT TO REAR,2105414,2,PEARL ST/26TH ST,PEARL ST,CITY ST/CNTY RD,     ,E ,2021/06/25 00:00:00+00,2021/06/25 12:55:00+00,2021,6,June,12,6,25,Friday,12,Motorway Collision,Daylight,NONE,Property Damage Only,0,0,0,40.021728,-105.260873,0,0,0,0,INTERSECTION RELATED,1254,9905
-105.258524,40.008127,Police Collision Report,COLLISION W/ MV - FRONT TO REAR,2105052,2,28TH ST/COLORADO AVE,28TH ST,STATE HWY,     ,S ,2021/06/14 00:00:00+00,2021/06/14 18:09:00+00,2021,6,June,18,2,14,Monday,18,Motorway Collision,Daylight,NONE,Possible injury,0,0,0,40.008127,-105.258524,0,0,0,0,INTERSECTION RELATED,1808,9906
-105.25831,40.022375,Police Collision Report,COLLISION W/ MV - FRONT TO REAR,2105072,2,PEARL ST/28TH ST,28TH ST,STATE HWY,     ,S ,2021/06/15 00:00:00+00,2021/06/15 11:51:00+00,2021,6,June,11,3,15,Tuesday,11,Motorway Collision,Daylight,NONE,Property Damage Only,0,0,0,40.022375,-105.25831,0,0,0,0,INTERSECTION RELATED,1151,9907
-105.276658,40.016326,Police Collision Report,COLLISION W/ MV - FRONT TO REAR,2105003,2,CANYON BLVD/14TH ST,CANYON BLVD,STATE HWY,     ,W ,2021/06/13 00:00:00+00,2021/06/13 15:05:00+00,2021,6,June,15,1,13,Sunday,15,Motorway Collision,Daylight,NONE,Possible injury,0,0,0,40.016326,-105.276658,0,0,0,0,INTERSECTION RELATED,1504,9908
-105.258436,40.029101,Police Collision Report,COLLISION W/ MV - FRONT TO REAR,2105013,3,28TH ST/VALMONT RD,28TH STREET,STATE HWY,     ,S ,2021/06/13 00:00:00+00,2021/06/13 22:50:00+00,2021,6,June,22,1,13,Sunday,22,Motorway Collision,Dark - Lighted,NONE,Possible injury,0,0,0,40.029101,-105.258436,0,0,0,0,NON-INTERSECTION,2250,9909
-105.253767,40.023257,Police Collision Report,COLLISION W/ MV - FRONT TO REAR,2105040,2,30TH ST/PEARL ST,30TH ST.,CITY ST/CNTY RD,     ,  ,2021/06/14 00:00:00+00,2021/06/14 14:15:00+00,2021,6,June,14,2,14,Monday,14,Motorway Collision,Daylight,NONE,Property Damage Only,0,0,0,40.023257,-105.253767,0,0,0,0,AT INTERSECTION,1414,9910
-105.282083,40.040944,Police Collision Report,COLLISION W/ MV - FRONT TO REAR,2105044,2,LINDEN AVE/BROADWAY,LINDEN AVE,CITY ST/CNTY RD,     ,W ,2021/06/14 00:00:00+00,2021/06/14 15:20:00+00,2021,6,June,15,2,14,Monday,15,Motorway Collision,Daylight,NONE,Property Damage Only,0,0,0,40.040944,-105.282083,0,0,0,0,NON-INTERSECTION,1519,9911
-105.244862,40.029223,Police Collision Report,COLLISION W/ MV - FRONT TO REAR,2105046,2,FOOTHILLS PKWY/VALMONT RD,FOOTHILLS PKWY,STATE HWY,     ,S ,2021/06/14 00:00:00+00,2021/06/14 00:00:00+00,2021,6,June,0,2,14,Monday,0,Motorway Collision,Daylight,NONE,Possible injury,0,0,0,40.029223,-105.244862,0,0,0,0,NON-INTERSECTION,1613,9912
-105.263226,40.036463,Police Collision Report,COLLISION W/ MV - FRONT TO REAR,2104877,2,IRIS AVE/FOLSOM ST,IRIS AVE,CITY ST/CNTY RD,     ,W ,2021/06/10 00:00:00+00,2021/06/10 09:21:00+00,2021,6,June,9,5,10,Thursday,9,Motorway Collision,Daylight,NONE,Possible injury,0,0,0,40.036463,-105.263226,0,0,0,0,AT INTERSECTION,920,9913
-105.239567,40.008522,Police Collision Report,COLLISION W/ MV - FRONT TO REAR,2104885,2,FOOTHILLS PKWY/COLORADO AVE,FOOTHILLS PKWY,STATE HWY,     ,N ,2021/06/10 00:00:00+00,2021/06/10 11:27:00+00,2021,6,June,11,5,10,Thursday,11,Motorway Collision,Daylight,NONE,Property Damage Only,0,0,0,40.008522,-105.239567,0,0,0,0,NON-INTERSECTION,1125,9914
-105.253634,40.014706,Police Collision Report,COLLISION W/ MV - FRONT TO REAR,2104898,2,30TH ST/ARAPAHOE AVE,30TH ST,CITY ST/CNTY RD,     ,S ,2021/06/10 00:00:00+00,2021/06/10 17:11:00+00,2021,6,June,17,5,10,Thursday,17,Motorway Collision,Daylight,NONE,Possible injury,0,0,0,40.014706,-105.253634,0,0,0,0,INTERSECTION RELATED,1712,9915
-105.279303,40.015822,Police Collision Report,COLLISION W/ MV - FRONT TO REAR,2104900,2,BROADWAY/CANYON BLVD,CANYON BLVD,STATE HWY,     ,E ,2021/06/10 18:40:00+00,2021/06/10 18:48:00+00,2021,6,June,18,5,10,Thursday,18,Motorway Collision,Daylight,NONE,Property Damage Only,0,0,0,40.015822,-105.279303,1,1,0,0,INTERSECTION RELATED,1900,9916
-105.256034,40.029131,Police Collision Report,COLLISION W/ MV - FRONT TO REAR,2104968,2,VALMONT RD/29TH ST,VALMONT RD,CITY ST/CNTY RD,     ,  ,2021/06/12 00:00:00+00,2021/06/12 12:33:00+00,2021,6,June,12,7,12,Saturday,12,Motorway Collision,Daylight,NONE,Property Damage Only,0,0,0,40.029131,-105.256034,0,0,0,0,AT INTERSECTION,1232,9917
-105.231998,39.986966,Police Collision Report,COLLISION W/ MV - FRONT TO REAR,2104979,2,FOOTHILLS PKWY/TABLE MESA DR,CO 157,STATE HWY,     ,N ,2021/06/12 00:00:00+00,2021/06/12 17:38:00+00,2021,6,June,17,7,12,Saturday,17,Motorway Collision,Daylight,NONE,Property Damage Only,0,0,0,39.986966,-105.231998,0,0,0,0,NON-INTERSECTION,1748,9918
-105.282097,40.025514,Police Collision Report,COLLISION W/ MV - FRONT TO REAR,2104994,2,BROADWAY/ALPINE AVE,BROADWAY,CITY ST/CNTY RD,     ,N ,2021/06/13 00:00:00+00,2021/06/13 10:16:00+00,2021,6,June,10,1,13,Sunday,10,Motorway Collision,Daylight,NONE,Property Damage Only,0,0,0,40.025514,-105.282097,0,0,0,0,NON-INTERSECTION,1016,9919
-105.244901,40.029254,Police Collision Report,COLLISION W/ MV - FRONT TO REAR,2104998,2,VALMONT RD/FOOTHILLS PKWY,FOOTHILLS PKWY,STATE HWY,     ,S ,2021/06/13 00:00:00+00,2021/06/13 13:00:00+00,2021,6,June,13,1,13,Sunday,13,Motorway Collision,Daylight,NONE,Property Damage Only,0,0,0,40.029254,-105.244901,0,0,0,0,AT INTERSECTION,1300,9920
-105.244225,40.038459,Police Collision Report,COLLISION W/ MV - FRONT TO REAR,2104658,2,DIAGONAL HWY/47TH ST,47TH STREET,CITY ST/CNTY RD,     ,N ,2021/06/03 00:00:00+00,2021/06/03 13:05:00+00,2021,6,June,13,5,3,Thursday,13,Motorway Collision,Daylight,NONE,Possible injury,0,0,0,40.038459,-105.244225,0,0,0,0,INTERSECTION RELATED,1305,9921
-105.240833,40.014503,Police Collision Report,COLLISION W/ MV - FRONT TO REAR,2104659,2,ARAPAHOE AVE/FOOTHILLS PKWY,FOOTHILLS PKY,STATE HWY,     ,S ,2021/06/03 00:00:00+00,2021/06/03 13:27:00+00,2021,6,June,13,5,3,Thursday,13,Motorway Collision,Daylight,NONE,Property Damage Only,0,0,0,40.014503,-105.240833,0,0,0,0,INTERSECTION RELATED,1327,9922
-105.28216,40.061827,Police Collision Report,COLLISION W/ MV - FRONT TO REAR,2104621,2,BROADWAY/LEE HILL DR,BROADWAY,CITY ST/CNTY RD,     ,S ,2021/06/02 00:00:00+00,2021/06/02 17:04:00+00,2021,6,June,17,4,2,Wednesday,17,Motorway Collision,Daylight,NONE,Property Damage Only,0,0,0,40.061827,-105.28216,0,0,0,0,NON-INTERSECTION,1704,9923
-105.260426,40.017483,Police Collision Report,COLLISION W/ MV - FRONT TO REAR,2104622,2,26TH ST/CANYON BLVD,CANYON BLVD,STATE HWY,     ,E ,2021/06/02 00:00:00+00,2021/06/02 16:52:00+00,2021,6,June,16,4,2,Wednesday,16,Motorway Collision,Daylight,NONE,Property Damage Only,0,0,0,40.017483,-105.260426,0,0,0,0,NON-INTERSECTION,1652,9924
-105.263033,40.014644,Police Collision Report,COLLISION W/ MV - FRONT TO REAR,2104624,2,ARAPAHOE AVE/FOLSOM ST,ARAPAHOE AVE,CITY ST/CNTY RD,     ,E ,2021/06/02 00:00:00+00,2021/06/02 17:18:00+00,2021,6,June,17,4,2,Wednesday,17,Motorway Collision,Daylight,NONE,Property Damage Only,0,0,0,40.014644,-105.263033,0,0,0,0,INTERSECTION RELATED,1718,9925
-105.273113,40.018215,Police Collision Report,COLLISION W/ MV - FRONT TO REAR,2104102,2,17TH ST/WALNUT ST,WALNUT ST,CITY ST/CNTY RD,     ,W ,2021/05/18 00:00:00+00,2021/05/18 15:23:00+00,2021,5,May,15,3,18,Tuesday,15,Motorway Collision,Daylight,NONE,Possible injury,0,0,0,40.018215,-105.273113,0,1,0,0,INTERSECTION RELATED,1512,9926
-105.206734,40.071175,Police Collision Report,COLLISION W/ MV - FRONT TO REAR,2104128,2,63RD ST/LOOKOUT RD,63RD ST,CITY ST/CNTY RD,     ,  ,2021/05/19 00:00:00+00,2021/05/19 08:32:00+00,2021,5,May,8,4,19,Wednesday,8,Motorway Collision,Daylight,NONE,Property Damage Only,0,0,0,40.071175,-105.206734,0,0,0,0,AT INTERSECTION,845,9927
-105.249911,39.985461,Police Collision Report,COLLISION W/ MV - FRONT TO REAR,2104030,2,TABLE MESA DR/S BROADWAY,SOUTH BROADWAY,STATE HWY,     ,N ,2021/05/16 00:00:00+00,2021/05/16 12:35:00+00,2021,5,May,12,1,16,Sunday,12,Motorway Collision,Daylight,NONE,Property Damage Only,0,0,0,39.985461,-105.249911,0,0,0,0,AT INTERSECTION,1235,9928
-105.281804,40.023186,Police Collision Report,COLLISION W/ MV - FRONT TO REAR,2104142,2,BROADWAY/PORTLAND PL,BROADWAY,CITY ST/CNTY RD,     ,  ,2021/05/19 00:00:00+00,2021/05/19 13:10:00+00,2021,5,May,13,4,19,Wednesday,13,Motorway Collision,Daylight,NONE,Property Damage Only,0,0,0,40.023186,-105.281804,0,0,0,0,AT INTERSECTION,1130,9929
-105.262985,40.017486,Police Collision Report,COLLISION W/ MV - FRONT TO REAR,2105510,2,CANYON BLVD/FOLSOM ST,CANYON BLVD,STATE HWY,     ,  ,2021/06/29 01:25:00+00,2021/06/29 01:25:00+00,2021,6,June,1,3,29,Tuesday,1,Motorway Collision,Dark - Lighted,NONE,Possible injury,0,0,0,40.017486,-105.262985,1,1,0,0,AT INTERSECTION,125,9930
-105.239567,40.008522,Police Collision Report,COLLISION W/ MV - FRONT TO REAR,2105521,2,FOOTHILLS PKWY/COLORADO AVE,FOOTHILLS PKWY,STATE HWY,     ,  ,2021/06/29 00:00:00+00,2021/06/29 09:22:00+00,2021,6,June,9,3,29,Tuesday,9,Motorway Collision,Daylight,NONE,Property Damage Only,0,0,0,40.008522,-105.239567,0,0,0,0,AT INTERSECTION,925,9931
-105.261044,40.022356,Police Collision Report,COLLISION W/ MV - FRONT TO REAR,2105573,4,2050  26TH ST      ,2050 26TH ST,,     ,  ,2021/06/30 00:00:00+00,2021/06/30 12:20:00+00,2021,6,June,12,4,30,Wednesday,12,Motorway Collision,,NONE,Property Damage Only,0,0,0,40.022356,-105.261044,0,0,0,0,PARKING LOT,1220,9932
-105.251164,40.014539,Police Collision Report,COLLISION W/ MV - FRONT TO REAR,2105580,2,3210  ARAPAHOE AVE      ,3210 ARAPAHOE AVE,,     ,  ,2021/06/30 00:00:00+00,2021/06/30 14:18:00+00,2021,6,June,14,4,30,Wednesday,14,Motorway Collision,Daylight,NONE,Property Damage Only,0,0,0,40.014539,-105.251164,0,0,0,0,DRIVEWAY ACCESS RELATED,1418,9933
-105.248216,39.985817,Police Collision Report,COLLISION W/ MV - FRONT TO REAR,2105588,2,S 39TH ST/TABLE MESA DR,TABLE MESA DR,CITY ST/CNTY RD,     ,W ,2021/06/30 00:00:00+00,2021/06/30 17:49:00+00,2021,6,June,17,4,30,Wednesday,17,Motorway Collision,Daylight,NONE,Property Damage Only,0,0,0,39.985817,-105.248216,0,0,0,0,NON-INTERSECTION,1749,9934
-105.258456,40.036493,Police Collision Report,COLLISION W/ MV - FRONT TO REAR,2104770,3,IRIS AVE/28TH ST,28TH ST,STATE HWY,     ,N ,2021/06/07 00:00:00+00,2021/06/07 08:20:00+00,2021,6,June,8,2,7,Monday,8,Hit-and-Run Collision,Daylight,NONE,Possible injury,0,0,0,40.036493,-105.258456,0,0,0,0,NON-INTERSECTION,820,9935
-105.273461,40.019228,Police Collision Report,COLLISION W/ MV - FRONT TO REAR,2104786,2,17TH ST/PEARL ST,PEARL ST,CITY ST/CNTY RD,     ,E ,2021/06/07 00:00:00+00,2021/06/07 14:44:00+00,2021,6,June,14,2,7,Monday,14,Motorway Collision,Daylight,NONE,Property Damage Only,0,0,0,40.019228,-105.273461,0,0,0,0,INTERSECTION RELATED,1444,9936
-105.263226,40.036463,Police Collision Report,COLLISION W/ MV - FRONT TO REAR,2104796,2,IRIS AVE/FOLSOM ST,IRIS AVE,CITY ST/CNTY RD,     ,W ,2021/06/07 00:00:00+00,2021/06/07 18:00:00+00,2021,6,June,18,2,7,Monday,18,Motorway Collision,Daylight,NONE,Property Damage Only,0,0,0,40.036463,-105.263226,0,0,0,0,INTERSECTION RELATED,1800,9937
-105.263012,40.017354,Police Collision Report,COLLISION W/ MV - FRONT TO REAR,2104797,2,FOLSOM ST/CANYON BLVD,CANYON BLVD,STATE HWY,     ,  ,2021/06/07 00:00:00+00,2021/06/07 18:44:00+00,2021,6,June,18,2,7,Monday,18,Motorway Collision,Daylight,NONE,Possible injury,0,0,0,40.017354,-105.263012,0,0,0,0,AT INTERSECTION,1844,9938
-105.263065,40.014614,Police Collision Report,COLLISION W/ MV - FRONT TO REAR,2104798,2,FOLSOM ST/ARAPAHOE AVE,ARAPAHOE AVE,CITY ST/CNTY RD,     ,W ,2021/06/07 00:00:00+00,2021/06/07 19:03:00+00,2021,6,June,19,2,7,Monday,19,Motorway Collision,Daylight,NONE,Property Damage Only,0,0,0,40.014614,-105.263065,0,0,0,0,INTERSECTION RELATED,1903,9939
-105.253059,39.999933,Police Collision Report,COLLISION W/ MV - FRONT TO REAR,2104821,2,30TH ST/BASELINE RD,30TH ST,CITY ST/CNTY RD,     ,N ,2021/06/08 00:00:00+00,2021/06/08 13:31:00+00,2021,6,June,13,3,8,Tuesday,13,Motorway Collision,Daylight,NONE,Possible injury,0,0,0,39.999933,-105.253059,0,0,0,0,DRIVEWAY ACCESS RELATED,1331,9940
-105.280027,40.017903,Police Collision Report,COLLISION W/ MV - FRONT TO REAR,2104824,2,BROADWAY/PEARL ST,BROADWAY,CITY ST/CNTY RD,     ,S ,2021/06/08 00:00:00+00,2021/06/08 15:06:00+00,2021,6,June,15,3,8,Tuesday,15,Motorway Collision,Daylight,NONE,Property Damage Only,0,0,0,40.017903,-105.280027,0,0,0,0,AT INTERSECTION,1505,9941
-105.258482,40.036463,Police Collision Report,COLLISION W/ MV - FRONT TO REAR,2106801,2,28TH ST/IRIS AVE,28TH ST,CITY ST/CNTY RD,     ,S ,2021/08/03 00:00:00+00,2021/08/03 14:52:00+00,2021,8,August,14,3,3,Tuesday,14,Motorway Collision,Daylight,NONE,Property Damage Only,0,0,0,40.036463,-105.258482,0,0,0,0,NON-INTERSECTION,1451,9942
-105.239699,40.008435,Police Collision Report,COLLISION W/ MV - FRONT TO REAR,2106809,2,COLORADO AVE/FOOTHILLS PKWY,FOOTHILLS PKWY,STATE HWY,     ,S ,2021/08/03 00:00:00+00,2021/08/03 18:24:00+00,2021,8,August,18,3,3,Tuesday,18,Motorway Collision,Daylight,NONE,Possible injury,0,0,0,40.008435,-105.239699,0,0,0,0,INTERSECTION RELATED,1824,9943