X,Y,ReportType,PrmaryCollsionType,CaseNumber,UnitsInvolved,Location,OnHighway,CrossStreet,FeetFromIntersection,DirectionFromIntersection,CollisionDate,ReportedDate,ReportedYear,ReportedMonth,ReportedMonthName,ReportedWeek,ReportedDayofWeekNum,ReportedDayofMonth,ReportedDayofWeek,ReportedHour,HitAndRunStatus,LightingCondition,WeatherCondition,Severity,NumKilled,NumSeriouslyInjured,NumInjuredOrKilled,Lat,Lon,DUI,AlcoholDrugSuspected,BicyclesInvolved,PedestriansInvolved,RoadDescription,Crash_Time,ESRI_OID
-105.231488,39.986592,Police Collision Report,COLLISION W/ MV - FRONT TO REAR,2106833,3,SOUTH BOULDER RD/FOOTHILLS NB ON RP @ SBR RD EB,SOUTH BOULDER ROAD,CITY ST/CNTY RD,     ,E ,2021/08/04 00:00:00+00,2021/08/04 15:39:00+00,2021,8,August,15,4,4,Wednesday,15,Motorway Collision,Daylight,NONE,Property Damage Only,0,0,0,39.986592,-105.231488,0,0,0,0,INTERSECTION RELATED,1539,9944
-105.231998,39.986966,Police Collision Report,COLLISION W/ MV - FRONT TO REAR,2107782,2,FOOTHILLS PKWY/TABLE MESA DR,FOOTHILLS PARKWAY OFF-RAMP,STATE HWY,     ,  ,2021/08/26 00:00:00+00,2021/08/26 09:00:00+00,2021,8,August,9,5,26,Thursday,9,Motorway Collision,Daylight,NONE,Property Damage Only,0,0,0,39.986966,-105.231998,0,0,0,0,RAMP-RELATED,900,9945
-105.24168,39.985855,Police Collision Report,COLLISION W/ MV - FRONT TO REAR,2107786,3,TABLE MESA DR/S 46TH ST,TABLE MESA,CITY ST/CNTY RD,     ,E ,2021/08/26 00:00:00+00,2021/08/26 09:19:00+00,2021,8,August,9,5,26,Thursday,9,Motorway Collision,Daylight,NONE,Possible injury,0,0,0,39.985855,-105.24168,0,0,0,0,NON-INTERSECTION,917,9946
-105.244862,40.029223,Police Collision Report,COLLISION W/ MV - FRONT TO REAR,2107798,2,FOOTHILLS PKWY/VALMONT RD,FOOTHILLS PARKWAY,STATE HWY,     ,S ,2021/08/26 00:00:00+00,2021/08/26 15:22:00+00,2021,8,August,15,5,26,Thursday,15,Motorway Collision,Daylight,NONE,Property Damage Only,0,0,0,40.029223,-105.244862,0,0,0,0,AT INTERSECTION,1522,9947
-105.269017,40.014601,Police Collision Report,COLLISION W/ MV - FRONT TO REAR,2107804,3,20TH ST/ARAPAHOE AVE,ARPAHOE AVENUE,CITY ST/CNTY RD,     ,W ,2021/08/26 00:00:00+00,2021/08/26 17:55:00+00,2021,8,August,17,5,26,Thursday,17,Motorway Collision,Daylight,NONE,Possible injury,0,0,0,40.014601,-105.269017,0,0,0,0,NON-INTERSECTION,1800,9948
-105.258504,40.020518,Police Collision Report,COLLISION W/ MV - FRONT TO REAR,2106579,2,28TH ST/WALNUT ST,WALNUT STREET,STATE HWY,     ,  ,2021/07/27 00:00:00+00,2021/07/27 13:22:00+00,2021,7,July,13,3,27,Tuesday,13,Motorway Collision,Daylight,NONE,Property Damage Only,0,0,0,40.020518,-105.258504,0,0,0,0,AT INTERSECTION,1321,9949
-105.26313,40.029145,Police Collision Report,COLLISION W/ MV - FRONT TO REAR,2106536,2,VALMONT RD/FOLSOM ST,VALMONT RD,CITY ST/CNTY RD,     ,  ,2021/07/26 00:00:00+00,2021/07/26 09:15:00+00,2021,7,July,9,2,26,Monday,9,Motorway Collision,Daylight,NONE,Property Damage Only,0,0,0,40.029145,-105.26313,0,0,0,0,AT INTERSECTION,914,9950
-105.253716,40.037957,Police Collision Report,COLLISION W/ MV - FRONT TO REAR,2106385,2,30TH ST/DIAGONAL HWY,DIAGONAL HIGHWAY,STATE HWY,     ,W ,2021/07/22 00:00:00+00,2021/07/22 13:43:00+00,2021,7,July,13,5,22,Thursday,13,Motorway Collision,Daylight,NONE,Possible injury,0,0,0,40.037957,-105.253716,0,0,0,0,INTERSECTION RELATED,1343,9951
-105.258357,40.000215,Police Collision Report,COLLISION W/ MV - FRONT TO REAR,2106389,3,US HIGHWAY 36/BASELINE RD,US 36 ON-RAMP,STATE HWY,     ,  ,2021/07/22 00:00:00+00,2021/07/22 15:22:00+00,2021,7,July,15,5,22,Thursday,15,Motorway Collision,Daylight,NONE,Possible injury,0,0,0,40.000215,-105.258357,0,0,0,0,RAMP-RELATED,1522,9952
-105.206734,40.071175,Police Collision Report,COLLISION W/ MV - FRONT TO REAR,2106392,2,63RD ST/LOOKOUT RD,LOOKOUT RD,CITY ST/CNTY RD,     ,E ,2021/07/22 00:00:00+00,2021/07/22 16:10:00+00,2021,7,July,16,5,22,Thursday,16,Motorway Collision,Daylight,NONE,Property Damage Only,0,0,0,40.071175,-105.206734,0,0,0,0,INTERSECTION RELATED,1610,9953
-105.253677,40.029218,Police Collision Report,COLLISION W/ MV - FRONT TO REAR,2106398,2,VALMONT RD/30TH ST,30TH ST,CITY ST/CNTY RD,     ,N ,2021/07/22 00:00:00+00,2021/07/22 18:09:00+00,2021,7,July,18,5,22,Thursday,18,Motorway Collision,Daylight,NONE,Property Damage Only,0,0,0,40.029218,-105.253677,0,0,0,0,INTERSECTION RELATED,1809,9954
-105.239567,40.008522,Police Collision Report,COLLISION W/ MV - FRONT TO REAR,2106439,2,FOOTHILLS PKWY/COLORADO AVE,FOOTHILLS PARKWAY,STATE HWY,     ,S ,2021/07/23 00:00:00+00,2021/07/23 14:31:00+00,2021,7,July,14,6,23,Friday,14,Motorway Collision,Daylight,NONE,Property Damage Only,0,0,0,40.008522,-105.239567,0,0,0,0,AT INTERSECTION,1431,9955
-105.260159,40.000452,Police Collision Report,COLLISION W/ MV - FRONT TO REAR,2106477,2,27TH WAY/BASELINE RD,BASELINE RD,CITY ST/CNTY RD,     ,E ,2021/07/24 00:00:00+00,2021/07/24 15:49:00+00,2021,7,July,15,7,24,Saturday,15,Motorway Collision,Daylight,NONE,Property Damage Only,0,0,0,40.000452,-105.260159,0,0,0,0,INTERSECTION RELATED,1540,9956
-105.258407,40.022375,Police Collision Report,COLLISION W/ MV - FRONT TO REAR,2106618,2,28TH ST/PEARL ST,PEARL STREET,CITY ST/CNTY RD,     ,E ,2021/07/28 00:00:00+00,2021/07/28 15:17:00+00,2021,7,July,15,4,28,Wednesday,15,Motorway Collision,Daylight,NONE,Possible injury,0,0,0,40.022375,-105.258407,0,0,0,0,MID-BLOCK CROSSWALK,1517,9957
-105.257013,40.000244,Police Collision Report,COLLISION W/ MV - FRONT TO REAR,2106668,2,BASELINE RD/28TH ST ON RAMP,US HIGHWAY 36,STATE HWY,     ,  ,2021/07/29 00:00:00+00,2021/07/29 18:14:00+00,2021,7,July,18,5,29,Thursday,18,Motorway Collision,Daylight,NONE,Property Damage Only,0,0,0,40.000244,-105.257013,0,0,0,0,NON-INTERSECTION,1814,9958
-105.269267,40.019011,Police Collision Report,COLLISION W/ MV - FRONT TO REAR,2106694,2,20TH ST/WALNUT ST,20TH ST,CITY ST/CNTY RD,     ,N ,2021/07/30 00:00:00+00,2021/07/30 10:36:00+00,2021,7,July,10,6,30,Friday,10,Motorway Collision,Daylight,NONE,Property Damage Only,0,0,0,40.019011,-105.269267,0,0,0,0,NON-INTERSECTION,1037,9959
-105.273113,40.018215,Police Collision Report,COLLISION W/ MV - FRONT TO REAR,2106700,3,17TH ST/WALNUT ST,17TH ST,CITY ST/CNTY RD,     ,N ,2021/07/30 00:00:00+00,2021/07/30 16:02:00+00,2021,7,July,16,6,30,Friday,16,Motorway Collision,Daylight,NONE,Property Damage Only,0,0,0,40.018215,-105.273113,0,0,0,0,INTERSECTION RELATED,1600,9960
-105.25371,40.02917,Police Collision Report,COLLISION W/ MV - FRONT TO REAR,2106705,2,2995  30TH ST      ,2995 30TH STREET,,     ,  ,2021/07/30 00:00:00+00,2021/07/30 16:58:00+00,2021,7,July,16,6,30,Friday,16,Motorway Collision,Daylight,NONE,Property Damage Only,0,0,0,40.02917,-105.25371,0,0,0,0,DRIVEWAY ACCESS RELATED,1655,9961
-105.206734,40.071175,Police Collision Report,COLLISION W/ MV - FRONT TO REAR,2106382,2,63RD ST/LOOKOUT RD,63RD STREET,CITY ST/CNTY RD,     ,  ,2021/07/22 00:00:00+00,2021/07/22 12:17:00+00,2021,7,July,12,5,22,Thursday,12,Motorway Collision,Daylight,NONE,Possible injury,0,0,0,40.071175,-105.206734,0,0,0,0,AT INTERSECTION,1216,9962
-105.258492,40.017345,Police Collision Report,COLLISION W/ MV - FRONT TO REAR,2106195,2,28TH ST/CANYON BLVD,28TH STREET,STATE HWY,     ,S ,2021/07/17 00:00:00+00,2021/07/17 15:57:00+00,2021,7,July,15,7,17,Saturday,15,Motorway Collision,Daylight,NONE,Property Damage Only,0,0,0,40.017345,-105.258492,0,0,0,0,INTERSECTION RELATED,1557,9963
-105.240833,40.014503,Police Collision Report,COLLISION W/ MV - FRONT TO REAR,2106213,2,ARAPAHOE AVE/FOOTHILLS PKWY,ARAPAHOE AVE,STATE HWY,     ,  ,2021/07/18 00:00:00+00,2021/07/18 08:22:00+00,2021,7,July,8,1,18,Sunday,8,Motorway Collision,Daylight,NONE,Property Damage Only,0,0,0,40.014503,-105.240833,0,0,0,0,INTERSECTION RELATED,822,9964
-105.258516,40.040103,Police Collision Report,COLLISION W/ MV - FRONT TO REAR,2106217,2,28TH ST/KALMIA AVE,KALMIA AVE,CITY ST/CNTY RD,     ,E ,2021/07/18 00:00:00+00,2021/07/18 12:33:00+00,2021,7,July,12,1,18,Sunday,12,Motorway Collision,Daylight,NONE,Property Damage Only,0,0,0,40.040103,-105.258516,0,0,0,0,INTERSECTION RELATED,1233,9965
-105.260115,39.999069,Police Collision Report,COLLISION W/ MV - FRONT TO REAR,2106218,2,MOORHEAD AVE/27TH WAY,MOORHEAD AVE,CITY ST/CNTY RD,     ,  ,2021/07/18 00:00:00+00,2021/07/18 13:33:00+00,2021,7,July,13,1,18,Sunday,13,Motorway Collision,Daylight,NONE,Property Damage Only,0,0,0,39.999069,-105.260115,0,0,0,0,AT INTERSECTION,1333,9966
-105.229791,40.034802,Police Collision Report,COLLISION W/ MV - FRONT TO REAR,2106240,2,5330  AIRPORT BLVD      ,AIRPORT BLVD,CITY ST/CNTY RD,     ,E ,2021/07/19 00:00:00+00,2021/07/19 05:13:00+00,2021,7,July,5,2,19,Monday,5,Motorway Collision,Dawn or Dusk,NONE,Property Damage Only,0,0,0,40.034802,-105.229791,0,0,0,0,NON-INTERSECTION,512,9967
-105.267825,40.014635,Police Collision Report,COLLISION W/ MV - FRONT TO REAR,2106266,2,ARAPAHOE AVE/21ST ST,ARAPAHOE,CITY ST/CNTY RD,     ,E ,2021/07/19 00:00:00+00,2021/07/19 16:05:00+00,2021,7,July,16,2,19,Monday,16,Motorway Collision,Daylight,NONE,Non-Incapacitating Injury,0,0,1,40.014635,-105.267825,0,0,0,0,MID-BLOCK CROSSWALK,1603,9968
-105.263133,40.020339,Police Collision Report,COLLISION W/ MV - FRONT TO REAR,2106268,2,FOLSOM ST/WALNUT ST,FOLSOM ST,CITY ST/CNTY RD,     ,  ,2021/07/19 00:00:00+00,2021/07/19 17:09:00+00,2021,7,July,17,2,19,Monday,17,Motorway Collision,Daylight,NONE,Property Damage Only,0,0,0,40.020339,-105.263133,0,0,0,0,AT INTERSECTION,1709,9969
-105.249911,39.985461,Police Collision Report,COLLISION W/ MV - FRONT TO REAR,2106270,2,TABLE MESA DR/S BROADWAY,TABLE MESA DR,STATE HWY,     ,W ,2021/07/19 00:00:00+00,2021/07/19 17:04:00+00,2021,7,July,17,2,19,Monday,17,Motorway Collision,Daylight,NONE,Property Damage Only,0,0,0,39.985461,-105.249911,0,0,0,0,INTERSECTION RELATED,1704,9970
-105.240833,40.014503,Police Collision Report,COLLISION W/ MV - FRONT TO REAR,2106271,2,ARAPAHOE AVE/FOOTHILLS PKWY,ARAPAHOE AVE,STATE HWY,     ,E ,2021/07/19 00:00:00+00,2021/07/19 18:18:00+00,2021,7,July,18,2,19,Monday,18,Motorway Collision,Daylight,NONE,Property Damage Only,0,0,0,40.014503,-105.240833,0,0,0,0,INTERSECTION RELATED,1818,9971
-105.239567,40.008522,Police Collision Report,COLLISION W/ MV - FRONT TO REAR,2106273,3,FOOTHILLS PKWY/COLORADO AVE,FOOTHILLS PARKWAY,INTERSTATE,     ,S ,2021/07/19 00:00:00+00,2021/07/19 18:37:00+00,2021,7,July,18,2,19,Monday,18,Motorway Collision,Daylight,NONE,Non-Incapacitating Injury,0,0,1,40.008522,-105.239567,0,0,0,0,NON-INTERSECTION,1837,9972
-105.258456,40.024513,Police Collision Report,COLLISION W/ MV - FRONT TO REAR,2105660,2,PINE ST/28TH ST,28TH ST,STATE HWY,     ,S ,2021/07/02 00:00:00+00,2021/07/02 15:45:00+00,2021,7,July,15,6,2,Friday,15,Motorway Collision,Daylight,NONE,Property Damage Only,0,0,0,40.024513,-105.258456,0,0,0,0,INTERSECTION RELATED,1545,9973
-105.262956,40.029201,Police Collision Report,COLLISION W/ MV - FRONT TO REAR,2105749,2,2605  VALMONT RD      ,2605 VALMONT RD,,     ,  ,2021/07/05 00:00:00+00,2021/07/05 14:05:00+00,2021,7,July,14,2,5,Monday,14,Motorway Collision,Daylight,NONE,Property Damage Only,0,0,0,40.029201,-105.262956,0,0,0,0,PARKING LOT,1337,9974
-105.26379,40.000067,Police Collision Report,COLLISION W/ MV - FRONT TO REAR,2105750,2,BROADWAY/BASELINE RD,BROADWAY,CITY ST/CNTY RD,     ,N ,2021/07/05 00:00:00+00,2021/07/05 14:54:00+00,2021,7,July,14,2,5,Monday,14,Motorway Collision,Daylight,NONE,Property Damage Only,0,0,0,40.000067,-105.26379,0,0,0,0,INTERSECTION RELATED,1454,9975
-105.239593,39.985887,Police Collision Report,COLLISION W/ MV - FRONT TO REAR,2106781,2,TABLE MESA DR/TANTRA DR,TABLE MESA DR,CITY ST/CNTY RD,     ,E ,2021/08/02 00:00:00+00,2021/08/02 14:50:00+00,2021,8,August,14,2,2,Monday,14,Motorway Collision,Daylight,NONE,Property Damage Only,0,0,0,39.985887,-105.239593,0,0,0,0,INTERSECTION RELATED,1450,9976
-105.248404,40.007276,Police Collision Report,COLLISION W/ MV - FRONT TO REAR,2106786,2,35TH ST/COLORADO AVE,COLORADO AVE,CITY ST/CNTY RD,     ,W ,2021/06/07 00:00:00+00,2021/08/02 17:05:00+00,2021,8,August,17,2,2,Monday,17,Motorway Collision,Daylight,NONE,Property Damage Only,0,0,0,40.007276,-105.248404,0,0,0,0,NON-INTERSECTION,1603,9977
-105.258357,40.000215,Police Collision Report,COLLISION W/ MV - FRONT TO REAR,2106865,2,US HIGHWAY 36/BASELINE RD,US HWY 36,STATE HWY,     ,  ,2021/08/05 00:00:00+00,2021/08/05 13:21:00+00,2021,8,August,13,5,5,Thursday,13,Motorway Collision,Daylight,NONE,Property Damage Only,0,0,0,40.000215,-105.258357,0,0,0,0,AT INTERSECTION,1321,9978
-105.276252,40.008678,Police Collision Report,COLLISION W/ MV - FRONT TO REAR,2106844,2,13TH ST/PENNSYLVANIA AVE,13TH ST,CITY ST/CNTY RD,     ,S ,2021/08/04 00:00:00+00,2021/08/04 00:00:00+00,2021,8,August,0,4,4,Wednesday,0,Motorway Collision,Dawn or Dusk,NONE,Property Damage Only,0,0,0,40.008678,-105.276252,0,0,0,0,NON-INTERSECTION,2100,9979
-105.263133,40.020339,Police Collision Report,COLLISION W/ MV - FRONT TO REAR,2106919,3,FOLSOM ST/WALNUT ST,CANYON BLVD,STATE HWY,     ,E ,2021/08/06 00:00:00+00,2021/08/06 13:00:00+00,2021,8,August,13,6,6,Friday,13,Motorway Collision,Daylight,NONE,Property Damage Only,0,0,0,40.020339,-105.263133,0,0,0,0,INTERSECTION RELATED,1245,9980
-105.258282,40.014544,Police Collision Report,COLLISION W/ MV - FRONT TO REAR,2106927,3,28TH ST/ARAPAHOE AVE,28TH ST,STATE HWY,     ,S ,2021/08/06 00:00:00+00,2021/08/06 16:38:00+00,2021,8,August,16,6,6,Friday,16,Hit-and-Run Collision,Daylight,NONE,Property Damage Only,0,0,0,40.014544,-105.258282,0,0,0,0,INTERSECTION RELATED,1638,9981
-105.263165,40.02917,Police Collision Report,COLLISION W/ MV - FRONT TO REAR,2106961,2,FOLSOM ST/VALMONT RD,FOLSOM ST,CITY ST/CNTY RD,     ,  ,2021/08/07 00:00:00+00,2021/08/07 16:25:00+00,2021,8,August,16,7,7,Saturday,16,Motorway Collision,Daylight,NONE,Property Damage Only,0,0,0,40.02917,-105.263165,0,0,0,0,AT INTERSECTION,1625,9982
-105.239567,40.008522,Police Collision Report,COLLISION W/ MV - FRONT TO REAR,2107159,2,FOOTHILLS PKWY/COLORADO AVE,FOOTHILLS PKY,STATE HWY,     ,S ,2021/08/13 00:00:00+00,2021/08/13 11:23:00+00,2021,8,August,11,6,13,Friday,11,Motorway Collision,Daylight,NONE,Property Damage Only,0,0,0,40.008522,-105.239567,0,0,0,0,INTERSECTION RELATED,1123,9983
-105.27169,40.014591,Police Collision Report,COLLISION W/ MV - FRONT TO REAR,2107161,2,18TH ST/ARAPAHOE AVE,ARAPAHOE AVE,CITY ST/CNTY RD,     ,E ,2021/08/13 00:00:00+00,2021/08/13 12:27:00+00,2021,8,August,12,6,13,Friday,12,Motorway Collision,Daylight,NONE,Property Damage Only,0,0,0,40.014591,-105.27169,0,0,0,0,AT INTERSECTION,1227,9984
-105.268469,40.036422,Police Collision Report,COLLISION W/ MV - FRONT TO REAR,2107163,3,22ND ST/IRIS AVE,IRIS AVE,CITY ST/CNTY RD,     ,E ,2021/08/13 00:00:00+00,2021/08/13 13:22:00+00,2021,8,August,13,6,13,Friday,13,Motorway Collision,Daylight,NONE,Non-Incapacitating Injury,0,0,1,40.036422,-105.268469,0,0,0,0,NON-INTERSECTION,1322,9985
-105.273184,40.010671,Police Collision Report,COLLISION W/ MV - FRONT TO REAR,2107201,2,UNIVERSITY AVE/17TH ST,UNIVERSITY AVE,CITY ST/CNTY RD,     ,  ,2021/08/14 00:00:00+00,2021/08/14 12:03:00+00,2021,8,August,12,7,14,Saturday,12,Motorway Collision,Daylight,NONE,Property Damage Only,0,0,0,40.010671,-105.273184,0,0,0,0,AT INTERSECTION,1203,9986
-105.258571,40.043598,Police Collision Report,COLLISION W/ MV - FRONT TO REAR,2107202,3,28TH ST/WINDING TRAIL DR,28TH STREET,STATE HWY,     ,N ,2021/08/14 00:00:00+00,2021/08/14 12:38:00+00,2021,8,August,12,7,14,Saturday,12,Motorway Collision,Daylight,NONE,Property Damage Only,0,0,0,40.043598,-105.258571,0,0,0,0,INTERSECTION RELATED,1238,9987
-105.244901,40.029254,Police Collision Report,COLLISION W/ MV - FRONT TO REAR,2107203,2,VALMONT RD/FOOTHILLS PKWY,FOOTHILLS PKY,STATE HWY,     ,  ,2021/08/14 00:00:00+00,2021/08/14 12:40:00+00,2021,8,August,12,7,14,Saturday,12,Motorway Collision,Daylight,NONE,Property Damage Only,0,0,0,40.029254,-105.244901,0,0,0,0,AT INTERSECTION,1239,9988
-105.253727,40.033742,Police Collision Report,COLLISION W/ MV - FRONT TO REAR,2107213,2,30TH ST/ONEAL PKWY,30TH STREET,CITY ST/CNTY RD,     ,  ,2021/08/14 00:00:00+00,2021/08/14 15:18:00+00,2021,8,August,15,7,14,Saturday,15,Motorway Collision,Daylight,NONE,Property Damage Only,0,0,0,40.033742,-105.253727,0,0,0,0,AT INTERSECTION,1518,9989
-105.253146,40.003727,Police Collision Report,COLLISION W/ MV - FRONT TO REAR,2107244,2,30TH ST/E AURORA AVE,E AURORA AVE,CITY ST/CNTY RD,     ,E ,2021/08/15 00:00:00+00,2021/08/15 11:51:00+00,2021,8,August,11,1,15,Sunday,11,Motorway Collision,Daylight,NONE,Property Damage Only,0,0,0,40.003727,-105.253146,0,0,0,0,INTERSECTION RELATED,1151,9990
-105.244234,40.040114,Police Collision Report,COLLISION W/ MV - FRONT TO REAR,2172703,2,3707  CANFIELD ST #202   ,3707 CANFIELD ST,,     ,  ,2021/07/26 10:25:00+00,2021/07/29 10:33:43+00,2021,7,July,10,5,29,Thursday,10,Motorway Collision,,NONE,Property Damage Only,0,0,0,40.040114,-105.244234,0,0,0,0,PARKING LOT,1545,9991
-105.28056,40.015655,Police Collision Report,COLLISION W/ MV - FRONT TO REAR,2107047,2,11TH ST/CANYON BLVD,WALNUT,CITY ST/CNTY RD,     ,  ,2021/08/10 00:00:00+00,2021/08/10 15:28:00+00,2021,8,August,15,3,10,Tuesday,15,Motorway Collision,Daylight,NONE,Property Damage Only,0,0,0,40.015655,-105.28056,0,0,0,0,AT INTERSECTION,1528,9992
-105.262985,40.017486,Police Collision Report,COLLISION W/ MV - FRONT TO REAR,2107050,2,CANYON BLVD/FOLSOM ST,CANYON BLVD,STATE HWY,     ,E ,2021/08/10 00:00:00+00,2021/08/10 16:40:00+00,2021,8,August,16,3,10,Tuesday,16,Motorway Collision,Daylight,NONE,Property Damage Only,0,0,0,40.017486,-105.262985,0,0,0,0,INTERSECTION RELATED,1638,9993
-105.282048,40.047175,Police Collision Report,COLLISION W/ MV - FRONT TO REAR,2107128,2,3980  BROADWAY      ,3980 BROADWAY,,     ,  ,2021/08/12 00:00:00+00,2021/08/12 15:59:00+00,2021,8,August,15,5,12,Thursday,15,Motorway Collision,Daylight,NONE,Property Damage Only,0,0,0,40.047175,-105.282048,0,0,0,0,PARKING LOT,1030,9994
-105.274745,40.019009,Police Collision Report,COLLISION W/ MV - FRONT TO REAR,2107414,2,PEARL ST/16TH ST,PEARL ST,CITY ST/CNTY RD,     ,E ,2021/08/19 00:00:00+00,2021/08/19 15:09:00+00,2021,8,August,15,5,19,Thursday,15,Motorway Collision,Daylight,NONE,Property Damage Only,0,0,0,40.019009,-105.274745,0,0,0,0,NON-INTERSECTION,1509,9995
-105.241822,39.971899,Police Collision Report,COLLISION W/ MV - FRONT TO REAR,2107512,2,GREENBRIAR BLVD/GREENBRIAR CT,GREENBRIAR BLVD,CITY ST/CNTY RD,     ,W ,2021/08/20 00:00:00+00,2021/08/20 15:32:00+00,2021,8,August,15,6,20,Friday,15,Motorway Collision,Daylight,NONE,Property Damage Only,0,0,0,39.971899,-105.241822,0,0,0,0,NON-INTERSECTION,1532,9996
-105.25833,40.000198,Police Collision Report,COLLISION W/ MV - FRONT TO REAR,2107289,2,BASELINE RD/US HIGHWAY 36,US 36 OFF-RAMP,STATE HWY,     ,  ,2021/08/16 00:00:00+00,2021/08/16 17:26:00+00,2021,8,August,17,2,16,Monday,17,Motorway Collision,Daylight,NONE,Property Damage Only,0,0,0,40.000198,-105.25833,0,0,0,0,AT INTERSECTION,1724,9997
-105.257691,40.014723,Police Collision Report,COLLISION W/ MV - FRONT TO REAR,2107308,3,ARAPAHOE AVE/CULVER CT,ARAPAHOE AVE,CITY ST/CNTY RD,     ,W ,2021/08/17 00:00:00+00,2021/08/17 11:37:00+00,2021,8,August,11,3,17,Tuesday,11,Motorway Collision,Daylight,NONE,Property Damage Only,0,0,0,40.014723,-105.257691,0,0,0,0,NON-INTERSECTION,1137,9998
-105.267825,40.014635,Police Collision Report,COLLISION W/ MV - FRONT TO REAR,2107344,2,ARAPAHOE AVE/21ST ST,ARAPAHOE AVENUE,CITY ST/CNTY RD,     ,E ,2021/08/18 00:00:00+00,2021/08/18 08:44:00+00,2021,8,August,8,4,18,Wednesday,8,Motorway Collision,Daylight,NONE,Property Damage Only,0,0,0,40.014635,-105.267825,0,0,0,0,MID-BLOCK CROSSWALK,844,9999
-105.281937,40.00004,Police Collision Report,COLLISION W/ MV - FRONT TO REAR,2107361,2,BASELINE RD/9TH ST,BASELINE RD,CITY ST/CNTY RD,     ,W ,2021/08/18 00:00:00+00,2021/08/18 15:05:00+00,2021,8,August,15,4,18,Wednesday,15,Motorway Collision,Daylight,NONE,Property Damage Only,0,0,0,40.00004,-105.281937,0,0,0,0,INTERSECTION RELATED,1505,10000
-105.270255,40.014596,Police Collision Report,COLLISION W/ MV - FRONT TO REAR,2107367,2,19TH ST/ARAPAHOE AVE,ARAPAHOE AVE,CITY ST/CNTY RD,     ,E ,2021/08/18 00:00:00+00,2021/08/18 16:19:00+00,2021,8,August,16,4,18,Wednesday,16,Motorway Collision,Daylight,NONE,Property Damage Only,0,0,0,40.014596,-105.270255,0,0,0,0,INTERSECTION RELATED,1619,10001
-105.258468,40.032817,Police Collision Report,COLLISION W/ MV - FRONT TO REAR,2107623,2,28TH ST/GLENWOOD DR,28TH ST,STATE HWY,     ,N ,2021/08/22 00:00:00+00,2021/08/22 10:10:00+00,2021,8,August,10,1,22,Sunday,10,Motorway Collision,Daylight,NONE,Possible injury,0,0,0,40.032817,-105.258468,0,0,0,0,INTERSECTION RELATED,1010,10002
-105.258317,40.014664,Police Collision Report,COLLISION W/ MV - FRONT TO REAR,2107658,3,ARAPAHOE AVE/28TH ST,ARAPAHOE AVE,CITY ST/CNTY RD,     ,W ,2021/08/23 00:00:00+00,2021/08/23 11:43:00+00,2021,8,August,11,2,23,Monday,11,Motorway Collision,Daylight,NONE,Property Damage Only,0,0,0,40.014664,-105.258317,0,0,0,0,NON-INTERSECTION,1143,10003
-105.273624,40.014611,Police Collision Report,COLLISION W/ MV - FRONT TO REAR,2107679,2,ARAPAHOE AVE/16TH ST,ARAPAHOE AVE,CITY ST/CNTY RD,     ,  ,2021/08/23 00:00:00+00,2021/08/23 16:44:00+00,2021,8,August,16,2,23,Monday,16,Motorway Collision,Daylight,NONE,Property Damage Only,0,0,0,40.014611,-105.273624,0,0,0,0,AT INTERSECTION,1644,10004
-105.206636,40.01471,Police Collision Report,COLLISION W/ MV - FRONT TO REAR,2107671,2,63RD ST/ARAPAHOE RD,ARAPAHOE AVE,STATE HWY,     ,  ,2021/08/23 00:00:00+00,2021/08/23 15:11:00+00,2021,8,August,15,2,23,Monday,15,Motorway Collision,Daylight,NONE,Property Damage Only,0,0,0,40.01471,-105.206636,0,0,0,0,AT INTERSECTION,1511,10005
-105.206636,40.01471,Police Collision Report,COLLISION W/ MV - FRONT TO REAR,2107672,2,63RD ST/ARAPAHOE RD,ARAPAHOE AVE,STATE HWY,     ,  ,2021/08/23 00:00:00+00,2021/08/23 15:44:00+00,2021,8,August,15,2,23,Monday,15,Motorway Collision,Daylight,NONE,Property Damage Only,0,0,0,40.01471,-105.206636,0,0,0,0,AT INTERSECTION,1511,10006
-105.258524,40.008127,Police Collision Report,COLLISION W/ MV - FRONT TO REAR,2107706,2,28TH ST/COLORADO AVE,28TH ST,STATE HWY,     ,N ,2021/08/24 00:00:00+00,2021/08/24 13:03:00+00,2021,8,August,13,3,24,Tuesday,13,Motorway Collision,Daylight,NONE,Property Damage Only,0,0,0,40.008127,-105.258524,0,0,0,0,NON-INTERSECTION,1304,10007
-105.27904,40.019171,Police Collision Report,COLLISION W/ MV - FRONT TO REAR,2107715,2,13TH ST/SPRUCE ST,13TH ST,CITY ST/CNTY RD,     ,S ,2021/08/24 00:00:00+00,2021/08/24 16:59:00+00,2021,8,August,16,3,24,Tuesday,16,Motorway Collision,Daylight,NONE,Property Damage Only,0,0,0,40.019171,-105.27904,0,0,0,0,INTERSECTION RELATED,1658,10008
-105.244862,40.029223,Police Collision Report,COLLISION W/ MV - FRONT TO REAR,2107749,2,FOOTHILLS PKWY/VALMONT RD,FOOTHILLS PKWAY,STATE HWY,     ,  ,2021/08/25 00:00:00+00,2021/08/25 12:04:00+00,2021,8,August,12,4,25,Wednesday,12,Motorway Collision,Daylight,NONE,Property Damage Only,0,0,0,40.029223,-105.244862,0,0,0,0,AT INTERSECTION,1204,10009