X,Y,ReportType,PrmaryCollsionType,CaseNumber,UnitsInvolved,Location,OnHighway,CrossStreet,FeetFromIntersection,DirectionFromIntersection,CollisionDate,ReportedDate,ReportedYear,ReportedMonth,ReportedMonthName,ReportedWeek,ReportedDayofWeekNum,ReportedDayofMonth,ReportedDayofWeek,ReportedHour,HitAndRunStatus,LightingCondition,WeatherCondition,Severity,NumKilled,NumSeriouslyInjured,NumInjuredOrKilled,Lat,Lon,DUI,AlcoholDrugSuspected,BicyclesInvolved,PedestriansInvolved,RoadDescription,Crash_Time,ESRI_OID
-105.231998,39.986966,Police Collision Report,COLLISION W/ MV - FRONT TO REAR,2105786,2,FOOTHILLS PKWY/TABLE MESA DR,FOOTHILLS PKWY,STATE HWY,     ,N ,2021/07/06 00:00:00+00,2021/07/06 12:51:00+00,2021,7,July,12,3,6,Tuesday,12,Motorway Collision,Daylight,NONE,Property Damage Only,0,0,0,39.986966,-105.231998,0,0,0,0,RAMP-RELATED,1250,10010
-105.27461,40.014588,Police Collision Report,COLLISION W/ MV - FRONT TO REAR,2105805,2,15TH ST/ARAPAHOE AVE,ARAPAHOE RD,CITY ST/CNTY RD,     ,  ,2021/07/06 00:00:00+00,2021/07/06 19:54:00+00,2021,7,July,19,3,6,Tuesday,19,Motorway Collision,Dawn or Dusk,NONE,Property Damage Only,0,0,0,40.014588,-105.27461,0,1,0,0,AT INTERSECTION,1954,10011
-105.276293,40.009467,Police Collision Report,COLLISION W/ MV - FRONT TO REAR,2105859,2,BROADWAY/PLEASANT ST,BROADWAY,CITY ST/CNTY RD,     ,S ,2021/07/08 00:00:00+00,2021/07/08 12:01:00+00,2021,7,July,12,5,8,Thursday,12,Motorway Collision,Daylight,NONE,Property Damage Only,0,0,0,40.009467,-105.276293,0,0,0,0,NON-INTERSECTION,1200,10012
-105.225448,40.014598,Police Collision Report,COLLISION W/ MV - FRONT TO REAR,2105863,2,55TH ST/ARAPAHOE AVE,ARAPAHOE AVE,STATE HWY,     ,E ,2021/07/08 00:00:00+00,2021/07/08 13:29:00+00,2021,7,July,13,5,8,Thursday,13,Motorway Collision,Daylight,NONE,Possible injury,0,0,0,40.014598,-105.225448,0,0,0,0,AT INTERSECTION,1328,10013
-105.258492,40.017345,Police Collision Report,COLLISION W/ MV - FRONT TO REAR,2105868,2,28TH ST/CANYON BLVD,28TH STREET,STATE HWY,     ,S ,2021/07/08 00:00:00+00,2021/07/08 14:08:00+00,2021,7,July,14,5,8,Thursday,14,Motorway Collision,Daylight,NONE,Possible injury,0,0,0,40.017345,-105.258492,0,0,0,0,AT INTERSECTION,1407,10014
-105.258476,40.03511,Police Collision Report,COLLISION W/ MV - FRONT TO REAR,2105877,2,3325  28TH ST      ,3325 28TH ST,,     ,  ,2021/07/08 00:00:00+00,2021/07/08 17:59:00+00,2021,7,July,17,5,8,Thursday,17,Motorway Collision,Daylight,NONE,Property Damage Only,0,0,0,40.03511,-105.258476,0,0,0,0,PARKING LOT,1759,10015
-105.225418,40.014574,Police Collision Report,COLLISION W/ MV - FRONT TO REAR,2105913,2,ARAPAHOE AVE/55TH ST,ARAPAHOE AVENUE,STATE HWY,     ,  ,2021/07/09 00:00:00+00,2021/07/09 11:19:00+00,2021,7,July,11,6,9,Friday,11,Motorway Collision,Daylight,NONE,Property Damage Only,0,0,0,40.014574,-105.225418,0,0,0,0,AT INTERSECTION,1119,10016
-105.279657,40.016862,Police Collision Report,COLLISION W/ MV - FRONT TO REAR,2105915,2,BROADWAY/WALNUT ST,BROADWAY,CITY ST/CNTY RD,     ,N ,2021/07/09 00:00:00+00,2021/07/09 13:27:00+00,2021,7,July,13,6,9,Friday,13,Motorway Collision,Daylight,NONE,Property Damage Only,0,0,0,40.016862,-105.279657,0,0,0,0,INTERSECTION RELATED,1327,10017
-105.258492,40.017345,Police Collision Report,COLLISION W/ MV - FRONT TO REAR,2105955,2,28TH ST/CANYON BLVD,28TH STREET,STATE HWY,     ,N ,2021/07/10 00:00:00+00,2021/07/10 13:01:00+00,2021,7,July,13,7,10,Saturday,13,Motorway Collision,Daylight,NONE,Property Damage Only,0,0,0,40.017345,-105.258492,0,0,0,0,INTERSECTION RELATED,1301,10018
-105.239824,39.989889,Police Collision Report,COLLISION W/ MV - FRONT TO REAR,2106069,2,APACHE RD/MOHAWK DR,APACHE RD,CITY ST/CNTY RD,     ,  ,2021/07/13 00:00:00+00,2021/07/13 11:56:00+00,2021,7,July,11,3,13,Tuesday,11,Motorway Collision,Daylight,NONE,Property Damage Only,0,0,0,39.989889,-105.239824,0,0,0,0,AT INTERSECTION,1155,10019
-105.289073,40.032894,Police Collision Report,COLLISION W/ MV - FRONT TO REAR,2108993,2,607   FOREST AVE      ,REGENT,CITY ST/CNTY RD,     ,  ,2021/09/21 15:22:59+00,2021/09/21 15:23:00+00,2021,9,September,15,3,21,Tuesday,15,Motorway Collision,Dark - Lighted,NONE,Property Damage Only,0,0,0,40.032894,-105.289073,0,0,0,0,INTERSECTION RELATED,1954,10020
-105.258403,40.029131,Police Collision Report,COLLISION W/ MV - FRONT TO REAR,2109074,2,VALMONT RD/28TH ST,28TH ST,STATE HWY,     ,N ,2021/09/23 00:00:00+00,2021/09/23 14:45:00+00,2021,9,September,14,5,23,Thursday,14,Motorway Collision,Daylight,NONE,Possible injury,0,0,0,40.029131,-105.258403,0,0,0,0,INTERSECTION RELATED,1445,10021
-105.234741,40.014803,Police Collision Report,COLLISION W/ MV - FRONT TO REAR,2109115,2,48TH ST/ARAPAHOE AVE,ARAPAHOE AVE,STATE HWY,     ,E ,2021/09/24 00:00:00+00,2021/09/24 14:11:00+00,2021,9,September,14,6,24,Friday,14,Motorway Collision,Daylight,NONE,Possible injury,0,0,0,40.014803,-105.234741,0,0,0,0,INTERSECTION RELATED,1411,10022
-105.258482,40.036463,Police Collision Report,COLLISION W/ MV - FRONT TO REAR,2109039,2,28TH ST/DIAGONAL HWY,DIAGONAL HIGHWAY,STATE HWY,     ,  ,2021/09/22 00:00:00+00,2021/09/22 14:55:00+00,2021,9,September,14,4,22,Wednesday,14,Motorway Collision,Daylight,NONE,Property Damage Only,0,0,0,40.036463,-105.258482,0,0,0,0,AT INTERSECTION,1455,10023
-105.260159,40.000452,Police Collision Report,COLLISION W/ MV - FRONT TO REAR,2109057,2,27TH WAY/BASELINE RD,BASELINE ROAD,STATE HWY,     ,  ,2021/09/23 00:00:00+00,2021/09/23 00:00:00+00,2021,9,September,0,5,23,Thursday,0,Motorway Collision,Daylight,NONE,Property Damage Only,0,0,0,40.000452,-105.260159,0,0,0,0,AT INTERSECTION,940,10024
-105.276293,40.009467,Police Collision Report,COLLISION W/ MV - FRONT TO REAR,2109059,2,BROADWAY/PLEASANT ST,BROADWAY,STATE HWY,     ,  ,2021/09/23 00:00:00+00,2021/09/23 10:08:00+00,2021,9,September,10,5,23,Thursday,10,Motorway Collision,Daylight,NONE,Possible injury,0,0,0,40.009467,-105.276293,0,0,0,0,AT INTERSECTION,1008,10025
-105.253059,39.999933,Police Collision Report,COLLISION W/ MV - FRONT TO REAR,2108999,3,30TH ST/BASELINE RD,30TH ST,CITY ST/CNTY RD,     ,N ,2021/09/21 00:00:00+00,2021/09/21 16:33:00+00,2021,9,September,16,3,21,Tuesday,16,Motorway Collision,Daylight,NONE,Possible injury,0,0,0,39.999933,-105.253059,0,0,0,0,INTERSECTION RELATED,1633,10026
-105.232572,40.000025,Police Collision Report,COLLISION W/ MV - FRONT TO REAR,2108949,3,FOOTHILLS PKWY/BASELINE RD,FOOTHILLS PKWY,STATE HWY,     ,N ,2021/09/20 00:00:00+00,2021/09/20 16:34:00+00,2021,9,September,16,2,20,Monday,16,Motorway Collision,Daylight,NONE,Non-Incapacitating Injury,0,0,1,40.000025,-105.232572,0,0,0,0,NON-INTERSECTION,1634,10027
-105.232572,40.000025,Police Collision Report,COLLISION W/ MV - FRONT TO REAR,2109334,2,FOOTHILLS PKWY/BASELINE RD,FOOTHILLS PARKWAY,STATE HWY,     ,S ,2021/10/01 00:00:00+00,2021/10/01 07:40:00+00,2021,10,October,7,6,1,Friday,7,Motorway Collision,Daylight,NONE,Property Damage Only,0,0,0,40.000025,-105.232572,0,0,0,0,INTERSECTION RELATED,740,10028
-105.260145,40.051015,Police Collision Report,COLLISION W/ MV - FRONT TO REAR,2109337,2,28TH ST/JAY RD,28TH STREET,STATE HWY,     ,N ,2021/10/01 00:00:00+00,2021/10/01 10:06:00+00,2021,10,October,10,6,1,Friday,10,Motorway Collision,Daylight,NONE,Property Damage Only,0,0,0,40.051015,-105.260145,0,0,0,0,INTERSECTION RELATED,1006,10029
-105.276533,40.009824,Police Collision Report,COLLISION W/ MV - FRONT TO REAR,2109375,2,1335  BROADWAY      ,BROADWAY,STATE HWY,     ,S ,2021/10/02 00:00:00+00,2021/10/02 00:00:00+00,2021,10,October,0,7,2,Saturday,0,Motorway Collision,Dark - Lighted,NONE,Property Damage Only,0,0,0,40.009824,-105.276533,0,0,0,0,NON-INTERSECTION,155,10030
-105.258468,40.032817,Police Collision Report,COLLISION W/ MV - FRONT TO REAR,2109314,2,28TH ST/GLENWOOD DR,28TH STREEET,STATE HWY,     ,N ,2021/09/30 00:00:00+00,2021/09/30 16:38:00+00,2021,9,September,16,5,30,Thursday,16,Motorway Collision,Daylight,NONE,Possible injury,0,0,0,40.032817,-105.258468,0,0,0,0,NON-INTERSECTION,1638,10031
-105.261328,40.008161,Police Collision Report,COLLISION W/ MV - FRONT TO REAR,2109316,2,REGENT DR/COLORADO AVE,REGENT DR,CITY ST/CNTY RD,     ,S ,2021/09/30 00:00:00+00,2021/09/30 18:07:00+00,2021,9,September,18,5,30,Thursday,18,Motorway Collision,Daylight,NONE,Property Damage Only,0,0,0,40.008161,-105.261328,0,0,0,0,NON-INTERSECTION,1807,10032
-105.22501,40.02765,Police Collision Report,COLLISION W/ MV - FRONT TO REAR,2109150,2,PEARL PKWY/55TH ST,55TH ST,CITY ST/CNTY RD,     ,N ,2021/09/25 00:00:00+00,2021/09/25 10:12:00+00,2021,9,September,10,7,25,Saturday,10,Motorway Collision,Daylight,NONE,Property Damage Only,0,0,0,40.02765,-105.22501,0,0,0,0,INTERSECTION RELATED,1012,10033
-105.232572,40.000025,Police Collision Report,COLLISION W/ MV - FRONT TO REAR,2109188,2,FOOTHILLS PKWY/BASELINE RD,BASELINE RD,CITY ST/CNTY RD,     ,E ,2021/09/26 00:00:00+00,2021/09/26 14:56:00+00,2021,9,September,14,1,26,Sunday,14,Motorway Collision,Daylight,NONE,Possible injury,0,0,0,40.000025,-105.232572,0,0,0,0,AT INTERSECTION,1456,10034
-105.258492,40.017345,Police Collision Report,COLLISION W/ MV - FRONT TO REAR,2109190,2,28TH ST/CANYON BLVD,CANYON BLVD,CITY ST/CNTY RD,     ,E ,2021/09/26 00:00:00+00,2021/09/26 18:31:00+00,2021,9,September,18,1,26,Sunday,18,Motorway Collision,Dawn or Dusk,NONE,Property Damage Only,0,0,0,40.017345,-105.258492,0,0,0,0,AT INTERSECTION,1831,10035
-105.265056,40.000112,Police Collision Report,COLLISION W/ MV - FRONT TO REAR,2109215,2,BASELINE RD/22ND ST,BASELINE RD,CITY ST/CNTY RD,     ,W ,2021/09/27 00:00:00+00,2021/09/27 15:25:00+00,2021,9,September,15,2,27,Monday,15,Motorway Collision,Daylight,NONE,Property Damage Only,0,0,0,40.000112,-105.265056,0,0,0,0,NON-INTERSECTION,1535,10036
-105.229139,39.986014,Police Collision Report,COLLISION W/ MV - FRONT TO REAR,2109217,2,SOUTH BOULDER CIR/SOUTH BOULDER RD,SOUTH BOULDER RD,CITY ST/CNTY RD,     ,  ,2021/09/27 00:00:00+00,2021/09/27 15:36:00+00,2021,9,September,15,2,27,Monday,15,Motorway Collision,Daylight,NONE,Possible injury,0,0,0,39.986014,-105.229139,0,1,0,0,AT INTERSECTION,1536,10037
-105.24066,40.014698,Police Collision Report,COLLISION W/ MV - FRONT TO REAR,2109227,2,FOOTHILLS PKWY/ARAPAHOE AVE,FOOTHILLS PKWY,STATE HWY,     ,S ,2021/09/28 00:00:00+00,2021/09/28 08:47:00+00,2021,9,September,8,3,28,Tuesday,8,Motorway Collision,Daylight,NONE,Possible injury,0,0,0,40.014698,-105.24066,0,0,0,0,AT INTERSECTION,847,10038
-105.258436,40.029101,Police Collision Report,COLLISION W/ MV - FRONT TO REAR,2109229,2,28TH ST/VALMONT RD,VALMONT,CITY ST/CNTY RD,     ,E ,2021/09/28 00:00:00+00,2021/09/28 09:37:00+00,2021,9,September,9,3,28,Tuesday,9,Motorway Collision,Daylight,NONE,Property Damage Only,0,0,0,40.029101,-105.258436,0,0,0,0,NON-INTERSECTION,937,10039
-105.25892,40.000437,Police Collision Report,COLLISION W/ MV - FRONT TO REAR,2109485,3,HWY 36 EB ON RP @ BASELINE WB/BASELINE RD,US HWY 36,STATE HWY,     ,  ,2021/10/05 00:00:00+00,2021/10/05 01:51:00+00,2021,10,October,1,3,5,Tuesday,1,Motorway Collision,Dark - Unlighted,NONE,Non-Incapacitating Injury,0,0,1,40.000437,-105.25892,0,0,0,0,NON-INTERSECTION,151,10040
-105.258282,40.014544,Police Collision Report,COLLISION W/ MV - FRONT TO REAR,2109537,2,28TH ST/ARAPAHOE AVE,ARAPAHOE AVE,STATE HWY,     ,  ,2021/10/06 00:00:00+00,2021/10/06 09:25:00+00,2021,10,October,9,4,6,Wednesday,9,Motorway Collision,Daylight,NONE,Property Damage Only,0,0,0,40.014544,-105.258282,0,0,0,0,AT INTERSECTION,925,10041
-105.240623,40.014618,Police Collision Report,COLLISION W/ MV - FRONT TO REAR,2173522,2,FOOTHILLS PKWY/ARAPAHOE AVE,FOOTHILLS PARKWAY,STATE HWY,     ,  ,2021/10/05 07:48:00+00,2021/10/05 10:06:59+00,2021,10,October,10,3,5,Tuesday,10,Motorway Collision,Daylight,NONE,Possible injury,0,0,0,40.014618,-105.240623,0,0,0,0,AT INTERSECTION,748,10042
-105.23158,39.986786,Police Collision Report,COLLISION W/ MV - FRONT TO REAR,2109574,2,FOOTHILLS PKWY/SOUTH BOULDER RD,SOUTH BOULDER ROAD,CITY ST/CNTY RD,     ,E ,2021/10/07 00:00:00+00,2021/10/07 07:30:00+00,2021,10,October,7,5,7,Thursday,7,Motorway Collision,Daylight,NONE,Property Damage Only,0,0,0,39.986786,-105.23158,0,0,0,0,INTERSECTION RELATED,730,10043
-105.260159,40.000452,Police Collision Report,COLLISION W/ MV - FRONT TO REAR,2109434,3,27TH WAY/BASELINE RD,BASELINE RD,CITY ST/CNTY RD,     ,  ,2021/10/03 00:00:00+00,2021/10/03 15:59:00+00,2021,10,October,15,1,3,Sunday,15,Hit-and-Run Collision,Daylight,NONE,Property Damage Only,0,0,0,40.000452,-105.260159,0,0,0,0,AT INTERSECTION,1530,10044
-105.234743,39.986514,Police Collision Report,COLLISION W/ MV - FRONT TO REAR,2109464,3,US HIGHWAY 36/TABLE MESA DR,US HWY 36,STATE HWY,     ,W ,2021/10/04 00:00:00+00,2021/10/04 14:12:00+00,2021,10,October,14,2,4,Monday,14,Motorway Collision,Daylight,NONE,Property Damage Only,0,0,0,39.986514,-105.234743,0,0,0,0,NON-INTERSECTION,1412,10045
-105.244901,40.029254,Police Collision Report,COLLISION W/ MV - FRONT TO REAR,2109471,2,VALMONT RD/FOOTHILLS PKWY,FOOTHILLS PKWY,STATE HWY,     ,  ,2021/10/04 00:00:00+00,2021/10/04 15:28:00+00,2021,10,October,15,2,4,Monday,15,Motorway Collision,Daylight,NONE,Possible injury,0,0,0,40.029254,-105.244901,0,0,0,0,AT INTERSECTION,1528,10046
-105.282084,40.048038,Police Collision Report,COLLISION W/ MV - FRONT TO REAR,2109382,2,QUINCE AVE/BROADWAY,BROADWAY,CITY ST/CNTY RD,     ,S ,2021/10/02 00:00:00+00,2021/10/02 10:18:00+00,2021,10,October,10,7,2,Saturday,10,Motorway Collision,Daylight,NONE,Property Damage Only,0,0,0,40.048038,-105.282084,0,0,0,0,INTERSECTION RELATED,1018,10047
-105.263133,40.02137,Police Collision Report,COLLISION W/ MV - FRONT TO REAR,2109344,2,PEARL ST/FOLSOM ST,FOLSOM ST,CITY ST/CNTY RD,     ,S ,2021/10/01 00:00:00+00,2021/10/01 11:34:00+00,2021,10,October,11,6,1,Friday,11,Motorway Collision,Daylight,NONE,Property Damage Only,0,0,0,40.02137,-105.263133,0,0,0,0,INTERSECTION RELATED,1134,10048
-105.258565,40.008102,Police Collision Report,COLLISION W/ MV - FRONT TO REAR,2109389,2,COLORADO AVE/28TH ST,28TH STREET,STATE HWY,     ,S ,2021/10/02 00:00:00+00,2021/10/02 13:21:00+00,2021,10,October,13,7,2,Saturday,13,Motorway Collision,Daylight,NONE,Property Damage Only,0,0,0,40.008102,-105.258565,0,0,0,0,AT INTERSECTION,1321,10049
-105.258571,40.043598,Police Collision Report,COLLISION W/ MV - FRONT TO REAR,2109397,3,28TH ST/PALO PKWY,28TH ST,INTERSTATE,     ,S ,2021/10/02 00:00:00+00,2021/10/02 16:45:00+00,2021,10,October,16,7,2,Saturday,16,Motorway Collision,Daylight,NONE,Non-Incapacitating Injury,0,0,1,40.043598,-105.258571,0,0,0,0,NON-INTERSECTION,1644,10050
-105.271664,40.005572,Police Collision Report,COLLISION W/ MV - FRONT TO REAR,2109829,2,BROADWAY/EUCLID AVE,BROADWAY,STATE HWY,     ,W ,2021/10/13 00:00:00+00,2021/10/13 17:30:00+00,2021,10,October,17,4,13,Wednesday,17,Motorway Collision,Dawn or Dusk,NONE,Possible injury,0,0,0,40.005572,-105.271664,0,0,0,0,INTERSECTION RELATED,1730,10051
-105.271664,40.005572,Police Collision Report,COLLISION W/ MV - FRONT TO REAR,2109831,2,BROADWAY/EUCLID AVE,BROADWAY,STATE HWY,     ,W ,2021/10/13 00:00:00+00,2021/10/13 18:07:00+00,2021,10,October,18,4,13,Wednesday,18,Hit-and-Run Collision,Daylight,NONE,Possible injury,0,0,0,40.005572,-105.271664,0,0,0,0,INTERSECTION RELATED,1730,10052
-105.263141,40.027947,Police Collision Report,COLLISION W/ MV - FRONT TO REAR,2109821,2,2737  FOLSOM ST 16    ,BLUFF ST,CITY ST/CNTY RD,     ,W ,2021/10/13 18:22:59+00,2021/10/13 18:23:00+00,2021,10,October,18,4,13,Wednesday,18,Motorway Collision,Daylight,NONE,Property Damage Only,0,0,0,40.027947,-105.263141,1,1,0,0,NON-INTERSECTION,1504,10053
-105.24066,40.014698,Police Collision Report,COLLISION W/ MV - FRONT TO REAR,2109827,2,FOOTHILLS PKWY/ARAPAHOE AVE,ARAPAHOE AVE,STATE HWY,     ,W ,2021/10/13 00:00:00+00,2021/10/13 17:08:00+00,2021,10,October,17,4,13,Wednesday,17,Motorway Collision,Daylight,NONE,Property Damage Only,0,0,0,40.014698,-105.24066,0,0,0,0,INTERSECTION RELATED,1708,10054
-105.267721,40.003464,Police Collision Report,COLLISION W/ MV - FRONT TO REAR,2109858,2,BROADWAY/20TH ST,BROADWAY,STATE HWY,     ,W ,2021/10/14 00:00:00+00,2021/10/14 17:23:00+00,2021,10,October,17,5,14,Thursday,17,Motorway Collision,Daylight,NONE,Property Damage Only,0,0,0,40.003464,-105.267721,0,0,0,0,INTERSECTION RELATED,1723,10055
-105.258282,40.014544,Police Collision Report,COLLISION W/ MV - FRONT TO REAR,2109781,2,28TH ST/ARAPAHOE AVE,28TH ST,STATE HWY,     ,S ,2021/10/12 00:00:00+00,2021/10/12 11:14:00+00,2021,10,October,11,3,12,Tuesday,11,Motorway Collision,Daylight,NONE,Possible injury,0,0,0,40.014544,-105.258282,0,0,0,0,INTERSECTION RELATED,1114,10056
-105.258407,40.022375,Police Collision Report,COLLISION W/ MV - FRONT TO REAR,2109787,2,28TH ST/PEARL ST,28TH ST,STATE HWY,     ,  ,2021/10/12 00:00:00+00,2021/10/12 14:33:00+00,2021,10,October,14,3,12,Tuesday,14,Motorway Collision,Daylight,NONE,Property Damage Only,0,0,0,40.022375,-105.258407,0,0,0,0,AT INTERSECTION,1433,10057
-105.263563,40.000114,Police Collision Report,COLLISION W/ MV - FRONT TO REAR,2109757,2,BASELINE RD/BROADWAY,BROADWAY,STATE HWY,     ,N ,2021/10/11 00:00:00+00,2021/10/11 18:52:00+00,2021,10,October,18,2,11,Monday,18,Motorway Collision,Dark - Unlighted,NONE,Property Damage Only,0,0,0,40.000114,-105.263563,0,0,0,0,INTERSECTION RELATED,1852,10058
-105.263012,40.017354,Police Collision Report,COLLISION W/ MV - FRONT TO REAR,2109811,2,FOLSOM ST/CANYON BLVD,CANYON BLVD,STATE HWY,     ,E ,2021/10/13 00:00:00+00,2021/10/13 10:17:00+00,2021,10,October,10,4,13,Wednesday,10,Motorway Collision,Daylight,NONE,Property Damage Only,0,0,0,40.017354,-105.263012,0,0,0,0,INTERSECTION RELATED,1017,10059
-105.258306,40.022242,Police Collision Report,COLLISION W/ MV - FRONT TO REAR,2109719,2,2800  PEARL ST      ,2800 PEARL ST,,     ,  ,2021/10/10 00:00:00+00,2021/10/10 12:25:00+00,2021,10,October,12,1,10,Sunday,12,Motorway Collision,Daylight,NONE,Property Damage Only,0,0,0,40.022242,-105.258306,0,0,0,0,DRIVEWAY ACCESS RELATED,1225,10060
-105.258503,40.045088,Police Collision Report,COLLISION W/ MV - FRONT TO REAR,2109728,2,3900  28TH ST      ,28TH ST,STATE HWY,     ,N ,2021/10/10 00:00:00+00,2021/10/10 18:44:00+00,2021,10,October,18,1,10,Sunday,18,Motorway Collision,Dark - Lighted,NONE,Property Damage Only,0,0,0,40.045088,-105.258503,0,0,0,0,NON-INTERSECTION,1840,10061
-105.251754,40.028311,Police Collision Report,COLLISION W/ MV - FRONT TO REAR,2109659,2,MEREDITH ST/32ND ST,MEREDITH ST,,     ,E ,2021/10/08 00:00:00+00,2021/10/08 20:45:00+00,2021,10,October,20,6,8,Friday,20,Motorway Collision,Dark - Unlighted,NONE,Property Damage Only,0,0,0,40.028311,-105.251754,0,0,0,0,ALLEY RELATED,2026,10062
-105.270571,40.004887,Police Collision Report,COLLISION W/ MV - FRONT TO REAR,2109667,2,BROADWAY/17TH ST,BROADWAY,STATE HWY,     ,  ,2021/10/09 00:40:59+00,2021/10/09 00:41:00+00,2021,10,October,0,7,9,Saturday,0,Motorway Collision,Dark - Lighted,NONE,Incapacitating Injury,0,1,1,40.004887,-105.270571,1,1,0,0,AT INTERSECTION,41,10063
-105.25836,40.021501,Police Collision Report,COLLISION W/ MV - FRONT TO REAR,2109603,2,1955  28TH ST      ,"1955 28TH ST., BOULDER, CO",,     ,  ,2021/10/07 00:00:00+00,2021/10/07 12:45:00+00,2021,10,October,12,5,7,Thursday,12,Motorway Collision,Daylight,NONE,Property Damage Only,0,0,0,40.021501,-105.25836,0,0,0,0,PARKING LOT,1230,10064
-105.236099,39.985861,Police Collision Report,COLLISION W/ MV - FRONT TO REAR,2109606,2,TABLE MESA DR/US HIGHWAY 36 ON RAMP,TABLE MESA DRIVE,CITY ST/CNTY RD,     ,  ,2021/10/07 00:00:00+00,2021/10/07 15:04:00+00,2021,10,October,15,5,7,Thursday,15,Motorway Collision,Daylight,NONE,Property Damage Only,0,0,0,39.985861,-105.236099,0,0,0,0,AT INTERSECTION,1504,10065
-105.264842,40.003904,Police Collision Report,COLLISION W/ MV - FRONT TO REAR,2109609,2,REGENT DR/KITTREDGE LOOP DR,REGENT DR,CITY ST/CNTY RD,     ,W ,2021/10/07 00:00:00+00,2021/10/07 15:31:00+00,2021,10,October,15,5,7,Thursday,15,Motorway Collision,Daylight,NONE,Property Damage Only,0,0,0,40.003904,-105.264842,0,0,0,0,NON-INTERSECTION,1531,10066
-105.261585,40.029561,Police Collision Report,COLLISION W/ MV - FRONT TO REAR,2109618,2,ARNETT PL/LITTLELEAF LN,ARNETT PL,CITY ST/CNTY RD,     ,W ,2021/10/07 00:00:00+00,2021/10/07 20:23:00+00,2021,10,October,20,5,7,Thursday,20,Motorway Collision,Dark - Lighted,NONE,Property Damage Only,0,0,0,40.029561,-105.261585,0,0,0,0,NON-INTERSECTION,2024,10067
-105.265505,40.053245,Police Collision Report,COLLISION W/ MV - FRONT TO REAR,2109620,2,1900  VINE PL      ,28TH ST,STATE HWY,     ,  ,2021/10/07 22:38:59+00,2021/10/07 22:39:00+00,2021,10,October,22,5,7,Thursday,22,Motorway Collision,Dark - Unlighted,NONE,Property Damage Only,0,0,0,40.053245,-105.265505,1,1,0,0,AT INTERSECTION,2111,10068
-105.254621,40.000092,Police Collision Report,COLLISION W/ MV - FRONT TO REAR,2109597,2,BASELINE RD/CANYON CREEK RD,BASELINE ROAD,CITY ST/CNTY RD,     ,W ,2021/10/07 00:00:00+00,2021/10/07 13:44:00+00,2021,10,October,13,5,7,Thursday,13,Motorway Collision,Daylight,NONE,Property Damage Only,0,0,0,40.000092,-105.254621,0,0,0,0,NON-INTERSECTION,1344,10069
-105.263385,40.017447,Police Collision Report,COLLISION W/ MV - FRONT TO REAR,2109648,2,2375  CANYON BLVD      ,2375 CANYON BLVD,,     ,  ,2021/10/09 00:00:00+00,2021/10/09 00:00:00+00,2021,10,October,0,7,9,Saturday,0,Motorway Collision,Daylight,NONE,Property Damage Only,0,0,0,40.017447,-105.263385,0,0,0,0,PARKING LOT,1242,10070
-105.24706,39.970308,Police Collision Report,COLLISION W/ MV - FRONT TO REAR,2108077,3,GREENBRIAR BLVD/GILLASPIE DR,GREENBRIAR BLVD.,CITY ST/CNTY RD,     ,S ,2021/08/31 00:00:00+00,2021/08/31 09:42:00+00,2021,8,August,9,3,31,Tuesday,9,Motorway Collision,Daylight,NONE,Property Damage Only,0,0,0,39.970308,-105.24706,0,0,0,0,NON-INTERSECTION,941,10071
-105.26379,40.000067,Police Collision Report,COLLISION W/ MV - FRONT TO REAR,2108074,2,BROADWAY/BASELINE RD,BROADWAY,STATE HWY,     ,N ,2021/08/31 00:00:00+00,2021/08/31 08:12:00+00,2021,8,August,8,3,31,Tuesday,8,Motorway Collision,Daylight,NONE,Property Damage Only,0,0,0,40.000067,-105.26379,0,0,0,0,INTERSECTION RELATED,812,10072
-105.271256,40.000105,Police Collision Report,COLLISION W/ MV - FRONT TO REAR,2108112,2,BASELINE RD/17TH ST,BASELINE RD,CITY ST/CNTY RD,     ,E ,2021/09/01 00:00:00+00,2021/09/01 11:55:00+00,2021,9,September,11,4,1,Wednesday,11,Motorway Collision,Daylight,NONE,Property Damage Only,0,0,0,40.000105,-105.271256,0,0,0,0,NON-INTERSECTION,1155,10073
-105.253043,40.000084,Police Collision Report,COLLISION W/ MV - FRONT TO REAR,2108118,3,BASELINE RD/30TH ST,BASELINE RD,CITY ST/CNTY RD,     ,W ,2021/09/01 00:00:00+00,2021/09/01 13:38:00+00,2021,9,September,13,4,1,Wednesday,13,Motorway Collision,Daylight,NONE,Non-Incapacitating Injury,0,0,1,40.000084,-105.253043,0,0,0,0,INTERSECTION RELATED,1338,10074
-105.2774,40.018439,Police Collision Report,COLLISION W/ MV - FRONT TO REAR,2108163,2,14TH ST/PEARL ST,14TH STREET,CITY ST/CNTY RD,     ,N ,2021/09/02 00:00:00+00,2021/09/02 12:54:00+00,2021,9,September,12,5,2,Thursday,12,Motorway Collision,Daylight,NONE,Property Damage Only,0,0,0,40.018439,-105.2774,0,0,0,0,NON-INTERSECTION,1254,10075