X,Y,ReportType,PrmaryCollsionType,CaseNumber,UnitsInvolved,Location,OnHighway,CrossStreet,FeetFromIntersection,DirectionFromIntersection,CollisionDate,ReportedDate,ReportedYear,ReportedMonth,ReportedMonthName,ReportedWeek,ReportedDayofWeekNum,ReportedDayofMonth,ReportedDayofWeek,ReportedHour,HitAndRunStatus,LightingCondition,WeatherCondition,Severity,NumKilled,NumSeriouslyInjured,NumInjuredOrKilled,Lat,Lon,DUI,AlcoholDrugSuspected,BicyclesInvolved,PedestriansInvolved,RoadDescription,Crash_Time,ESRI_OID
-105.225528,40.014632,Police Collision Report,COLLISION W/ MV - FRONT TO REAR,2005656,2,5495  ARAPAHOE AVE      ,5495 ARAPAHOE AVE,,     ,  ,2020/06/17 00:00:00+00,2020/06/17 11:15:00+00,2020,6,June,11,4,17,Wednesday,11,Motorway Collision,Daylight,NONE,Property Damage Only,0,0,0,40.014632,-105.225528,0,0,0,0,PARKING LOT,1115,10142
-105.253143,40.002729,Police Collision Report,COLLISION W/ MV - FRONT TO REAR,2005614,2,30TH ST/BIXBY AVE,30TH ST,CITY ST/CNTY RD,68,N ,2020/06/16 00:00:00+00,2020/06/16 09:12:00+00,2020,6,June,9,3,16,Tuesday,9,Motorway Collision,Daylight,NONE,Property Damage Only,0,0,0,40.002729,-105.253143,0,0,0,0,NON-INTERSECTION,912,10143
-105.277976,40.016201,Police Collision Report,COLLISION W/ MV - FRONT TO REAR,2005618,2,13TH ST/CANYON BLVD,CANYON BLVD.,CITY ST/CNTY RD,200,E ,2020/06/16 00:00:00+00,2020/06/16 10:00:00+00,2020,6,June,10,3,16,Tuesday,10,Motorway Collision,Daylight,NONE,Property Damage Only,0,0,0,40.016201,-105.277976,0,0,0,0,INTERSECTION RELATED,1001,10144
-105.277737,40.019432,Police Collision Report,COLLISION W/ MV - FRONT TO REAR,2005904,2,14TH ST/SPRUCE ST,SPRUCE,CITY ST/CNTY RD,     ,  ,2020/06/24 00:00:00+00,2020/06/24 13:12:00+00,2020,6,June,13,4,24,Wednesday,13,Motorway Collision,Daylight,NONE,Property Damage Only,0,0,0,40.019432,-105.277737,0,0,0,0,AT INTERSECTION,1311,10145
-105.249862,39.98558,Police Collision Report,COLLISION W/ MV - FRONT TO REAR,2005918,2,S BROADWAY/TABLE MESA DR,S BROADWAY,STATE HWY,300,N ,2020/06/24 00:00:00+00,2020/06/24 20:23:00+00,2020,6,June,20,4,24,Wednesday,20,Motorway Collision,Daylight,NONE,Property Damage Only,0,0,0,39.98558,-105.249862,0,0,0,0,INTERSECTION RELATED,2023,10146
-105.244714,40.022961,Police Collision Report,COLLISION W/ MV - FRONT TO REAR,2005927,2,PEARL PKWY/FOOTHILLS PKWY,FOOTHILLS PARKWAY,STATE HWY,     ,  ,2020/06/25 00:00:00+00,2020/06/25 07:01:00+00,2020,6,June,7,5,25,Thursday,7,Motorway Collision,Daylight,NONE,Possible injury,0,0,0,40.022961,-105.244714,0,0,0,0,AT INTERSECTION,701,10147
-105.258436,40.029101,Police Collision Report,COLLISION W/ MV - FRONT TO REAR,2005771,2,28TH ST/VALMONT RD,28TH ST,STATE HWY,378,S ,2020/06/20 00:00:00+00,2020/06/20 13:25:00+00,2020,6,June,13,7,20,Saturday,13,Motorway Collision,Daylight,NONE,Property Damage Only,0,0,0,40.029101,-105.258436,0,0,0,0,INTERSECTION RELATED,1325,10148
-105.283578,40.016098,Police Collision Report,COLLISION W/ MV - FRONT TO REAR,2005777,2,WALNUT ST/9TH ST,9TH ST,CITY ST/CNTY RD,20,S ,2020/06/20 00:00:00+00,2020/06/20 14:24:00+00,2020,6,June,14,7,20,Saturday,14,Motorway Collision,Daylight,NONE,Property Damage Only,0,0,0,40.016098,-105.283578,0,0,0,0,INTERSECTION RELATED,1420,10149
-105.26379,40.000067,Police Collision Report,COLLISION W/ MV - FRONT TO REAR,2005823,2,BROADWAY/BASELINE RD,BASELINE,CITY ST/CNTY RD,60,N ,2020/06/22 00:00:00+00,2020/06/22 10:07:00+00,2020,6,June,10,2,22,Monday,10,Motorway Collision,Daylight,NONE,Possible injury,0,0,0,40.000067,-105.26379,0,0,0,0,NON-INTERSECTION,1005,10150
-105.278702,40.009448,Police Collision Report,COLLISION W/ MV - FRONT TO REAR,2005696,2,11TH ST/PLEASANT ST,PLEASANT,CITY ST/CNTY RD,500,W ,2020/06/18 00:00:00+00,2020/06/18 12:11:00+00,2020,6,June,12,5,18,Thursday,12,Motorway Collision,Dark - Lighted,NONE,Property Damage Only,0,0,0,40.009448,-105.278702,0,0,0,0,NON-INTERSECTION,100,10151
-105.282104,40.032865,Police Collision Report,COLLISION W/ MV - FRONT TO REAR,2004263,2,BROADWAY/FOREST AVE,BROADWAY,CITY ST/CNTY RD,     ,  ,2020/05/07 00:00:00+00,2020/05/07 12:06:00+00,2020,5,May,12,5,7,Thursday,12,Motorway Collision,Daylight,NONE,Property Damage Only,0,0,0,40.032865,-105.282104,0,0,0,0,AT INTERSECTION,1206,10152
-105.24066,40.014698,Police Collision Report,COLLISION W/ MV - FRONT TO REAR,2004516,2,FOOTHILLS PKWY/ARAPAHOE AVE,FOOTHILLS PKWY (CO 157),STATE HWY,540,N ,2020/05/15 00:00:00+00,2020/05/15 08:27:00+00,2020,5,May,8,6,15,Friday,8,Motorway Collision,Daylight,NONE,Possible injury,0,0,0,40.014698,-105.24066,0,0,0,0,NON-INTERSECTION,820,10153
-105.24066,40.014698,Police Collision Report,COLLISION W/ MV - FRONT TO REAR,2004517,2,FOOTHILLS PKWY/ARAPAHOE AVE,FOOTHILLS PARKWAY (CO 157),STATE HWY,530,N ,2020/05/15 00:00:00+00,2020/05/15 08:49:00+00,2020,5,May,8,6,15,Friday,8,Motorway Collision,Daylight,NONE,Possible injury,0,0,0,40.014698,-105.24066,0,0,0,0,NON-INTERSECTION,820,10154
-105.250117,40.014735,Police Collision Report,COLLISION W/ MV - FRONT TO REAR,2004551,2,ARAPAHOE AVE/33RD ST,ARAPAHOE AVE,CITY ST/CNTY RD,150,W ,2020/05/16 00:00:00+00,2020/05/16 11:03:00+00,2020,5,May,11,7,16,Saturday,11,Motorway Collision,Daylight,NONE,Possible injury,0,0,0,40.014735,-105.250117,0,0,0,0,NON-INTERSECTION,1103,10155
-105.265589,40.020837,Police Collision Report,COLLISION W/ MV - FRONT TO REAR,2004616,2,23RD ST/PEARL ST,PEARL ST,CITY ST/CNTY RD,     ,  ,2020/05/16 00:00:00+00,2020/05/16 00:00:00+00,2020,5,May,0,7,16,Saturday,0,Motorway Collision,Daylight,NONE,Property Damage Only,0,0,0,40.020837,-105.265589,0,0,0,0,AT INTERSECTION,1200,10156
-105.234781,40.014837,Police Collision Report,COLLISION W/ MV - FRONT TO REAR,2004620,2,ARAPAHOE AVE/48TH ST,48TH ST,CITY ST/CNTY RD,     ,  ,2020/05/18 00:00:00+00,2020/05/18 17:39:00+00,2020,5,May,17,2,18,Monday,17,Motorway Collision,Daylight,NONE,Property Damage Only,0,0,0,40.014837,-105.234781,0,0,0,0,AT INTERSECTION,1739,10157
-105.260548,39.986834,Police Collision Report,COLLISION W/ MV - FRONT TO REAR,2004569,2,2545  KOHLER DR      ,KOHLER DR,CITY ST/CNTY RD,131,N ,2020/05/16 20:00:00+00,2020/05/16 22:02:00+00,2020,5,May,22,7,16,Saturday,22,Motorway Collision,Dark - Lighted,NONE,Possible injury,0,0,0,39.986834,-105.260548,0,0,0,0,NON-INTERSECTION,2203,10158
-105.28209,40.030076,Police Collision Report,COLLISION W/ MV - FRONT TO REAR,2004694,2,ELDER AVE/BROADWAY,BROADWAY,CITY ST/CNTY RD,25,N ,2020/05/20 20:00:00+00,2020/05/20 14:26:00+00,2020,5,May,14,4,20,Wednesday,14,Motorway Collision,Daylight,NONE,Possible injury,0,0,0,40.030076,-105.28209,0,0,0,0,AT INTERSECTION,1426,10159
-105.253634,40.014706,Police Collision Report,COLLISION W/ MV - FRONT TO REAR,2004937,2,30TH ST/ARAPAHOE AVE,ARAPAHOE AVENUE,STATE HWY,400,E ,2020/05/27 00:00:00+00,2020/05/27 14:14:00+00,2020,5,May,14,4,27,Wednesday,14,Motorway Collision,Daylight,NONE,Possible injury,0,0,0,40.014706,-105.253634,0,0,0,0,DRIVEWAY ACCESS RELATED,1414,10160
-105.277468,40.008687,Police Collision Report,COLLISION W/ MV - FRONT TO REAR,2004999,2,12TH ST/PENNSYLVANIA AVE,12TH ST,CITY ST/CNTY RD,50,N ,2020/05/28 00:00:00+00,2020/05/28 00:00:00+00,2020,5,May,0,5,28,Thursday,0,Motorway Collision,Dark - Lighted,NONE,Property Damage Only,0,0,0,40.008687,-105.277468,0,0,0,0,NON-INTERSECTION,300,10161
-105.244862,40.029223,Police Collision Report,COLLISION W/ MV - FRONT TO REAR,2004959,2,FOOTHILLS PKWY/VALMONT RD,FOOTHILLS PKY,STATE HWY,50,S ,2020/05/28 00:00:00+00,2020/05/28 10:03:00+00,2020,5,May,10,5,28,Thursday,10,Motorway Collision,Daylight,NONE,Property Damage Only,0,0,0,40.029223,-105.244862,0,0,0,0,INTERSECTION RELATED,1003,10162
-105.27083,40.019769,Police Collision Report,COLLISION W/ MV - FRONT TO REAR,2005160,2,19TH ST/PEARL ST,PEARL STREET,CITY ST/CNTY RD,30,W ,2020/06/02 00:00:00+00,2020/06/02 13:49:00+00,2020,6,June,13,3,2,Tuesday,13,Motorway Collision,Daylight,NONE,Property Damage Only,0,0,0,40.019769,-105.27083,0,0,0,0,INTERSECTION RELATED,1349,10163
-105.258317,40.014664,Police Collision Report,COLLISION W/ MV - FRONT TO REAR,2005174,2,ARAPAHOE AVE/28TH ST,ARAPAHOE AVE,INTERSTATE,50,S ,2020/06/02 00:00:00+00,2020/06/02 18:46:00+00,2020,6,June,18,3,2,Tuesday,18,Motorway Collision,Daylight,NONE,Property Damage Only,0,0,0,40.014664,-105.258317,0,0,0,0,INTERSECTION RELATED,1846,10164
-105.267763,40.003446,Police Collision Report,COLLISION W/ MV - FRONT TO REAR,2007859,2,20TH ST/BROADWAY,BROADWAY,STATE HWY,142,S ,2020/08/21 00:00:00+00,2020/08/21 13:08:00+00,2020,8,August,13,6,21,Friday,13,Motorway Collision,Daylight,NONE,Property Damage Only,0,0,0,40.003446,-105.267763,0,0,0,0,INTERSECTION RELATED,1308,10165
-105.258381,40.0304,Police Collision Report,COLLISION W/ MV - FRONT TO REAR,2007813,2,3070  28TH ST      ,3070 28TH ST                                               3,,     ,  ,2020/08/20 00:00:00+00,2020/08/20 19:03:00+00,2020,8,August,19,5,20,Thursday,19,Motorway Collision,Daylight,NONE,Property Damage Only,0,0,0,40.0304,-105.258381,0,0,0,0,PARKING LOT,1930,10166
-105.258695,40.002883,Police Collision Report,COLLISION W/ MV - FRONT TO REAR,2007822,2,820   28TH ST      ,28TH ST,STATE HWY,1775,S ,2020/08/20 22:57:00+00,2020/08/20 22:57:00+00,2020,8,August,22,5,20,Thursday,22,Motorway Collision,Dark - Lighted,NONE,Property Damage Only,0,0,0,40.002883,-105.258695,1,1,0,0,PARKING LOT,2258,10167
-105.258317,40.014664,Police Collision Report,COLLISION W/ MV - FRONT TO REAR,2007731,3,ARAPAHOE AVE/28TH ST,ARAPAHOE AVE,CITY ST/CNTY RD,10,E ,2020/08/18 00:00:00+00,2020/08/18 13:56:00+00,2020,8,August,13,3,18,Tuesday,13,Motorway Collision,Daylight,NONE,Property Damage Only,0,0,0,40.014664,-105.258317,0,0,0,0,INTERSECTION RELATED,1356,10168
-105.269744,40.004528,Police Collision Report,COLLISION W/ MV - FRONT TO REAR,2007734,2,BROADWAY/18TH ST,BROADWAY,STATE HWY,     ,  ,2020/08/18 00:00:00+00,2020/08/18 15:02:00+00,2020,8,August,15,3,18,Tuesday,15,Motorway Collision,Daylight,NONE,Property Damage Only,0,0,0,40.004528,-105.269744,0,0,0,0,AT INTERSECTION,1502,10169
-105.258456,40.036493,Police Collision Report,COLLISION W/ MV - FRONT TO REAR,2007770,2,IRIS AVE/28TH ST,IRIS,STATE HWY,500,W ,2020/08/19 00:00:00+00,2020/08/19 15:47:00+00,2020,8,August,15,4,19,Wednesday,15,Motorway Collision,Daylight,NONE,Property Damage Only,0,0,0,40.036493,-105.258456,0,0,0,0,INTERSECTION RELATED,1547,10170
-105.258282,40.014544,Police Collision Report,COLLISION W/ MV - FRONT TO REAR,2007866,2,28TH ST/ARAPAHOE AVE,28TH ST,STATE HWY,35,N ,2020/08/21 00:00:00+00,2020/08/21 15:15:00+00,2020,8,August,15,6,21,Friday,15,Motorway Collision,Daylight,NONE,Possible injury,0,0,0,40.014544,-105.258282,0,0,0,0,INTERSECTION RELATED,1515,10171
-105.264658,40.01464,Police Collision Report,COLLISION W/ MV - FRONT TO REAR,2007869,3,ARAPAHOE AVE/23RD ST,ARAPAHOE AVE,CITY ST/CNTY RD,60,W ,2020/08/21 00:00:00+00,2020/08/21 17:16:00+00,2020,8,August,17,6,21,Friday,17,Motorway Collision,Daylight,NONE,Property Damage Only,0,0,0,40.01464,-105.264658,0,0,0,0,INTERSECTION RELATED,1716,10172
-105.258436,40.029101,Police Collision Report,COLLISION W/ MV - FRONT TO REAR,2007910,2,28TH ST/VALMONT RD,28TH ST,STATE HWY,20,S ,2000/08/22 00:00:00+00,2020/08/22 10:33:00+00,2020,8,August,10,7,22,Saturday,10,Motorway Collision,Daylight,NONE,Possible injury,0,0,0,40.029101,-105.258436,0,0,0,0,INTERSECTION RELATED,1030,10173
-105.240982,39.975581,Police Collision Report,COLLISION W/ MV - FRONT TO REAR,2007929,2,GREENBRIAR BLVD/S BROADWAY,S. BROADWAY,STATE HWY,25,S ,2020/08/22 00:00:00+00,2020/08/22 17:33:00+00,2020,8,August,17,7,22,Saturday,17,Motorway Collision,Daylight,NONE,Property Damage Only,0,0,0,39.975581,-105.240982,0,0,0,0,INTERSECTION RELATED,1733,10174
-105.253059,39.999933,Police Collision Report,COLLISION W/ MV - FRONT TO REAR,2008006,2,30TH ST/BASELINE RD,30TH ST.,CITY ST/CNTY RD,     ,  ,2020/08/24 00:00:00+00,2020/08/24 13:13:00+00,2020,8,August,13,2,24,Monday,13,Motorway Collision,Daylight,NONE,Property Damage Only,0,0,0,39.999933,-105.253059,0,0,0,0,AT INTERSECTION,1315,10175
-105.282131,40.062944,Police Collision Report,COLLISION W/ MV - FRONT TO REAR,2008012,2,FRONT RANGE AVE/BROADWAY,LEE HILL DR,CITY ST/CNTY RD,     ,  ,2020/08/24 00:00:00+00,2020/08/24 14:53:00+00,2020,8,August,14,2,24,Monday,14,Motorway Collision,Daylight,NONE,Property Damage Only,0,0,0,40.062944,-105.282131,0,0,0,0,AT INTERSECTION,1456,10176
-105.260159,40.000452,Police Collision Report,COLLISION W/ MV - FRONT TO REAR,2008013,2,27TH WAY/BASELINE RD,BASELINE ROAD,STATE HWY,     ,  ,2020/08/24 00:00:00+00,2020/08/24 15:04:00+00,2020,8,August,15,2,24,Monday,15,Motorway Collision,Daylight,NONE,Possible injury,0,0,0,40.000452,-105.260159,0,0,0,0,AT INTERSECTION,1504,10177
-105.258476,40.03511,Police Collision Report,COLLISION W/ MV - FRONT TO REAR,2008014,2,3325  28TH ST      ,3325 28TH ST,,     ,  ,2020/08/24 00:00:00+00,2020/08/24 15:52:00+00,2020,8,August,15,2,24,Monday,15,Motorway Collision,Daylight,NONE,Property Damage Only,0,0,0,40.03511,-105.258476,0,0,0,0,PARKING LOT,1537,10178
-105.267825,40.014635,Police Collision Report,COLLISION W/ MV - FRONT TO REAR,2007804,2,ARAPAHOE AVE/21ST ST,ARAPAHOE AVE,CITY ST/CNTY RD,150,E ,2020/08/20 00:00:00+00,2020/08/20 15:49:00+00,2020,8,August,15,5,20,Thursday,15,Motorway Collision,Daylight,NONE,Property Damage Only,0,0,0,40.014635,-105.267825,0,0,0,0,NON-INTERSECTION,1549,10179
-105.234781,40.014837,Police Collision Report,COLLISION W/ MV - FRONT TO REAR,2008291,2,ARAPAHOE AVE/48TH ST,48TH ST,CITY ST/CNTY RD,12,N ,2020/08/31 00:00:00+00,2020/08/31 16:57:00+00,2020,8,August,16,2,31,Monday,16,Motorway Collision,Daylight,NONE,Property Damage Only,0,0,0,40.014837,-105.234781,0,0,0,0,AT INTERSECTION,1657,10180
-105.244901,40.029254,Police Collision Report,COLLISION W/ MV - FRONT TO REAR,2008323,2,VALMONT RD/FOOTHILLS PKWY,VALMONT RD,STATE HWY,     ,  ,2020/09/01 00:00:00+00,2020/09/01 14:35:00+00,2020,9,September,14,3,1,Tuesday,14,Motorway Collision,Daylight,NONE,Possible injury,0,0,0,40.029254,-105.244901,0,0,0,0,AT INTERSECTION,1442,10181
-105.24066,40.014698,Police Collision Report,COLLISION W/ MV - FRONT TO REAR,2008348,2,FOOTHILLS PKWY/ARAPAHOE AVE,FOOTHILLS PARKWAY,STATE HWY,     ,  ,2020/09/02 00:00:00+00,2020/09/02 08:06:00+00,2020,9,September,8,4,2,Wednesday,8,Motorway Collision,Daylight,NONE,Property Damage Only,0,0,0,40.014698,-105.24066,0,0,0,0,AT INTERSECTION,806,10182
-105.27537,40.016622,Police Collision Report,COLLISION W/ MV - FRONT TO REAR,2008054,2,15TH ST/CANYON BLVD,CANYON BLVD,STATE HWY,300,W ,2020/08/25 00:00:00+00,2020/08/25 23:31:00+00,2020,8,August,23,3,25,Tuesday,23,Motorway Collision,Dark - Lighted,NONE,Possible injury,0,0,0,40.016622,-105.27537,0,0,0,0,DRIVEWAY ACCESS RELATED,2330,10183
-105.25371,40.029189,Police Collision Report,COLLISION W/ MV - FRONT TO REAR,2008065,2,30TH ST/VALMONT RD,30TH ST,CITY ST/CNTY RD,     ,  ,2020/08/26 00:00:00+00,2020/08/26 12:11:00+00,2020,8,August,12,4,26,Wednesday,12,Motorway Collision,Daylight,NONE,Property Damage Only,0,0,0,40.029189,-105.25371,0,0,0,0,AT INTERSECTION,1211,10184
-105.236169,39.986022,Police Collision Report,COLLISION W/ MV - FRONT TO REAR,2008077,2,TABLE MESA DR/HWY 36 EB OFF RP @ T MESA,TABLE MESA DR,STATE HWY,20,W ,2020/08/26 00:00:00+00,2020/08/26 17:34:00+00,2020,8,August,17,4,26,Wednesday,17,Motorway Collision,Daylight,NONE,Property Damage Only,0,0,0,39.986022,-105.236169,0,0,0,0,PARKING LOT,1734,10185
-105.258397,40.0273,Police Collision Report,COLLISION W/ MV - FRONT TO REAR,2008081,2,BLUFF ST/28TH ST,28TH ST,STATE HWY,50,S ,2020/08/26 00:00:00+00,2020/08/26 18:31:00+00,2020,8,August,18,4,26,Wednesday,18,Motorway Collision,Daylight,NONE,Property Damage Only,0,0,0,40.0273,-105.258397,0,0,0,0,INTERSECTION RELATED,1831,10186
-105.253043,40.000084,Police Collision Report,COLLISION W/ MV - FRONT TO REAR,2008206,2,BASELINE RD/30TH ST,BASELINE ROAD,CITY ST/CNTY RD,     ,  ,2020/08/29 00:00:00+00,2020/08/29 00:00:00+00,2020,8,August,0,7,29,Saturday,0,Motorway Collision,Daylight,NONE,Property Damage Only,0,0,0,40.000084,-105.253043,0,0,0,0,AT INTERSECTION,1449,10187
-105.237637,39.986023,Police Collision Report,COLLISION W/ MV - FRONT TO REAR,2008659,2,4985  MOORHEAD AVE      ,US HIGHWAY 36,STATE HWY,40,W ,2020/09/10 00:00:00+00,2020/09/10 17:15:00+00,2020,9,September,17,5,10,Thursday,17,Motorway Collision,Daylight,NONE,Property Damage Only,0,0,0,39.986023,-105.237637,0,0,0,0,INTERSECTION RELATED,1714,10188
-105.253763,40.016707,Police Collision Report,COLLISION W/ MV - FRONT TO REAR,2008547,2,CANYON BLVD/30TH ST,CANYON BLVD,,120,W ,2020/09/07 00:00:00+00,2020/09/07 15:11:00+00,2020,9,September,15,2,7,Monday,15,Motorway Collision,Daylight,NONE,Property Damage Only,0,0,0,40.016707,-105.253763,0,0,0,0,INTERSECTION RELATED,1511,10189
-105.258394,40.000381,Police Collision Report,COLLISION W/ MV - FRONT TO REAR,2008550,2,28TH ST/BASELINE RD,28TH ST,CITY ST/CNTY RD,57,N ,2020/09/07 00:00:00+00,2020/09/07 16:36:00+00,2020,9,September,16,2,7,Monday,16,Motorway Collision,Daylight,NONE,Property Damage Only,0,0,0,40.000381,-105.258394,0,0,0,0,INTERSECTION RELATED,1630,10190
-105.258436,40.029101,Police Collision Report,COLLISION W/ MV - FRONT TO REAR,2008622,2,28TH ST/VALMONT RD,28TH ST,STATE HWY,     ,  ,2020/09/09 00:00:00+00,2020/09/09 16:21:00+00,2020,9,September,16,4,9,Wednesday,16,Motorway Collision,Daylight,NONE,Possible injury,0,0,0,40.029101,-105.258436,0,0,0,0,AT INTERSECTION,1621,10191
-105.263243,40.033153,Police Collision Report,COLLISION W/ MV - FRONT TO REAR,2008447,3,FOLSOM ST/GLENWOOD DR,FOLSOM ST,CITY ST/CNTY RD,     ,  ,2020/09/04 00:00:00+00,2020/09/04 16:53:00+00,2020,9,September,16,6,4,Friday,16,Motorway Collision,Daylight,NONE,Non-Incapacitating Injury,0,0,1,40.033153,-105.263243,0,0,0,0,AT INTERSECTION,1655,10192
-105.267763,40.003446,Police Collision Report,COLLISION W/ MV - FRONT TO REAR,2008390,3,20TH ST/BROADWAY,BROADWAY,STATE HWY,197,N ,2020/09/03 00:00:00+00,2020/09/03 11:54:00+00,2020,9,September,11,5,3,Thursday,11,Motorway Collision,Daylight,NONE,Possible injury,0,0,0,40.003446,-105.267763,0,0,0,0,INTERSECTION RELATED,1154,10193
-105.258436,40.029101,Police Collision Report,COLLISION W/ MV - FRONT TO REAR,2008475,2,28TH ST/VALMONT RD,28TH ST,STATE HWY,50,S ,2020/09/04 00:00:00+00,2020/09/04 00:00:00+00,2020,9,September,0,6,4,Friday,0,Motorway Collision,Daylight,NONE,Property Damage Only,0,0,0,40.029101,-105.258436,0,0,0,0,INTERSECTION RELATED,1630,10194
-105.206672,40.014677,Police Collision Report,COLLISION W/ MV - FRONT TO REAR,2008832,2,ARAPAHOE RD/63RD ST,ARAPAHOE AVE,STATE HWY,380,E ,2020/09/15 00:00:00+00,2020/09/15 17:21:00+00,2020,9,September,17,3,15,Tuesday,17,Motorway Collision,Daylight,NONE,Property Damage Only,0,0,0,40.014677,-105.206672,0,0,0,0,NON-INTERSECTION,1721,10195
-105.24066,40.014698,Police Collision Report,COLLISION W/ MV - FRONT TO REAR,2008853,2,FOOTHILLS PKWY/ARAPAHOE AVE,FOOTHILLS PKWY,STATE HWY,430,N ,2020/09/16 00:00:00+00,2020/09/16 08:00:00+00,2020,9,September,8,4,16,Wednesday,8,Motorway Collision,Daylight,NONE,Property Damage Only,0,0,0,40.014698,-105.24066,0,0,0,0,NON-INTERSECTION,800,10196
-105.264773,40.036429,Police Collision Report,COLLISION W/ MV - FRONT TO REAR,2008856,2,25TH ST/IRIS AVE,25TH ST,CITY ST/CNTY RD,290,S ,2020/09/16 00:00:00+00,2020/09/16 07:57:00+00,2020,9,September,7,4,16,Wednesday,7,Motorway Collision,Dark - Lighted,NONE,Property Damage Only,0,0,0,40.036429,-105.264773,0,0,0,0,NON-INTERSECTION,2245,10197
-105.244862,40.029223,Police Collision Report,COLLISION W/ MV - FRONT TO REAR,2008899,2,FOOTHILLS PKWY/VALMONT RD,VALMONT ROAD,CITY ST/CNTY RD,     ,  ,2020/09/17 00:00:00+00,2020/09/17 11:19:00+00,2020,9,September,11,5,17,Thursday,11,Motorway Collision,Daylight,NONE,Possible injury,0,0,0,40.029223,-105.244862,0,0,0,0,AT INTERSECTION,1119,10198
-105.243166,40.029221,Police Collision Report,COLLISION W/ MV - FRONT TO REAR,2008912,2,47TH ST/VALMONT RD,47TH ST,CITY ST/CNTY RD,30,S ,2020/09/17 00:00:00+00,2020/09/17 16:03:00+00,2020,9,September,16,5,17,Thursday,16,Motorway Collision,Daylight,NONE,Property Damage Only,0,0,0,40.029221,-105.243166,0,0,0,0,INTERSECTION RELATED,1601,10199
-105.266229,40.014639,Police Collision Report,COLLISION W/ MV - FRONT TO REAR,2008916,2,ARAPAHOE AVE/22ND ST,ARAPAHOE ROAD,CITY ST/CNTY RD,220,W ,2020/09/17 00:00:00+00,2020/09/17 17:39:00+00,2020,9,September,17,5,17,Thursday,17,Motorway Collision,Daylight,NONE,Possible injury,0,0,0,40.014639,-105.266229,0,0,0,0,NON-INTERSECTION,1739,10200
-105.276953,40.010476,Police Collision Report,COLLISION W/ MV - FRONT TO REAR,2008657,2,BROADWAY/UNIVERSITY AVE,BROADWAY,CITY ST/CNTY RD,75,N ,2020/09/10 00:00:00+00,2020/09/10 16:01:00+00,2020,9,September,16,5,10,Thursday,16,Motorway Collision,Daylight,NONE,Possible injury,0,0,0,40.010476,-105.276953,0,0,0,0,INTERSECTION RELATED,1600,10201
-105.258556,40.012152,Police Collision Report,COLLISION W/ MV - FRONT TO REAR,2008689,4,28TH ST/CORDRY CT,28TH ST.,STATE HWY,     ,  ,2020/09/11 00:00:00+00,2020/09/11 12:11:00+00,2020,9,September,12,6,11,Friday,12,Motorway Collision,Daylight,NONE,Possible injury,0,0,0,40.012152,-105.258556,0,0,0,0,NON-INTERSECTION,1210,10202
-105.276207,40.00733,Police Collision Report,COLLISION W/ MV - FRONT TO REAR,2008720,2,COLLEGE AVE/13TH ST,COLLEGE AVE,CITY ST/CNTY RD,127,E ,2020/09/12 00:00:00+00,2020/09/12 11:33:00+00,2020,9,September,11,7,12,Saturday,11,Motorway Collision,Daylight,NONE,Property Damage Only,0,0,0,40.00733,-105.276207,0,0,0,0,NON-INTERSECTION,1133,10203
-105.279314,40.015947,Police Collision Report,COLLISION W/ MV - FRONT TO REAR,2008730,2,CANYON BLVD/BROADWAY,CANYON BOULEVARD,STATE HWY,     ,  ,2020/09/12 00:00:00+00,2020/09/12 14:19:00+00,2020,9,September,14,7,12,Saturday,14,Motorway Collision,Daylight,NONE,Possible injury,0,0,0,40.015947,-105.279314,0,0,0,0,INTERSECTION RELATED,1419,10204
-105.265891,40.000056,Police Collision Report,COLLISION W/ MV - FRONT TO REAR,2008736,2,2136  BASELINE RD      ,BASELINE RD,CITY ST/CNTY RD,154,W ,2020/09/12 00:00:00+00,2020/09/12 15:01:00+00,2020,9,September,15,7,12,Saturday,15,Motorway Collision,Daylight,NONE,Property Damage Only,0,0,0,40.000056,-105.265891,0,0,0,0,NON-INTERSECTION,1500,10205
-105.232572,40.000025,Police Collision Report,COLLISION W/ MV - FRONT TO REAR,2008703,2,FOOTHILLS PKWY/BASELINE RD,FOOTHILLS,INTERSTATE,200,N ,2020/09/11 00:00:00+00,2020/09/11 18:45:00+00,2020,9,September,18,6,11,Friday,18,Motorway Collision,Daylight,NONE,Property Damage Only,0,0,0,40.000025,-105.232572,0,0,0,0,INTERSECTION RELATED,1845,10206
-105.244901,40.029254,Police Collision Report,COLLISION W/ MV - FRONT TO REAR,2008808,2,VALMONT RD/FOOTHILLS PKWY,VALMONT RD,STATE HWY,     ,  ,2020/09/14 00:00:00+00,2020/09/14 19:57:00+00,2020,9,September,19,2,14,Monday,19,Motorway Collision,Dark - Lighted,NONE,Property Damage Only,0,0,0,40.029254,-105.244901,0,0,0,0,AT INTERSECTION,1956,10207
-105.272553,40.014615,Police Collision Report,COLLISION W/ MV - FRONT TO REAR,2007652,2,ARAPAHOE AVE/17TH ST,ARAPAHOE AVE,CITY ST/CNTY RD,     ,  ,2020/08/15 00:00:00+00,2020/08/15 15:48:00+00,2020,8,August,15,7,15,Saturday,15,Motorway Collision,Daylight,NONE,Property Damage Only,0,0,0,40.014615,-105.272553,0,0,0,0,INTERSECTION RELATED,1548,10208