X,Y,ReportType,PrmaryCollsionType,CaseNumber,UnitsInvolved,Location,OnHighway,CrossStreet,FeetFromIntersection,DirectionFromIntersection,CollisionDate,ReportedDate,ReportedYear,ReportedMonth,ReportedMonthName,ReportedWeek,ReportedDayofWeekNum,ReportedDayofMonth,ReportedDayofWeek,ReportedHour,HitAndRunStatus,LightingCondition,WeatherCondition,Severity,NumKilled,NumSeriouslyInjured,NumInjuredOrKilled,Lat,Lon,DUI,AlcoholDrugSuspected,BicyclesInvolved,PedestriansInvolved,RoadDescription,Crash_Time,ESRI_OID
-105.258422,40.012817,Police Collision Report,COLLISION W/ MV - FRONT TO REAR,2007638,2,28TH FRONTAGE RD/OLSON DR,28TH ST,STATE HWY,214,S ,2020/08/15 00:00:00+00,2020/08/15 10:43:00+00,2020,8,August,10,7,15,Saturday,10,Motorway Collision,Daylight,NONE,Possible injury,0,0,0,40.012817,-105.258422,0,0,0,0,NON-INTERSECTION,1043,10209
-105.26379,40.000067,Police Collision Report,COLLISION W/ MV - FRONT TO REAR,2007641,2,BROADWAY/BASELINE RD,BROADWAY,STATE HWY,     ,  ,2020/08/15 00:00:00+00,2020/08/15 12:17:00+00,2020,8,August,12,7,15,Saturday,12,Motorway Collision,Daylight,NONE,Possible injury,0,0,0,40.000067,-105.26379,0,0,0,0,AT INTERSECTION,1217,10210
-105.263563,40.000114,Police Collision Report,COLLISION W/ MV - FRONT TO REAR,2007642,2,BASELINE RD/BROADWAY,BASELINE ROAD,STATE HWY,     ,  ,2020/08/15 00:00:00+00,2020/08/15 13:09:00+00,2020,8,August,13,7,15,Saturday,13,Motorway Collision,Daylight,NONE,Property Damage Only,0,0,0,40.000114,-105.263563,0,0,0,0,AT INTERSECTION,1309,10211
-105.282112,40.046385,Police Collision Report,COLLISION W/ MV - FRONT TO REAR,2007646,2,BROADWAY/POPLAR AVE,BROADWAY,CITY ST/CNTY RD,     ,  ,2020/08/15 00:00:00+00,2020/08/15 14:25:00+00,2020,8,August,14,7,15,Saturday,14,Motorway Collision,Daylight,NONE,Property Damage Only,0,0,0,40.046385,-105.282112,0,0,0,0,AT INTERSECTION,1425,10212
-105.258571,40.043598,Police Collision Report,COLLISION W/ MV - FRONT TO REAR,2007623,2,28TH ST/PALO PKWY,PALO PARKWAY,CITY ST/CNTY RD,500,E ,2020/08/14 00:00:00+00,2020/08/14 17:15:00+00,2020,8,August,17,6,14,Friday,17,Motorway Collision,Daylight,NONE,Property Damage Only,0,0,0,40.043598,-105.258571,0,0,0,0,INTERSECTION RELATED,1715,10213
-105.26379,40.000067,Police Collision Report,COLLISION W/ MV - FRONT TO REAR,2007356,2,BROADWAY/BASELINE RD,BASELINE,STATE HWY,60,E ,2020/08/07 00:00:00+00,2020/08/07 17:01:00+00,2020,8,August,17,6,7,Friday,17,Motorway Collision,Daylight,NONE,Property Damage Only,0,0,0,40.000067,-105.26379,0,0,0,0,INTERSECTION RELATED,1700,10214
-105.258524,40.008127,Police Collision Report,COLLISION W/ MV - FRONT TO REAR,2007525,3,28TH ST/COLORADO AVE,28TH ST,STATE HWY,1100,N ,2020/08/12 00:00:00+00,2020/08/12 12:00:00+00,2020,8,August,12,4,12,Wednesday,12,Motorway Collision,Daylight,NONE,Possible injury,0,0,0,40.008127,-105.258524,0,0,0,0,AT INTERSECTION,1200,10215
-105.236169,39.986022,Police Collision Report,COLLISION W/ MV - FRONT TO REAR,2007558,3,TABLE MESA DR/HWY 36 EB OFF RP @ T MESA,TABLE MESA DRIVE,CITY ST/CNTY RD,200,E ,2020/08/13 00:00:00+00,2020/08/13 09:57:00+00,2020,8,August,9,5,13,Thursday,9,Motorway Collision,Daylight,NONE,Possible injury,0,0,0,39.986022,-105.236169,0,0,0,0,INTERSECTION RELATED,957,10216
-105.258492,40.017345,Police Collision Report,COLLISION W/ MV - FRONT TO REAR,2007528,3,28TH ST/CANYON BLVD,28TH STREET,STATE HWY,200,S ,2020/08/12 00:00:00+00,2020/08/12 12:37:00+00,2020,8,August,12,4,12,Wednesday,12,Motorway Collision,Daylight,NONE,Property Damage Only,0,0,0,40.017345,-105.258492,0,0,0,0,INTERSECTION RELATED,1237,10217
-105.258571,40.043598,Police Collision Report,COLLISION W/ MV - FRONT TO REAR,2007590,2,28TH ST/PALO PKWY,28TH ST.,STATE HWY,     ,  ,2020/08/13 00:00:00+00,2020/08/13 21:19:00+00,2020,8,August,21,5,13,Thursday,21,Motorway Collision,Dark - Lighted,NONE,Property Damage Only,0,0,0,40.043598,-105.258571,0,0,0,0,AT INTERSECTION,2130,10218
-105.25831,40.022375,Police Collision Report,COLLISION W/ MV - FRONT TO REAR,2007606,2,PEARL ST/28TH ST,PEARL STREET,STATE HWY,540,E ,2020/08/14 00:00:00+00,2020/08/14 09:37:00+00,2020,8,August,9,6,14,Friday,9,Motorway Collision,Daylight,NONE,Property Damage Only,0,0,0,40.022375,-105.25831,0,0,0,0,NON-INTERSECTION,937,10219
-105.258521,40.0087,Police Collision Report,COLLISION W/ MV - FRONT TO REAR,2007350,3,28TH ST/PENNSYLVANIA AVE,28TH ST,STATE HWY,18,N ,2020/08/07 00:00:00+00,2020/08/07 13:40:00+00,2020,8,August,13,6,7,Friday,13,Motorway Collision,Daylight,NONE,Possible injury,0,0,0,40.0087,-105.258521,0,0,0,0,NON-INTERSECTION,1340,10220
-105.284386,40.010476,Police Collision Report,COLLISION W/ MV - FRONT TO REAR,2007300,2,8TH ST/UNIVERSITY AVE,8TH ST,CITY ST/CNTY RD,100,S ,2020/08/05 00:00:00+00,2020/08/05 23:07:00+00,2020,8,August,23,4,5,Wednesday,23,Motorway Collision,Dark - Unlighted,NONE,Property Damage Only,0,0,0,40.010476,-105.284386,0,0,0,0,NON-INTERSECTION,2341,10221
-105.282104,40.032865,Police Collision Report,COLLISION W/ MV - FRONT TO REAR,2007319,3,BROADWAY/FOREST AVE,BROADWAY,CITY ST/CNTY RD,     ,  ,2020/08/06 00:00:00+00,2020/08/06 13:14:00+00,2020,8,August,13,5,6,Thursday,13,Motorway Collision,Daylight,NONE,Property Damage Only,0,0,0,40.032865,-105.282104,0,0,0,0,AT INTERSECTION,1314,10222
-105.240753,40.002669,Police Collision Report,COLLISION W/ MV - FRONT TO REAR,2007393,2,4220  EVANS DR      ,EVANS DR,CITY ST/CNTY RD,135,N ,2020/08/08 00:00:00+00,2020/08/08 15:53:00+00,2020,8,August,15,7,8,Saturday,15,Motorway Collision,Daylight,NONE,Property Damage Only,0,0,0,40.002669,-105.240753,0,0,0,0,NON-INTERSECTION,1300,10223
-105.264431,40.03237,Police Collision Report,COLLISION W/ MV - FRONT TO REAR,2007409,2,2480  FOREST AVE      ,FOREST AVE,CITY ST/CNTY RD,96,E ,2020/08/09 07:59:59+00,2020/08/09 08:00:00+00,2020,8,August,8,1,9,Sunday,8,Motorway Collision,Daylight,NONE,Property Damage Only,0,0,0,40.03237,-105.264431,1,1,0,0,NON-INTERSECTION,800,10224
-105.280059,40.013818,Police Collision Report,COLLISION W/ MV - FRONT TO REAR,2007490,2,11TH ST/ARAPAHOE AVE,ARAPAHOE,CITY ST/CNTY RD,     ,  ,2020/08/11 00:00:00+00,2020/08/11 13:26:00+00,2020,8,August,13,3,11,Tuesday,13,Motorway Collision,Daylight,NONE,Property Damage Only,0,0,0,40.013818,-105.280059,0,0,0,0,AT INTERSECTION,1325,10225
-105.225069,40.027648,Police Collision Report,COLLISION W/ MV - FRONT TO REAR,2007497,2,55TH ST/PEARL PKWY,55TH ST,CITY ST/CNTY RD,15,S ,2020/08/11 00:00:00+00,2020/08/11 17:09:00+00,2020,8,August,17,3,11,Tuesday,17,Motorway Collision,Daylight,NONE,Property Damage Only,0,0,0,40.027648,-105.225069,0,0,0,0,AT INTERSECTION,1709,10226
-105.270255,40.014596,Police Collision Report,COLLISION W/ MV - FRONT TO REAR,2007159,2,19TH ST/ARAPAHOE AVE,ARAPAHOE AVE,CITY ST/CNTY RD,75,E ,2020/08/01 00:00:00+00,2020/08/01 13:30:00+00,2020,8,August,13,7,1,Saturday,13,Motorway Collision,Daylight,NONE,Possible injury,0,0,0,40.014596,-105.270255,0,0,0,0,INTERSECTION RELATED,1330,10227
-105.258476,40.03511,Police Collision Report,COLLISION W/ MV - FRONT TO REAR,2007161,2,3325  28TH ST      ,3325 28TH STREET,,     ,  ,2020/08/01 00:00:00+00,2020/08/01 14:32:00+00,2020,8,August,14,7,1,Saturday,14,Motorway Collision,Daylight,NONE,Property Damage Only,0,0,0,40.03511,-105.258476,0,0,0,0,DRIVEWAY ACCESS RELATED,1432,10228
-105.289296,40.01042,Police Collision Report,COLLISION W/ MV - FRONT TO REAR,2007186,2,5TH ST/UNIVERSITY AVE,UNIVERSITY AVE,CITY ST/CNTY RD,250,E ,2020/08/02 00:00:00+00,2020/08/02 14:26:00+00,2020,8,August,14,1,2,Sunday,14,Motorway Collision,Daylight,NONE,Property Damage Only,0,0,0,40.01042,-105.289296,0,0,0,0,NON-INTERSECTION,1426,10229
-105.23281,39.999988,Police Collision Report,COLLISION W/ MV - FRONT TO REAR,2007238,2,BASELINE RD/FOOTHILLS PKWY,BASELINE,STATE HWY,     ,  ,2020/08/04 00:00:00+00,2020/08/04 05:19:00+00,2020,8,August,5,3,4,Tuesday,5,Motorway Collision,Dawn or Dusk,NONE,Property Damage Only,0,0,0,39.999988,-105.23281,0,0,0,0,AT INTERSECTION,530,10230
-105.276238,40.007301,Police Collision Report,COLLISION W/ MV - FRONT TO REAR,2007259,2,13TH ST/COLLEGE AVE,13TH ST,CITY ST/CNTY RD,100,S ,2020/08/04 00:00:00+00,2020/08/04 20:11:00+00,2020,8,August,20,3,4,Tuesday,20,Motorway Collision,Daylight,NONE,Property Damage Only,0,0,0,40.007301,-105.276238,0,0,0,0,NON-INTERSECTION,2011,10231
-105.272553,40.014615,Police Collision Report,COLLISION W/ MV - FRONT TO REAR,2006779,2,ARAPAHOE AVE/17TH ST,ARAPAHOE AVE,CITY ST/CNTY RD,40,E ,2020/07/21 00:00:00+00,2020/07/21 15:37:00+00,2020,7,July,15,3,21,Tuesday,15,Motorway Collision,Daylight,NONE,Possible injury,0,0,0,40.014615,-105.272553,0,0,0,0,INTERSECTION RELATED,1538,10232
-105.276293,40.009467,Police Collision Report,COLLISION W/ MV - FRONT TO REAR,2006804,2,BROADWAY/PLEASANT ST,BROADWAY,STATE HWY,314,N ,2020/07/22 00:00:00+00,2020/07/22 11:08:00+00,2020,7,July,11,4,22,Wednesday,11,Motorway Collision,Daylight,NONE,Property Damage Only,0,0,0,40.009467,-105.276293,0,0,0,0,INTERSECTION RELATED,1108,10233
-105.280971,40.016592,Police Collision Report,COLLISION W/ MV - FRONT TO REAR,2006740,2,11TH ST/WALNUT ST,11TH ST,CITY ST/CNTY RD,35,N ,2020/07/20 00:00:00+00,2020/07/20 14:26:00+00,2020,7,July,14,2,20,Monday,14,Motorway Collision,Daylight,NONE,Property Damage Only,0,0,0,40.016592,-105.280971,0,0,0,0,NON-INTERSECTION,1426,10234
-105.278701,40.010489,Police Collision Report,COLLISION W/ MV - FRONT TO REAR,2006768,2,11TH ST/UNIVERSITY AVE,UNIVERSITY AVE,CITY ST/CNTY RD,188,W ,2020/07/21 00:00:00+00,2020/07/21 10:37:00+00,2020,7,July,10,3,21,Tuesday,10,Motorway Collision,Daylight,NONE,Property Damage Only,0,0,0,40.010489,-105.278701,0,0,0,0,NON-INTERSECTION,1037,10235
-105.244815,40.02287,Police Collision Report,COLLISION W/ MV - FRONT TO REAR,2006770,2,FOOTHILLS PKWY/PEARL PKWY,FOOTHILLS HWY,STATE HWY,     ,  ,2020/07/21 00:00:00+00,2020/07/21 12:00:00+00,2020,7,July,12,3,21,Tuesday,12,Motorway Collision,Daylight,NONE,Possible injury,0,0,0,40.02287,-105.244815,0,0,0,0,INTERSECTION RELATED,1159,10236
-105.278697,40.014093,Police Collision Report,COLLISION W/ MV - FRONT TO REAR,2006814,2,BROADWAY/ARAPAHOE AVE,BROADWAY,STATE HWY,20,N ,2020/07/22 00:00:00+00,2020/07/22 17:10:00+00,2020,7,July,17,4,22,Wednesday,17,Motorway Collision,Daylight,NONE,Property Damage Only,0,0,0,40.014093,-105.278697,0,0,0,0,INTERSECTION RELATED,1710,10237
-105.263563,40.000114,Police Collision Report,COLLISION W/ MV - FRONT TO REAR,2006818,3,BASELINE RD/BROADWAY,BROADWAY,STATE HWY,195,N ,2020/07/22 00:00:00+00,2020/07/22 18:12:00+00,2020,7,July,18,4,22,Wednesday,18,Motorway Collision,Dawn or Dusk,RAIN,Possible injury,0,0,0,40.000114,-105.263563,0,0,0,0,INTERSECTION RELATED,1813,10238
-105.258357,40.000215,Police Collision Report,COLLISION W/ MV - FRONT TO REAR,2005702,2,US HIGHWAY 36/BASELINE RD,US HIGHWAY 36 OFF RAMP,STATE HWY,5,S ,2020/06/18 00:00:00+00,2020/06/18 15:27:00+00,2020,6,June,15,5,18,Thursday,15,Motorway Collision,Daylight,RAIN,Property Damage Only,0,0,0,40.000215,-105.258357,0,0,0,0,INTERSECTION RELATED,527,10239
-105.244901,40.029254,Police Collision Report,COLLISION W/ MV - FRONT TO REAR,2106733,2,VALMONT RD/FOOTHILLS PKWY,FOOTHILLS PARKWAY,STATE HWY,     ,  ,2021/07/31 00:00:00+00,2021/07/31 15:24:00+00,2021,7,July,15,7,31,Saturday,15,Motorway Collision,Daylight,RAIN,Property Damage Only,0,0,0,40.029254,-105.244901,0,0,0,0,AT INTERSECTION,1537,10240
-105.244674,40.038243,Police Collision Report,COLLISION W/ MV - FRONT TO REAR,2103835,2,FOOTHILLS PKWY/DIAGONAL HWY,FOOTHILLS PKWY,STATE HWY,     ,S ,2021/05/10 00:00:00+00,2021/05/10 08:55:00+00,2021,5,May,8,2,10,Monday,8,Hit-and-Run Collision,Daylight,RAIN,Property Damage Only,0,0,0,40.038243,-105.244674,0,0,0,0,NON-INTERSECTION,858,10241
-105.244674,40.038243,Police Collision Report,COLLISION W/ MV - FRONT TO REAR,2103836,2,FOOTHILLS PKWY/DIAGONAL HWY,FOOTHILLS PKWY,STATE HWY,     ,S ,2021/05/10 00:00:00+00,2021/05/10 09:37:00+00,2021,5,May,9,2,10,Monday,9,Motorway Collision,Daylight,RAIN,Property Damage Only,0,0,0,40.038243,-105.244674,0,0,0,0,NON-INTERSECTION,858,10242
-105.234584,39.986627,Police Collision Report,COLLISION W/ MV - FRONT TO REAR,2103846,2,TABLE MESA DR/US HIGHWAY 36,TABLE MESA DR,CITY ST/CNTY RD,     ,E ,2021/05/10 00:00:00+00,2021/05/10 15:31:00+00,2021,5,May,15,2,10,Monday,15,Hit-and-Run Collision,Daylight,RAIN,Property Damage Only,0,0,0,39.986627,-105.234584,0,0,0,0,NON-INTERSECTION,1531,10243
-105.258217,40.022325,Police Collision Report,COLLISION W/ MV - FRONT TO REAR,2103847,2,2805  PEARL ST      ,2805 PEARL ST,,     ,  ,2021/05/10 00:00:00+00,2021/05/10 17:37:00+00,2021,5,May,17,2,10,Monday,17,Motorway Collision,Daylight,RAIN,Property Damage Only,0,0,0,40.022325,-105.258217,0,0,0,0,PARKING LOT,1737,10244
-105.24676,39.982177,Police Collision Report,COLLISION W/ MV - FRONT TO REAR,2103594,2,825   S BROADWAYS      ,BROADWAY,STATE HWY,     ,N ,2021/05/03 00:00:00+00,2021/05/03 12:33:00+00,2021,5,May,12,2,3,Monday,12,Motorway Collision,Daylight,RAIN,Property Damage Only,0,0,0,39.982177,-105.24676,0,0,0,0,INTERSECTION RELATED,1233,10245
-105.282125,40.030102,Police Collision Report,COLLISION W/ MV - FRONT TO REAR,2103405,2,BROADWAY/ELDER AVE,BROADWAY,CITY ST/CNTY RD,     ,N ,2021/04/27 00:00:00+00,2021/04/27 16:11:00+00,2021,4,April,16,3,27,Tuesday,16,Motorway Collision,Daylight,RAIN,Possible injury,0,0,0,40.030102,-105.282125,0,0,0,0,INTERSECTION RELATED,1611,10246
-105.239567,40.008522,Police Collision Report,COLLISION W/ MV - FRONT TO REAR,2103071,2,FOOTHILLS PKWY/COLORADO AVE,FOOTHILLS PKY,STATE HWY,     ,N ,2021/04/15 00:00:00+00,2021/04/15 15:31:00+00,2021,4,April,15,5,15,Thursday,15,Motorway Collision,Daylight,RAIN,Property Damage Only,0,0,0,40.008522,-105.239567,0,0,0,0,INTERSECTION RELATED,1531,10247
-105.2358,39.982799,Police Collision Report,COLLISION W/ MV - FRONT TO FRONT,2105632,2,TANTRA DR/E MOORHEAD CIR,TANTRA DR,CITY ST/CNTY RD,     ,W ,2021/07/01 00:00:00+00,2021/07/01 16:09:00+00,2021,7,July,16,5,1,Thursday,16,Motorway Collision,Dawn or Dusk,RAIN,Possible injury,0,0,0,39.982799,-105.2358,0,1,0,0,INTERSECTION RELATED,1609,10248
-105.267767,40.000107,Police Collision Report,COLLISION W/ MV - FRONT TO REAR,2103015,2,BASELINE RD/20TH ST,BASELINE ROAD,CITY ST/CNTY RD,     ,W ,2021/04/13 00:00:00+00,2021/04/13 10:59:00+00,2021,4,April,10,3,13,Tuesday,10,Motorway Collision,Daylight,RAIN,Property Damage Only,0,0,0,40.000107,-105.267767,0,0,0,0,AT INTERSECTION,1058,10249
-105.253059,39.999933,Police Collision Report,COLLISION W/ MV - FRONT TO FRONT,1911563,2,30TH ST/BASELINE RD,BASELINE RD,CITY ST/CNTY RD,     ,  ,2019/09/27 00:00:00+00,2019/09/27 19:29:00+00,2019,9,September,19,6,27,Friday,19,Motorway Collision,Dark - Lighted,RAIN,Possible injury,0,0,0,39.999933,-105.253059,0,0,0,0,AT INTERSECTION,1929,10250
-105.229565,40.000134,Police Collision Report,COLLISION W/ MV - FRONT TO FRONT,1907395,3,BASELINE RD/CRESCENT DR,BASELINE RD,CITY ST/CNTY RD,     ,  ,2019/07/05 00:00:00+00,2019/07/05 20:46:00+00,2019,7,July,20,6,5,Friday,20,Motorway Collision,Dark - Lighted,RAIN,Property Damage Only,0,0,0,40.000134,-105.229565,0,0,0,0,AT INTERSECTION,2046,10251
-105.278257,40.012875,Police Collision Report,COLLISION W/ MV - FRONT TO FRONT,1906774,2,BROADWAY/MARINE ST,BROADWAY,STATE HWY,     ,  ,2019/06/21 00:00:00+00,2019/06/21 15:00:00+00,2019,6,June,15,6,21,Friday,15,Motorway Collision,Daylight,RAIN,Possible injury,0,0,0,40.012875,-105.278257,0,0,0,0,AT INTERSECTION,1500,10252
-105.263226,40.036463,Police Collision Report,COLLISION W/ MV - FRONT TO FRONT,2010124,2,IRIS AVE/FOLSOM ST,IRIS AVE,CITY ST/CNTY RD,     ,  ,2020/10/22 00:00:00+00,2020/10/22 16:53:00+00,2020,10,October,16,5,22,Thursday,16,Motorway Collision,Dawn or Dusk,RAIN,Property Damage Only,0,0,0,40.036463,-105.263226,0,0,0,0,AT INTERSECTION,1651,10253
-105.26379,40.000067,Police Collision Report,COLLISION W/ MV - FRONT TO FRONT,1905417,2,BROADWAY/BASELINE RD,BROADWAY,STATE HWY,     ,  ,2019/05/19 00:00:00+00,2019/05/19 21:14:00+00,2019,5,May,21,1,19,Sunday,21,Motorway Collision,Dark - Lighted,RAIN,Non-Incapacitating Injury,0,0,1,40.000067,-105.26379,0,0,0,0,AT INTERSECTION,2114,10254
-105.258482,40.036463,Police Collision Report,COLLISION W/ MV - FRONT TO FRONT,1905756,2,28TH ST/IRIS AVE,28TH ST,STATE HWY,     ,  ,2019/05/28 00:00:00+00,2019/05/28 03:12:00+00,2019,5,May,3,3,28,Tuesday,3,Motorway Collision,Dark - Lighted,RAIN,Non-Incapacitating Injury,0,0,1,40.036463,-105.258482,0,0,0,0,AT INTERSECTION,312,10255
-105.282121,40.026732,Police Collision Report,COLLISION W/ MV - FRONT TO FRONT,1904669,2,BROADWAY/BALSAM AVE,BROADWAY,CITY ST/CNTY RD,10,W ,2019/04/30 00:00:00+00,2019/04/30 19:36:00+00,2019,4,April,19,3,30,Tuesday,19,Motorway Collision,Dawn or Dusk,RAIN,Property Damage Only,0,0,0,40.026732,-105.282121,0,0,0,0,AT INTERSECTION,1936,10256
-105.253143,40.002729,Police Collision Report,COLLISION W/ MV - FRONT TO FRONT,1904316,2,30TH ST/BIXBY AVE,30TH ST,CITY ST/CNTY RD,     ,  ,2019/04/22 00:00:00+00,2019/04/22 17:09:00+00,2019,4,April,17,2,22,Monday,17,Motorway Collision,Daylight,RAIN,Property Damage Only,0,0,0,40.002729,-105.253143,0,0,0,0,AT INTERSECTION,1709,10257
-105.25371,40.029189,Police Collision Report,COLLISION W/ MV - FRONT TO FRONT,1904979,3,30TH ST/VALMONT RD,30TH ST,CITY ST/CNTY RD,     ,  ,2019/05/08 00:00:00+00,2019/05/08 20:52:00+00,2019,5,May,20,4,8,Wednesday,20,Motorway Collision,Dark - Lighted,RAIN,Property Damage Only,0,0,0,40.029189,-105.25371,0,0,0,0,AT INTERSECTION,2051,10258
-105.206734,40.071175,Police Collision Report,COLLISION W/ MV - FRONT TO FRONT,1809673,2,63RD ST/LOOKOUT RD,63RD STREET,CITY ST/CNTY RD,     ,  ,2018/08/03 00:00:00+00,2018/08/03 12:26:00+00,2018,8,August,12,6,3,Friday,12,Motorway Collision,Daylight,RAIN,Non-Incapacitating Injury,0,0,1,40.071175,-105.206734,0,0,0,0,AT INTERSECTION,1226,10259
-105.253716,40.037957,Police Collision Report,COLLISION W/ MV - FRONT TO FRONT,1806105,2,30TH ST/DIAGONAL HWY,DIAGONAL HWY,STATE HWY,     ,  ,2018/05/18 00:00:00+00,2018/05/18 14:56:00+00,2018,5,May,14,6,18,Friday,14,Motorway Collision,Daylight,RAIN,Possible injury,0,0,0,40.037957,-105.253716,0,0,0,0,AT INTERSECTION,1456,10260
-105.206772,40.07115,Police Collision Report,COLLISION W/ MV - FRONT TO FRONT,1806110,3,LOOKOUT RD/63RD ST,63RD ST,CITY ST/CNTY RD,     ,  ,2018/05/18 00:00:00+00,2018/05/18 17:13:00+00,2018,5,May,17,6,18,Friday,17,Motorway Collision,Daylight,RAIN,Property Damage Only,0,0,0,40.07115,-105.206772,0,0,0,0,AT INTERSECTION,1718,10261
-105.287479,40.015118,Police Collision Report,COLLISION W/ MV - FRONT TO FRONT,1806152,2,CANYON BLVD/6TH ST,CANYON BLVD,STATE HWY,     ,  ,2018/05/19 00:00:00+00,2018/05/19 16:33:00+00,2018,5,May,16,7,19,Saturday,16,Motorway Collision,Daylight,RAIN,Possible injury,0,0,0,40.015118,-105.287479,0,0,0,0,AT INTERSECTION,1633,10262
-105.253043,40.000084,Police Collision Report,COLLISION W/ MV - FRONT TO FRONT,1813179,2,BASELINE RD/30TH ST,BASELINE RD,STATE HWY,     ,  ,2018/10/10 00:00:00+00,2018/10/10 22:39:00+00,2018,10,October,22,4,10,Wednesday,22,Motorway Collision,Dark - Lighted,RAIN,Possible injury,0,0,0,40.000084,-105.253043,0,0,0,0,AT INTERSECTION,2239,10263
-105.263133,40.02137,Police Collision Report,COLLISION W/ MV - FRONT TO FRONT,1813072,2,PEARL ST/FOLSOM ST,FOLSOM,CITY ST/CNTY RD,     ,  ,2018/10/08 00:00:00+00,2018/10/08 10:12:00+00,2018,10,October,10,2,8,Monday,10,Motorway Collision,Daylight,RAIN,Possible injury,0,0,0,40.02137,-105.263133,0,0,0,0,AT INTERSECTION,1011,10264
-105.24256,40.022678,Police Collision Report,COLLISION W/ MV - FRONT TO FRONT,1813074,2,4700  PEARL PKWY 4     ,4700 PEARL ST,,     ,  ,2018/10/08 00:00:00+00,2018/10/08 10:50:00+00,2018,10,October,10,2,8,Monday,10,Motorway Collision,Daylight,RAIN,Property Damage Only,0,0,0,40.022678,-105.24256,0,0,0,0,PARKING LOT,1050,10265
-105.253677,40.029218,Police Collision Report,COLLISION W/ MV - FRONT TO FRONT,1813063,2,VALMONT RD/30TH ST,VALMONT ROAD,CITY ST/CNTY RD,567,E ,2018/10/08 00:00:00+00,2018/10/08 07:44:00+00,2018,10,October,7,2,8,Monday,7,Motorway Collision,Daylight,RAIN,Non-Incapacitating Injury,0,0,1,40.029218,-105.253677,0,0,0,0,INTERSECTION RELATED,744,10266
-105.258419,40.016018,Police Collision Report,COLLISION W/ MV - FRONT TO FRONT,1712199,2,1650  28TH ST      ,1650 28TH ST,,     ,  ,2017/09/15 00:00:00+00,2017/09/16 22:26:00+00,2017,9,September,22,7,16,Saturday,22,Motorway Collision,Dark - Lighted,RAIN,Property Damage Only,0,0,0,40.016018,-105.258419,0,0,0,0,PARKING LOT,2227,10267
-105.268982,40.014576,Police Collision Report,COLLISION W/ MV - FRONT TO FRONT,1814103,2,2000  ARAPAHOE AVE      ,ARAPAHOE AVE,CITY ST/CNTY RD,15,E ,2018/10/30 19:41:00+00,2018/10/30 20:22:00+00,2018,10,October,20,3,30,Tuesday,20,Motorway Collision,Dark - Lighted,RAIN,Non-Incapacitating Injury,0,0,1,40.014576,-105.268982,1,1,0,0,INTERSECTION RELATED,1941,10268
-105.258407,40.022375,Police Collision Report,COLLISION W/ MV - FRONT TO FRONT,1710391,2,28TH ST/PEARL ST,PEARL ST,STATE HWY,     ,  ,2017/08/15 00:00:00+00,2017/08/15 19:55:00+00,2017,8,August,19,3,15,Tuesday,19,Motorway Collision,Daylight,RAIN,Possible injury,0,0,0,40.022375,-105.258407,0,0,0,0,AT INTERSECTION,1956,10269
-105.260159,40.000452,Police Collision Report,COLLISION W/ MV - FRONT TO FRONT,1712991,2,27TH WAY/BASELINE RD,27TH WAY,CITY ST/CNTY RD,150,E ,2017/10/02 00:00:00+00,2017/10/02 00:00:00+00,2017,10,October,0,2,2,Monday,0,Motorway Collision,Dark - Unlighted,RAIN,Property Damage Only,0,0,0,40.000452,-105.260159,0,0,0,0,PARKING LOT,27,10270
-105.270725,40.023026,Police Collision Report,COLLISION W/ MV - FRONT TO FRONT,1712963,2,20TH ST/MAPLETON AVE,20TH,CITY ST/CNTY RD,     ,  ,2017/10/02 00:00:00+00,2017/10/02 05:47:00+00,2017,10,October,5,2,2,Monday,5,Motorway Collision,Dark - Lighted,RAIN,Possible injury,0,0,0,40.023026,-105.270725,0,0,0,0,AT INTERSECTION,548,10271
-105.281901,40.000068,Police Collision Report,COLLISION W/ MV - FRONT TO FRONT,1712790,2,9TH ST/BASELINE RD,BASELINE RD,CITY ST/CNTY RD,     ,  ,,2017/09/28 08:35:00+00,2017,9,September,8,5,28,Thursday,8,Motorway Collision,Daylight,RAIN,Possible injury,0,0,0,40.000068,-105.281901,0,0,0,0,AT INTERSECTION,836,10272
-105.244815,40.02287,Police Collision Report,COLLISION W/ MV - FRONT TO FRONT,1713009,2,FOOTHILLS PKWY/PEARL PKWY,PEARL PKWY,CITY ST/CNTY RD,     ,  ,2017/10/02 00:00:00+00,2017/10/02 12:21:00+00,2017,10,October,12,2,2,Monday,12,Motorway Collision,Daylight,RAIN,Property Damage Only,0,0,0,40.02287,-105.244815,0,0,0,0,AT INTERSECTION,1220,10273
-105.258282,40.014544,Police Collision Report,COLLISION W/ MV - FRONT TO FRONT,1715262,2,28TH ST/ARAPAHOE AVE,28TH,INTERSTATE,     ,  ,2017/11/17 00:00:00+00,2017/11/17 18:59:00+00,2017,11,November,18,6,17,Friday,18,Motorway Collision,Dawn or Dusk,RAIN,Possible injury,0,0,0,40.014544,-105.258282,0,0,0,0,AT INTERSECTION,1900,10274
-105.260159,40.000452,Police Collision Report,COLLISION W/ PED - ALL OTHER PEDS,1911736,2,27TH WAY/BASELINE RD,27TH WAY,STATE HWY,     ,  ,2019/10/01 00:00:00+00,2019/10/01 12:34:00+00,2019,10,October,12,3,1,Tuesday,12,Motorway Collision,Daylight,RAIN,Possible injury,0,0,0,40.000452,-105.260159,0,0,0,1,AT INTERSECTION,1233,10275