X,Y,ReportType,PrmaryCollsionType,CaseNumber,UnitsInvolved,Location,OnHighway,CrossStreet,FeetFromIntersection,DirectionFromIntersection,CollisionDate,ReportedDate,ReportedYear,ReportedMonth,ReportedMonthName,ReportedWeek,ReportedDayofWeekNum,ReportedDayofMonth,ReportedDayofWeek,ReportedHour,HitAndRunStatus,LightingCondition,WeatherCondition,Severity,NumKilled,NumSeriouslyInjured,NumInjuredOrKilled,Lat,Lon,DUI,AlcoholDrugSuspected,BicyclesInvolved,PedestriansInvolved,RoadDescription,Crash_Time,ESRI_OID
-105.253572,40.02006,Police Collision Report,COLLISION W/ MV - FRONT TO REAR,1813137,3,WALNUT ST/30TH ST,30TH ST,CITY ST/CNTY RD,70,S ,2018/10/09 00:00:00+00,2018/10/09 17:42:00+00,2018,10,October,17,3,9,Tuesday,17,Motorway Collision,Dark - Lighted,RAIN,Property Damage Only,0,0,0,40.02006,-105.253572,0,0,0,0,INTERSECTION RELATED,1742,10409
-105.244862,40.029223,Police Collision Report,COLLISION W/ MV - FRONT TO REAR,1813126,2,FOOTHILLS PKWY/VALMONT RD,FOOTHILLS PKWY,STATE HWY,     ,  ,2018/10/09 00:00:00+00,2018/10/09 14:06:00+00,2018,10,October,14,3,9,Tuesday,14,Motorway Collision,Daylight,RAIN,Property Damage Only,0,0,0,40.029223,-105.244862,0,0,0,0,AT INTERSECTION,1406,10410
-105.202163,40.070057,Police Collision Report,COLLISION W/ MV - FRONT TO REAR,1815305,2,SPINE RD/GUNPARK DR,SPINE RD,CITY ST/CNTY RD,10,S ,2018/11/30 00:00:00+00,2018/11/30 16:07:00+00,2018,11,November,16,6,30,Friday,16,Motorway Collision,Daylight,RAIN,Property Damage Only,0,0,0,40.070057,-105.202163,0,0,0,0,AT INTERSECTION,1607,10411
-105.263065,40.014614,Police Collision Report,COLLISION W/ MV - FRONT TO REAR,1904957,3,FOLSOM ST/ARAPAHOE AVE,FOLSOM ST,CITY ST/CNTY RD,75,S ,2019/05/08 00:00:00+00,2019/05/08 00:00:00+00,2019,5,May,0,4,8,Wednesday,0,Motorway Collision,Daylight,RAIN,Property Damage Only,0,0,0,40.014614,-105.263065,0,0,0,0,INTERSECTION RELATED,1212,10412
-105.244862,40.029223,Police Collision Report,COLLISION W/ MV - FRONT TO REAR,1807516,2,FOOTHILLS PKWY/VALMONT RD,FOOTHILLS PKWY,STATE HWY,     ,  ,2018/06/19 00:00:00+00,2018/06/19 06:25:00+00,2018,6,June,6,3,19,Tuesday,6,Motorway Collision,Daylight,RAIN,Possible injury,0,0,0,40.029223,-105.244862,0,0,0,0,AT INTERSECTION,625,10413
-105.267763,40.003446,Police Collision Report,COLLISION W/ MV - FRONT TO REAR,1814978,2,20TH ST/BROADWAY,20TH STREET,CITY ST/CNTY RD,210,N ,2018/11/12 00:00:00+00,2018/11/21 15:45:00+00,2018,11,November,15,4,21,Wednesday,15,Motorway Collision,Dawn or Dusk,RAIN,Property Damage Only,0,0,0,40.003446,-105.267763,0,0,0,0,DRIVEWAY ACCESS RELATED,1545,10414
-105.23231,39.985598,Police Collision Report,COLLISION W/ MV - FRONT TO REAR,1812948,2,US HIGHWAY 36/FOOTHILLS PKWY,US 36,STATE HWY,60,E ,2018/10/05 00:00:00+00,2018/10/05 17:09:00+00,2018,10,October,17,6,5,Friday,17,Motorway Collision,Dawn or Dusk,RAIN,Property Damage Only,0,0,0,39.985598,-105.23231,0,0,0,0,NON-INTERSECTION,1709,10415
-105.263065,40.014614,Police Collision Report,COLLISION W/ MV - FRONT TO REAR,2209927,2,FOLSOM ST/ARAPAHOE AVE,ARAPAHOE AVE,CITY ST/CNTY RD,     ,W ,2022/10/03 00:00:00+00,2022/10/03 16:56:00+00,2022,10,October,16,2,3,Monday,16,Motorway Collision,Daylight,RAIN,Property Damage Only,0,0,0,40.014614,-105.263065,0,0,0,0,INTERSECTION RELATED,1656,10416
-105.26379,40.000067,Police Collision Report,COLLISION W/ MV - FRONT TO REAR,2209053,2,BROADWAY/BASELINE RD,BROADWAY,STATE HWY,     ,N ,2022/09/09 00:00:00+00,2022/09/09 23:56:00+00,2022,9,September,23,6,9,Friday,23,Motorway Collision,Dark - Lighted,RAIN,Property Damage Only,0,0,0,40.000067,-105.26379,0,0,0,0,INTERSECTION RELATED,2355,10417
-105.272529,40.005485,Police Collision Report,COLLISION W/ MV - FRONT TO REAR,2209049,2,1599  EUCLID AVE/16TH ST      ,BROADWAY,STATE HWY,     ,  ,2022/09/09 20:43:59+00,2022/09/09 20:44:00+00,2022,9,September,20,6,9,Friday,20,Motorway Collision,Dark - Lighted,RAIN,Property Damage Only,0,0,0,40.005485,-105.272529,1,1,0,0,AT INTERSECTION,2043,10418
-105.253716,40.037957,Police Collision Report,COLLISION W/ MV - FRONT TO REAR,2204767,2,30TH ST/DIAGONAL HWY,DIAGONAL HIGHWAY,STATE HWY,     ,E ,2022/05/20 00:00:00+00,2022/05/20 12:56:00+00,2022,5,May,12,6,20,Friday,12,Motorway Collision,Daylight,RAIN,Property Damage Only,0,0,0,40.037957,-105.253716,0,0,0,0,NON-INTERSECTION,1255,10419
-105.271825,40.022771,Police Collision Report,COLLISION W/ MV - FRONT TO REAR,2204768,2,1900  MAPLETON AVE      ,19TH,CITY ST/CNTY RD,     ,S ,2022/05/20 13:04:59+00,2022/05/20 13:05:00+00,2022,5,May,13,6,20,Friday,13,Motorway Collision,Daylight,RAIN,Property Damage Only,0,0,0,40.022771,-105.271825,0,0,0,0,AT INTERSECTION,1303,10420
-105.282101,40.036414,Police Collision Report,COLLISION W/ MV - FRONT TO REAR,2210192,2,BROADWAY/IRIS AVE,BROADWAY,CITY ST/CNTY RD,     ,S ,2022/10/03 00:00:00+00,2022/10/10 22:27:00+00,2022,10,October,22,2,10,Monday,22,Motorway Collision,Daylight,RAIN,Property Damage Only,0,0,0,40.036414,-105.282101,0,0,0,0,NON-INTERSECTION,1745,10421
-105.239567,40.008522,Police Collision Report,COLLISION W/ MV - FRONT TO REAR,2111903,2,FOOTHILLS PKWY/COLORADO AVE,FOOTHILLS PKWY,STATE HWY,     ,N ,2021/12/13 00:00:00+00,2021/12/13 17:08:00+00,2021,12,December,17,2,13,Monday,17,Motorway Collision,Dark - Lighted,RAIN,Property Damage Only,0,0,0,40.008522,-105.239567,0,0,0,0,AT INTERSECTION,1708,10422
-105.253772,40.020084,Police Collision Report,COLLISION W/ MV - FRONT TO REAR,2111120,2,30TH ST/WALNUT ST,30TH STREET,CITY ST/CNTY RD,     ,S ,2021/11/20 00:00:00+00,2021/11/20 14:40:00+00,2021,11,November,14,7,20,Saturday,14,Motorway Collision,Daylight,RAIN,Possible injury,0,0,0,40.020084,-105.253772,0,0,0,0,MID-BLOCK CROSSWALK,1440,10423
-105.258565,40.008102,Police Collision Report,COLLISION W/ MV - FRONT TO REAR,2110470,3,COLORADO AVE/28TH ST,28TH ST,STATE HWY,     ,S ,2021/11/01 00:00:00+00,2021/11/01 10:52:00+00,2021,11,November,10,2,1,Monday,10,Motorway Collision,Daylight,RAIN,Possible injury,0,0,0,40.008102,-105.258565,0,0,0,0,INTERSECTION RELATED,1052,10424
-105.258492,40.017345,Police Collision Report,COLLISION W/ MV - FRONT TO SIDE,2205141,3,28TH ST/CANYON BLVD,28TH STREET,STATE HWY,     ,  ,2022/05/31 00:00:00+00,2022/05/31 19:36:00+00,2022,5,May,19,3,31,Tuesday,19,Hit-and-Run Collision,Dawn or Dusk,RAIN,Non-Incapacitating Injury,0,0,2,40.017345,-105.258492,0,0,0,0,AT INTERSECTION,1936,10425
-105.258272,40.017365,Police Collision Report,COLLISION W/ MV - FRONT TO SIDE,2205134,2,CANYON BLVD/28TH ST,CANYON BLVD,STATE HWY,     ,  ,2022/05/31 00:00:00+00,2022/05/31 17:05:00+00,2022,5,May,17,3,31,Tuesday,17,Motorway Collision,Daylight,RAIN,Possible injury,0,0,0,40.017365,-105.258272,0,0,0,0,AT INTERSECTION,1705,10426
-105.253012,39.997714,Police Collision Report,COLLISION W/ MV - FRONT TO SIDE,2205557,2,555   30TH ST      ,555 30TH ST,,     ,  ,2022/06/12 00:00:00+00,2022/06/12 12:55:00+00,2022,6,June,12,1,12,Sunday,12,Motorway Collision,Daylight,RAIN,Property Damage Only,0,0,0,39.997714,-105.253012,0,0,0,0,PARKING LOT,1442,10427
-105.280342,40.018923,Police Collision Report,COLLISION W/ MV - FRONT TO SIDE,2209074,2,1199  SPRUCE ST/BROADWAY      ,BROADWAY,CITY ST/CNTY RD,     ,  ,2022/09/10 00:00:00+00,2022/09/10 10:22:00+00,2022,9,September,10,7,10,Saturday,10,Motorway Collision,Daylight,RAIN,Property Damage Only,0,0,0,40.018923,-105.280342,0,0,0,0,AT INTERSECTION,1022,10428
-105.263033,40.014644,Police Collision Report,COLLISION W/ MV - FRONT TO SIDE,2205085,2,ARAPAHOE AVE/FOLSOM ST,ARAPAHOE AVE,CITY ST/CNTY RD,     ,E ,2022/05/29 00:00:00+00,2022/05/29 00:00:00+00,2022,5,May,0,1,29,Sunday,0,Motorway Collision,Dark - Lighted,RAIN,Property Damage Only,0,0,0,40.014644,-105.263033,0,0,0,0,INTERSECTION RELATED,2343,10429
-105.253797,40.016675,Police Collision Report,COLLISION W/ MV - FRONT TO SIDE,2204171,2,30TH ST/CANYON BLVD,30TH ST,CITY ST/CNTY RD,     ,  ,2022/05/04 00:00:00+00,2022/05/04 16:32:00+00,2022,5,May,16,4,4,Wednesday,16,Motorway Collision,Daylight,RAIN,Property Damage Only,0,0,0,40.016675,-105.253797,0,0,0,0,AT INTERSECTION,1631,10430
-105.236404,40.000161,Police Collision Report,COLLISION W/ MV - FRONT TO SIDE,2208338,2,MOHAWK DR/BASELINE RD,BASELINE ROAD,CITY ST/CNTY RD,     ,E ,2022/08/25 00:00:00+00,2022/08/25 16:04:00+00,2022,8,August,16,5,25,Thursday,16,Motorway Collision,Daylight,RAIN,Possible injury,0,0,0,40.000161,-105.236404,0,0,0,0,AT INTERSECTION,1604,10431
-105.260805,40.032832,Police Collision Report,COLLISION W/ MV - FRONT TO SIDE,2209498,2,GLENWOOD DR/EASTWOOD CT,GLENWOOD DR,CITY ST/CNTY RD,     ,W ,2022/09/21 00:00:00+00,2022/09/21 17:49:00+00,2022,9,September,17,4,21,Wednesday,17,Motorway Collision,Daylight,RAIN,Property Damage Only,0,0,0,40.032832,-105.260805,0,0,0,0,DRIVEWAY ACCESS RELATED,1749,10432
-105.263563,40.000114,Police Collision Report,COLLISION W/ MV - FRONT TO SIDE,2209501,2,BASELINE RD/BROADWAY,BROADWAY,STATE HWY,     ,  ,2022/09/21 00:00:00+00,2022/09/21 20:05:00+00,2022,9,September,20,4,21,Wednesday,20,Motorway Collision,Dark - Lighted,RAIN,Non-Incapacitating Injury,0,0,1,40.000114,-105.263563,0,0,0,0,AT INTERSECTION,2005,10433
-105.272547,40.001836,Police Collision Report,COLLISION W/ MV - FRONT TO SIDE,2209048,2,16TH ST/CASCADE AVE,16TH ST,CITY ST/CNTY RD,     ,  ,2022/09/09 00:00:00+00,2022/09/09 20:26:00+00,2022,9,September,20,6,9,Friday,20,Motorway Collision,Dark - Lighted,RAIN,Property Damage Only,0,0,0,40.001836,-105.272547,0,0,0,0,AT INTERSECTION,2026,10434
-105.247521,40.02923,Police Collision Report,COLLISION W/ MV - FRONT TO REAR,2206758,2,VALMONT RD/WILDERNESS PL,WILDERNESS PLACE,CITY ST/CNTY RD,     ,  ,2022/07/16 00:00:00+00,2022/07/16 14:19:00+00,2022,7,July,14,7,16,Saturday,14,Motorway Collision,Daylight,RAIN,Possible injury,0,0,0,40.02923,-105.247521,0,0,0,0,AT INTERSECTION,1419,10435
-105.237103,39.987889,Police Collision Report,COLLISION W/ MV - FRONT TO REAR,2209486,2,US HIGHWAY 36/HWY 36 WB ON RP @ T MESA,US HWY 36,STATE HWY,     ,S ,2022/09/21 00:00:00+00,2022/09/21 15:47:00+00,2022,9,September,15,4,21,Wednesday,15,Motorway Collision,Daylight,RAIN,Property Damage Only,0,0,0,39.987889,-105.237103,0,0,0,0,NON-INTERSECTION,1547,10436
-105.283213,40.026723,Police Collision Report,COLLISION W/ MV - FRONT TO REAR,2206396,2,11TH ST/BALSAM AVE,11TH STREET,CITY ST/CNTY RD,     ,N ,2022/07/06 00:00:00+00,2022/07/06 19:32:00+00,2022,7,July,19,4,6,Wednesday,19,Motorway Collision,Daylight,RAIN,Property Damage Only,0,0,0,40.026723,-105.283213,0,0,0,0,NON-INTERSECTION,1932,10437
-105.258357,40.000215,Police Collision Report,COLLISION W/ MV - FRONT TO REAR,2207183,2,US HIGHWAY 36/BASELINE RD,US36,STATE HWY,     ,  ,2022/07/28 00:00:00+00,2022/07/28 19:08:00+00,2022,7,July,19,5,28,Thursday,19,Motorway Collision,Daylight,RAIN,Property Damage Only,0,0,0,40.000215,-105.258357,0,0,0,0,RAMP,1908,10438
-105.271297,40.001843,Police Collision Report,COLLISION W/ MV - FRONT TO SIDE,2207888,2,17TH ST/CASCADE AVE,CASCADE AVE,CITY ST/CNTY RD,     ,  ,2022/08/16 00:00:00+00,2022/08/16 16:34:00+00,2022,8,August,16,3,16,Tuesday,16,Motorway Collision,Daylight,RAIN,Property Damage Only,0,0,0,40.001843,-105.271297,0,0,0,0,AT INTERSECTION,1633,10439
-105.258407,40.022375,Police Collision Report,COLLISION W/ MV - FRONT TO REAR,2207871,2,28TH ST/PEARL ST,28TH ST,STATE HWY,     ,  ,2022/08/16 00:00:00+00,2022/08/16 10:55:00+00,2022,8,August,10,3,16,Tuesday,10,Motorway Collision,Daylight,RAIN,Property Damage Only,0,0,0,40.022375,-105.258407,0,0,0,0,AT INTERSECTION,1054,10440
-105.25371,40.029189,Police Collision Report,COLLISION W/ MV - FRONT TO SIDE,2206909,2,30TH ST/VALMONT RD,30TH STREET,CITY ST/CNTY RD,     ,  ,2022/07/20 00:00:00+00,2022/07/20 17:31:00+00,2022,7,July,17,4,20,Wednesday,17,Motorway Collision,Daylight,RAIN,Possible injury,0,0,0,40.029189,-105.25371,0,0,0,0,AT INTERSECTION,1731,10441
-105.265233,40.019899,Police Collision Report,COLLISION W/ MV - FRONT TO SIDE,1712682,2,23RD ST/WALNUT ST,23RD ST,CITY ST/CNTY RD,     ,  ,,2017/09/25 15:13:00+00,2017,9,September,15,2,25,Monday,15,Motorway Collision,Daylight,RAIN,Property Damage Only,0,0,0,40.019899,-105.265233,0,0,0,0,AT INTERSECTION,1513,10442
-105.258272,40.017365,Police Collision Report,COLLISION W/ MV - FRONT TO SIDE,1712600,2,CANYON BLVD/28TH ST,28TH STREET,CITY ST/CNTY RD,30,E ,2017/09/23 00:00:00+00,2017/09/23 12:34:00+00,2017,9,September,12,7,23,Saturday,12,Motorway Collision,Daylight,RAIN,Property Damage Only,0,0,0,40.017365,-105.258272,0,0,0,0,INTERSECTION RELATED,1235,10443
-105.20831,40.014702,Police Collision Report,COLLISION W/ MV - FRONT TO SIDE,1712775,2,62ND ST/ARAPAHOE AVE,ARAPAHOE ROAD,STATE HWY,     ,  ,,2017/09/27 16:38:00+00,2017,9,September,16,4,27,Wednesday,16,Motorway Collision,Dawn or Dusk,RAIN,Property Damage Only,0,0,0,40.014702,-105.20831,0,0,0,0,INTERSECTION RELATED,1638,10444
-105.276252,40.008678,Police Collision Report,COLLISION W/ MV - FRONT TO SIDE,1712794,3,13TH ST/PENNSYLVANIA AVE,PENNSYLVANIA AVE,CITY ST/CNTY RD,65,S ,,2017/09/28 10:12:00+00,2017,9,September,10,5,28,Thursday,10,Motorway Collision,Daylight,RAIN,Property Damage Only,0,0,0,40.008678,-105.276252,0,0,0,0,DRIVEWAY ACCESS RELATED,1005,10445
-105.263012,40.017354,Police Collision Report,COLLISION W/ MV - FRONT TO SIDE,1712743,2,FOLSOM ST/CANYON BLVD,FOLSOM,CITY ST/CNTY RD,     ,  ,,2017/09/26 21:19:00+00,2017,9,September,21,3,26,Tuesday,21,Motorway Collision,Dark - Lighted,RAIN,Possible injury,0,0,0,40.017354,-105.263012,0,0,0,0,AT INTERSECTION,2119,10446
-105.225448,40.014598,Police Collision Report,COLLISION W/ MV - FRONT TO SIDE,1712640,3,55TH ST/ARAPAHOE AVE,55TH ST.,STATE HWY,     ,  ,2017/09/24 00:00:00+00,2017/09/24 12:55:00+00,2017,9,September,12,1,24,Sunday,12,Motorway Collision,Daylight,RAIN,Property Damage Only,0,0,0,40.014598,-105.225448,0,0,0,0,AT INTERSECTION,1255,10447
-105.258407,40.022375,Police Collision Report,COLLISION W/ MV - FRONT TO SIDE,1712198,2,28TH ST/PEARL ST,28TH ST,STATE HWY,     ,  ,2017/09/15 00:00:00+00,2017/09/15 22:08:00+00,2017,9,September,22,6,15,Friday,22,Motorway Collision,Dark - Lighted,RAIN,Property Damage Only,0,0,0,40.022375,-105.258407,0,0,0,0,AT INTERSECTION,2041,10448
-105.261628,40.014585,Police Collision Report,COLLISION W/ MV - FRONT TO SIDE,1710421,2,2525  ARAPAHOE AVE      ,2525 ARAPAHOE AVE,,     ,  ,2017/08/16 00:00:00+00,2017/08/16 12:56:00+00,2017,8,August,12,4,16,Wednesday,12,Motorway Collision,Daylight,RAIN,Property Damage Only,0,0,0,40.014585,-105.261628,0,0,0,0,PARKING LOT,1256,10449
-105.240833,40.014503,Police Collision Report,COLLISION W/ MV - FRONT TO SIDE,1713292,2,ARAPAHOE AVE/FOOTHILLS PKWY,ARAPAHOE AVE,STATE HWY,     ,  ,2017/10/08 00:00:00+00,2017/10/08 20:56:00+00,2017,10,October,20,1,8,Sunday,20,Motorway Collision,Dark - Lighted,RAIN,Property Damage Only,0,0,0,40.014503,-105.240833,0,0,0,0,AT INTERSECTION,2056,10450
-105.225069,40.027648,Police Collision Report,COLLISION W/ MV - FRONT TO SIDE,1710154,2,55TH ST/PEARL PKWY,PEARL PKWY,CITY ST/CNTY RD,     ,  ,2017/08/10 17:16:00+00,2017/08/10 17:15:00+00,2017,8,August,17,5,10,Thursday,17,Motorway Collision,Daylight,RAIN,Property Damage Only,0,0,0,40.027648,-105.225069,0,0,0,0,AT INTERSECTION,1716,10451
-105.290077,40.020436,Police Collision Report,COLLISION W/ MV - FRONT TO SIDE,1710010,2,5TH ST/MAPLETON AVE,5TH,CITY ST/CNTY RD,     ,  ,2017/08/08 14:36:00+00,2017/08/08 14:35:00+00,2017,8,August,14,3,8,Tuesday,14,Motorway Collision,Daylight,RAIN,Non-Incapacitating Injury,0,0,1,40.020436,-105.290077,0,0,0,0,AT INTERSECTION,1436,10452
-105.278721,40.018161,Police Collision Report,COLLISION W/ MV - FRONT TO SIDE,1709947,2,13TH ST/PEARL ST,13TH ST,CITY ST/CNTY RD,     ,  ,,2017/08/07 13:52:00+00,2017,8,August,13,2,7,Monday,13,Motorway Collision,Daylight,RAIN,Property Damage Only,0,0,0,40.018161,-105.278721,0,0,1,0,AT INTERSECTION,1352,10453
-105.252022,39.984369,Police Collision Report,COLLISION W/ MV - FRONT TO SIDE,1715256,2,STANFORD AVE/TABLE MESA DR,TABLE MESA DR,CITY ST/CNTY RD,172,E ,2017/11/17 00:00:00+00,2017/11/17 17:15:00+00,2017,11,November,17,6,17,Friday,17,Motorway Collision,Dark - Unlighted,RAIN,Property Damage Only,0,0,0,39.984369,-105.252022,0,0,0,0,NON-INTERSECTION,1715,10454
-105.24066,40.014698,Police Collision Report,COLLISION W/ MV - FRONT TO SIDE,1805351,2,FOOTHILLS PKWY/ARAPAHOE AVE,FOOTHILS PARKWAY,STATE HWY,     ,  ,2018/05/02 00:00:00+00,2018/05/02 17:19:00+00,2018,5,May,17,4,2,Wednesday,17,Motorway Collision,Daylight,RAIN,Property Damage Only,0,0,0,40.014698,-105.24066,0,0,0,0,AT INTERSECTION,1719,10455
-105.272765,40.054641,Police Collision Report,COLLISION W/ MV - FRONT TO SIDE,1805353,2,19TH ST/VIOLET AVE,19TH ST.,CITY ST/CNTY RD,     ,  ,2018/05/02 00:00:00+00,2018/05/06 00:00:00+00,2018,5,May,0,1,6,Sunday,0,Motorway Collision,Daylight,RAIN,Non-Incapacitating Injury,0,0,1,40.054641,-105.272765,0,0,1,0,AT INTERSECTION,1744,10456
-105.282131,40.061857,Police Collision Report,COLLISION W/ MV - FRONT TO SIDE,1805357,2,LEE HILL DR/BROADWAY,BROADWAY ST,CITY ST/CNTY RD,     ,  ,2018/05/02 00:00:00+00,2018/05/02 19:48:00+00,2018,5,May,19,4,2,Wednesday,19,Motorway Collision,Daylight,RAIN,Property Damage Only,0,0,0,40.061857,-105.282131,0,0,0,0,AT INTERSECTION,2008,10457
-105.258479,39.992669,Police Collision Report,COLLISION W/ MV - FRONT TO SIDE,1805388,2,S BROADWAY/ASH AVE,BROADWAY,STATE HWY,     ,  ,2018/05/03 00:00:00+00,2018/05/03 14:35:00+00,2018,5,May,14,5,3,Thursday,14,Motorway Collision,Daylight,RAIN,Property Damage Only,0,0,0,39.992669,-105.258479,0,0,0,0,AT INTERSECTION,1435,10458
-105.258504,40.020518,Police Collision Report,COLLISION W/ MV - FRONT TO SIDE,1805831,2,28TH ST/WALNUT ST,PRIVATE,,     ,  ,2018/05/12 00:00:00+00,2018/05/12 18:02:00+00,2018,5,May,18,7,12,Saturday,18,Motorway Collision,Dawn or Dusk,RAIN,Property Damage Only,0,0,0,40.020518,-105.258504,0,0,0,0,PARKING LOT,1802,10459
-105.244148,40.025039,Police Collision Report,COLLISION W/ MV - FRONT TO SIDE,1805337,2,4700  PEARL ST 4     ,PRIVATE,,     ,  ,2018/05/02 00:00:00+00,2018/05/02 13:00:00+00,2018,5,May,13,4,2,Wednesday,13,Motorway Collision,Daylight,RAIN,Property Damage Only,0,0,0,40.025039,-105.244148,0,0,0,0,PARKING LOT,1000,10460
-105.263639,40.023434,Police Collision Report,COLLISION W/ MV - FRONT TO SIDE,1805872,2,PINE ST/FOLSOM ST,FOLSOM,CITY ST/CNTY RD,     ,  ,2018/05/13 00:00:00+00,2018/05/13 20:46:00+00,2018,5,May,20,1,13,Sunday,20,Motorway Collision,Dark - Unlighted,RAIN,Property Damage Only,0,0,0,40.023434,-105.263639,0,0,0,0,AT INTERSECTION,2047,10461
-105.26379,40.000067,Police Collision Report,COLLISION W/ MV - FRONT TO SIDE,1712912,2,BROADWAY/BASELINE RD,BROADWAY,STATE HWY,100,E ,2017/09/29 00:00:00+00,2017/09/29 20:36:00+00,2017,9,September,20,6,29,Friday,20,Motorway Collision,Dark - Lighted,RAIN,Property Damage Only,0,0,0,40.000067,-105.26379,0,0,0,0,DRIVEWAY ACCESS RELATED,2030,10462
-105.258504,40.020518,Police Collision Report,COLLISION W/ MV - FRONT TO SIDE,1713020,2,28TH ST/WALNUT ST,28TH ST,STATE HWY,53,N ,2017/10/02 00:00:00+00,2017/10/02 16:35:00+00,2017,10,October,16,2,2,Monday,16,Motorway Collision,Daylight,RAIN,Property Damage Only,0,0,0,40.020518,-105.258504,0,0,0,0,AT INTERSECTION,1636,10463
-105.263158,40.021342,Police Collision Report,COLLISION W/ MV - FRONT TO SIDE,1713013,2,FOLSOM ST/PEARL ST,FOLSOM ST,CITY ST/CNTY RD,     ,  ,2017/10/02 00:00:00+00,2017/10/02 13:57:00+00,2017,10,October,13,2,2,Monday,13,Motorway Collision,Daylight,RAIN,Possible injury,0,0,0,40.021342,-105.263158,0,0,0,0,AT INTERSECTION,1357,10464
-105.222531,40.000111,Police Collision Report,COLLISION W/ MV - FRONT TO SIDE,1909427,3,MEADOW GLEN DR/BASELINE RD,BASELINE RD,CITY ST/CNTY RD,     ,  ,2019/08/20 00:00:00+00,2019/08/20 09:09:00+00,2019,8,August,9,3,20,Tuesday,9,Motorway Collision,Daylight,RAIN,Property Damage Only,0,0,0,40.000111,-105.222531,0,0,0,0,AT INTERSECTION,905,10465
-105.253763,40.016707,Police Collision Report,COLLISION W/ MV - FRONT TO SIDE,1907222,2,CANYON BLVD/30TH ST,CANYON,CITY ST/CNTY RD,     ,  ,2019/07/01 00:00:00+00,2019/07/01 21:10:00+00,2019,7,July,21,2,1,Monday,21,Motorway Collision,Dark - Lighted,RAIN,Property Damage Only,0,0,0,40.016707,-105.253763,0,0,0,0,AT INTERSECTION,2105,10466
-105.258407,40.022375,Police Collision Report,COLLISION W/ MV - FRONT TO SIDE,1906771,2,28TH ST/PEARL ST,28TH STREET,STATE HWY,135,N ,2019/06/21 00:00:00+00,2019/06/21 13:19:00+00,2019,6,June,13,6,21,Friday,13,Motorway Collision,Daylight,RAIN,Property Damage Only,0,0,0,40.022375,-105.258407,0,0,0,0,INTERSECTION RELATED,1319,10467
-105.2131,40.014835,Police Collision Report,COLLISION W/ MV - FRONT TO SIDE,1905428,5,ARAPAHOE AVE/CHERRYVALE RD,ARAPAHOE AVE,STATE HWY,     ,  ,2019/05/20 00:00:00+00,2019/05/20 08:29:00+00,2019,5,May,8,2,20,Monday,8,Motorway Collision,Daylight,RAIN,Property Damage Only,0,0,0,40.014835,-105.2131,0,0,0,0,AT INTERSECTION,829,10468
-105.253143,40.002729,Police Collision Report,COLLISION W/ MV - FRONT TO SIDE,1908499,2,30TH ST/BIXBY AVE,30TH ST,CITY ST/CNTY RD,     ,  ,2019/07/30 00:00:00+00,2019/07/30 17:45:00+00,2019,7,July,17,3,30,Tuesday,17,Motorway Collision,Daylight,RAIN,Property Damage Only,0,0,0,40.002729,-105.253143,0,0,0,0,AT INTERSECTION,1751,10469
-105.261328,40.008161,Police Collision Report,COLLISION W/ MV - FRONT TO SIDE,1906789,2,REGENT DR/COLORADO AVE,REGENT,CITY ST/CNTY RD,     ,  ,2019/06/21 00:00:00+00,2019/06/21 19:35:00+00,2019,6,June,19,6,21,Friday,19,Motorway Collision,Daylight,RAIN,Property Damage Only,0,0,0,40.008161,-105.261328,0,0,0,0,AT INTERSECTION,1900,10470
-105.255925,40.000177,Police Collision Report,COLLISION W/ MV - FRONT TO SIDE,1905451,2,BASELINE RD/29TH ST,BASELINE RD,CITY ST/CNTY RD,     ,  ,2019/05/20 00:00:00+00,2019/05/20 15:44:00+00,2019,5,May,15,2,20,Monday,15,Motorway Collision,Daylight,RAIN,Incapacitating Injury,0,1,1,40.000177,-105.255925,0,0,0,0,AT INTERSECTION,1544,10471
-105.258328,40.018797,Police Collision Report,COLLISION W/ MV - FRONT TO SIDE,1905490,2,1789  28TH ST      ,1789 29TH ST,CITY ST/CNTY RD,     ,  ,2019/05/21 00:00:00+00,2019/05/21 11:08:00+00,2019,5,May,11,3,21,Tuesday,11,Motorway Collision,Daylight,RAIN,Property Damage Only,0,0,0,40.018797,-105.258328,0,0,0,0,PARKING LOT,1109,10472
-105.260027,40.024185,Police Collision Report,COLLISION W/ MV - FRONT TO SIDE,1905584,2,PINE ST/27TH ST,PINE STREET,CITY ST/CNTY RD,     ,  ,2019/05/23 00:00:00+00,2019/05/23 17:25:00+00,2019,5,May,17,5,23,Thursday,17,Motorway Collision,Daylight,RAIN,Property Damage Only,0,0,0,40.024185,-105.260027,0,0,0,0,AT INTERSECTION,1725,10473
-105.260426,40.017483,Police Collision Report,COLLISION W/ MV - FRONT TO SIDE,1903816,2,26TH ST/CANYON BLVD,26TH STREET,CITY ST/CNTY RD,     ,  ,2019/04/10 00:00:00+00,2019/04/10 10:51:00+00,2019,4,April,10,4,10,Wednesday,10,Motorway Collision,Daylight,RAIN,Property Damage Only,0,0,0,40.017483,-105.260426,0,0,0,0,AT INTERSECTION,1051,10474
-105.282106,40.043642,Police Collision Report,COLLISION W/ MV - FRONT TO SIDE,1904279,2,BROADWAY/NORWOOD AVE,BROADWAY,CITY ST/CNTY RD,     ,  ,2019/04/21 00:00:00+00,2019/04/21 16:00:00+00,2019,4,April,16,1,21,Sunday,16,Motorway Collision,Daylight,RAIN,Property Damage Only,0,0,0,40.043642,-105.282106,0,0,0,0,AT INTERSECTION,1600,10475