X,Y,ReportType,PrmaryCollsionType,CaseNumber,UnitsInvolved,Location,OnHighway,CrossStreet,FeetFromIntersection,DirectionFromIntersection,CollisionDate,ReportedDate,ReportedYear,ReportedMonth,ReportedMonthName,ReportedWeek,ReportedDayofWeekNum,ReportedDayofMonth,ReportedDayofWeek,ReportedHour,HitAndRunStatus,LightingCondition,WeatherCondition,Severity,NumKilled,NumSeriouslyInjured,NumInjuredOrKilled,Lat,Lon,DUI,AlcoholDrugSuspected,BicyclesInvolved,PedestriansInvolved,RoadDescription,Crash_Time,ESRI_OID
-105.282068,40.039116,Police Collision Report,COLLISION W/ MV - FRONT TO SIDE,1807458,2,KALMIA AVE/BROADWAY,KALMIA AVE,CITY ST/CNTY RD,205,W ,2018/06/17 00:00:00+00,2018/06/17 13:59:00+00,2018,6,June,13,1,17,Sunday,13,Motorway Collision,Daylight,RAIN,Property Damage Only,0,0,0,40.039116,-105.282068,0,0,0,0,DRIVEWAY ACCESS RELATED,1435,10476
-105.282063,40.025544,Police Collision Report,COLLISION W/ MV - FRONT TO SIDE,1807464,2,ALPINE AVE/BROADWAY,BROADWAY BLVD,CITY ST/CNTY RD,     ,  ,2018/06/17 00:00:00+00,2018/06/17 16:41:00+00,2018,6,June,16,1,17,Sunday,16,Motorway Collision,Daylight,RAIN,Property Damage Only,0,0,0,40.025544,-105.282063,0,0,0,0,AT INTERSECTION,1641,10477
-105.287479,40.015118,Police Collision Report,COLLISION W/ MV - FRONT TO SIDE,1904900,2,CANYON BLVD/6TH ST,CANYON BLVD,STATE HWY,     ,  ,2019/05/07 00:00:00+00,2019/05/07 08:05:00+00,2019,5,May,8,3,7,Tuesday,8,Motorway Collision,Daylight,RAIN,Property Damage Only,0,0,0,40.015118,-105.287479,0,0,0,0,AT INTERSECTION,805,10478
-105.275123,40.019972,Police Collision Report,COLLISION W/ MV - FRONT TO SIDE,1807495,2,16TH ST/SPRUCE ST,SPRUCE ST,CITY ST/CNTY RD,     ,  ,2018/06/18 00:00:00+00,2018/06/18 17:09:00+00,2018,6,June,17,2,18,Monday,17,Motorway Collision,Daylight,RAIN,Possible injury,0,0,0,40.019972,-105.275123,0,0,0,0,AT INTERSECTION,1709,10479
-105.249602,40.019956,Police Collision Report,COLLISION W/ MV - FRONT TO SIDE,1813066,2,33RD ST/WALNUT ST,WALNUT,CITY ST/CNTY RD,     ,  ,2018/10/08 00:00:00+00,2018/10/08 08:26:00+00,2018,10,October,8,2,8,Monday,8,Motorway Collision,Daylight,RAIN,Property Damage Only,0,0,0,40.019956,-105.249602,0,0,0,0,AT INTERSECTION,826,10480
-105.253726,40.034322,Police Collision Report,COLLISION W/ MV - FRONT TO SIDE,1813046,2,3295  30TH ST      ,3295 30TH STREET,,     ,  ,2018/10/07 00:00:00+00,2018/10/07 17:55:00+00,2018,10,October,17,1,7,Sunday,17,Motorway Collision,Dawn or Dusk,RAIN,Property Damage Only,0,0,0,40.034322,-105.253726,0,0,0,0,PARKING LOT,1756,10481
-105.246734,40.029209,Police Collision Report,COLLISION W/ MV - FRONT TO SIDE,1813047,2,CENTER GREEN DR/VALMONT RD,CENTER GREEN COURT,CITY ST/CNTY RD,     ,  ,2018/10/07 00:00:00+00,2018/10/07 19:23:00+00,2018,10,October,19,1,7,Sunday,19,Motorway Collision,Dark - Lighted,RAIN,Property Damage Only,0,0,0,40.029209,-105.246734,0,0,0,0,AT INTERSECTION,1940,10482
-105.266953,40.024844,Police Collision Report,COLLISION W/ MV - FRONT TO SIDE,1904920,2,23RD ST/BLUFF ST,BLUFF STREET,CITY ST/CNTY RD,     ,  ,2019/05/07 00:00:00+00,2019/05/07 16:09:00+00,2019,5,May,16,3,7,Tuesday,16,Motorway Collision,Daylight,RAIN,Non-Incapacitating Injury,0,0,1,40.024844,-105.266953,0,0,0,0,AT INTERSECTION,1609,10483
-105.247521,40.02923,Police Collision Report,COLLISION W/ MV - FRONT TO SIDE,1904962,2,VALMONT RD/WILDERNESS PL,VALMONT RD,CITY ST/CNTY RD,     ,  ,2019/05/08 00:00:00+00,2019/05/08 13:17:00+00,2019,5,May,13,4,8,Wednesday,13,Motorway Collision,Daylight,RAIN,Property Damage Only,0,0,0,40.02923,-105.247521,0,0,0,0,AT INTERSECTION,1317,10484
-105.253059,39.999933,Police Collision Report,COLLISION W/ MV - FRONT TO SIDE,1904937,2,30TH ST/BASELINE RD,30TH ST,CITY ST/CNTY RD,     ,  ,2019/05/07 00:00:00+00,2019/05/07 00:00:00+00,2019,5,May,0,3,7,Tuesday,0,Motorway Collision,Dark - Lighted,RAIN,Property Damage Only,0,0,0,39.999933,-105.253059,0,0,0,0,AT INTERSECTION,2150,10485
-105.253763,40.016707,Police Collision Report,COLLISION W/ MV - FRONT TO SIDE,1809678,2,CANYON BLVD/30TH ST,CANYON BLVD,CITY ST/CNTY RD,380,W ,2018/08/03 00:00:00+00,2018/08/03 13:18:00+00,2018,8,August,13,6,3,Friday,13,Motorway Collision,Daylight,RAIN,Property Damage Only,0,0,0,40.016707,-105.253763,0,0,1,0,DRIVEWAY ACCESS RELATED,1321,10486
-105.26379,40.000067,Police Collision Report,COLLISION W/ MV - FRONT TO SIDE,1809123,2,BROADWAY/BASELINE RD,BROADWAY,STATE HWY,438,S ,2018/07/23 00:00:00+00,2018/07/23 09:23:00+00,2018,7,July,9,2,23,Monday,9,Motorway Collision,Daylight,RAIN,Property Damage Only,0,0,0,40.000067,-105.26379,0,0,0,0,DRIVEWAY ACCESS RELATED,923,10487
-105.280682,40.019937,Police Collision Report,COLLISION W/ MV - FRONT TO SIDE,1806153,2,PINE ST/BROADWAY,PINE ST,CITY ST/CNTY RD,50,W ,2018/05/19 00:00:00+00,2018/05/19 16:56:00+00,2018,5,May,16,7,19,Saturday,16,Motorway Collision,Daylight,RAIN,Property Damage Only,0,0,0,40.019937,-105.280682,0,0,0,0,NON-INTERSECTION,1656,10488
-105.263165,40.02917,Police Collision Report,COLLISION W/ MV - FRONT TO SIDE,1813083,2,FOLSOM ST/VALMONT RD,VALMONT,CITY ST/CNTY RD,160,E ,2018/10/08 00:00:00+00,2018/10/08 14:31:00+00,2018,10,October,14,2,8,Monday,14,Motorway Collision,Daylight,RAIN,Property Damage Only,0,0,0,40.02917,-105.263165,0,0,1,0,DRIVEWAY ACCESS RELATED,1430,10489
-105.282057,40.064753,Police Collision Report,COLLISION W/ MV - FRONT TO SIDE,1813085,2,BROADWAY/LARAMIE BLVD,BROADWAY,CITY ST/CNTY RD,236,S ,2018/10/08 00:00:00+00,2018/10/08 15:05:00+00,2018,10,October,15,2,8,Monday,15,Motorway Collision,Daylight,RAIN,Property Damage Only,0,0,0,40.064753,-105.282057,0,0,0,0,DRIVEWAY ACCESS RELATED,1505,10490
-105.244238,40.027302,Police Collision Report,COLLISION W/ MV - FRONT TO SIDE,1813113,3,47TH ST/STERLING DR,STERLING DR,CITY ST/CNTY RD,162,E ,2018/10/09 00:00:00+00,2018/10/09 09:19:00+00,2018,10,October,9,3,9,Tuesday,9,Motorway Collision,Daylight,RAIN,Property Damage Only,0,0,0,40.027302,-105.244238,0,0,0,0,DRIVEWAY ACCESS RELATED,915,10491
-105.283214,40.014969,Police Collision Report,COLLISION W/ MV - FRONT TO SIDE,1813097,2,CANYON BLVD/9TH ST,9TH ST,STATE HWY,25,N ,2018/10/08 00:00:00+00,2018/10/08 18:51:00+00,2018,10,October,18,2,8,Monday,18,Motorway Collision,Dark - Unlighted,RAIN,Property Damage Only,0,0,0,40.014969,-105.283214,0,0,0,0,NON-INTERSECTION,1830,10492
-105.253729,40.032823,Police Collision Report,COLLISION W/ MV - FRONT TO SIDE,1813098,2,30TH ST/GLENWOOD DR,30TH,CITY ST/CNTY RD,     ,  ,2018/10/08 00:00:00+00,2018/10/08 19:07:00+00,2018,10,October,19,2,8,Monday,19,Motorway Collision,Dark - Lighted,RAIN,Property Damage Only,0,0,0,40.032823,-105.253729,0,0,0,0,INTERSECTION RELATED,1905,10493
-105.253744,40.023387,Police Collision Report,COLLISION W/ MV - FRONT TO SIDE,1810215,2,2999  PEARL ST      ,PEARL STREET,CITY ST/CNTY RD,500,W ,2018/08/14 00:00:00+00,2018/08/14 15:43:00+00,2018,8,August,15,3,14,Tuesday,15,Motorway Collision,Daylight,RAIN,Non-Incapacitating Injury,0,0,1,40.023387,-105.253744,0,0,1,0,DRIVEWAY ACCESS RELATED,1543,10494
-105.282131,40.061857,Police Collision Report,COLLISION W/ MV - FRONT TO SIDE,1811509,2,LEE HILL DR/BROADWAY,TABLE MESA,CITY ST/CNTY RD,     ,  ,2018/09/06 00:00:00+00,2018/09/06 15:08:00+00,2018,9,September,15,5,6,Thursday,15,Motorway Collision,Daylight,RAIN,Possible injury,0,0,0,40.061857,-105.282131,0,0,0,0,AT INTERSECTION,1507,10495
-105.261082,39.996607,Police Collision Report,COLLISION W/ MV - FRONT TO SIDE,1807418,2,27TH WAY/BROADWAY,BROADWAY,STATE HWY,     ,  ,2018/06/16 00:00:00+00,2018/06/16 14:17:00+00,2018,6,June,14,7,16,Saturday,14,Motorway Collision,Daylight,RAIN,Property Damage Only,0,0,0,39.996607,-105.261082,0,0,0,0,AT INTERSECTION,1417,10496
-105.286188,40.020579,Police Collision Report,COLLISION W/ MV - FRONT TO SIDE,1809682,2,8TH ST/MAPLETON AVE,MAPLETON AVE,CITY ST/CNTY RD,     ,  ,2018/08/03 00:00:00+00,2018/08/03 14:30:00+00,2018,8,August,14,6,3,Friday,14,Motorway Collision,Daylight,RAIN,Property Damage Only,0,0,0,40.020579,-105.286188,0,0,0,0,AT INTERSECTION,1430,10497
-105.23281,39.999988,Police Collision Report,COLLISION W/ MV - FRONT TO SIDE,1810444,2,BASELINE RD/FOOTHILLS PKWY,BASELINE RD,CITY ST/CNTY RD,     ,  ,2018/08/19 00:00:00+00,2018/08/19 00:16:00+00,2018,8,August,0,1,19,Sunday,0,Motorway Collision,Dark - Lighted,RAIN,Property Damage Only,0,0,0,39.999988,-105.23281,0,0,0,0,INTERSECTION RELATED,16,10498
-105.258504,40.020518,Police Collision Report,COLLISION W/ MV - FRONT TO SIDE,1902650,2,28TH ST/WALNUT ST,28TH STREET,STATE HWY,     ,  ,2019/03/13 00:00:00+00,2019/03/13 08:17:00+00,2019,3,March,8,4,13,Wednesday,8,Motorway Collision,Daylight,RAIN,Property Damage Only,0,0,0,40.020518,-105.258504,0,0,0,0,AT INTERSECTION,817,10499
-105.256138,40.014716,Police Collision Report,COLLISION W/ MV - FRONT TO SIDE,1814096,2,1601  29TH ST      ,28TH ST,STATE HWY,     ,  ,2018/10/30 00:00:00+00,2018/10/30 16:05:00+00,2018,10,October,16,3,30,Tuesday,16,Motorway Collision,Dawn or Dusk,RAIN,Property Damage Only,0,0,0,40.014716,-105.256138,0,0,0,0,AT INTERSECTION,1600,10500
-105.253634,40.014706,Police Collision Report,COLLISION W/ MV - FRONT TO SIDE,2108051,2,30TH ST/ARAPAHOE AVE,30TH ST,STATE HWY,     ,  ,2021/08/30 00:00:00+00,2021/08/30 13:15:00+00,2021,8,August,13,2,30,Monday,13,Motorway Collision,Daylight,RAIN,Non-Incapacitating Injury,0,0,1,40.014706,-105.253634,0,0,0,0,AT INTERSECTION,1315,10501
-105.244862,40.029223,Police Collision Report,COLLISION W/ MV - FRONT TO SIDE,2003339,2,FOOTHILLS PKWY/VALMONT RD,FOOTHILLS PARKWAY,STATE HWY,     ,  ,2020/04/02 00:00:00+00,2020/04/02 00:00:00+00,2020,4,April,0,5,2,Thursday,0,Motorway Collision,Daylight,RAIN,Property Damage Only,0,0,0,40.029223,-105.244862,0,0,0,0,AT INTERSECTION,1201,10502
-105.253146,40.003727,Police Collision Report,COLLISION W/ MV - FRONT TO SIDE,2006869,3,30TH ST/E AURORA AVE,AURORA AVE,CITY ST/CNTY RD,     ,  ,2020/07/24 00:00:00+00,2020/07/24 13:41:00+00,2020,7,July,13,6,24,Friday,13,Motorway Collision,Daylight,RAIN,Property Damage Only,0,0,0,40.003727,-105.253146,0,0,0,0,AT INTERSECTION,1400,10503
-105.273789,40.020275,Police Collision Report,COLLISION W/ MV - FRONT TO SIDE,1914274,2,SPRUCE ST/17TH ST,SPRUCE ST,CITY ST/CNTY RD,     ,  ,2019/12/05 00:00:00+00,2019/12/05 18:07:00+00,2019,12,December,18,5,5,Thursday,18,Motorway Collision,Dark - Lighted,RAIN,Possible injury,0,0,0,40.020275,-105.273789,0,0,0,0,AT INTERSECTION,1807,10504
-105.274424,40.005429,Police Collision Report,COLLISION W/ MV - FRONT TO SIDE,1913778,2,1420  EUCLID AVE      ,EUCLID AVE,CITY ST/CNTY RD,1150,E ,2019/11/21 00:00:00+00,2019/11/21 10:28:00+00,2019,11,November,10,5,21,Thursday,10,Motorway Collision,Daylight,RAIN,Property Damage Only,0,0,0,40.005429,-105.274424,0,0,0,0,CROSSOVER-RELATED,1027,10505
-105.276198,40.003741,Police Collision Report,COLLISION W/ MV - FRONT TO SIDE,1913193,2,AURORA AVE/13TH ST,AURORA AVE,CITY ST/CNTY RD,     ,  ,2019/11/06 00:00:00+00,2019/11/06 17:46:00+00,2019,11,November,17,4,6,Wednesday,17,Motorway Collision,Dark - Lighted,RAIN,Property Damage Only,0,0,0,40.003741,-105.276198,0,0,0,0,AT INTERSECTION,1746,10506
-105.258403,40.029131,Police Collision Report,COLLISION W/ MV - FRONT TO SIDE,1913195,2,VALMONT RD/28TH ST,VALMONT RD,STATE HWY,     ,  ,2019/11/06 00:00:00+00,2019/11/06 18:31:00+00,2019,11,November,18,4,6,Wednesday,18,Motorway Collision,Dark - Lighted,RAIN,Property Damage Only,0,0,0,40.029131,-105.258403,0,0,0,0,AT INTERSECTION,1831,10507
-105.279657,40.016862,Police Collision Report,COLLISION W/ MV - FRONT TO SIDE,1904702,2,BROADWAY/WALNUT ST,BROADWAY,CITY ST/CNTY RD,20,N ,2019/05/01 00:00:00+00,2019/05/01 17:21:00+00,2019,5,May,17,4,1,Wednesday,17,Motorway Collision,Daylight,RAIN,Property Damage Only,0,0,0,40.016862,-105.279657,0,0,0,0,INTERSECTION RELATED,1720,10508
-105.261319,40.006378,Police Collision Report,COLLISION W/ MV - FRONT TO SIDE,1911720,2,REGENT DR/ENGINEERING DR,REGENT DR,CITY ST/CNTY RD,     ,  ,2019/10/01 00:00:00+00,2019/10/01 08:33:00+00,2019,10,October,8,3,1,Tuesday,8,Motorway Collision,Daylight,RAIN,Property Damage Only,0,0,0,40.006378,-105.261319,0,0,0,0,INTERSECTION RELATED,832,10509
-105.280342,40.018923,Police Collision Report,COLLISION W/ MV - FRONT TO SIDE,1911721,2,SPRUCE ST/BROADWAY,SPRUCE ST,CITY ST/CNTY RD,     ,  ,2019/10/01 00:00:00+00,2019/10/01 08:23:00+00,2019,10,October,8,3,1,Tuesday,8,Motorway Collision,Daylight,RAIN,Property Damage Only,0,0,0,40.018923,-105.280342,0,0,0,0,AT INTERSECTION,822,10510
-105.253772,40.020084,Police Collision Report,COLLISION W/ MV - FRONT TO SIDE,2104391,2,30TH ST/WALNUT ST,WALNUT STREET,CITY ST/CNTY RD,     ,W ,2021/05/26 00:00:00+00,2021/05/26 12:23:00+00,2021,5,May,12,4,26,Wednesday,12,Motorway Collision,Daylight,RAIN,Property Damage Only,0,0,0,40.020084,-105.253772,0,0,0,0,DRIVEWAY ACCESS RELATED,1223,10511
-105.248441,39.984074,Police Collision Report,COLLISION W/ MV - FRONT TO SIDE,2104860,2,695   S BROADWAYS      ,695 S BROADWAY,,     ,  ,2021/05/30 00:00:00+00,2021/06/09 00:00:00+00,2021,6,June,0,4,9,Wednesday,0,Motorway Collision,,RAIN,Property Damage Only,0,0,0,39.984074,-105.248441,0,0,0,0,PARKING LOT,1030,10512
-105.261289,40.022827,Police Collision Report,COLLISION W/ MV - FRONT TO SIDE,2104075,2,26TH ST/SPRUCE ST,SPRUCE ST,CITY ST/CNTY RD,     ,  ,2021/05/17 00:00:00+00,2021/05/17 18:43:00+00,2021,5,May,18,2,17,Monday,18,Motorway Collision,Daylight,RAIN,Property Damage Only,0,0,0,40.022827,-105.261289,0,0,0,0,AT INTERSECTION,1844,10513
-105.234741,40.014803,Police Collision Report,COLLISION W/ MV - FRONT TO SIDE,2103858,2,48TH ST/ARAPAHOE AVE,ARAPAHOE,STATE HWY,     ,  ,2021/05/11 00:00:00+00,2021/05/11 07:27:00+00,2021,5,May,7,3,11,Tuesday,7,Motorway Collision,Daylight,RAIN,Property Damage Only,0,0,0,40.014803,-105.234741,0,0,0,0,AT INTERSECTION,727,10514
-105.282158,40.056301,Police Collision Report,COLLISION W/ MV - FRONT TO SIDE,2107423,2,BROADWAY/ROSEWOOD AVE,ROSEWOOD AVE.,CITY ST/CNTY RD,     ,W ,2021/08/19 00:00:00+00,2021/08/19 18:00:00+00,2021,8,August,18,5,19,Thursday,18,Motorway Collision,Daylight,RAIN,Property Damage Only,0,0,0,40.056301,-105.282158,0,0,0,0,INTERSECTION RELATED,1800,10515
-105.263217,40.031137,Police Collision Report,COLLISION W/ MV - FRONT TO SIDE,2107800,2,FOLSOM ST/FREMONT ST,FOLSOM ST,CITY ST/CNTY RD,     ,N ,2021/08/26 00:00:00+00,2021/08/26 15:41:00+00,2021,8,August,15,5,26,Thursday,15,Motorway Collision,Daylight,RAIN,Property Damage Only,0,0,0,40.031137,-105.263217,0,0,0,0,NON-INTERSECTION,1541,10516
-105.250079,40.014707,Police Collision Report,COLLISION W/ MV - FRONT TO SIDE,2105631,2,33RD ST/ARAPAHOE AVE,ARAPAHOE AVE,CITY ST/CNTY RD,     ,E ,2021/07/01 00:00:00+00,2021/07/01 15:53:00+00,2021,7,July,15,5,1,Thursday,15,Motorway Collision,Daylight,RAIN,Property Damage Only,0,0,0,40.014707,-105.250079,0,0,0,0,AT INTERSECTION,1553,10517
-105.274674,40.007207,Police Collision Report,COLLISION W/ MV - FRONT TO SIDE,2071661,2,BROADWAY/COLLEGE AVE,BROADWAY,CITY ST/CNTY RD,     ,  ,2020/06/25 19:40:00+00,2020/06/25 23:16:00+00,2020,6,June,23,5,25,Thursday,23,Motorway Collision,Daylight,RAIN,Property Damage Only,0,0,0,40.007207,-105.274674,0,0,0,0,AT INTERSECTION,1900,10518
-105.257829,40.000354,Police Collision Report,COLLISION W/ MV - FRONT TO SIDE,2005737,2,BASELINE RD/28TH ST,BASELINE,STATE HWY,     ,  ,2020/06/19 00:00:00+00,2020/06/19 16:23:00+00,2020,6,June,16,6,19,Friday,16,Motorway Collision,Daylight,RAIN,Property Damage Only,0,0,0,40.000354,-105.257829,0,0,0,0,AT INTERSECTION,1530,10519
-105.280433,40.025532,Police Collision Report,COLLISION W/ MV - FRONT TO SIDE,2010125,2,13TH ST/ALPINE AVE,13TH ST.,CITY ST/CNTY RD,100,W ,2020/10/22 00:00:00+00,2020/10/22 17:06:00+00,2020,10,October,17,5,22,Thursday,17,Motorway Collision,Dawn or Dusk,RAIN,Property Damage Only,0,0,0,40.025532,-105.280433,0,0,0,0,DRIVEWAY ACCESS RELATED,1700,10520
-105.28235,40.016346,Police Collision Report,COLLISION W/ MV - REAR TO SIDE,1906562,2,WALNUT ST/9TH ST | 10TH ST ALLEY,10TH ST,CITY ST/CNTY RD,458,E ,2019/06/16 00:00:00+00,2019/06/16 16:17:00+00,2019,6,June,16,1,16,Sunday,16,Motorway Collision,Daylight,RAIN,Property Damage Only,0,0,0,40.016346,-105.28235,0,0,0,0,NON-INTERSECTION,1417,10521
-105.280947,40.016628,Police Collision Report,COLLISION W/ MV - REAR TO SIDE,2104546,2,WALNUT ST/11TH ST,WALNUT ST,,     ,W ,2021/05/31 00:00:00+00,2021/05/31 12:40:00+00,2021,5,May,12,2,31,Monday,12,Motorway Collision,Daylight,RAIN,Property Damage Only,0,0,0,40.016628,-105.280947,0,0,0,0,NON-INTERSECTION,1100,10522
-105.284844,40.020578,Police Collision Report,COLLISION W/ MV - FRONT TO SIDE,2102795,2,9TH ST/MAPLETON AVE,MAPLETON AVE,CITY ST/CNTY RD,     ,  ,2021/04/06 00:00:00+00,2021/04/06 15:52:00+00,2021,4,April,15,3,6,Tuesday,15,Motorway Collision,Daylight,RAIN,Property Damage Only,0,0,0,40.020578,-105.284844,0,0,0,0,AT INTERSECTION,1552,10523
-105.280364,40.018887,Police Collision Report,COLLISION W/ MV - FRONT TO SIDE,2103597,2,BROADWAY/SPRUCE ST,SPRUCE ST,CITY ST/CNTY RD,     ,E ,2021/05/03 00:00:00+00,2021/05/03 15:49:00+00,2021,5,May,15,2,3,Monday,15,Motorway Collision,Daylight,RAIN,Property Damage Only,0,0,0,40.018887,-105.280364,0,0,0,0,NON-INTERSECTION,1549,10524
-105.253595,40.023261,Police Collision Report,COLLISION W/ MV - SIDE TO SIDE-SAME DIRECTION,1911734,2,PEARL ST/30TH ST,PEARL,CITY ST/CNTY RD,50,E ,2019/10/01 00:00:00+00,2019/10/01 11:26:00+00,2019,10,October,11,3,1,Tuesday,11,Motorway Collision,Daylight,RAIN,Property Damage Only,0,0,0,40.023261,-105.253595,0,0,0,0,NON-INTERSECTION,1128,10525
-105.255889,40.000147,Police Collision Report,COLLISION W/ MV - SIDE TO SIDE-SAME DIRECTION,1912093,2,29TH ST/BASELINE RD,BASELINE RD,CITY ST/CNTY RD,     ,  ,2019/10/09 00:00:00+00,2019/10/09 20:39:00+00,2019,10,October,20,4,9,Wednesday,20,Motorway Collision,Dark - Lighted,RAIN,Non-Incapacitating Injury,0,0,1,40.000147,-105.255889,0,0,0,0,AT INTERSECTION,2039,10526
-105.232572,40.000025,Police Collision Report,COLLISION W/ MV - SIDE TO SIDE-SAME DIRECTION,2104542,2,FOOTHILLS PKWY/BASELINE RD,FOOTHILLS PKWY,STATE HWY,     ,  ,2021/05/30 00:00:00+00,2021/05/31 09:02:00+00,2021,5,May,9,2,31,Monday,9,Motorway Collision,Daylight,RAIN,Property Damage Only,0,0,0,40.000025,-105.232572,0,0,0,0,NON-INTERSECTION,901,10527
-105.272558,40.00372,Police Collision Report,COLLISION W/ MV - SIDE TO SIDE-SAME DIRECTION,2109274,2,16TH ST/AURORA AVE,16TH STREET,CITY ST/CNTY RD,     ,N ,2021/09/29 00:00:00+00,2021/09/29 14:07:00+00,2021,9,September,14,4,29,Wednesday,14,Motorway Collision,Daylight,RAIN,Property Damage Only,0,0,0,40.00372,-105.272558,0,0,0,0,NON-INTERSECTION,1407,10528
-105.244714,40.022961,Police Collision Report,COLLISION W/ MV - SIDE TO SIDE-SAME DIRECTION,2109276,2,PEARL PKWY/FOOTHILLS PKWY,FOOTHILLS PARKWAY,STATE HWY,     ,N ,2021/09/26 00:00:00+00,2021/09/29 14:54:00+00,2021,9,September,14,4,29,Wednesday,14,Motorway Collision,Daylight,RAIN,Property Damage Only,0,0,0,40.022961,-105.244714,0,0,0,0,INTERSECTION RELATED,1454,10529
-105.28056,40.015655,Police Collision Report,COLLISION W/ MV - REAR TO REAR,1805819,2,11TH ST/CANYON BLVD,1777 BROADWAY,,     ,  ,2018/05/12 00:00:00+00,2018/05/12 15:01:00+00,2018,5,May,15,7,12,Saturday,15,Motorway Collision,Daylight,RAIN,Property Damage Only,0,0,0,40.015655,-105.28056,0,0,0,0,PARKING LOT,1500,10530
-105.280312,40.026745,Police Collision Report,COLLISION W/ MV - FRONT TO SIDE,2103833,2,13TH ST/BALSAM AVE,BALSAM AVE,CITY ST/CNTY RD,     ,  ,2021/05/10 00:00:00+00,2021/05/10 08:53:00+00,2021,5,May,8,2,10,Monday,8,Motorway Collision,Daylight,RAIN,Possible injury,0,0,0,40.026745,-105.280312,0,0,0,0,AT INTERSECTION,852,10531
-105.253567,40.015714,Police Collision Report,COLLISION W/ MV - REAR TO SIDE,1813044,2,1650  30TH ST      ,1650 30TH ST,,     ,  ,2018/10/07 00:00:00+00,2018/10/07 16:45:00+00,2018,10,October,16,1,7,Sunday,16,Motorway Collision,Daylight,RAIN,Property Damage Only,0,0,0,40.015714,-105.253567,0,0,0,0,PARKING LOT,1645,10532
-105.281657,40.018652,Police Collision Report,COLLISION W/ MV - REAR TO SIDE,1905334,2,SPRUCE ST/11TH ST,11TH STREET,CITY ST/CNTY RD,147,S ,2019/05/17 00:00:00+00,2019/05/17 13:45:00+00,2019,5,May,13,6,17,Friday,13,Motorway Collision,Daylight,RAIN,Property Damage Only,0,0,0,40.018652,-105.281657,0,0,0,0,NON-INTERSECTION,1345,10533
-105.241653,39.979186,Police Collision Report,COLLISION W/ MV - REAR TO SIDE,1905558,2,4550  SQUIRES CIR      ,BROOKFIELD DR,CITY ST/CNTY RD,260,S ,2019/05/22 20:10:59+00,2019/05/22 20:11:00+00,2019,5,May,20,4,22,Wednesday,20,Motorway Collision,Dawn or Dusk,RAIN,Property Damage Only,0,0,0,39.979186,-105.241653,1,1,0,0,NON-INTERSECTION,1902,10534
-105.283031,40.052285,Police Collision Report,COLLISION W/ MV - REAR TO SIDE,1805804,2,1119  UTICA AVE      ,UTICA AVENUE,CITY ST/CNTY RD,     ,  ,2018/05/12 00:00:00+00,2018/05/12 10:10:00+00,2018,5,May,10,7,12,Saturday,10,Motorway Collision,Daylight,RAIN,Property Damage Only,0,0,0,40.052285,-105.283031,0,0,0,0,DRIVEWAY ACCESS RELATED,1010,10535
-105.255884,40.022827,Police Collision Report,COLLISION W/ MV - REAR TO SIDE,1712767,2,2905  PEARL ST      ,2905 PEARL ST,,     ,  ,2017/09/27 00:00:00+00,2017/09/27 11:52:00+00,2017,9,September,11,4,27,Wednesday,11,Motorway Collision,Daylight,RAIN,Property Damage Only,0,0,0,40.022827,-105.255884,0,0,0,0,PARKING LOT,1153,10536
-105.22815,40.014579,Police Collision Report,COLLISION W/ MV - REAR TO SIDE,1803120,2,5350  ARAPAHOE AVE      ,5350 ARAPAHOE AVE,,     ,  ,2018/03/15 00:00:00+00,2018/03/15 21:15:00+00,2018,3,March,21,5,15,Thursday,21,Motorway Collision,Dark - Lighted,RAIN,Property Damage Only,0,0,0,40.014579,-105.22815,0,0,0,0,PARKING LOT,2113,10537
-105.28508,40.016282,Police Collision Report,COLLISION W/ MV - REAR TO REAR,1907845,2,8TH ST/WALNUT | PEARL ALLEY,8TH,CITY ST/CNTY RD,100,N ,2019/07/15 00:00:00+00,2019/07/15 18:51:00+00,2019,7,July,18,2,15,Monday,18,Motorway Collision,Daylight,RAIN,Property Damage Only,0,0,0,40.016282,-105.28508,0,0,0,0,PARKING LOT,1849,10538
-105.25836,40.021679,Police Collision Report,COLLISION W/ MV - REAR TO REAR,1806108,2,1965  28TH ST      ,1965 28TH ST,,     ,  ,2018/05/18 00:00:00+00,2018/05/18 16:19:00+00,2018,5,May,16,6,18,Friday,16,Motorway Collision,Daylight,RAIN,Property Damage Only,0,0,0,40.021679,-105.25836,0,0,0,0,PARKING LOT,1618,10539
-105.253724,40.017351,Police Collision Report,COLLISION W/ MV - REAR TO REAR,1804795,2,1740  30TH ST      ,1740 30TH ST,,     ,  ,2018/04/21 00:00:00+00,2018/04/21 11:27:00+00,2018,4,April,11,7,21,Saturday,11,Motorway Collision,Daylight,RAIN,Property Damage Only,0,0,0,40.017351,-105.253724,0,0,0,0,PARKING LOT,1042,10540
-105.255884,40.022827,Police Collision Report,COLLISION W/ MV - REAR TO REAR,1712643,2,2905  PEARL ST      ,,,     ,  ,2017/09/24 00:00:00+00,2017/09/24 15:18:00+00,2017,9,September,15,1,24,Sunday,15,Motorway Collision,Daylight,RAIN,Property Damage Only,0,0,0,40.022827,-105.255884,0,0,0,0,PARKING LOT,1519,10541