X,Y,ReportType,PrmaryCollsionType,CaseNumber,UnitsInvolved,Location,OnHighway,CrossStreet,FeetFromIntersection,DirectionFromIntersection,CollisionDate,ReportedDate,ReportedYear,ReportedMonth,ReportedMonthName,ReportedWeek,ReportedDayofWeekNum,ReportedDayofMonth,ReportedDayofWeek,ReportedHour,HitAndRunStatus,LightingCondition,WeatherCondition,Severity,NumKilled,NumSeriouslyInjured,NumInjuredOrKilled,Lat,Lon,DUI,AlcoholDrugSuspected,BicyclesInvolved,PedestriansInvolved,RoadDescription,Crash_Time,ESRI_OID
-105.206674,40.014677,Police Collision Report,COLLISION W/ OBJECT - SIGN,1813068,1,ARAPAHOE AVE/63RD ST,63RD,STATE HWY,     ,  ,2018/10/08 00:00:00+00,2018/10/08 09:05:00+00,2018,10,October,9,2,8,Monday,9,Motorway Collision,Daylight,RAIN,Property Damage Only,0,0,0,40.014677,-105.206674,0,0,0,0,AT INTERSECTION,904,10609
-105.258357,40.000215,Police Collision Report,COLLISION W/ OBJECT - SIGN,1806109,1,US HIGHWAY 36/BASELINE RD,HIGHWAY 36,STATE HWY,640,N ,2018/05/18 00:00:00+00,2018/05/18 16:10:00+00,2018,5,May,16,6,18,Friday,16,Motorway Collision,Daylight,RAIN,Property Damage Only,0,0,0,40.000215,-105.258357,0,0,0,0,NON-INTERSECTION,1610,10610
-105.216834,40.055059,Police Collision Report,COLLISION W/ OBJECT - SIGN,1713296,1,4500  MULBERRY CT      ,SPINE,CITY ST/CNTY RD,200,S ,2017/10/08 23:37:59+00,2017/10/09 01:00:00+00,2017,10,October,1,2,9,Monday,1,Motorway Collision,Dark - Unlighted,RAIN,Non-Incapacitating Injury,0,0,1,40.055059,-105.216834,1,1,0,0,NON-INTERSECTION,2337,10611
-105.28874,40.034155,Police Collision Report,COLLISION W/ OBJECT - SIGN,1805364,1,640   GRAPE AVE      ,EDGEWOOD DR,CITY ST/CNTY RD,     ,  ,2018/05/02 22:04:00+00,2018/05/02 23:13:00+00,2018,5,May,23,4,2,Wednesday,23,Motorway Collision,Dark - Lighted,RAIN,Property Damage Only,0,0,0,40.034155,-105.28874,1,1,0,0,INTERSECTION RELATED,2204,10612
-105.271664,40.005572,Police Collision Report,COLLISION W/ OBJECT - TRAFFIC SIGNAL POLE,2103855,1,BROADWAY/EUCLID AVE,BROADWAY,STATE HWY,     ,  ,2021/05/10 00:00:00+00,2021/05/10 23:12:00+00,2021,5,May,23,2,10,Monday,23,Motorway Collision,Dark - Lighted,RAIN,Property Damage Only,0,0,0,40.005572,-105.271664,0,0,0,0,AT INTERSECTION,2312,10613
-105.285596,40.026717,Police Collision Report,COLLISION W/ OBJECT - LIGHT POLE/UTILITY POLE,2207510,1,9TH ST/BALSAM AVE,9TH ST,CITY ST/CNTY RD,     ,N ,2022/08/06 00:00:00+00,2022/08/06 00:00:00+00,2022,8,August,0,7,6,Saturday,0,Motorway Collision,Daylight,RAIN,Property Damage Only,0,0,0,40.026717,-105.285596,0,0,0,0,INTERSECTION RELATED,1750,10614
-105.258357,40.000215,Police Collision Report,COLLISION W/ ANIMAL - WILD ANIMAL,1712659,2,US HIGHWAY 36/BASELINE RD,MM38.6 US36,STATE HWY,     ,  ,2017/09/24 00:00:00+00,2017/09/24 23:38:00+00,2017,9,September,23,1,24,Sunday,23,Motorway Collision,Dark - Unlighted,RAIN,Property Damage Only,0,0,0,40.000215,-105.258357,0,0,0,0,NON-INTERSECTION,2338,10615
-105.282099,40.039086,Police Collision Report,COLLISION W/ ANIMAL - WILD ANIMAL,1709404,1,BROADWAY/KALMIA AVE,BROADWAY,CITY ST/CNTY RD,100,S ,2017/07/26 00:00:00+00,2017/07/26 18:33:00+00,2017,7,July,18,4,26,Wednesday,18,Motorway Collision,Daylight,RAIN,Property Damage Only,0,0,0,40.039086,-105.282099,0,0,0,0,NON-INTERSECTION,1833,10616
-105.282092,40.058215,Police Collision Report,COLLISION W/ OTHER VEH - BICYCLE,2006032,2,BROADWAY/YARMOUTH AVE,BROADWAY,CITY ST/CNTY RD,     ,  ,2020/06/28 00:00:00+00,2020/06/28 19:12:00+00,2020,6,June,19,1,28,Sunday,19,Motorway Collision,Daylight,RAIN,Possible injury,0,0,0,40.058215,-105.282092,0,0,1,0,AT INTERSECTION,1515,10617
-105.253059,39.999933,Police Collision Report,COLLISION W/ OTHER VEH - BICYCLE,2008566,2,30TH ST/BASELINE RD,30TH,CITY ST/CNTY RD,     ,  ,2020/09/07 20:00:00+00,2020/09/07 23:22:00+00,2020,9,September,23,2,7,Monday,23,Motorway Collision,Dark - Unlighted,RAIN,Non-Incapacitating Injury,0,0,1,39.999933,-105.253059,0,0,1,0,AT INTERSECTION,2329,10618
-105.255817,39.989295,Police Collision Report,COLLISION W/ ANIMAL - WILD ANIMAL,1903060,1,S BROADWAY/DARTMOUTH AVE,BROADWAY,STATE HWY,200,N ,2019/03/22 00:00:00+00,2019/03/22 17:00:00+00,2019,3,March,17,6,22,Friday,17,Motorway Collision,Daylight,RAIN,Property Damage Only,0,0,0,39.989295,-105.255817,0,0,0,0,NON-INTERSECTION,1659,10619
-105.267753,40.003418,Police Collision Report,COLLISION W/ OTHER VEH - BICYCLE,1813070,2,BROADWAY/REGENT DR,BROADWAY,STATE HWY,     ,  ,2018/10/08 00:00:00+00,2018/10/08 09:55:00+00,2018,10,October,9,2,8,Monday,9,Motorway Collision,Daylight,RAIN,Property Damage Only,0,0,0,40.003418,-105.267753,0,0,1,0,AT INTERSECTION,955,10620
-105.282312,40.010471,Police Collision Report,COLLISION W/ OTHER VEH - BICYCLE,1813107,2,9TH ST/UNIVERSITY AVE,9TH ST,CITY ST/CNTY RD,     ,  ,2018/10/09 00:00:00+00,2018/10/09 07:45:00+00,2018,10,October,7,3,9,Tuesday,7,Motorway Collision,Daylight,RAIN,Non-Incapacitating Injury,0,0,1,40.010471,-105.282312,0,0,1,0,AT INTERSECTION,745,10621
-105.253722,40.025501,Police Collision Report,COLLISION W/ OTHER VEH - BICYCLE,1805345,2,30TH ST/MAPLETON AVE,MAPLETON ST,CITY ST/CNTY RD,     ,  ,2018/05/02 00:00:00+00,2018/05/02 16:05:00+00,2018,5,May,16,4,2,Wednesday,16,Motorway Collision,Daylight,RAIN,Possible injury,0,0,0,40.025501,-105.253722,0,0,1,0,AT INTERSECTION,1606,10622
-105.253542,40.010322,Police Collision Report,COLLISION W/ OTHER VEH - BICYCLE,2205083,2,30TH ST/SHADOW CREEK DR,30TH ST,,     ,  ,2022/05/29 00:00:00+00,2022/05/29 20:14:00+00,2022,5,May,20,1,29,Sunday,20,Motorway Collision,Dawn or Dusk,RAIN,Non-Incapacitating Injury,0,0,1,40.010322,-105.253542,0,0,1,0,AT INTERSECTION,2014,10623
-105.25371,40.029189,Police Collision Report,COLLISION W/ OTHER VEH - BICYCLE,2007165,2,30TH ST/VALMONT RD,VALMONT RD,CITY ST/CNTY RD,129,E ,2020/08/01 00:00:00+00,2020/08/01 16:07:00+00,2020,8,August,16,7,1,Saturday,16,Motorway Collision,Daylight,RAIN,Incapacitating Injury,0,1,1,40.029189,-105.25371,0,0,1,0,INTERSECTION RELATED,1606,10624
-105.25369,40.013597,Police Collision Report,COLLISION W/ OTHER VEH - BICYCLE,1809149,2,30TH ST/MARINE ST,30TH ST,CITY ST/CNTY RD,     ,  ,2018/07/23 00:00:00+00,2018/07/23 16:59:00+00,2018,7,July,16,2,23,Monday,16,Motorway Collision,Daylight,RAIN,Non-Incapacitating Injury,0,0,1,40.013597,-105.25369,0,0,1,0,AT INTERSECTION,1659,10625
-105.282118,40.031067,Police Collision Report,COLLISION W/ OTHER VEH - BICYCLE,1809153,2,BROADWAY/EVERGREEN AVE,BROADWAY,CITY ST/CNTY RD,356,S ,2018/07/23 00:00:00+00,2018/07/23 17:28:00+00,2018,7,July,17,2,23,Monday,17,Motorway Collision,Daylight,RAIN,Non-Incapacitating Injury,0,0,1,40.031067,-105.282118,0,0,1,0,INTERSECTION RELATED,1730,10626
-105.278697,40.014093,Police Collision Report,COLLISION W/ OTHER VEH - BICYCLE,1814273,2,BROADWAY/ARAPAHOE AVE,BROADWAY,STATE HWY,     ,  ,2018/11/03 00:00:00+00,2018/11/03 13:21:00+00,2018,11,November,13,7,3,Saturday,13,Motorway Collision,Daylight,RAIN,Possible injury,0,0,0,40.014093,-105.278697,0,0,1,0,AT INTERSECTION,1321,10627
-105.254621,40.000092,Police Collision Report,COLLISION W/ OTHER VEH - BICYCLE,1812959,2,BASELINE RD/CANYON CREEK RD,BASELINE RD,CITY ST/CNTY RD,     ,  ,2018/10/05 00:00:00+00,2018/10/05 21:09:00+00,2018,10,October,21,6,5,Friday,21,Motorway Collision,Daylight,RAIN,Incapacitating Injury,0,1,1,40.000092,-105.254621,0,0,1,0,NON-INTERSECTION,1600,10628
-105.225418,40.014574,Police Collision Report,COLLISION W/ OTHER VEH - BICYCLE,1710155,2,ARAPAHOE AVE/55TH ST,ARAPAHOE AVE,CITY ST/CNTY RD,150,W ,2017/08/10 00:00:00+00,2017/08/10 17:40:00+00,2017,8,August,17,5,10,Thursday,17,Motorway Collision,Daylight,RAIN,Property Damage Only,0,0,0,40.014574,-105.225418,0,0,1,0,DRIVEWAY ACCESS RELATED,1740,10629
-105.279657,40.016862,Police Collision Report,COLLISION W/ OTHER VEH - BICYCLE,1804802,2,BROADWAY/WALNUT ST,WALNUT,CITY ST/CNTY RD,     ,  ,2018/04/21 00:00:00+00,2018/04/21 14:24:00+00,2018,4,April,14,7,21,Saturday,14,Motorway Collision,Daylight,RAIN,Non-Incapacitating Injury,0,0,1,40.016862,-105.279657,0,0,1,0,AT INTERSECTION,1420,10630
-105.278674,40.01413,Police Collision Report,COLLISION W/ OTHER VEH - BICYCLE,1803785,2,ARAPAHOE AVE/BROADWAY,BROADWAY,STATE HWY,     ,  ,2018/03/15 00:00:00+00,2018/03/15 00:00:00+00,2018,3,March,0,5,15,Thursday,0,Motorway Collision,Dark - Unlighted,RAIN,Non-Incapacitating Injury,0,0,1,40.01413,-105.278674,0,0,1,0,AT INTERSECTION,1953,10631
-105.258748,40.036485,Police Collision Report,COLLISION W/ OTHER VEH - PARKED MV,2205123,2,2777  IRIS AVE      ,2777 IRIS AVE,,     ,  ,2022/05/31 00:00:00+00,2022/05/31 12:01:00+00,2022,5,May,12,3,31,Tuesday,12,Motorway Collision,,RAIN,Property Damage Only,0,0,0,40.036485,-105.258748,0,0,0,0,PARKING LOT,1201,10632
-105.282012,40.024933,Police Collision Report,COLLISION W/ OTHER VEH - PARKED MV,2204156,2,2644  BROADWAY      ,2644 BROADWAY,,     ,  ,2022/05/04 00:00:00+00,2022/05/04 11:05:00+00,2022,5,May,11,4,4,Wednesday,11,Motorway Collision,,RAIN,Property Damage Only,0,0,0,40.024933,-105.282012,0,0,0,0,PARKING LOT,1105,10633
-105.2678,40.000076,Police Collision Report,COLLISION W/ OTHER VEH - PARKED MV,2207549,2,20TH ST/BASELINE RD,BASELINE ROAD,CITY ST/CNTY RD,     ,E ,2022/08/07 00:00:00+00,2022/08/07 21:05:00+00,2022,8,August,21,1,7,Sunday,21,Motorway Collision,Dark - Lighted,RAIN,Property Damage Only,0,0,0,40.000076,-105.2678,0,0,0,0,NON-INTERSECTION,2103,10634
-105.253287,40.01474,Police Collision Report,COLLISION W/ OTHER VEH - BICYCLE,1709944,2,3033  ARAPAHOE AVE      ,3033 ARAPAHOE AV,,     ,  ,2017/08/07 00:00:00+00,2017/08/07 09:00:00+00,2017,8,August,9,2,7,Monday,9,Motorway Collision,Daylight,RAIN,Non-Incapacitating Injury,0,0,1,40.01474,-105.253287,0,0,1,0,DRIVEWAY ACCESS RELATED,830,10635
-105.23281,39.999988,Police Collision Report,COLLISION W/ OTHER VEH - BICYCLE,2204155,2,BASELINE RD/FOOTHILLS PKWY,BASELINE ROAD,CITY ST/CNTY RD,     ,W ,2022/05/04 00:00:00+00,2022/05/04 11:22:00+00,2022,5,May,11,4,4,Wednesday,11,Motorway Collision,Daylight,RAIN,Incapacitating Injury,0,1,1,39.999988,-105.23281,0,0,1,0,INTERSECTION RELATED,1122,10636
-105.253744,40.023387,Police Collision Report,COLLISION W/ OTHER VEH - BICYCLE,2209496,2,2999  PEARL ST      ,2999 PEARL ST,,     ,  ,2022/09/21 00:00:00+00,2022/09/21 17:37:00+00,2022,9,September,17,4,21,Wednesday,17,Motorway Collision,Daylight,RAIN,Non-Incapacitating Injury,0,0,1,40.023387,-105.253744,0,0,1,0,PARKING LOT,1737,10637
-105.261344,40.014528,Police Collision Report,COLLISION W/ OBJECT - OTHER FIXED OBJECT (SPE,1906602,1,2550  ARAPAHOE AVE      ,2550 ARAPAHOE AVE,,     ,  ,2019/06/17 00:00:00+00,2019/06/17 15:02:00+00,2019,6,June,15,2,17,Monday,15,Motorway Collision,Daylight,RAIN,Property Damage Only,0,0,0,40.014528,-105.261344,0,0,0,0,PARKING LOT,1502,10638
-105.234912,39.995658,Police Collision Report,COLLISION W/ OBJECT - OTHER FIXED OBJECT (SPE,2209510,1,PAWNEE DR/THUNDERBIRD DR,THUNDERBIRD DR,CITY ST/CNTY RD,     ,E ,2022/09/22 00:00:00+00,2022/09/22 06:34:00+00,2022,9,September,6,5,22,Thursday,6,Motorway Collision,Dawn or Dusk,RAIN,Property Damage Only,0,0,0,39.995658,-105.234912,0,0,0,0,AT INTERSECTION,634,10639
-105.25843,40.018525,Police Collision Report,COLLISION W/ OBJECT - OTHER FIXED OBJECT (SPE,1709937,1,1770  28TH ST      ,1770 28TH ST,,     ,  ,2017/08/07 00:00:00+00,2017/08/07 07:25:00+00,2017,8,August,7,2,7,Monday,7,Motorway Collision,Daylight,RAIN,Property Damage Only,0,0,0,40.018525,-105.25843,0,0,0,0,PARKING LOT,725,10640
-105.206917,40.075119,Police Collision Report,COLLISION W/ OBJECT - TREE,1906840,1,63RD ST/DIAGONAL HWY,6300 DIAGONAL HWY,,     ,  ,2019/06/23 00:00:00+00,2019/06/23 00:00:00+00,2019,6,June,0,1,23,Sunday,0,Motorway Collision,Dark - Unlighted,RAIN,Property Damage Only,0,0,0,40.075119,-105.206917,0,0,0,0,NON-INTERSECTION,817,10641
-105.246968,40.016503,Police Collision Report,COLLISION W/ OBJECT - OTHER FIXED OBJECT (SPE,1712786,1,1707  EXPOSITION DR      ,EXPOSITION DR,CITY ST/CNTY RD,200,E ,,2017/09/27 19:47:00+00,2017,9,September,19,4,27,Wednesday,19,Motorway Collision,Dark - Lighted,RAIN,Property Damage Only,0,0,0,40.016503,-105.246968,0,0,0,0,DRIVEWAY ACCESS RELATED,1956,10642
-105.243327,40.007427,Police Collision Report,COLLISION W/ OBJECT - OTHER FIXED OBJECT (SPE,1814262,1,DISCOVERY DR/COLORADO AVE,COLORADO AVE,CITY ST/CNTY RD,     ,  ,2018/11/03 00:00:00+00,2018/11/03 00:42:00+00,2018,11,November,0,7,3,Saturday,0,Motorway Collision,Dark - Lighted,RAIN,Property Damage Only,0,0,0,40.007427,-105.243327,0,0,0,0,AT INTERSECTION,8,10643
-105.225389,40.00011,Police Collision Report,COLLISION W/ OBJECT - MAILBOX,1712881,1,55TH ST/BASELINE RD,55TH,CITY ST/CNTY RD,160,E ,2017/09/29 20:42:00+00,2017/09/29 20:42:00+00,2017,9,September,20,6,29,Friday,20,Motorway Collision,Dark - Lighted,RAIN,Non-Incapacitating Injury,0,0,1,40.00011,-105.225389,1,1,0,0,NON-INTERSECTION,2041,10644
-105.281908,40.023477,Police Collision Report,COLLISION W/ OBJECT - WALL OR BUILDING,1904685,1,2523  BROADWAY      ,PRIVATE PROPERTY,,     ,  ,2019/05/01 00:00:00+00,2019/05/01 11:43:00+00,2019,5,May,11,4,1,Wednesday,11,Motorway Collision,Daylight,RAIN,Property Damage Only,0,0,0,40.023477,-105.281908,0,0,0,0,PARKING LOT,1330,10645
-105.266073,40.019184,Police Collision Report,COLLISION W/ OBJECT - FENCE,2003903,1,1850  22ND ST 6     ,1850 22ND STREET,,     ,  ,2020/04/24 11:50:59+00,2020/04/24 14:39:00+00,2020,4,April,14,6,24,Friday,14,Motorway Collision,Daylight,RAIN,Property Damage Only,0,0,0,40.019184,-105.266073,1,1,0,0,PARKING LOT,1145,10646
-105.247785,39.993996,Police Collision Report,COLLISION W/ OBJECT - FENCE,2105425,2,38000  US HIGHWAY 36      ,HWY 36,STATE HWY,     ,  ,2021/06/25 00:00:00+00,2021/06/25 23:17:00+00,2021,6,June,23,6,25,Friday,23,Motorway Collision,Dark - Unlighted,RAIN,Property Damage Only,0,0,0,39.993996,-105.247785,0,1,0,0,NON-INTERSECTION,2317,10647
-105.258468,40.032817,Police Collision Report,COLLISION W/ OBJECT - CULVERT OR HEADWALL,1712618,1,28TH ST/GLENWOOD DR,28TH ST/HWY 36,STATE HWY,52,NW,2017/09/23 00:00:00+00,2017/09/23 22:24:00+00,2017,9,September,22,7,23,Saturday,22,Motorway Collision,Dark - Lighted,RAIN,Possible injury,0,0,0,40.032817,-105.258468,0,0,0,0,INTERSECTION RELATED,2224,10648
-105.247785,39.993996,Police Collision Report,COLLISION W/ OBJECT - TREE,2105426,1,38000  US HIGHWAY 36      ,HWY 36,STATE HWY,     ,  ,2021/06/25 00:00:00+00,2021/06/25 23:38:00+00,2021,6,June,23,6,25,Friday,23,Motorway Collision,Dark - Lighted,RAIN,Non-Incapacitating Injury,0,0,1,39.993996,-105.247785,0,0,0,0,NON-INTERSECTION,2340,10649
-105.272693,40.054643,Police Collision Report,COLLISION W/ OBJECT - LARGE ROCKS OR BOULDER,1813055,1,4500  19TH ST 164    ,28TH STREET,STATE HWY,440,S ,2018/10/07 23:00:00+00,2018/10/08 00:19:00+00,2018,10,October,0,2,8,Monday,0,Motorway Collision,Dark - Lighted,RAIN,Property Damage Only,0,0,0,40.054643,-105.272693,0,0,0,0,DRIVEWAY ACCESS RELATED,2307,10650
-105.253722,40.025501,Police Collision Report,COLLISION W/ OBJECT - TREE,2104521,1,30TH ST/MAPLETON AVE,30TH ST,CITY ST/CNTY RD,     ,S ,2021/05/30 00:00:00+00,2021/05/30 06:15:00+00,2021,5,May,6,1,30,Sunday,6,Motorway Collision,Dawn or Dusk,RAIN,Property Damage Only,0,0,0,40.025501,-105.253722,0,0,0,0,NON-INTERSECTION,615,10651
-105.248834,39.985842,Police Collision Report,GROUND,2105421,2,TABLE MESA DR/S LASHLEY LN,TABLE MESA DR,CITY ST/CNTY RD,     ,  ,2021/06/25 00:00:00+00,2021/06/25 16:32:00+00,2021,6,June,16,6,25,Friday,16,Motorway Collision,Daylight,RAIN,Non-Incapacitating Injury,0,0,1,39.985842,-105.248834,0,0,1,0,AT INTERSECTION,1632,10652
-105.278701,40.010489,Police Collision Report,FELL FROM MOTOR VEHICLE,2103605,1,11TH ST/UNIVERSITY AVE,N ALLEY OF UNIVERSITY AVE,CITY ST/CNTY RD,     ,W ,2021/05/03 00:00:00+00,2021/05/03 23:30:00+00,2021,5,May,23,2,3,Monday,23,Motorway Collision,Dark - Lighted,RAIN,Non-Incapacitating Injury,0,0,1,40.010489,-105.278701,0,1,0,0,ALLEY RELATED,2328,10653
-105.272765,40.054641,Police Collision Report,FELL FROM MOTOR VEHICLE,2206152,1,19TH ST/VIOLET AVE,19TH,CITY ST/CNTY RD,     ,S ,2022/06/29 00:00:00+00,2022/06/29 20:19:00+00,2022,6,June,20,4,29,Wednesday,20,Motorway Collision,Dawn or Dusk,RAIN,Incapacitating Injury,0,1,1,40.054641,-105.272765,0,0,0,0,NON-INTERSECTION,2019,10654
-105.225399,40.019557,Police Collision Report,FELL FROM MOTOR VEHICLE,2207845,2,CENTRAL AVE/55TH ST,CENTRAL AVE,CITY ST/CNTY RD,     ,E ,2022/08/15 00:00:00+00,2022/08/15 16:02:00+00,2022,8,August,16,2,15,Monday,16,Motorway Collision,Daylight,RAIN,Non-Incapacitating Injury,0,0,1,40.019557,-105.225399,0,0,0,0,NON-INTERSECTION,1602,10655
-105.258357,40.000215,Police Collision Report,GUARDRAIL FACE,2103007,1,US HIGHWAY 36/BASELINE RD,US HIGHWAY 36,STATE HWY,     ,  ,2021/04/13 00:00:00+00,2021/04/13 07:14:00+00,2021,4,April,7,3,13,Tuesday,7,Motorway Collision,Daylight,RAIN,Property Damage Only,0,0,0,40.000215,-105.258357,0,0,0,0,AT INTERSECTION,715,10656
-105.258425,40.036444,Police Collision Report,COLLISION W/ OBJECT - OTHER OBJECT (SPEC. IN,1914152,1,DIAGONAL HWY/28TH ST,DIAGONAL HIGHWAY,STATE HWY,     ,  ,2019/12/02 00:00:00+00,2019/12/02 23:08:00+00,2019,12,December,23,2,2,Monday,23,Motorway Collision,Dark - Lighted,SNOW/SLEET/HAIL,Property Damage Only,0,0,0,40.036444,-105.258425,0,0,0,0,AT INTERSECTION,2308,10657
-105.249911,39.985461,Police Collision Report,COLLISION W/ OBJECT - OTHER OBJECT (SPEC. IN,1716684,1,TABLE MESA DR/S BROADWAY,S. BROADWAY,CITY ST/CNTY RD,345,S ,2017/12/23 00:00:00+00,2017/12/23 21:04:00+00,2017,12,December,21,7,23,Saturday,21,Motorway Collision,Dark - Unlighted,SNOW/SLEET/HAIL,Property Damage Only,0,0,0,39.985461,-105.249911,0,0,0,0,NON-INTERSECTION,2104,10658
-105.236618,39.988496,Police Collision Report,COLLISION W/ OBJECT - OTHER OBJECT (SPEC. IN,2001402,1,35   PAWNEE DR      ,FOOTHILLS HWY,STATE HWY,     ,N ,2020/02/07 18:18:00+00,2020/02/07 23:12:42+00,2020,2,February,23,6,7,Friday,23,Motorway Collision,Dark - Unlighted,SNOW/SLEET/HAIL,Property Damage Only,0,0,0,39.988496,-105.236618,1,1,0,0,NON-INTERSECTION,1817,10659
-105.277729,40.015591,Police Collision Report,COLLISION W/ OBJECT - OTHER OBJECT (SPEC. IN,1915056,1,1770  13TH ST      ,1770 13TH STREET,,     ,  ,2019/12/28 00:00:00+00,2019/12/28 09:29:00+00,2019,12,December,9,7,28,Saturday,9,Motorway Collision,Daylight,SNOW/SLEET/HAIL,Property Damage Only,0,0,0,40.015591,-105.277729,0,0,0,0,PARKING LOT,929,10660
-105.254621,40.000092,Police Collision Report,COLLISION W/ OBJECT - OTHER OBJECT (SPEC. IN,2010291,1,BASELINE RD/CANYON CREEK RD,BASELINE RD,CITY ST/CNTY RD,     ,  ,2020/10/27 00:00:00+00,2020/10/27 12:48:00+00,2020,10,October,12,3,27,Tuesday,12,Motorway Collision,Daylight,SNOW/SLEET/HAIL,Property Damage Only,0,0,0,40.000092,-105.254621,0,0,0,0,AT INTERSECTION,1200,10661
-105.240833,40.014503,Police Collision Report,COLLISION W/ OBJECT - BARRICADE,1900924,1,ARAPAHOE AVE/FOOTHILLS PKWY,FOOTHILLS HWY,STATE HWY,     ,  ,2019/01/28 00:00:00+00,2019/01/28 06:53:00+00,2019,1,January,6,2,28,Monday,6,Motorway Collision,Dawn or Dusk,SNOW/SLEET/HAIL,Property Damage Only,0,0,0,40.014503,-105.240833,0,0,0,0,INTERSECTION RELATED,653,10662
-105.275622,40.016649,Police Collision Report,COLLISION W/ OBJECT - BARRICADE,1800757,1,1480  CANYON BLVD      ,1480 CANYON,,     ,  ,2018/01/21 01:05:00+00,2018/01/21 01:36:00+00,2018,1,January,1,1,21,Sunday,1,Motorway Collision,Dark - Lighted,SNOW/SLEET/HAIL,Property Damage Only,0,0,0,40.016649,-105.275622,1,1,0,0,PARKING LOT,110,10663
-105.258517,40.014388,Police Collision Report,COLLISION W/ OBJECT - WALL OR BUILDING,1804127,1,1590  28TH ST      ,PRIVATE,,     ,  ,2018/04/06 00:00:00+00,2018/04/06 17:06:00+00,2018,4,April,17,6,6,Friday,17,Motorway Collision,Dawn or Dusk,SNOW/SLEET/HAIL,Property Damage Only,0,0,0,40.014388,-105.258517,0,0,0,0,PARKING LOT,1706,10664
-105.273674,40.03847,Police Collision Report,COLLISION W/ OBJECT - LARGE ROCKS OR BOULDER,1813317,1,3503  CATALPA WAY      ,3503 CATALPA WAY,CITY ST/CNTY RD,     ,  ,2018/10/14 08:49:00+00,2018/10/14 08:49:00+00,2018,10,October,8,1,14,Sunday,8,Motorway Collision,Daylight,SNOW/SLEET/HAIL,Property Damage Only,0,0,0,40.03847,-105.273674,1,1,0,0,NON-INTERSECTION,849,10665
-105.246519,40.014636,Police Collision Report,COLLISION W/ OBJECT - BARRICADE,2001272,1,ARAPAHOE AVE/38TH ST,ARAPAHOE AVE,STATE HWY,200,E ,2020/02/04 00:00:00+00,2020/02/04 16:24:00+00,2020,2,February,16,3,4,Tuesday,16,Motorway Collision,Daylight,SNOW/SLEET/HAIL,Property Damage Only,0,0,0,40.014636,-105.246519,0,0,0,0,NON-INTERSECTION,1624,10666
-105.232208,39.987621,Police Collision Report,COLLISION W/ OBJECT - TREE,2102156,1,THUNDERBIRD CIR/FOOTHILLS PKWY OFF RAMP,FOOTHILLS PARKWAY,STATE HWY,590,N ,2021/03/14 00:00:00+00,2021/03/14 09:13:00+00,2021,3,March,9,1,14,Sunday,9,Motorway Collision,Daylight,SNOW/SLEET/HAIL,Property Damage Only,0,0,0,39.987621,-105.232208,0,0,0,0,NON-INTERSECTION,913,10667
-105.253706,40.027516,Police Collision Report,COLLISION W/ OBJECT - TREE,1902273,1,2691  30TH ST      ,30TH ST,CITY ST/CNTY RD,50,S ,2019/03/03 06:24:00+00,2019/03/03 06:24:00+00,2019,3,March,6,1,3,Sunday,6,Motorway Collision,Dark - Lighted,SNOW/SLEET/HAIL,Property Damage Only,0,0,0,40.027516,-105.253706,0,0,0,0,NON-INTERSECTION,630,10668
-105.267873,40.015321,Police Collision Report,COLLISION W/ OBJECT - TREE,1901948,1,21ST ST/GROVE ST,21ST STREET,CITY ST/CNTY RD,     ,  ,2019/02/22 00:00:00+00,2019/02/22 16:20:00+00,2019,2,February,16,6,22,Friday,16,Motorway Collision,Dawn or Dusk,SNOW/SLEET/HAIL,Property Damage Only,0,0,0,40.015321,-105.267873,1,1,0,0,INTERSECTION RELATED,1620,10669
-105.282118,40.031067,Police Collision Report,COLLISION W/ OBJECT - TREE,1816468,1,BROADWAY/EVERGREEN AVE,BROADWAY,CITY ST/CNTY RD,135,S ,2018/12/31 00:00:00+00,2018/12/31 11:47:00+00,2018,12,December,11,2,31,Monday,11,Motorway Collision,Daylight,SNOW/SLEET/HAIL,Property Damage Only,0,0,0,40.031067,-105.282118,0,0,0,0,NON-INTERSECTION,1149,10670
-105.250152,40.018236,Police Collision Report,COLLISION W/ OBJECT - FENCE,2100791,1,1805  33RD ST      ,1805 33RD ST,,     ,  ,2021/01/26 00:00:00+00,2021/01/26 12:36:00+00,2021,1,January,12,3,26,Tuesday,12,Motorway Collision,Daylight,SNOW/SLEET/HAIL,Property Damage Only,0,0,0,40.018236,-105.250152,0,0,0,0,PARKING LOT,1148,10671
-105.297905,40.013382,Police Collision Report,COLLISION W/ OBJECT - TREE,1801638,1,CANYON BLVD/ARAPAHOE AVE,CANYON BLVD,STATE HWY,580,W ,2018/02/10 00:00:00+00,2018/02/10 00:00:00+00,2018,2,February,0,7,10,Saturday,0,Motorway Collision,Daylight,SNOW/SLEET/HAIL,Non-Incapacitating Injury,0,0,1,40.013382,-105.297905,0,0,0,0,NON-INTERSECTION,1300,10672
-105.260145,40.051015,Police Collision Report,COLLISION W/ OBJECT - FENCE,1803666,1,28TH ST/JAY RD,28TH ST,STATE HWY,350,S ,2018/03/27 00:00:00+00,2018/03/27 02:19:00+00,2018,3,March,2,3,27,Tuesday,2,Motorway Collision,Dark - Lighted,SNOW/SLEET/HAIL,Property Damage Only,0,0,0,40.051015,-105.260145,0,0,0,0,NON-INTERSECTION,230,10673