X,Y,ReportType,PrmaryCollsionType,CaseNumber,UnitsInvolved,Location,OnHighway,CrossStreet,FeetFromIntersection,DirectionFromIntersection,CollisionDate,ReportedDate,ReportedYear,ReportedMonth,ReportedMonthName,ReportedWeek,ReportedDayofWeekNum,ReportedDayofMonth,ReportedDayofWeek,ReportedHour,HitAndRunStatus,LightingCondition,WeatherCondition,Severity,NumKilled,NumSeriouslyInjured,NumInjuredOrKilled,Lat,Lon,DUI,AlcoholDrugSuspected,BicyclesInvolved,PedestriansInvolved,RoadDescription,Crash_Time,ESRI_OID
-105.287195,40.00943,Police Collision Report,COLLISION W/ OTHER VEH - PARKED MV,2001886,2,6TH ST/PLEASANT ST,6TH ST,CITY ST/CNTY RD,120,W ,2020/02/19 00:00:00+00,2020/02/19 21:46:00+00,2020,2,February,21,4,19,Wednesday,21,Motorway Collision,Dark - Unlighted,SNOW/SLEET/HAIL,Property Damage Only,0,0,0,40.00943,-105.287195,0,0,0,0,NON-INTERSECTION,2130,10801
-105.254683,39.985337,Police Collision Report,COLLISION W/ OTHER VEH - PARKED MV,1912876,3,STANFORD AVE/GILLASPIE DR,STANDFORD DR,CITY ST/CNTY RD,     ,  ,2019/10/29 00:00:00+00,2019/10/29 21:21:00+00,2019,10,October,21,3,29,Tuesday,21,Motorway Collision,Dark - Lighted,SNOW/SLEET/HAIL,Property Damage Only,0,0,0,39.985337,-105.254683,0,0,0,0,AT INTERSECTION,2155,10802
-105.277468,40.008687,Police Collision Report,COLLISION W/ OTHER VEH - PARKED MV,2101341,3,12TH ST/PENNSYLVANIA AVE,12TH STREET,CITY ST/CNTY RD,71,N ,2021/02/14 00:00:00+00,2021/02/14 00:18:00+00,2021,2,February,0,1,14,Sunday,0,Motorway Collision,Dark - Lighted,SNOW/SLEET/HAIL,Property Damage Only,0,0,0,40.008687,-105.277468,0,0,0,0,NON-INTERSECTION,18,10803
-105.276238,40.007301,Police Collision Report,COLLISION W/ OTHER VEH - PARKED MV,2101435,2,13TH ST/COLLEGE AVE,13TH ST,CITY ST/CNTY RD,50,S ,2021/02/17 00:00:00+00,2021/02/17 00:00:00+00,2021,2,February,0,4,17,Wednesday,0,Motorway Collision,Dark - Lighted,SNOW/SLEET/HAIL,Property Damage Only,0,0,0,40.007301,-105.276238,1,1,0,0,NON-INTERSECTION,1915,10804
-105.277469,40.007301,Police Collision Report,COLLISION W/ OTHER VEH - PARKED MV,2101631,3,12TH ST/COLLEGE AVE,COLLEGE,CITY ST/CNTY RD,100,E ,2021/02/24 00:00:00+00,2021/02/24 19:28:00+00,2021,2,February,19,4,24,Wednesday,19,Motorway Collision,Dark - Unlighted,SNOW/SLEET/HAIL,Property Damage Only,0,0,0,40.007301,-105.277469,0,0,0,0,NON-INTERSECTION,1927,10805
-105.261628,40.014585,Police Collision Report,COLLISION W/ MV - SIDE TO SIDE-OPPOSITE DIREC,1714711,2,2525  ARAPAHOE AVE      ,,,     ,  ,2017/11/07 00:00:00+00,2017/11/07 16:22:00+00,2017,11,November,16,3,7,Tuesday,16,Motorway Collision,Dawn or Dusk,SNOW/SLEET/HAIL,Property Damage Only,0,0,0,40.014585,-105.261628,0,0,0,0,PARKING LOT,1623,10806
-105.285667,40.025543,Police Collision Report,COLLISION W/ MV - SIDE TO SIDE-OPPOSITE DIREC,1900788,2,ALPINE AVE/9TH ST,9TH,CITY ST/CNTY RD,     ,  ,2019/01/24 00:00:00+00,2019/01/24 10:55:00+00,2019,1,January,10,5,24,Thursday,10,Motorway Collision,Daylight,SNOW/SLEET/HAIL,Property Damage Only,0,0,0,40.025543,-105.285667,0,0,0,0,AT INTERSECTION,1055,10807
-105.253567,40.015714,Police Collision Report,COLLISION W/ OTHER VEH - PARKED MV,2101744,2,1650  30TH ST      ,1650 30TH ST,,     ,  ,2021/02/24 00:00:00+00,2021/02/24 00:00:00+00,2021,2,February,0,4,24,Wednesday,0,Motorway Collision,,SNOW/SLEET/HAIL,Property Damage Only,0,0,0,40.015714,-105.253567,0,0,0,0,PARKING LOT,1907,10808
-105.240833,40.014503,Police Collision Report,COLLISION W/ MV - SIDE TO SIDE-SAME DIRECTION,1901298,2,ARAPAHOE AVE/FOOTHILLS PKWY,FOOTHILLS PARKWAY,STATE HWY,     ,  ,2019/02/06 00:00:00+00,2019/02/06 10:38:00+00,2019,2,February,10,4,6,Wednesday,10,Motorway Collision,Daylight,SNOW/SLEET/HAIL,Property Damage Only,0,0,0,40.014503,-105.240833,0,0,0,0,AT INTERSECTION,1038,10809
-105.244674,40.038243,Police Collision Report,COLLISION W/ MV - SIDE TO SIDE-SAME DIRECTION,1714695,2,FOOTHILLS PKWY/DIAGONAL HWY,FOOTHILLS PKWY,STATE HWY,     ,  ,2017/11/07 00:00:00+00,2017/11/07 09:14:00+00,2017,11,November,9,3,7,Tuesday,9,Motorway Collision,Daylight,SNOW/SLEET/HAIL,Property Damage Only,0,0,0,40.038243,-105.244674,0,0,0,0,INTERSECTION RELATED,900,10810
-105.281468,40.022167,Police Collision Report,COLLISION W/ MV - SIDE TO SIDE-SAME DIRECTION,1714704,2,BROADWAY/HIGH ST,BROADWAY,CITY ST/CNTY RD,167,N ,2017/11/07 00:00:00+00,2017/11/07 12:55:00+00,2017,11,November,12,3,7,Tuesday,12,Motorway Collision,Daylight,SNOW/SLEET/HAIL,Property Damage Only,0,0,0,40.022167,-105.281468,0,0,0,0,NON-INTERSECTION,1255,10811
-105.260426,40.017483,Police Collision Report,COLLISION W/ MV - SIDE TO SIDE-SAME DIRECTION,1802242,2,26TH ST/CANYON BLVD,CANYON BLVD,STATE HWY,     ,  ,2018/02/23 00:00:00+00,2018/02/23 09:28:00+00,2018,2,February,9,6,23,Friday,9,Motorway Collision,Dark - Lighted,SNOW/SLEET/HAIL,Property Damage Only,0,0,0,40.017483,-105.260426,0,0,0,0,INTERSECTION RELATED,1705,10812
-105.253136,40.00517,Police Collision Report,COLLISION W/ MV - SIDE TO SIDE-SAME DIRECTION,1802226,2,30TH ST/E EUCLID AVE,KENT ST,CITY ST/CNTY RD,500,W ,2018/02/23 00:00:00+00,2018/02/23 20:46:00+00,2018,2,February,20,6,23,Friday,20,Motorway Collision,Dark - Unlighted,SNOW/SLEET/HAIL,Property Damage Only,0,0,0,40.00517,-105.253136,0,0,0,0,NON-INTERSECTION,2046,10813
-105.272809,40.052806,Police Collision Report,COLLISION W/ MV - SIDE TO SIDE-SAME DIRECTION,1804154,2,19TH ST/UPLAND AVE,19TH,CITY ST/CNTY RD,     ,  ,2018/04/06 00:00:00+00,2018/04/06 00:00:00+00,2018,4,April,0,6,6,Friday,0,Motorway Collision,Dark - Lighted,SNOW/SLEET/HAIL,Property Damage Only,0,0,0,40.052806,-105.272809,0,0,0,0,AT INTERSECTION,2215,10814
-105.252022,39.984369,Police Collision Report,COLLISION W/ MV - SIDE TO SIDE-SAME DIRECTION,1904706,2,STANFORD AVE/TABLE MESA DR,TABLE MESA DR,CITY ST/CNTY RD,25,E ,2019/05/01 00:00:00+00,2019/05/01 18:14:00+00,2019,5,May,18,4,1,Wednesday,18,Motorway Collision,Daylight,SNOW/SLEET/HAIL,Property Damage Only,0,0,0,39.984369,-105.252022,0,0,0,0,DRIVEWAY ACCESS RELATED,1814,10815
-105.24066,40.014698,Police Collision Report,COLLISION W/ MV - SIDE TO SIDE-SAME DIRECTION,2001860,2,FOOTHILLS PKWY/ARAPAHOE AVE,FOOTHILLS PKWY,STATE HWY,100,N ,2020/02/19 00:00:00+00,2020/02/19 08:49:00+00,2020,2,February,8,4,19,Wednesday,8,Motorway Collision,Daylight,SNOW/SLEET/HAIL,Property Damage Only,0,0,0,40.014698,-105.24066,0,0,0,0,INTERSECTION RELATED,850,10816
-105.240931,39.97558,Police Collision Report,COLLISION W/ MV - SIDE TO SIDE-SAME DIRECTION,2001200,2,S BROADWAY/GREENBRIAR CIR,BROADWAY,STATE HWY,360,N ,2020/02/03 00:00:00+00,2020/02/03 08:25:00+00,2020,2,February,8,2,3,Monday,8,Motorway Collision,Daylight,SNOW/SLEET/HAIL,Property Damage Only,0,0,0,39.97558,-105.240931,0,0,0,0,NON-INTERSECTION,824,10817
-105.258272,40.017365,Police Collision Report,COLLISION W/ MV - SIDE TO SIDE-SAME DIRECTION,2001202,2,CANYON BLVD/28TH ST,CANYON BLVD,STATE HWY,248,W ,2020/02/03 00:00:00+00,2020/02/03 08:58:00+00,2020,2,February,8,2,3,Monday,8,Motorway Collision,Daylight,SNOW/SLEET/HAIL,Property Damage Only,0,0,0,40.017365,-105.258272,0,0,0,0,INTERSECTION RELATED,858,10818
-105.254621,40.000092,Police Collision Report,COLLISION W/ MV - SIDE TO SIDE-SAME DIRECTION,2001286,2,BASELINE RD/CANYON CREEK RD,BASELINE ROAD,CITY ST/CNTY RD,     ,  ,2020/02/04 00:00:00+00,2020/02/04 00:00:00+00,2020,2,February,0,3,4,Tuesday,0,Motorway Collision,Daylight,SNOW/SLEET/HAIL,Property Damage Only,0,0,0,40.000092,-105.254621,0,0,0,0,INTERSECTION RELATED,1819,10819
-105.281039,40.020916,Police Collision Report,COLLISION W/ MV - SIDE TO SIDE-SAME DIRECTION,2010235,2,BROADWAY/MAPLETON AVE,MAPLETON AVE,CITY ST/CNTY RD,53,W ,2020/10/25 00:00:00+00,2020/10/25 15:03:00+00,2020,10,October,15,1,25,Sunday,15,Motorway Collision,Daylight,SNOW/SLEET/HAIL,Property Damage Only,0,0,0,40.020916,-105.281039,0,0,0,0,NON-INTERSECTION,1419,10820
-105.272587,40.014585,Police Collision Report,COLLISION W/ MV - SIDE TO SIDE-SAME DIRECTION,1813303,3,17TH ST/ARAPAHOE AVE,ARAPAHOE AVE,CITY ST/CNTY RD,     ,  ,2018/10/13 00:00:00+00,2018/10/13 23:19:00+00,2018,10,October,23,7,13,Saturday,23,Motorway Collision,Dark - Unlighted,SNOW/SLEET/HAIL,Possible injury,0,0,0,40.014585,-105.272587,0,0,0,0,AT INTERSECTION,2319,10821
-105.253688,40.014535,Police Collision Report,COLLISION W/ MV - SIDE TO SIDE-SAME DIRECTION,1814581,2,ARAPAHOE AVE/30TH ST,ARAPAHOE AVE,CITY ST/CNTY RD,910,S ,2018/11/11 00:00:00+00,2018/11/11 15:30:00+00,2018,11,November,15,1,11,Sunday,15,Motorway Collision,Daylight,SNOW/SLEET/HAIL,Property Damage Only,0,0,0,40.014535,-105.253688,0,0,0,0,NON-INTERSECTION,1527,10822
-105.251178,39.981886,Police Collision Report,COLLISION W/ MV - SIDE TO SIDE-SAME DIRECTION,1901313,3,ARMER AVE/GILLASPIE DR,GILLASPIE DR,CITY ST/CNTY RD,302,N ,2019/02/06 00:00:00+00,2019/02/06 15:47:00+00,2019,2,February,15,4,6,Wednesday,15,Motorway Collision,Daylight,SNOW/SLEET/HAIL,Property Damage Only,0,0,0,39.981886,-105.251178,0,0,0,0,NON-INTERSECTION,1547,10823
-105.286188,40.020579,Police Collision Report,COLLISION W/ MV - SIDE TO SIDE-SAME DIRECTION,1900935,2,8TH ST/MAPLETON AVE,8TH ST,CITY ST/CNTY RD,200,N ,2019/01/18 00:00:00+00,2019/01/28 10:52:00+00,2019,1,January,10,2,28,Monday,10,Motorway Collision,Daylight,SNOW/SLEET/HAIL,Property Damage Only,0,0,0,40.020579,-105.286188,0,0,0,0,CROSSOVER-RELATED,1053,10824
-105.273771,40.027988,Police Collision Report,COLLISION W/ MV - SIDE TO SIDE-SAME DIRECTION,1970258,2,18TH ST/CEDAR AVE,CEDAR AVE,CITY ST/CNTY RD,     ,  ,2019/01/28 11:00:00+00,2019/01/29 05:51:00+00,2019,1,January,5,3,29,Tuesday,5,Motorway Collision,Daylight,SNOW/SLEET/HAIL,Property Damage Only,0,0,0,40.027988,-105.273771,0,0,0,0,AT INTERSECTION,1100,10825
-105.258317,40.014664,Police Collision Report,COLLISION W/ MV - SIDE TO SIDE-SAME DIRECTION,1902263,2,ARAPAHOE AVE/28TH ST,ARAPAHOE AVE,CITY ST/CNTY RD,     ,  ,2019/03/02 00:00:00+00,2019/03/02 15:44:00+00,2019,3,March,15,7,2,Saturday,15,Motorway Collision,Daylight,SNOW/SLEET/HAIL,Property Damage Only,0,0,0,40.014664,-105.258317,0,0,0,0,INTERSECTION RELATED,1544,10826
-105.283601,40.016063,Police Collision Report,COLLISION W/ MV - SIDE TO SIDE-SAME DIRECTION,1813169,2,9TH ST/WALNUT ST,9TH ST,CITY ST/CNTY RD,80,N ,2018/10/10 00:00:00+00,2018/10/10 15:10:00+00,2018,10,October,15,4,10,Wednesday,15,Motorway Collision,Daylight,SNOW/SLEET/HAIL,Property Damage Only,0,0,0,40.016063,-105.283601,0,0,0,0,NON-INTERSECTION,1510,10827
-105.240833,40.014503,Police Collision Report,COLLISION W/ MV - SIDE TO SIDE-SAME DIRECTION,1901957,2,ARAPAHOE AVE/FOOTHILLS PKWY,FOOTHILLS HWY,STATE HWY,60,N ,2019/02/22 00:00:00+00,2019/02/22 19:04:00+00,2019,2,February,19,6,22,Friday,19,Motorway Collision,Dark - Lighted,SNOW/SLEET/HAIL,Property Damage Only,0,0,0,40.014503,-105.240833,0,0,0,0,INTERSECTION RELATED,1904,10828
-105.264083,40.008226,Police Collision Report,COLLISION W/ MV - SIDE TO SIDE-SAME DIRECTION,1713312,2,FOLSOM ST/COLORADO AVE,FOLSOM STREET,CITY ST/CNTY RD,     ,  ,2017/10/09 00:00:00+00,2017/10/09 11:26:00+00,2017,10,October,11,2,9,Monday,11,Motorway Collision,Daylight,SNOW/SLEET/HAIL,Property Damage Only,0,0,0,40.008226,-105.264083,0,0,0,0,AT INTERSECTION,1127,10829
-105.253797,40.016675,Police Collision Report,COLLISION W/ MV - SIDE TO SIDE-SAME DIRECTION,1713313,2,30TH ST/CANYON BLVD,30TH ST,CITY ST/CNTY RD,300,N ,2017/10/09 00:00:00+00,2017/10/09 11:43:00+00,2017,10,October,11,2,9,Monday,11,Motorway Collision,Daylight,SNOW/SLEET/HAIL,Property Damage Only,0,0,0,40.016675,-105.253797,0,0,0,0,NON-INTERSECTION,1146,10830
-105.253542,40.010322,Police Collision Report,COLLISION W/ MV - SIDE TO SIDE-SAME DIRECTION,1804938,2,30TH ST/SHADOW CREEK DR,30TH ST,CITY ST/CNTY RD,224,N ,2018/04/24 00:00:00+00,2018/04/24 17:23:00+00,2018,4,April,17,3,24,Tuesday,17,Motorway Collision,Daylight,SNOW/SLEET/HAIL,Possible injury,0,0,0,40.010322,-105.253542,0,0,0,0,NON-INTERSECTION,1723,10831
-105.274674,40.007207,Police Collision Report,COLLISION W/ MV - SIDE TO SIDE-SAME DIRECTION,1714101,2,BROADWAY/COLLEGE AVE,BROADWAY,STATE HWY,247,N ,2017/10/26 00:00:00+00,2017/10/26 13:21:00+00,2017,10,October,13,5,26,Thursday,13,Motorway Collision,Daylight,SNOW/SLEET/HAIL,Property Damage Only,0,0,0,40.007207,-105.274674,0,0,0,0,NON-INTERSECTION,1321,10832
-105.26379,40.000067,Police Collision Report,COLLISION W/ MV - SIDE TO SIDE-SAME DIRECTION,1900589,2,BROADWAY/BASELINE RD,BROADWAY,STATE HWY,     ,  ,2019/01/18 00:00:00+00,2019/01/18 10:07:00+00,2019,1,January,10,6,18,Friday,10,Motorway Collision,Daylight,SNOW/SLEET/HAIL,Possible injury,0,0,0,40.000067,-105.26379,0,0,0,0,AT INTERSECTION,1007,10833
-105.288561,40.062934,Police Collision Report,COLLISION W/ MV - SIDE TO SIDE-SAME DIRECTION,1802024,2,LEE HILL DR/5TH ST,LEE HILL DR,CITY ST/CNTY RD,     ,  ,2018/02/19 00:00:00+00,2018/02/19 17:12:00+00,2018,2,February,17,2,19,Monday,17,Motorway Collision,Dawn or Dusk,SNOW/SLEET/HAIL,Possible injury,0,0,0,40.062934,-105.288561,0,0,0,0,AT INTERSECTION,1710,10834
-105.229933,39.996135,Police Collision Report,COLLISION W/ MV - REAR TO SIDE,1804128,2,MANHATTAN DR/SANTA CLARA PL,SANTA CLARA PLACE,CITY ST/CNTY RD,     ,  ,2018/04/06 00:00:00+00,2018/04/06 17:31:00+00,2018,4,April,17,6,6,Friday,17,Motorway Collision,Daylight,SNOW/SLEET/HAIL,Property Damage Only,0,0,0,39.996135,-105.229933,0,0,0,0,AT INTERSECTION,1731,10835
-105.282158,40.056301,Police Collision Report,COLLISION W/ MV - REAR TO SIDE,1802023,2,BROADWAY/ROSEWOOD AVE,,,     ,  ,2018/02/19 00:00:00+00,2018/02/19 16:26:00+00,2018,2,February,16,2,19,Monday,16,Motorway Collision,Dawn or Dusk,SNOW/SLEET/HAIL,Property Damage Only,0,0,0,40.056301,-105.282158,0,0,0,0,PARKING LOT,1630,10836
-105.276238,40.007301,Police Collision Report,COLLISION W/ MV - REAR TO SIDE,1801707,2,13TH ST/COLLEGE AVE,COLLEGE AVE,CITY ST/CNTY RD,     ,  ,2018/02/10 00:00:00+00,2018/02/16 00:00:00+00,2018,2,February,0,6,16,Friday,0,Motorway Collision,Dark - Lighted,SNOW/SLEET/HAIL,Property Damage Only,0,0,0,40.007301,-105.276238,0,0,0,0,NON-INTERSECTION,2300,10837
-105.278697,40.014093,Police Collision Report,COLLISION W/ MV - REAR TO SIDE,1801607,4,BROADWAY/ARAPAHOE AVE,BROADWAY,STATE HWY,     ,  ,2018/02/09 00:00:00+00,2018/02/09 18:35:00+00,2018,2,February,18,6,9,Friday,18,Motorway Collision,Dark - Lighted,SNOW/SLEET/HAIL,Property Damage Only,0,0,0,40.014093,-105.278697,0,0,0,0,AT INTERSECTION,1835,10838
-105.279019,40.019204,Police Collision Report,COLLISION W/ MV - REAR TO SIDE,1802219,2,SPRUCE ST/13TH ST,SPRUCE ST,CITY ST/CNTY RD,     ,  ,2018/02/23 00:00:00+00,2018/02/23 19:39:00+00,2018,2,February,19,6,23,Friday,19,Motorway Collision,Dark - Lighted,SNOW/SLEET/HAIL,Property Damage Only,0,0,0,40.019204,-105.279019,0,0,0,0,NON-INTERSECTION,1940,10839
-105.237671,39.985731,Police Collision Report,COLLISION W/ MV - REAR TO SIDE,1716596,2,TABLE MESA DR/MOORHEAD AVE,TABLE MESA DRIVE,CITY ST/CNTY RD,     ,  ,2017/12/21 00:00:00+00,2017/12/21 07:27:00+00,2017,12,December,7,5,21,Thursday,7,Motorway Collision,Daylight,SNOW/SLEET/HAIL,Property Damage Only,0,0,0,39.985731,-105.237671,0,0,0,0,AT INTERSECTION,727,10840
-105.253567,40.015714,Police Collision Report,COLLISION W/ MV - REAR TO SIDE,2202462,2,1650  30TH ST      ,1650 30TH STREET,,     ,  ,2022/03/16 00:00:00+00,2022/03/16 19:30:00+00,2022,3,March,19,4,16,Wednesday,19,Motorway Collision,Dawn or Dusk,SNOW/SLEET/HAIL,Property Damage Only,0,0,0,40.015714,-105.253567,0,0,0,0,PARKING LOT,1930,10841
-105.253289,40.014589,Police Collision Report,COLLISION W/ MV - REAR TO SIDE,1813320,2,3033  ARAPAHOE AVE      ,3033 ARAPAHOE AVE,,     ,  ,2018/10/14 00:00:00+00,2018/10/14 10:40:00+00,2018,10,October,10,1,14,Sunday,10,Motorway Collision,Daylight,SNOW/SLEET/HAIL,Property Damage Only,0,0,0,40.014589,-105.253289,0,0,0,0,PARKING LOT,1040,10842
-105.283833,40.021768,Police Collision Report,COLLISION W/ MV - REAR TO SIDE,1900348,2,10TH ST/MAXWELL AVE,MAXWELL AVENUE,CITY ST/CNTY RD,     ,  ,2019/01/11 00:00:00+00,2019/01/11 08:54:00+00,2019,1,January,8,6,11,Friday,8,Motorway Collision,Daylight,SNOW/SLEET/HAIL,Property Damage Only,0,0,0,40.021768,-105.283833,0,0,0,0,AT INTERSECTION,854,10843
-105.258524,40.008127,Police Collision Report,COLLISION W/ MV - REAR TO SIDE,1913124,2,28TH ST/COLORADO AVE,28TH ST,STATE HWY,     ,  ,2019/10/29 00:00:00+00,2019/10/29 00:00:00+00,2019,10,October,0,3,29,Tuesday,0,Motorway Collision,Daylight,SNOW/SLEET/HAIL,Property Damage Only,0,0,0,40.008127,-105.258524,0,0,0,0,INTERSECTION RELATED,1300,10844
-105.234743,39.986514,Police Collision Report,COLLISION W/ MV - FRONT TO SIDE,2101633,2,US HIGHWAY 36/TABLE MESA DR,TABLE MESA DRIVE,STATE HWY,     ,  ,2021/02/24 00:00:00+00,2021/02/24 19:34:00+00,2021,2,February,19,4,24,Wednesday,19,Motorway Collision,Dark - Lighted,SNOW/SLEET/HAIL,Property Damage Only,0,0,0,39.986514,-105.234743,0,0,0,0,AT INTERSECTION,1934,10845
-105.27003,40.001871,Police Collision Report,COLLISION W/ MV - REAR TO SIDE,2001496,2,CASCADE AVE/18TH ST,CASCADE,CITY ST/CNTY RD,10,S ,2020/02/09 00:00:00+00,2020/02/09 17:51:00+00,2020,2,February,17,1,9,Sunday,17,Motorway Collision,Dark - Lighted,SNOW/SLEET/HAIL,Property Damage Only,0,0,0,40.001871,-105.27003,0,0,0,0,NON-INTERSECTION,1706,10846
-105.282083,40.040944,Police Collision Report,COLLISION W/ MV - REAR TO SIDE,1913378,2,LINDEN AVE/BROADWAY,LINDEN AVE,CITY ST/CNTY RD,25,W ,2019/11/11 00:00:00+00,2019/11/11 08:05:00+00,2019,11,November,8,2,11,Monday,8,Motorway Collision,Daylight,SNOW/SLEET/HAIL,Property Damage Only,0,0,0,40.040944,-105.282083,0,0,0,0,INTERSECTION RELATED,805,10847
-105.28205,40.047615,Police Collision Report,COLLISION W/ MV - REAR TO REAR,1901315,2,3990  BROADWAY      ,3990 BROADWAY,,     ,  ,2019/02/06 00:00:00+00,2019/02/06 16:09:00+00,2019,2,February,16,4,6,Wednesday,16,Motorway Collision,Daylight,SNOW/SLEET/HAIL,Property Damage Only,0,0,0,40.047615,-105.28205,0,0,0,0,PARKING LOT,1609,10848
-105.258469,40.033095,Police Collision Report,COLLISION W/ MV - REAR TO REAR,2008608,2,3215  28TH ST      ,3215 28TH ST,,     ,  ,2020/09/09 00:00:00+00,2020/09/09 11:06:00+00,2020,9,September,11,4,9,Wednesday,11,Motorway Collision,Daylight,SNOW/SLEET/HAIL,Property Damage Only,0,0,0,40.033095,-105.258469,0,0,0,0,PARKING LOT,1105,10849
-105.274674,40.007207,Police Collision Report,COLLISION W/ MV - SIDE TO SIDE-SAME DIRECTION,2003606,2,BROADWAY/COLLEGE AVE,BROADWAY,STATE HWY,     ,  ,2020/04/13 00:00:00+00,2020/04/13 12:12:00+00,2020,4,April,12,2,13,Monday,12,Motorway Collision,Daylight,SNOW/SLEET/HAIL,Property Damage Only,0,0,0,40.007207,-105.274674,0,0,0,0,AT INTERSECTION,1212,10850
-105.258317,40.014664,Police Collision Report,COLLISION W/ MV - SIDE TO SIDE-SAME DIRECTION,2100787,2,ARAPAHOE AVE/28TH ST,ARAPAHOE AVE,STATE HWY,     ,  ,2021/01/26 00:00:00+00,2021/01/26 10:50:00+00,2021,1,January,10,3,26,Tuesday,10,Motorway Collision,Daylight,SNOW/SLEET/HAIL,Property Damage Only,0,0,0,40.014664,-105.258317,0,0,0,0,AT INTERSECTION,1050,10851
-105.255554,39.981085,Police Collision Report,COLLISION W/ MV - SIDE TO SIDE-SAME DIRECTION,2101325,2,MIAMI WAY/TABLE MESA DR,MIAMI WAY,CITY ST/CNTY RD,529,S ,2021/02/13 00:00:00+00,2021/02/13 08:50:00+00,2021,2,February,8,7,13,Saturday,8,Motorway Collision,Dark - Lighted,SNOW/SLEET/HAIL,Property Damage Only,0,0,0,39.981085,-105.255554,0,0,0,0,NON-INTERSECTION,203,10852
-105.263012,40.017354,Police Collision Report,COLLISION W/ MV - SIDE TO SIDE-SAME DIRECTION,1912863,2,FOLSOM ST/CANYON BLVD,CANYON,STATE HWY,180,E ,2019/10/29 00:00:00+00,2019/10/29 15:14:00+00,2019,10,October,15,3,29,Tuesday,15,Motorway Collision,Daylight,SNOW/SLEET/HAIL,Property Damage Only,0,0,0,40.017354,-105.263012,0,0,0,0,NON-INTERSECTION,1515,10853
-105.269128,40.043767,Police Collision Report,COLLISION W/ MV - SIDE TO SIDE-SAME DIRECTION,1912868,2,NORWOOD AVE/21ST ST,NORWOOD AVE,CITY ST/CNTY RD,500,E ,2019/10/29 00:00:00+00,2019/10/29 15:45:00+00,2019,10,October,15,3,29,Tuesday,15,Motorway Collision,Daylight,SNOW/SLEET/HAIL,Property Damage Only,0,0,0,40.043767,-105.269128,0,0,0,0,NON-INTERSECTION,1545,10854
-105.237492,40.031008,Police Collision Report,COLLISION W/ MV - FRONT TO SIDE,2102150,2,5000  BUTTE ST 66    ,VALMONT RD,STATE HWY,     ,  ,2021/03/13 19:53:59+00,2021/03/13 22:02:00+00,2021,3,March,22,7,13,Saturday,22,Motorway Collision,Dark - Lighted,SNOW/SLEET/HAIL,Property Damage Only,0,0,0,40.031008,-105.237492,1,1,0,0,AT INTERSECTION,1953,10855
-105.253797,40.016675,Police Collision Report,COLLISION W/ MV - REAR TO SIDE,2101626,2,30TH ST/CANYON BLVD,CANYON BLVD,CITY ST/CNTY RD,     ,  ,2021/02/24 00:00:00+00,2021/02/24 16:22:00+00,2021,2,February,16,4,24,Wednesday,16,Motorway Collision,Dawn or Dusk,SNOW/SLEET/HAIL,Property Damage Only,0,0,0,40.016675,-105.253797,0,0,0,0,AT INTERSECTION,1622,10856
-105.280704,40.019902,Police Collision Report,COLLISION W/ MV - FRONT TO SIDE,2101419,2,BROADWAY/PINE ST,BROADWAY,CITY ST/CNTY RD,177,N ,2021/02/17 00:00:00+00,2021/02/17 18:03:00+00,2021,2,February,18,4,17,Wednesday,18,Motorway Collision,Dark - Lighted,SNOW/SLEET/HAIL,Possible injury,0,0,0,40.019902,-105.280704,0,0,0,0,NON-INTERSECTION,1603,10857
-105.281019,40.020951,Police Collision Report,COLLISION W/ MV - REAR TO SIDE,2010284,3,MAPLETON AVE/BROADWAY,MAPLETON AVE,CITY ST/CNTY RD,53,W ,2020/10/25 00:00:00+00,2020/10/25 00:00:00+00,2020,10,October,0,1,25,Sunday,0,Motorway Collision,Daylight,SNOW/SLEET/HAIL,Property Damage Only,0,0,0,40.020951,-105.281019,0,0,0,0,NON-INTERSECTION,1419,10858
-105.253726,40.016417,Police Collision Report,COLLISION W/ MV - REAR TO SIDE,2010719,2,1686  30TH ST      ,1686 30TH ST,,     ,  ,2020/11/09 16:32:59+00,2020/11/09 16:33:00+00,2020,11,November,16,2,9,Monday,16,Motorway Collision,Dark - Lighted,SNOW/SLEET/HAIL,Property Damage Only,0,0,0,40.016417,-105.253726,0,0,0,0,PARKING LOT,1627,10859
-105.249425,40.003728,Police Collision Report,COLLISION W/ MV - FRONT TO SIDE,1913744,2,34TH ST/E AURORA AVE,E AURORA AVE,CITY ST/CNTY RD,     ,  ,2019/11/20 00:00:00+00,2019/11/20 15:21:00+00,2019,11,November,15,4,20,Wednesday,15,Motorway Collision,Dawn or Dusk,SNOW/SLEET/HAIL,Non-Incapacitating Injury,0,0,1,40.003728,-105.249425,0,0,0,0,AT INTERSECTION,1521,10860
-105.225448,40.014598,Police Collision Report,COLLISION W/ MV - FRONT TO SIDE,2003346,2,55TH ST/ARAPAHOE AVE,55TH ST,CITY ST/CNTY RD,     ,  ,2020/04/02 00:00:00+00,2020/04/02 17:56:00+00,2020,4,April,17,5,2,Thursday,17,Motorway Collision,Daylight,SNOW/SLEET/HAIL,Non-Incapacitating Injury,0,0,1,40.014598,-105.225448,0,0,1,0,AT INTERSECTION,1756,10861
-105.206949,40.067233,Police Collision Report,COLLISION W/ MV - FRONT TO SIDE,2010132,2,63RD ST/SPINE RD,63RD ST,CITY ST/CNTY RD,     ,  ,2020/10/22 00:00:00+00,2020/10/22 18:28:00+00,2020,10,October,18,5,22,Thursday,18,Motorway Collision,Dark - Lighted,SNOW/SLEET/HAIL,Possible injury,0,0,0,40.067233,-105.206949,0,0,0,0,AT INTERSECTION,1828,10862
-105.258456,40.036493,Police Collision Report,COLLISION W/ MV - FRONT TO SIDE,2003690,2,IRIS AVE/28TH ST,IRIS AVE,CITY ST/CNTY RD,230,W ,2020/04/16 00:00:00+00,2020/04/16 12:52:00+00,2020,4,April,12,5,16,Thursday,12,Motorway Collision,Daylight,SNOW/SLEET/HAIL,Property Damage Only,0,0,0,40.036493,-105.258456,0,0,0,0,INTERSECTION RELATED,1252,10863