X,Y,ReportType,PrmaryCollsionType,CaseNumber,UnitsInvolved,Location,OnHighway,CrossStreet,FeetFromIntersection,DirectionFromIntersection,CollisionDate,ReportedDate,ReportedYear,ReportedMonth,ReportedMonthName,ReportedWeek,ReportedDayofWeekNum,ReportedDayofMonth,ReportedDayofWeek,ReportedHour,HitAndRunStatus,LightingCondition,WeatherCondition,Severity,NumKilled,NumSeriouslyInjured,NumInjuredOrKilled,Lat,Lon,DUI,AlcoholDrugSuspected,BicyclesInvolved,PedestriansInvolved,RoadDescription,Crash_Time,ESRI_OID
-105.278697,40.014093,Police Collision Report,COLLISION W/ MV - FRONT TO SIDE,2003695,2,BROADWAY/ARAPAHOE AVE,ARAPAHOE AVE,CITY ST/CNTY RD,     ,  ,2020/04/16 00:00:00+00,2020/04/16 16:18:00+00,2020,4,April,16,5,16,Thursday,16,Motorway Collision,Daylight,SNOW/SLEET/HAIL,Property Damage Only,0,0,0,40.014093,-105.278697,0,0,0,0,AT INTERSECTION,1618,10864
-105.276095,40.018694,Police Collision Report,COLLISION W/ MV - FRONT TO SIDE,1912108,2,15TH ST/PEARL ST,PEARL ST,CITY ST/CNTY RD,     ,  ,2019/10/10 00:00:00+00,2019/10/10 10:18:00+00,2019,10,October,10,5,10,Thursday,10,Motorway Collision,Daylight,SNOW/SLEET/HAIL,Property Damage Only,0,0,0,40.018694,-105.276095,0,0,0,0,AT INTERSECTION,1018,10865
-105.274999,40.005452,Police Collision Report,COLLISION W/ MV - FRONT TO SIDE,2001371,2,14TH ST/EUCLID AVE,14TH STREET,CITY ST/CNTY RD,200,S ,2020/02/06 00:00:00+00,2020/02/06 21:55:00+00,2020,2,February,21,5,6,Thursday,21,Motorway Collision,Dark - Lighted,SNOW/SLEET/HAIL,Property Damage Only,0,0,0,40.005452,-105.274999,0,0,0,0,NON-INTERSECTION,2156,10866
-105.282109,40.034973,Police Collision Report,COLLISION W/ MV - FRONT TO SIDE,2001230,2,BROADWAY/HAWTHORN AVE,HAWTHORN AVE,CITY ST/CNTY RD,     ,  ,2020/02/03 00:00:00+00,2020/02/03 15:55:00+00,2020,2,February,15,2,3,Monday,15,Motorway Collision,Daylight,SNOW/SLEET/HAIL,Possible injury,0,0,0,40.034973,-105.282109,0,0,0,0,AT INTERSECTION,1555,10867
-105.272765,40.054641,Police Collision Report,COLLISION W/ MV - FRONT TO SIDE,1913974,2,19TH ST/VIOLET AVE,19TH ST,CITY ST/CNTY RD,     ,  ,2019/11/26 18:31:00+00,2019/11/26 20:02:00+00,2019,11,November,20,3,26,Tuesday,20,Motorway Collision,Dark - Unlighted,SNOW/SLEET/HAIL,Property Damage Only,0,0,0,40.054641,-105.272765,1,1,0,0,AT INTERSECTION,1822,10868
-105.270232,40.01264,Police Collision Report,COLLISION W/ MV - FRONT TO SIDE,1913819,2,ATHENS ST/19TH ST,ATHENS STREET,CITY ST/CNTY RD,50,W ,2019/11/22 00:00:00+00,2019/11/22 08:13:00+00,2019,11,November,8,6,22,Friday,8,Motorway Collision,Daylight,SNOW/SLEET/HAIL,Property Damage Only,0,0,0,40.01264,-105.270232,0,0,0,0,INTERSECTION RELATED,813,10869
-105.282109,40.034973,Police Collision Report,COLLISION W/ MV - FRONT TO SIDE,2001231,2,BROADWAY/HAWTHORN AVE,BROADWAY ST.,CITY ST/CNTY RD,     ,  ,2020/02/03 00:00:00+00,2020/02/03 16:39:00+00,2020,2,February,16,2,3,Monday,16,Motorway Collision,Daylight,SNOW/SLEET/HAIL,Property Damage Only,0,0,0,40.034973,-105.282109,0,0,0,0,AT INTERSECTION,1555,10870
-105.260231,40.000459,Police Collision Report,COLLISION W/ MV - FRONT TO SIDE,2001253,2,28TH ST OFF RAMP/BASELINE RD,28TH ST OFF RAMP,STATE HWY,     ,  ,2020/02/04 00:00:00+00,2020/02/04 08:21:00+00,2020,2,February,8,3,4,Tuesday,8,Motorway Collision,Daylight,SNOW/SLEET/HAIL,Property Damage Only,0,0,0,40.000459,-105.260231,0,0,0,0,DRIVEWAY ACCESS RELATED,821,10871
-105.258317,40.014664,Police Collision Report,COLLISION W/ MV - FRONT TO SIDE,2010714,2,ARAPAHOE AVE/28TH ST,ARAPAHOE AVE,CITY ST/CNTY RD,     ,  ,2020/11/09 00:00:00+00,2020/11/09 12:45:00+00,2020,11,November,12,2,9,Monday,12,Motorway Collision,Daylight,SNOW/SLEET/HAIL,Property Damage Only,0,0,0,40.014664,-105.258317,0,0,0,0,AT INTERSECTION,1245,10872
-105.236099,39.985861,Police Collision Report,COLLISION W/ MV - FRONT TO SIDE,2011155,2,TABLE MESA DR/SOUTH LOOP DR,TABLE MESA DR,CITY ST/CNTY RD,     ,  ,2020/11/24 00:00:00+00,2020/11/24 10:18:00+00,2020,11,November,10,3,24,Tuesday,10,Motorway Collision,Daylight,SNOW/SLEET/HAIL,Property Damage Only,0,0,0,39.985861,-105.236099,0,0,0,0,AT INTERSECTION,1010,10873
-105.25831,40.022375,Police Collision Report,COLLISION W/ MV - FRONT TO SIDE,2008597,2,PEARL ST/28TH ST,28TH,,     ,  ,2020/09/08 00:00:00+00,2020/09/08 21:25:00+00,2020,9,September,21,3,8,Tuesday,21,Motorway Collision,Dark - Lighted,SNOW/SLEET/HAIL,Property Damage Only,0,0,0,40.022375,-105.25831,0,0,0,0,AT INTERSECTION,2125,10874
-105.247458,40.024258,Police Collision Report,COLLISION W/ MV - FRONT TO SIDE,2008587,2,PEARL ST/FRONTIER AVE,PEARL PKWY,CITY ST/CNTY RD,825,W ,2020/09/08 00:00:00+00,2020/09/08 00:00:00+00,2020,9,September,0,3,8,Tuesday,0,Motorway Collision,Daylight,SNOW/SLEET/HAIL,Property Damage Only,0,0,0,40.024258,-105.247458,0,0,0,0,NON-INTERSECTION,1416,10875
-105.250573,40.033739,Police Collision Report,COLLISION W/ MV - FRONT TO SIDE,2011651,2,ONEAL CIR/ONEAL PKWY,ONEAL CIRCLE,CITY ST/CNTY RD,65,S ,2020/12/12 00:00:00+00,2020/12/12 23:51:00+00,2020,12,December,23,7,12,Saturday,23,Motorway Collision,Dark - Lighted,SNOW/SLEET/HAIL,Property Damage Only,0,0,0,40.033739,-105.250573,0,0,0,0,NON-INTERSECTION,2351,10876
-105.279635,40.016897,Police Collision Report,COLLISION W/ MV - FRONT TO SIDE,2012022,2,WALNUT ST/BROADWAY,BROADWAY,CITY ST/CNTY RD,     ,  ,2020/12/28 00:00:00+00,2020/12/28 00:01:00+00,2020,12,December,0,2,28,Monday,0,Motorway Collision,Daylight,SNOW/SLEET/HAIL,Possible injury,0,0,0,40.016897,-105.279635,0,0,0,0,AT INTERSECTION,1101,10877
-105.274965,40.005483,Police Collision Report,COLLISION W/ MV - FRONT TO SIDE,2100788,4,EUCLID AVE/14TH ST,EUCLID AVE,CITY ST/CNTY RD,45,E ,2021/01/26 00:00:00+00,2021/01/26 11:00:00+00,2021,1,January,11,3,26,Tuesday,11,Motorway Collision,Daylight,SNOW/SLEET/HAIL,Property Damage Only,0,0,0,40.005483,-105.274965,0,0,0,0,NON-INTERSECTION,1102,10878
-105.24066,40.014698,Police Collision Report,COLLISION W/ MV - FRONT TO SIDE,2100797,3,FOOTHILLS PKWY/ARAPAHOE AVE,FOOTHILLS PKWY,STATE HWY,     ,  ,2021/01/26 00:00:00+00,2021/01/26 15:25:00+00,2021,1,January,15,3,26,Tuesday,15,Motorway Collision,Daylight,SNOW/SLEET/HAIL,Possible injury,0,0,0,40.014698,-105.24066,0,0,0,0,AT INTERSECTION,1525,10879
-105.244862,40.029223,Police Collision Report,COLLISION W/ MV - FRONT TO SIDE,2010233,2,FOOTHILLS PKWY/VALMONT RD,HWY 157,STATE HWY,585,N ,2020/10/25 00:00:00+00,2020/10/25 14:02:00+00,2020,10,October,14,1,25,Sunday,14,Motorway Collision,Daylight,SNOW/SLEET/HAIL,Possible injury,0,0,0,40.029223,-105.244862,0,0,0,0,NON-INTERSECTION,1401,10880
-105.262985,40.017486,Police Collision Report,COLLISION W/ MV - FRONT TO SIDE,2101334,2,CANYON BLVD/FOLSOM ST,CANYON BLVD,CITY ST/CNTY RD,     ,  ,2021/02/13 00:00:00+00,2021/02/13 20:33:00+00,2021,2,February,20,7,13,Saturday,20,Motorway Collision,Dark - Lighted,SNOW/SLEET/HAIL,Property Damage Only,0,0,0,40.017486,-105.262985,0,0,0,0,AT INTERSECTION,2045,10881
-105.25371,40.029189,Police Collision Report,COLLISION W/ MV - FRONT TO SIDE,1902655,2,30TH ST/VALMONT RD,30TH,CITY ST/CNTY RD,     ,  ,2019/03/13 00:00:00+00,2019/03/13 11:28:00+00,2019,3,March,11,4,13,Wednesday,11,Motorway Collision,Daylight,SNOW/SLEET/HAIL,Property Damage Only,0,0,0,40.029189,-105.25371,1,1,0,0,AT INTERSECTION,1128,10882
-105.268507,40.036448,Police Collision Report,COLLISION W/ MV - FRONT TO SIDE,1814575,2,IRIS AVE/22ND ST,IRIS AVE,CITY ST/CNTY RD,550,W ,2018/11/11 00:00:00+00,2018/11/11 12:53:00+00,2018,11,November,12,1,11,Sunday,12,Motorway Collision,Daylight,SNOW/SLEET/HAIL,Non-Incapacitating Injury,0,0,2,40.036448,-105.268507,0,0,0,0,NON-INTERSECTION,1253,10883
-105.278699,40.007292,Police Collision Report,COLLISION W/ MV - FRONT TO SIDE,1814582,2,11TH ST/COLLEGE AVE,COLLEGE AVE,CITY ST/CNTY RD,150,W ,2018/11/11 00:00:00+00,2018/11/11 15:57:00+00,2018,11,November,15,1,11,Sunday,15,Motorway Collision,Daylight,SNOW/SLEET/HAIL,Property Damage Only,0,0,0,40.007292,-105.278699,0,0,0,0,CROSSOVER-RELATED,1557,10884
-105.248037,39.988127,Police Collision Report,COLLISION W/ MV - FRONT TO SIDE,1900012,2,S 39TH ST/DARTMOUTH AVE,39TH STREET,CITY ST/CNTY RD,220,N ,2019/01/01 00:00:00+00,2019/01/01 08:38:00+00,2019,1,January,8,3,1,Tuesday,8,Motorway Collision,Daylight,SNOW/SLEET/HAIL,Property Damage Only,0,0,0,39.988127,-105.248037,0,0,0,0,NON-INTERSECTION,839,10885
-105.240833,40.014503,Police Collision Report,COLLISION W/ MV - FRONT TO SIDE,1816478,2,ARAPAHOE AVE/FOOTHILLS PKWY,FOOTHILLS PKWY,STATE HWY,30,N ,2018/12/31 00:00:00+00,2018/12/31 17:38:00+00,2018,12,December,17,2,31,Monday,17,Motorway Collision,Dark - Lighted,SNOW/SLEET/HAIL,Property Damage Only,0,0,0,40.014503,-105.240833,0,0,0,0,INTERSECTION RELATED,1738,10886
-105.279657,40.016862,Police Collision Report,COLLISION W/ MV - FRONT TO SIDE,1816480,3,BROADWAY/WALNUT ST,BROADWAY,CITY ST/CNTY RD,     ,  ,2018/12/31 00:00:00+00,2018/12/31 18:59:00+00,2018,12,December,18,2,31,Monday,18,Motorway Collision,Dark - Lighted,SNOW/SLEET/HAIL,Property Damage Only,0,0,0,40.016862,-105.279657,0,0,0,0,AT INTERSECTION,1900,10887
-105.236404,40.000161,Police Collision Report,COLLISION W/ MV - FRONT TO SIDE,1816473,2,MOHAWK DR/BASELINE RD,BASELINE RD,CITY ST/CNTY RD,     ,  ,2018/12/31 00:00:00+00,2018/12/31 14:17:00+00,2018,12,December,14,2,31,Monday,14,Motorway Collision,Daylight,SNOW/SLEET/HAIL,Property Damage Only,0,0,0,40.000161,-105.236404,0,0,0,0,AT INTERSECTION,1444,10888
-105.269744,40.004528,Police Collision Report,COLLISION W/ MV - FRONT TO SIDE,1816474,2,BROADWAY/18TH ST,BROADWAY ST.,STATE HWY,     ,  ,2018/12/31 00:00:00+00,2018/12/31 15:14:00+00,2018,12,December,15,2,31,Monday,15,Motorway Collision,Dawn or Dusk,SNOW/SLEET/HAIL,Possible injury,0,0,0,40.004528,-105.269744,0,0,0,0,AT INTERSECTION,1559,10889
-105.276233,40.005449,Police Collision Report,COLLISION W/ MV - FRONT TO SIDE,1815562,2,13TH ST/EUCLID AVE,EUCLID ST,CITY ST/CNTY RD,     ,  ,2018/12/06 00:00:00+00,2018/12/06 20:02:00+00,2018,12,December,20,5,6,Thursday,20,Motorway Collision,Dark - Lighted,SNOW/SLEET/HAIL,Property Damage Only,0,0,0,40.005449,-105.276233,0,0,0,0,AT INTERSECTION,2001,10890
-105.235833,39.982771,Police Collision Report,COLLISION W/ MV - FRONT TO SIDE,1813158,2,E MOORHEAD CIR/TANTRA DR,W. MOORHEAD CIRCLE,CITY ST/CNTY RD,     ,  ,2018/10/10 00:00:00+00,2018/10/10 08:53:00+00,2018,10,October,8,4,10,Wednesday,8,Motorway Collision,Daylight,SNOW/SLEET/HAIL,Property Damage Only,0,0,0,39.982771,-105.235833,0,0,0,0,AT INTERSECTION,853,10891
-105.274745,40.019009,Police Collision Report,COLLISION W/ MV - FRONT TO SIDE,1901758,2,PEARL ST/16TH ST,PEARL ST,CITY ST/CNTY RD,68,W ,2019/02/17 00:00:00+00,2019/02/17 20:04:00+00,2019,2,February,20,1,17,Sunday,20,Motorway Collision,Dark - Lighted,SNOW/SLEET/HAIL,Property Damage Only,0,0,0,40.019009,-105.274745,0,0,0,0,NON-INTERSECTION,1958,10892
-105.261955,40.000172,Police Collision Report,COLLISION W/ MV - FRONT TO SIDE,1903927,2,2450  BASELINE RD      ,2450 BASELINE RD,CITY ST/CNTY RD,     ,  ,2019/04/13 00:00:00+00,2019/04/13 00:37:00+00,2019,4,April,0,7,13,Saturday,0,Motorway Collision,Dark - Lighted,SNOW/SLEET/HAIL,Property Damage Only,0,0,0,40.000172,-105.261955,0,0,0,0,PARKING LOT,52,10893
-105.252022,39.984369,Police Collision Report,COLLISION W/ MV - FRONT TO SIDE,1903828,2,STANFORD AVE/TABLE MESA DR,TABLE MESA DR,CITY ST/CNTY RD,     ,  ,2019/04/10 00:00:00+00,2019/04/10 13:51:00+00,2019,4,April,13,4,10,Wednesday,13,Motorway Collision,Daylight,SNOW/SLEET/HAIL,Property Damage Only,0,0,0,39.984369,-105.252022,0,0,0,0,AT INTERSECTION,1351,10894
-105.253404,40.00745,Police Collision Report,COLLISION W/ MV - FRONT TO SIDE,1903829,2,COLORADO AVE/30TH ST,COLORADO AVE,CITY ST/CNTY RD,365,N ,2019/04/10 00:00:00+00,2019/04/10 13:49:00+00,2019,4,April,13,4,10,Wednesday,13,Motorway Collision,Daylight,SNOW/SLEET/HAIL,Property Damage Only,0,0,0,40.00745,-105.253404,0,0,0,0,DRIVEWAY ACCESS RELATED,1350,10895
-105.275386,40.016754,Police Collision Report,COLLISION W/ MV - FRONT TO SIDE,1915053,2,CANYON BLVD/15TH ST,CANYON,CITY ST/CNTY RD,0,  ,2019/12/28 00:00:00+00,2019/12/28 08:36:00+00,2019,12,December,8,7,28,Saturday,8,Motorway Collision,Daylight,SNOW/SLEET/HAIL,Property Damage Only,0,0,0,40.016754,-105.275386,0,0,0,0,AT INTERSECTION,832,10896
-105.25623,40.016439,Police Collision Report,COLLISION W/ MV - FRONT TO SIDE,1915058,2,1711  29TH ST      ,1711 29TH STREET,,     ,  ,2019/12/28 00:00:00+00,2019/12/28 11:08:00+00,2019,12,December,11,7,28,Saturday,11,Motorway Collision,Daylight,SNOW/SLEET/HAIL,Property Damage Only,0,0,0,40.016439,-105.25623,0,0,0,0,AT INTERSECTION,1108,10897
-105.251909,39.984144,Police Collision Report,COLLISION W/ MV - FRONT TO SIDE,2001521,2,3600  TABLE MESA DR      ,3600 TABLE MESA DR,,     ,  ,2020/02/08 00:00:00+00,2020/02/08 00:00:00+00,2020,2,February,0,7,8,Saturday,0,Motorway Collision,Daylight,SNOW/SLEET/HAIL,Property Damage Only,0,0,0,39.984144,-105.251909,0,0,0,0,PARKING LOT,1230,10898
-105.275701,40.017713,Police Collision Report,COLLISION W/ MV - FRONT TO SIDE,2002305,2,WALNUT ST/15TH ST,WALNUT ST,CITY ST/CNTY RD,     ,  ,2020/03/01 00:00:00+00,2020/03/01 17:58:00+00,2020,3,March,17,1,1,Sunday,17,Motorway Collision,Dark - Lighted,SNOW/SLEET/HAIL,Property Damage Only,0,0,0,40.017713,-105.275701,0,0,0,0,AT INTERSECTION,1758,10899
-105.258357,40.000215,Police Collision Report,COLLISION W/ MV - FRONT TO SIDE,2001808,2,US HIGHWAY 36/BASELINE RD,US36 HWY,INTERSTATE,     ,  ,2020/02/17 00:00:00+00,2020/02/17 18:47:00+00,2020,2,February,18,2,17,Monday,18,Motorway Collision,Dark - Lighted,SNOW/SLEET/HAIL,Property Damage Only,0,0,0,40.000215,-105.258357,0,0,0,0,PARKING LOT,1841,10900
-105.253797,40.016675,Police Collision Report,COLLISION W/ MV - FRONT TO SIDE,2001874,3,30TH ST/CANYON BLVD,30TH STREET,CITY ST/CNTY RD,     ,  ,2020/02/19 00:00:00+00,2020/02/19 15:08:00+00,2020,2,February,15,4,19,Wednesday,15,Motorway Collision,Daylight,SNOW/SLEET/HAIL,Property Damage Only,0,0,0,40.016675,-105.253797,0,0,0,0,AT INTERSECTION,1508,10901
-105.258275,40.024514,Police Collision Report,COLLISION W/ MV - FRONT TO SIDE,2001877,2,28TH ST/PINE ST,28TH ST,STATE HWY,     ,  ,2020/02/19 00:00:00+00,2020/02/19 16:00:00+00,2020,2,February,16,4,19,Wednesday,16,Motorway Collision,Daylight,SNOW/SLEET/HAIL,Possible injury,0,0,0,40.024514,-105.258275,0,0,0,0,AT INTERSECTION,1600,10902
-105.279743,40.021187,Police Collision Report,COLLISION W/ MV - FRONT TO SIDE,2001878,2,13TH ST/MAPLETON AVE,13TH ST,CITY ST/CNTY RD,     ,  ,2020/02/19 00:00:00+00,2020/02/19 16:04:00+00,2020,2,February,16,4,19,Wednesday,16,Motorway Collision,Daylight,SNOW/SLEET/HAIL,Property Damage Only,0,0,0,40.021187,-105.279743,0,0,0,0,AT INTERSECTION,1604,10903
-105.276238,40.007301,Police Collision Report,COLLISION W/ MV - FRONT TO SIDE,2001880,2,13TH ST/COLLEGE AVE,13TH ST,CITY ST/CNTY RD,156,W ,2020/02/19 00:00:00+00,2020/02/19 16:23:00+00,2020,2,February,16,4,19,Wednesday,16,Motorway Collision,Daylight,SNOW/SLEET/HAIL,Property Damage Only,0,0,0,40.007301,-105.276238,0,0,0,0,CROSSOVER-RELATED,1622,10904
-105.248409,40.003728,Police Collision Report,COLLISION W/ MV - FRONT TO SIDE,2001868,2,35TH ST/E AURORA AVE,35TH ST,CITY ST/CNTY RD,     ,  ,2020/02/19 00:00:00+00,2020/02/19 12:25:00+00,2020,2,February,12,4,19,Wednesday,12,Motorway Collision,Daylight,SNOW/SLEET/HAIL,Property Damage Only,0,0,0,40.003728,-105.248409,0,0,0,0,AT INTERSECTION,1200,10905
-105.251909,39.984144,Police Collision Report,COLLISION W/ MV - FRONT TO SIDE,2001608,2,TABLE MESA DR/STANFORD AVE,TABLE MESA DR.,CITY ST/CNTY RD,     ,  ,2020/02/12 00:00:00+00,2020/02/12 14:30:00+00,2020,2,February,14,4,12,Wednesday,14,Motorway Collision,Daylight,SNOW/SLEET/HAIL,Possible injury,0,0,0,39.984144,-105.251909,0,0,0,0,AT INTERSECTION,1430,10906
-105.253564,40.023285,Police Collision Report,COLLISION W/ MV - FRONT TO SIDE,2001616,2,30TH ST/PEARL PKWY,PEARL PARKWAY,CITY ST/CNTY RD,     ,  ,2020/02/12 00:00:00+00,2020/02/12 16:14:00+00,2020,2,February,16,4,12,Wednesday,16,Motorway Collision,Daylight,SNOW/SLEET/HAIL,Possible injury,0,0,0,40.023285,-105.253564,0,0,0,0,AT INTERSECTION,1614,10907
-105.249862,39.98558,Police Collision Report,COLLISION W/ MV - FRONT TO SIDE,1714102,2,S BROADWAY/TABLE MESA DR,S. BROADWAY,STATE HWY,     ,  ,2017/10/26 00:00:00+00,2017/10/26 15:12:00+00,2017,10,October,15,5,26,Thursday,15,Motorway Collision,Daylight,SNOW/SLEET/HAIL,Property Damage Only,0,0,0,39.98558,-105.249862,0,0,0,0,AT INTERSECTION,1512,10908
-105.275473,40.020977,Police Collision Report,COLLISION W/ MV - FRONT TO SIDE,1714709,2,16TH ST/PINE ST,16TH ST,CITY ST/CNTY RD,     ,  ,2017/11/07 00:00:00+00,2017/11/07 15:42:00+00,2017,11,November,15,3,7,Tuesday,15,Motorway Collision,Daylight,SNOW/SLEET/HAIL,Possible injury,0,0,0,40.020977,-105.275473,0,0,0,1,AT INTERSECTION,1542,10909
-105.206674,40.014677,Police Collision Report,COLLISION W/ MV - FRONT TO SIDE,1714694,2,ARAPAHOE AVE/63RD ST,ARAPAHOE,STATE HWY,475,E ,2017/11/07 00:00:00+00,2017/11/07 08:55:00+00,2017,11,November,8,3,7,Tuesday,8,Motorway Collision,Daylight,SNOW/SLEET/HAIL,Property Damage Only,0,0,0,40.014677,-105.206674,0,0,0,0,DRIVEWAY ACCESS RELATED,921,10910
-105.263563,40.000114,Police Collision Report,COLLISION W/ MV - FRONT TO SIDE,1803739,2,BASELINE RD/BROADWAY,BROADWAY,STATE HWY,440,S ,2018/03/28 00:00:00+00,2018/03/28 15:52:00+00,2018,3,March,15,4,28,Wednesday,15,Motorway Collision,Daylight,SNOW/SLEET/HAIL,Property Damage Only,0,0,0,40.000114,-105.263563,0,0,0,0,DRIVEWAY ACCESS RELATED,1552,10911
-105.267753,40.003418,Police Collision Report,COLLISION W/ MV - FRONT TO SIDE,1804134,2,BROADWAY/REGENT DR,BROADWAY,STATE HWY,     ,  ,2018/04/06 00:00:00+00,2018/04/06 22:21:00+00,2018,4,April,22,6,6,Friday,22,Motorway Collision,Dark - Lighted,SNOW/SLEET/HAIL,Property Damage Only,0,0,0,40.003418,-105.267753,0,0,0,0,AT INTERSECTION,2221,10912
-105.277058,40.017413,Police Collision Report,COLLISION W/ MV - FRONT TO SIDE,1804771,2,14TH ST/WALNUT ST,WALNUT,CITY ST/CNTY RD,105,W ,2018/04/20 00:00:00+00,2018/04/20 23:13:00+00,2018,4,April,23,6,20,Friday,23,Motorway Collision,Dark - Lighted,SNOW/SLEET/HAIL,Property Damage Only,0,0,0,40.017413,-105.277058,0,0,0,0,NON-INTERSECTION,2313,10913
-105.290077,40.020436,Police Collision Report,COLLISION W/ MV - FRONT TO SIDE,1804925,2,5TH ST/MAPLETON AVE,5TH,CITY ST/CNTY RD,     ,  ,2018/04/24 00:00:00+00,2018/04/24 12:36:00+00,2018,4,April,12,3,24,Tuesday,12,Motorway Collision,Daylight,SNOW/SLEET/HAIL,Property Damage Only,0,0,0,40.020436,-105.290077,0,0,0,0,AT INTERSECTION,1249,10914
-105.211666,40.061786,Police Collision Report,COLLISION W/ MV - FRONT TO SIDE,1901302,2,6100  GUNBARREL AVE BLK    ,GUNBARREL AVE,CITY ST/CNTY RD,980,E ,2019/02/06 00:00:00+00,2019/02/06 11:31:00+00,2019,2,February,11,4,6,Wednesday,11,Motorway Collision,Daylight,SNOW/SLEET/HAIL,Property Damage Only,0,0,0,40.061786,-105.211666,0,0,0,0,NON-INTERSECTION,1129,10915
-105.263563,40.000114,Police Collision Report,COLLISION W/ MV - FRONT TO SIDE,1900619,2,BASELINE RD/BROADWAY,BASELINE,STATE HWY,     ,  ,2019/01/18 00:00:00+00,2019/01/23 00:00:00+00,2019,1,January,0,4,23,Wednesday,0,Motorway Collision,Dark - Lighted,SNOW/SLEET/HAIL,Property Damage Only,0,0,0,40.000114,-105.263563,0,0,0,0,AT INTERSECTION,1813,10916
-105.261328,40.008161,Police Collision Report,COLLISION W/ MV - FRONT TO SIDE,1901385,2,REGENT DR/COLORADO AVE,REGENT DRIVE,CITY ST/CNTY RD,1530,S ,2019/02/06 00:00:00+00,2019/02/06 00:00:00+00,2019,2,February,0,4,6,Wednesday,0,Motorway Collision,Daylight,SNOW/SLEET/HAIL,Property Damage Only,0,0,0,40.008161,-105.261328,0,0,0,0,NON-INTERSECTION,1530,10917
-105.250117,40.014735,Police Collision Report,COLLISION W/ MV - FRONT TO SIDE,1902289,2,ARAPAHOE AVE/33RD ST,ARAPAHOE AVE,STATE HWY,     ,  ,2019/03/03 00:00:00+00,2019/03/03 16:03:00+00,2019,3,March,16,1,3,Sunday,16,Motorway Collision,Daylight,SNOW/SLEET/HAIL,Property Damage Only,0,0,0,40.014735,-105.250117,0,0,0,0,AT INTERSECTION,1603,10918
-105.266285,40.017232,Police Collision Report,COLLISION W/ MV - FRONT TO SIDE,1901983,3,22ND ST/CANYON BLVD,22ND ST,CITY ST/CNTY RD,165,N ,2019/02/22 00:00:00+00,2019/02/22 00:00:00+00,2019,2,February,0,6,22,Friday,0,Motorway Collision,Daylight,SNOW/SLEET/HAIL,Property Damage Only,0,0,0,40.017232,-105.266285,0,0,0,0,DRIVEWAY ACCESS RELATED,945,10919
-105.282055,40.064733,Police Collision Report,COLLISION W/ MV - FRONT TO SIDE,1900784,2,LARAMIE BLVD/BROADWAY,LARAMIE BLVD,CITY ST/CNTY RD,135,W ,2019/01/24 00:00:00+00,2019/01/24 08:33:00+00,2019,1,January,8,5,24,Thursday,8,Motorway Collision,Daylight,SNOW/SLEET/HAIL,Possible injury,0,0,0,40.064733,-105.282055,0,0,0,0,NON-INTERSECTION,830,10920
-105.244862,40.029223,Police Collision Report,COLLISION W/ MV - FRONT TO SIDE,1902261,2,FOOTHILLS PKWY/VALMONT RD,FOOTIHLLS PKY,STATE HWY,     ,  ,2019/03/02 00:00:00+00,2019/03/02 15:36:00+00,2019,3,March,15,7,2,Saturday,15,Motorway Collision,Daylight,SNOW/SLEET/HAIL,Property Damage Only,0,0,0,40.029223,-105.244862,0,0,1,0,AT INTERSECTION,1536,10921
-105.264842,40.003904,Police Collision Report,COLLISION W/ MV - FRONT TO SIDE,1802016,2,REGENT DR/KITTREDGE LOOP DR,REGENT DR,CITY ST/CNTY RD,250,W ,2018/02/19 00:00:00+00,2018/02/19 00:00:00+00,2018,2,February,0,2,19,Monday,0,Motorway Collision,Daylight,SNOW/SLEET/HAIL,Property Damage Only,0,0,0,40.003904,-105.264842,0,0,0,0,DRIVEWAY ACCESS RELATED,1403,10922
-105.255817,39.989295,Police Collision Report,COLLISION W/ MV - FRONT TO SIDE,1802225,2,S BROADWAY/DARTMOUTH AVE,BROADWAY,STATE HWY,150,N ,2018/02/23 00:00:00+00,2018/02/23 20:50:00+00,2018,2,February,20,6,23,Friday,20,Motorway Collision,Dark - Lighted,SNOW/SLEET/HAIL,Property Damage Only,0,0,0,39.989295,-105.255817,0,0,0,0,NON-INTERSECTION,2050,10923
-105.263563,40.000114,Police Collision Report,COLLISION W/ MV - FRONT TO SIDE,1802168,2,BASELINE RD/BROADWAY,BASELINE,STATE HWY,     ,  ,2018/02/22 00:00:00+00,2018/02/22 18:50:00+00,2018,2,February,18,5,22,Thursday,18,Motorway Collision,Dark - Lighted,SNOW/SLEET/HAIL,Property Damage Only,0,0,0,40.000114,-105.263563,0,0,0,0,AT INTERSECTION,1849,10924
-105.243166,40.029221,Police Collision Report,COLLISION W/ MV - FRONT TO SIDE,1716734,2,47TH ST/VALMONT RD,VALMONT RD,CITY ST/CNTY RD,     ,  ,2017/12/26 00:00:00+00,2017/12/26 15:56:00+00,2017,12,December,15,3,26,Tuesday,15,Motorway Collision,Dark - Lighted,SNOW/SLEET/HAIL,Property Damage Only,0,0,0,40.029221,-105.243166,0,0,0,0,AT INTERSECTION,1556,10925
-105.278102,40.02044,Police Collision Report,COLLISION W/ MV - FRONT TO SIDE,1716719,2,14TH ST/PINE ST,PINE ST,CITY ST/CNTY RD,     ,  ,2017/12/26 00:00:00+00,2017/12/26 07:51:00+00,2017,12,December,7,3,26,Tuesday,7,Motorway Collision,Daylight,SNOW/SLEET/HAIL,Possible injury,0,0,0,40.02044,-105.278102,0,0,0,0,AT INTERSECTION,751,10926