X,Y,ReportType,PrmaryCollsionType,CaseNumber,UnitsInvolved,Location,OnHighway,CrossStreet,FeetFromIntersection,DirectionFromIntersection,CollisionDate,ReportedDate,ReportedYear,ReportedMonth,ReportedMonthName,ReportedWeek,ReportedDayofWeekNum,ReportedDayofMonth,ReportedDayofWeek,ReportedHour,HitAndRunStatus,LightingCondition,WeatherCondition,Severity,NumKilled,NumSeriouslyInjured,NumInjuredOrKilled,Lat,Lon,DUI,AlcoholDrugSuspected,BicyclesInvolved,PedestriansInvolved,RoadDescription,Crash_Time,ESRI_OID
-105.253677,40.029218,Police Collision Report,COLLISION W/ MV - FRONT TO REAR,2211479,2,VALMONT RD/30TH ST,VALMONT RD,CITY ST/CNTY RD,     ,E ,2022/11/17 00:00:00+00,2022/11/17 16:48:00+00,2022,11,November,16,5,17,Thursday,16,Motorway Collision,Dark - Lighted,CLOUDY,Property Damage Only,0,0,0,40.029218,-105.253677,0,0,0,0,NON-INTERSECTION,1650,11251
-105.235926,40.014694,Police Collision Report,COLLISION W/ MV - FRONT TO REAR,2204723,2,4715  ARAPAHOE AVE      ,4715 ARAPAHOE AVE,,     ,  ,2022/05/19 00:00:00+00,2022/05/19 13:16:00+00,2022,5,May,13,5,19,Thursday,13,Motorway Collision,Daylight,CLOUDY,Property Damage Only,0,0,0,40.014694,-105.235926,0,0,0,0,PARKING LOT,1315,11252
-105.240833,40.014503,Police Collision Report,COLLISION W/ MV - FRONT TO REAR,2110473,2,ARAPAHOE AVE/FOOTHILLS PKWY,FOOTHILLS HWY,STATE HWY,     ,S ,2021/11/01 00:00:00+00,2021/11/01 11:39:00+00,2021,11,November,11,2,1,Monday,11,Motorway Collision,Daylight,CLOUDY,Possible injury,0,0,0,40.014503,-105.240833,0,0,0,0,INTERSECTION RELATED,1138,11253
-105.263033,40.014644,Police Collision Report,COLLISION W/ MV - FRONT TO REAR,2110731,2,ARAPAHOE AVE/FOLSOM ST,ARAPAHOE AVE,CITY ST/CNTY RD,     ,E ,2021/11/08 00:00:00+00,2021/11/08 11:51:00+00,2021,11,November,11,2,8,Monday,11,Motorway Collision,Daylight,CLOUDY,Non-Incapacitating Injury,0,0,1,40.014644,-105.263033,0,0,0,0,AT INTERSECTION,1151,11254
-105.25371,40.029189,Police Collision Report,COLLISION W/ MV - FRONT TO REAR,2110733,3,30TH ST/VALMONT RD,VALMONT RD,CITY ST/CNTY RD,     ,W ,2021/11/08 00:00:00+00,2021/11/08 12:40:00+00,2021,11,November,12,2,8,Monday,12,Motorway Collision,Daylight,CLOUDY,Property Damage Only,0,0,0,40.029189,-105.25371,0,0,0,0,INTERSECTION RELATED,1240,11255
-105.24066,40.014698,Police Collision Report,COLLISION W/ MV - FRONT TO REAR,2111014,2,FOOTHILLS PKWY/ARAPAHOE AVE,ARAPAHOE AVENUE,STATE HWY,     ,  ,2021/11/17 00:00:00+00,2021/11/17 09:54:00+00,2021,11,November,9,4,17,Wednesday,9,Motorway Collision,Daylight,CLOUDY,Property Damage Only,0,0,0,40.014698,-105.24066,0,0,0,0,AT INTERSECTION,954,11256
-105.253763,40.037979,Police Collision Report,COLLISION W/ MV - FRONT TO REAR,2110765,2,DIAGONAL HWY/30TH ST,DIAGONAL HWY,STATE HWY,     ,  ,2021/11/09 00:00:00+00,2021/11/09 13:27:00+00,2021,11,November,13,3,9,Tuesday,13,Motorway Collision,Daylight,CLOUDY,Possible injury,0,0,0,40.037979,-105.253763,0,0,0,0,AT INTERSECTION,1327,11257
-105.280059,40.013818,Police Collision Report,COLLISION W/ MV - FRONT TO REAR,2201737,2,11TH ST/ARAPAHOE AVE,ARAPAHOE AVE,CITY ST/CNTY RD,     ,E ,2022/02/22 00:00:00+00,2022/02/22 18:42:00+00,2022,2,February,18,3,22,Tuesday,18,Hit-and-Run Collision,Dark - Lighted,CLOUDY,Property Damage Only,0,0,0,40.013818,-105.280059,0,0,0,0,NON-INTERSECTION,1805,11258
-105.234743,39.986514,Police Collision Report,COLLISION W/ MV - FRONT TO REAR,2201747,2,US HIGHWAY 36/TABLE MESA DR,TABLE MESA DRIVE,STATE HWY,     ,W ,2022/02/23 00:00:00+00,2022/02/23 09:02:00+00,2022,2,February,9,4,23,Wednesday,9,Motorway Collision,Daylight,CLOUDY,Possible injury,0,0,0,39.986514,-105.234743,0,0,0,0,AT INTERSECTION,903,11259
-105.258246,40.017171,Police Collision Report,COLLISION W/ MV - FRONT TO REAR,2201689,2,1690  28TH ST      ,28TH ST,STATE HWY,     ,N ,2022/02/21 00:00:00+00,2022/02/21 13:00:00+00,2022,2,February,13,2,21,Monday,13,Motorway Collision,Daylight,CLOUDY,Property Damage Only,0,0,0,40.017171,-105.258246,0,0,0,0,NON-INTERSECTION,1300,11260
-105.283578,40.016098,Police Collision Report,COLLISION W/ MV - FRONT TO REAR,2204898,2,WALNUT ST/9TH ST,WALNUT ST,CITY ST/CNTY RD,     ,W ,2022/05/24 00:00:00+00,2022/05/24 17:07:00+00,2022,5,May,17,3,24,Tuesday,17,Motorway Collision,Daylight,CLOUDY,Property Damage Only,0,0,0,40.016098,-105.283578,0,0,0,0,AT INTERSECTION,1707,11261
-105.23281,39.999988,Police Collision Report,COLLISION W/ MV - FRONT TO REAR,2204862,2,BASELINE RD/FOOTHILLS PKWY,FOOTHILLS PKWY,STATE HWY,     ,S ,2022/05/23 00:00:00+00,2022/05/23 14:41:00+00,2022,5,May,14,2,23,Monday,14,Motorway Collision,Daylight,CLOUDY,Property Damage Only,0,0,0,39.999988,-105.23281,0,0,0,0,INTERSECTION RELATED,1441,11262
-105.258403,40.029131,Police Collision Report,COLLISION W/ MV - FRONT TO SIDE,2207175,2,VALMONT RD/28TH ST,28TH STREET,STATE HWY,     ,  ,2022/07/28 00:00:00+00,2022/07/28 15:16:00+00,2022,7,July,15,5,28,Thursday,15,Motorway Collision,Daylight,CLOUDY,Incapacitating Injury,0,1,1,40.029131,-105.258403,0,0,0,0,AT INTERSECTION,1516,11263
-105.280059,40.013818,Police Collision Report,COLLISION W/ MV - FRONT TO SIDE,2206307,2,11TH ST/ARAPAHOE AVE,11TH ST,CITY ST/CNTY RD,     ,  ,2022/07/04 00:00:00+00,2022/07/04 11:39:00+00,2022,7,July,11,2,4,Monday,11,Motorway Collision,Daylight,CLOUDY,Non-Incapacitating Injury,0,0,1,40.013818,-105.280059,0,0,0,0,AT INTERSECTION,1139,11264
-105.253719,40.036455,Police Collision Report,COLLISION W/ MV - FRONT TO REAR,2207886,2,30TH ST/IRIS AVE,30TH ST,CITY ST/CNTY RD,     ,S ,2022/08/16 00:00:00+00,2022/08/16 16:11:00+00,2022,8,August,16,3,16,Tuesday,16,Motorway Collision,Daylight,CLOUDY,Property Damage Only,0,0,0,40.036455,-105.253719,0,0,0,0,AT INTERSECTION,1617,11265
-105.263753,40.024478,Police Collision Report,COLLISION W/ MV - FRONT TO REAR,2209484,2,FOLSOM ST/MAPLETON AVE,MAPLETON AVENUE,CITY ST/CNTY RD,     ,  ,2022/09/21 00:00:00+00,2022/09/21 14:40:00+00,2022,9,September,14,4,21,Wednesday,14,Motorway Collision,Daylight,CLOUDY,Property Damage Only,0,0,0,40.024478,-105.263753,0,0,0,0,AT INTERSECTION,1030,11266
-105.282308,39.998161,Police Collision Report,COLLISION W/ MV - FRONT TO REAR,2207146,2,KINNIKINIC RD/GAILLARDIA LN,KINNIKINIC,CITY ST/CNTY RD,     ,  ,2022/07/27 00:00:00+00,2022/07/27 18:44:00+00,2022,7,July,18,4,27,Wednesday,18,Motorway Collision,Dawn or Dusk,CLOUDY,Property Damage Only,0,0,0,39.998161,-105.282308,0,0,0,0,AT INTERSECTION,1844,11267
-105.244901,40.029254,Police Collision Report,COLLISION W/ MV - FRONT TO REAR,2207014,3,VALMONT RD/FOOTHILLS PKWY,FOOTHILLS PKWY,STATE HWY,     ,  ,2022/07/23 00:00:00+00,2022/07/23 18:43:00+00,2022,7,July,18,7,23,Saturday,18,Motorway Collision,Dawn or Dusk,CLOUDY,Possible injury,0,0,0,40.029254,-105.244901,0,0,0,0,NON-INTERSECTION,1843,11268
-105.24066,40.014698,Police Collision Report,COLLISION W/ MV - FRONT TO REAR,2207402,2,FOOTHILLS PKWY/ARAPAHOE AVE,FOOTHILLS PKWY,STATE HWY,     ,N ,2022/08/03 00:00:00+00,2022/08/03 18:43:00+00,2022,8,August,18,4,3,Wednesday,18,Motorway Collision,Daylight,CLOUDY,Non-Incapacitating Injury,0,0,1,40.014698,-105.24066,0,0,0,0,INTERSECTION RELATED,1844,11269
-105.243166,40.029221,Police Collision Report,COLLISION W/ MV - FRONT TO SIDE,2206170,2,47TH ST/VALMONT RD,VALMONT RD,CITY ST/CNTY RD,     ,  ,2022/06/30 00:00:00+00,2022/06/30 10:59:00+00,2022,6,June,10,5,30,Thursday,10,Motorway Collision,Daylight,CLOUDY,Property Damage Only,0,0,0,40.029221,-105.243166,0,0,0,0,AT INTERSECTION,1058,11270
-105.260145,40.051015,Police Collision Report,COLLISION W/ MV - FRONT TO SIDE,2209091,2,4199  28TH ST/JAY RD      ,JAY ROAD,STATE HWY,     ,  ,2022/09/10 00:00:00+00,2022/09/10 21:37:00+00,2022,9,September,21,7,10,Saturday,21,Motorway Collision,Dark - Lighted,CLOUDY,Property Damage Only,0,0,0,40.051015,-105.260145,0,0,0,0,AT INTERSECTION,2137,11271
-105.262098,40.031153,Police Collision Report,COLLISION W/ MV - FRONT TO SIDE,2209280,2,FREMONT ST/ARNETT ST,FREMONT STREET,CITY ST/CNTY RD,     ,  ,2022/09/15 00:00:00+00,2022/09/15 15:01:00+00,2022,9,September,15,5,15,Thursday,15,Motorway Collision,Daylight,CLOUDY,Property Damage Only,0,0,0,40.031153,-105.262098,0,0,0,0,INTERSECTION RELATED,1500,11272
-105.284462,40.019118,Police Collision Report,COLLISION W/ MV - FRONT TO SIDE,2209081,2,PINE ST/9TH ST,PINE STREET,CITY ST/CNTY RD,     ,  ,2022/09/10 00:00:00+00,2022/09/10 14:12:00+00,2022,9,September,14,7,10,Saturday,14,Motorway Collision,Daylight,CLOUDY,Possible injury,0,0,0,40.019118,-105.284462,0,0,0,0,AT INTERSECTION,1412,11273
-105.284899,40.021763,Police Collision Report,COLLISION W/ MV - FRONT TO SIDE,2209023,2,9TH ST/MAXWELL AVE,9TH STREET,CITY ST/CNTY RD,     ,  ,2022/09/09 00:00:00+00,2022/09/09 08:46:00+00,2022,9,September,8,6,9,Friday,8,Motorway Collision,Daylight,CLOUDY,Property Damage Only,0,0,0,40.021763,-105.284899,0,0,0,0,AT INTERSECTION,846,11274
-105.244261,40.038483,Police Collision Report,COLLISION W/ MV - FRONT TO REAR,2200147,3,47TH ST/DIAGONAL HWY,DIAGONAL HWY,STATE HWY,     ,  ,2022/01/06 00:00:00+00,2022/01/06 20:14:00+00,2022,1,January,20,5,6,Thursday,20,Motorway Collision,Dark - Unlighted,CLOUDY,Property Damage Only,0,0,0,40.038483,-105.244261,0,0,0,0,AT INTERSECTION,2013,11275
-105.250117,40.014735,Police Collision Report,COLLISION W/ MV - FRONT TO SIDE,2204841,2,ARAPAHOE AVE/33RD ST,ARAPAHOE AVE,STATE HWY,     ,E ,2022/05/23 00:00:00+00,2022/05/23 00:00:00+00,2022,5,May,0,2,23,Monday,0,Motorway Collision,Daylight,CLOUDY,Property Damage Only,0,0,0,40.014735,-105.250117,0,0,0,0,DRIVEWAY ACCESS RELATED,805,11276
-105.261328,40.008161,Police Collision Report,COLLISION W/ MV - FRONT TO SIDE,2205354,2,REGENT DR/COLORADO AVE,COLORADO AVE,CITY ST/CNTY RD,     ,  ,2022/06/06 00:00:00+00,2022/06/06 16:39:00+00,2022,6,June,16,2,6,Monday,16,Motorway Collision,Daylight,CLOUDY,Property Damage Only,0,0,0,40.008161,-105.261328,0,0,0,0,AT INTERSECTION,1639,11277
-105.225377,40.001376,Police Collision Report,COLLISION W/ MV - FRONT TO SIDE,2203089,2,55TH ST/STONEWALL PL,STONEWALL PL,CITY ST/CNTY RD,     ,  ,2022/04/04 00:00:00+00,2022/04/04 15:45:00+00,2022,4,April,15,2,4,Monday,15,Motorway Collision,Daylight,CLOUDY,Possible injury,0,0,0,40.001376,-105.225377,0,0,0,0,AT INTERSECTION,1545,11278
-105.26012,40.051061,Police Collision Report,NON-COLLISION - OVERTURNING,2105461,1,JAY RD/28TH ST,28TH ST,STATE HWY,     ,N ,2021/06/27 00:00:00+00,2021/06/27 12:52:00+00,2021,6,June,12,1,27,Sunday,12,Motorway Collision,Daylight,CLOUDY,Incapacitating Injury,0,1,1,40.051061,-105.26012,0,0,0,0,INTERSECTION RELATED,1252,11279
-105.280408,40.025542,Police Collision Report,COLLISION W/ MV - FRONT TO FRONT,2111958,2,ALPINE AVE/13TH ST,ALPINE AVENUE,CITY ST/CNTY RD,     ,E ,2021/12/15 00:00:00+00,2021/12/15 08:44:00+00,2021,12,December,8,4,15,Wednesday,8,Motorway Collision,Daylight,CLOUDY,Property Damage Only,0,0,0,40.025542,-105.280408,0,0,0,0,DRIVEWAY ACCESS RELATED,844,11280
-105.283601,40.016063,Police Collision Report,COLLISION W/ MV - FRONT TO FRONT,2112289,2,9TH ST/WALNUT ST,9TH ST,CITY ST/CNTY RD,     ,N ,2021/12/26 00:00:00+00,2021/12/26 15:35:00+00,2021,12,December,15,1,26,Sunday,15,Motorway Collision,Daylight,CLOUDY,Property Damage Only,0,0,0,40.016063,-105.283601,0,0,0,0,NON-INTERSECTION,1535,11281
-105.253677,40.029218,Police Collision Report,COLLISION W/ MV - FRONT TO FRONT,2110482,2,VALMONT RD/30TH ST,VALMONT RD,CITY ST/CNTY RD,     ,E ,2021/11/01 00:00:00+00,2021/11/01 14:16:00+00,2021,11,November,14,2,1,Monday,14,Motorway Collision,Daylight,CLOUDY,Possible injury,0,0,0,40.029218,-105.253677,0,0,0,0,DRIVEWAY ACCESS RELATED,1417,11282
-105.253634,40.014706,Police Collision Report,COLLISION W/ MV - FRONT TO FRONT,2205097,2,30TH ST/ARAPAHOE AVE,30TH ST,CITY ST/CNTY RD,     ,S ,2022/05/26 00:00:00+00,2022/05/26 00:00:00+00,2022,5,May,0,5,26,Thursday,0,Motorway Collision,Daylight,CLOUDY,Property Damage Only,0,0,0,40.014706,-105.253634,0,0,0,0,NON-INTERSECTION,1931,11283
-105.253059,39.999933,Police Collision Report,COLLISION W/ MV - FRONT TO REAR,2106073,2,30TH ST/BASELINE RD,30TH STREET,CITY ST/CNTY RD,     ,N ,2021/07/13 16:25:00+00,2021/07/13 18:44:00+00,2021,7,July,18,3,13,Tuesday,18,Motorway Collision,Daylight,CLOUDY,Non-Incapacitating Injury,0,0,1,39.999933,-105.253059,1,1,0,0,AT INTERSECTION,1625,11284
-105.258317,40.014664,Police Collision Report,COLLISION W/ MV - FRONT TO REAR,2107766,4,ARAPAHOE AVE/28TH ST,ARAPAHOE AVE,CITY ST/CNTY RD,     ,W ,2021/08/25 00:00:00+00,2021/08/25 18:51:00+00,2021,8,August,18,4,25,Wednesday,18,Motorway Collision,Daylight,CLOUDY,Property Damage Only,0,0,0,40.014664,-105.258317,0,0,0,0,AT INTERSECTION,1851,11285
-105.258432,40.027325,Police Collision Report,COLLISION W/ MV - FRONT TO REAR,2107421,2,28TH ST/BLUFF ST,28TH STREET,STATE HWY,     ,N ,2021/08/19 00:00:00+00,2021/08/19 17:40:00+00,2021,8,August,17,5,19,Thursday,17,Motorway Collision,Daylight,CLOUDY,Possible injury,0,0,0,40.027325,-105.258432,0,0,0,0,INTERSECTION RELATED,1740,11286
-105.258504,40.020518,Police Collision Report,COLLISION W/ MV - FRONT TO REAR,2105626,2,28TH ST/WALNUT ST,28TH ST,STATE HWY,     ,N ,2021/07/01 00:00:00+00,2021/07/01 15:02:00+00,2021,7,July,15,5,1,Thursday,15,Motorway Collision,Daylight,CLOUDY,Property Damage Only,0,0,0,40.020518,-105.258504,0,0,0,0,INTERSECTION RELATED,1502,11287
-105.269744,40.004528,Police Collision Report,COLLISION W/ MV - FRONT TO REAR,2104006,3,BROADWAY/18TH ST,BROADWAY,STATE HWY,     ,  ,2021/05/15 00:00:00+00,2021/05/15 15:37:00+00,2021,5,May,15,7,15,Saturday,15,Motorway Collision,Daylight,CLOUDY,Property Damage Only,0,0,0,40.004528,-105.269744,0,0,0,0,AT INTERSECTION,1600,11288
-105.263158,40.021342,Police Collision Report,COLLISION W/ MV - FRONT TO REAR,2104758,2,FOLSOM ST/PEARL ST,FOLSOM ST,CITY ST/CNTY RD,     ,N ,2021/06/06 00:00:00+00,2021/06/06 15:37:00+00,2021,6,June,15,1,6,Sunday,15,Motorway Collision,Daylight,CLOUDY,Property Damage Only,0,0,0,40.021342,-105.263158,0,1,0,0,INTERSECTION RELATED,1514,11289
-105.244901,40.029254,Police Collision Report,COLLISION W/ MV - FRONT TO REAR,2105775,3,VALMONT RD/FOOTHILLS PKWY,FOOTHILLS PKWY,STATE HWY,     ,S ,2021/07/06 00:00:00+00,2021/07/06 09:35:00+00,2021,7,July,9,3,6,Tuesday,9,Motorway Collision,Daylight,CLOUDY,Property Damage Only,0,0,0,40.029254,-105.244901,0,0,0,0,INTERSECTION RELATED,935,11290
-105.23281,39.999988,Police Collision Report,COLLISION W/ MV - FRONT TO REAR,2103096,2,BASELINE RD/FOOTHILLS PKWY,FOOTHILLS PKY,STATE HWY,     ,S ,2021/04/16 00:00:00+00,2021/04/16 16:03:00+00,2021,4,April,16,6,16,Friday,16,Motorway Collision,Daylight,CLOUDY,Property Damage Only,0,0,0,39.999988,-105.23281,0,0,0,0,INTERSECTION RELATED,1603,11291
-105.260159,40.000452,Police Collision Report,COLLISION W/ MV - FRONT TO REAR,2103428,2,27TH WAY/BASELINE RD,27TH WAY,CITY ST/CNTY RD,     ,  ,2021/04/28 00:00:00+00,2021/04/28 12:43:00+00,2021,4,April,12,4,28,Wednesday,12,Motorway Collision,Daylight,CLOUDY,Property Damage Only,0,0,0,40.000452,-105.260159,0,0,0,0,AT INTERSECTION,1242,11292
-105.263563,40.000114,Police Collision Report,COLLISION W/ MV - FRONT TO REAR,2104266,2,BASELINE RD/BROADWAY,BASELINE ROAD,CITY ST/CNTY RD,     ,W ,2021/05/22 00:00:00+00,2021/05/22 19:08:00+00,2021,5,May,19,7,22,Saturday,19,Motorway Collision,Dawn or Dusk,CLOUDY,Property Damage Only,0,0,0,40.000114,-105.263563,0,0,0,0,NON-INTERSECTION,1905,11293
-105.263108,40.020368,Police Collision Report,COLLISION W/ MV - FRONT TO REAR,2104597,2,WALNUT ST/FOLSOM ST,FOLSOM AVE,CITY ST/CNTY RD,     ,S ,2021/06/02 00:00:00+00,2021/06/02 08:56:00+00,2021,6,June,8,4,2,Wednesday,8,Motorway Collision,Daylight,CLOUDY,Possible injury,0,0,0,40.020368,-105.263108,0,0,0,0,AT INTERSECTION,856,11294
-105.249911,39.985461,Police Collision Report,COLLISION W/ MV - FRONT TO REAR,2104575,2,TABLE MESA DR/S BROADWAY,TABLE MESA DR,CITY ST/CNTY RD,     ,E ,2021/06/01 00:00:00+00,2021/06/01 13:46:00+00,2021,6,June,13,3,1,Tuesday,13,Motorway Collision,Daylight,CLOUDY,Property Damage Only,0,0,0,39.985461,-105.249911,0,0,0,0,AT INTERSECTION,1346,11295
-105.242267,40.022488,Police Collision Report,COLLISION W/ MV - FRONT TO REAR,2104564,2,4710  PEARL EAST CIR      ,28TH ST,STATE HWY,     ,S ,2021/05/02 10:30:00+00,2021/05/18 10:20:00+00,2021,5,May,10,3,18,Tuesday,10,Motorway Collision,Daylight,CLOUDY,Property Damage Only,0,0,0,40.022488,-105.242267,0,0,0,0,INTERSECTION RELATED,1007,11296
-105.258492,40.017345,Police Collision Report,COLLISION W/ MV - FRONT TO REAR,2105469,2,28TH ST/CANYON BLVD,28TH ST,STATE HWY,     ,S ,2021/06/27 00:00:00+00,2021/06/27 17:55:00+00,2021,6,June,17,1,27,Sunday,17,Motorway Collision,Dawn or Dusk,CLOUDY,Property Damage Only,0,0,0,40.017345,-105.258492,0,0,0,0,NON-INTERSECTION,1755,11297
-105.282083,40.040944,Police Collision Report,COLLISION W/ MV - FRONT TO FRONT,2105459,2,LINDEN AVE/BROADWAY,BROADWAY,CITY ST/CNTY RD,     ,  ,2021/06/27 00:00:00+00,2021/06/27 11:39:00+00,2021,6,June,11,1,27,Sunday,11,Motorway Collision,Daylight,CLOUDY,Non-Incapacitating Injury,0,0,3,40.040944,-105.282083,0,0,0,0,AT INTERSECTION,1139,11298
-105.270262,40.013608,Police Collision Report,COLLISION W/ MV - FRONT TO FRONT,2109346,2,19TH ST/MARINE ST,19TH STREET,CITY ST/CNTY RD,     ,N ,2021/10/01 00:00:00+00,2021/10/01 11:40:00+00,2021,10,October,11,6,1,Friday,11,Motorway Collision,Daylight,CLOUDY,Property Damage Only,0,0,0,40.013608,-105.270262,0,0,0,0,DRIVEWAY ACCESS RELATED,1141,11299
-105.258432,40.027325,Police Collision Report,COLLISION W/ MV - FRONT TO REAR,2107425,2,28TH ST/BLUFF ST,28TH STREET,STATE HWY,     ,N ,2021/08/19 00:00:00+00,2021/08/19 18:28:00+00,2021,8,August,18,5,19,Thursday,18,Hit-and-Run Collision,Daylight,CLOUDY,Property Damage Only,0,0,0,40.027325,-105.258432,0,0,0,0,INTERSECTION RELATED,1740,11300
-105.280364,40.018887,Police Collision Report,COLLISION W/ MV - FRONT TO REAR,2107427,2,BROADWAY/SPRUCE ST,BROADWAY,CITY ST/CNTY RD,     ,N ,2021/08/19 00:00:00+00,2021/08/19 18:39:00+00,2021,8,August,18,5,19,Thursday,18,Motorway Collision,Daylight,CLOUDY,Property Damage Only,0,0,0,40.018887,-105.280364,0,0,0,0,AT INTERSECTION,1839,11301
-105.280682,40.019937,Police Collision Report,COLLISION W/ MV - FRONT TO REAR,2106167,2,PINE ST/BROADWAY,BROADWAY,CITY ST/CNTY RD,     ,  ,2021/07/16 00:00:00+00,2021/07/16 15:08:00+00,2021,7,July,15,6,16,Friday,15,Motorway Collision,Daylight,CLOUDY,Property Damage Only,0,0,0,40.019937,-105.280682,0,0,0,0,AT INTERSECTION,1508,11302
-105.239567,40.008522,Police Collision Report,COLLISION W/ OBJECT - OTHER OBJECT (SPEC. IN,2205126,2,FOOTHILLS PKWY/COLORADO AVE,FOOTHILLS PKWY,STATE HWY,     ,S ,2022/05/31 00:00:00+00,2022/05/31 13:04:00+00,2022,5,May,13,3,31,Tuesday,13,Motorway Collision,Daylight,CLOUDY,Property Damage Only,0,0,0,40.008522,-105.239567,0,0,0,0,NON-INTERSECTION,1255,11303
-105.257542,40.013723,Police Collision Report,COLLISION W/ OBJECT - OTHER OBJECT (SPEC. IN,2202631,1,2825  MARINE ST      ,CULVER CT,CITY ST/CNTY RD,     ,  ,2022/03/22 00:00:00+00,2022/03/22 09:10:00+00,2022,3,March,9,3,22,Tuesday,9,Motorway Collision,Daylight,CLOUDY,Non-Incapacitating Injury,0,0,1,40.013723,-105.257542,0,0,0,0,NON-INTERSECTION,910,11304
-105.258524,40.008127,Police Collision Report,COLLISION W/ OBJECT - OTHER FIXED OBJECT (SPE,2200373,1,28TH ST/COLORADO AVE,28TH FRONTAGE,CITY ST/CNTY RD,     ,  ,2022/01/14 00:00:00+00,2022/01/14 13:36:00+00,2022,1,January,13,6,14,Friday,13,Motorway Collision,Daylight,CLOUDY,Property Damage Only,0,0,0,40.008127,-105.258524,0,0,0,0,INTERSECTION RELATED,1330,11305
-105.225631,40.005575,Police Collision Report,COLLISION W/ OBJECT - OTHER FIXED OBJECT (SPE,2200579,1,ROXWOOD LN/E EUCLID AVE,ROXWOOD LANE,CITY ST/CNTY RD,     ,S ,2022/01/20 00:00:00+00,2022/01/20 09:20:00+00,2022,1,January,9,5,20,Thursday,9,Motorway Collision,Daylight,CLOUDY,Property Damage Only,0,0,0,40.005575,-105.225631,0,0,0,0,INTERSECTION RELATED,920,11306
-105.253574,40.017539,Police Collision Report,COLLISION W/ OBJECT - WALL OR BUILDING,2111745,1,1750  30TH ST      ,1750 30TH STREET,,     ,  ,2021/12/09 00:00:00+00,2021/12/09 13:06:00+00,2021,12,December,13,5,9,Thursday,13,Motorway Collision,Daylight,CLOUDY,Property Damage Only,0,0,0,40.017539,-105.253574,0,0,0,0,PARKING LOT,1306,11307
-105.246573,40.015272,Police Collision Report,COLLISION W/ OBJECT - TREE,2209476,1,38TH ST/EXPOSITION DR,38TH ST,CITY ST/CNTY RD,     ,S ,2022/09/21 00:00:00+00,2022/09/21 12:39:00+00,2022,9,September,12,4,21,Wednesday,12,Motorway Collision,Daylight,CLOUDY,Property Damage Only,0,0,0,40.015272,-105.246573,0,0,0,0,NON-INTERSECTION,1238,11308
-105.231561,39.986574,Police Collision Report,GROUND,2104870,1,FOOTHILLS NB ON RP @ SBR RD EB/HWY 36 WB OFF RP @ FOOTHILLS,US HWY 36 ONRAMP,STATE HWY,     ,SE,2021/06/10 00:00:00+00,2021/06/10 00:02:00+00,2021,6,June,0,5,10,Thursday,0,Motorway Collision,Dark - Lighted,CLOUDY,Property Damage Only,0,0,0,39.986574,-105.231561,0,0,0,0,RAMP-RELATED,2,11309
-105.28216,40.061827,Police Collision Report,FELL FROM MOTOR VEHICLE,2209246,2,BROADWAY/LEE HILL DR,BROADWAY,CITY ST/CNTY RD,     ,  ,2022/09/14 00:00:00+00,2022/09/14 17:58:00+00,2022,9,September,17,4,14,Wednesday,17,Motorway Collision,Daylight,CLOUDY,Fatal,1,0,1,40.061827,-105.28216,0,0,0,0,AT INTERSECTION,1758,11310
-105.278704,40.008689,Police Collision Report,COLLISION W/ OBJECT - OTHER FIXED OBJECT (SPE,2200555,2,11TH ST/PENNSYLVANIA AVE,11TH STREET,CITY ST/CNTY RD,     ,  ,2022/01/19 00:00:00+00,2022/01/19 13:46:00+00,2022,1,January,13,4,19,Wednesday,13,Motorway Collision,Daylight,FREEZING RAIN OR FREEZING DRIZZLE,Property Damage Only,0,0,0,40.008689,-105.278704,0,0,0,0,AT INTERSECTION,1346,11311
-105.282097,40.025514,Police Collision Report,COLLISION W/ MV - FRONT TO SIDE,2110477,2,BROADWAY/ALPINE AVE,ALPINE AVE,CITY ST/CNTY RD,     ,  ,2021/11/01 00:00:00+00,2021/11/01 12:30:00+00,2021,11,November,12,2,1,Monday,12,Motorway Collision,Daylight,FREEZING RAIN OR FREEZING DRIZZLE,Non-Incapacitating Injury,0,0,1,40.025514,-105.282097,0,0,0,0,AT INTERSECTION,1230,11312
-105.28726,40.012942,Police Collision Report,COLLISION W/ MV - FRONT TO SIDE,2200537,2,6TH ST/ARAPAHOE AVE,6TH STREET,CITY ST/CNTY RD,     ,S ,2022/01/19 00:00:00+00,2022/01/19 09:46:00+00,2022,1,January,9,4,19,Wednesday,9,Motorway Collision,Daylight,FREEZING RAIN OR FREEZING DRIZZLE,Property Damage Only,0,0,0,40.012942,-105.28726,0,0,0,0,DRIVEWAY ACCESS RELATED,946,11313
-105.256065,40.029102,Police Collision Report,COLLISION W/ MV - FRONT TO SIDE,2200545,2,29TH ST/VALMONT RD,29TH STREET,CITY ST/CNTY RD,     ,  ,2022/01/19 00:00:00+00,2022/01/19 10:40:00+00,2022,1,January,10,4,19,Wednesday,10,Motorway Collision,Daylight,FREEZING RAIN OR FREEZING DRIZZLE,Possible injury,0,0,0,40.029102,-105.256065,0,0,0,0,AT INTERSECTION,1039,11314
-105.255966,40.002711,Police Collision Report,COLLISION W/ MV - FRONT TO REAR,2200540,2,29TH ST/BIXBY AVE,BIXBY AVE,CITY ST/CNTY RD,     ,  ,2022/01/19 00:00:00+00,2022/01/19 10:30:00+00,2022,1,January,10,4,19,Wednesday,10,Motorway Collision,Daylight,FREEZING RAIN OR FREEZING DRIZZLE,Property Damage Only,0,0,0,40.002711,-105.255966,0,0,0,0,AT INTERSECTION,959,11315