X,Y,ReportType,PrmaryCollsionType,CaseNumber,UnitsInvolved,Location,OnHighway,CrossStreet,FeetFromIntersection,DirectionFromIntersection,CollisionDate,ReportedDate,ReportedYear,ReportedMonth,ReportedMonthName,ReportedWeek,ReportedDayofWeekNum,ReportedDayofMonth,ReportedDayofWeek,ReportedHour,HitAndRunStatus,LightingCondition,WeatherCondition,Severity,NumKilled,NumSeriouslyInjured,NumInjuredOrKilled,Lat,Lon,DUI,AlcoholDrugSuspected,BicyclesInvolved,PedestriansInvolved,RoadDescription,Crash_Time,ESRI_OID
-105.206772,40.07115,Police Collision Report,COLLISION W/ MV - FRONT TO SIDE,2103848,2,LOOKOUT RD/63RD ST,63RD ST,CITY ST/CNTY RD,     ,  ,2021/05/10 00:00:00+00,2021/05/10 18:01:00+00,2021,5,May,18,2,10,Monday,18,Motorway Collision,Dawn or Dusk,FREEZING RAIN OR FREEZING DRIZZLE,Possible injury,0,0,0,40.07115,-105.206772,0,0,0,0,AT INTERSECTION,1801,11316
-105.255966,40.002711,Police Collision Report,COLLISION W/ MV - SIDE TO SIDE-OPPOSITE DIREC,2200539,2,29TH ST/BIXBY AVE,29TH ST.,CITY ST/CNTY RD,     ,  ,2022/01/19 00:00:00+00,2022/01/19 09:59:00+00,2022,1,January,9,4,19,Wednesday,9,Motorway Collision,Daylight,FREEZING RAIN OR FREEZING DRIZZLE,Property Damage Only,0,0,0,40.002711,-105.255966,0,0,0,0,AT INTERSECTION,959,11317
-105.274965,40.005483,Police Collision Report,COLLISION W/ MV - SIDE TO SIDE-OPPOSITE DIREC,2200547,3,EUCLID AVE/14TH ST,14TH ST,CITY ST/CNTY RD,     ,N ,2022/01/19 00:00:00+00,2022/01/19 11:39:00+00,2022,1,January,11,4,19,Wednesday,11,Motorway Collision,Daylight,FREEZING RAIN OR FREEZING DRIZZLE,Property Damage Only,0,0,0,40.005483,-105.274965,0,0,0,0,NON-INTERSECTION,1139,11318
-105.255966,40.002711,Police Collision Report,COLLISION W/ MV - SIDE TO SIDE-SAME DIRECTION,2200541,2,29TH ST/BIXBY AVE,29TH STREET,CITY ST/CNTY RD,     ,  ,2022/01/19 00:00:00+00,2022/01/19 10:30:00+00,2022,1,January,10,4,19,Wednesday,10,Hit-and-Run Collision,Daylight,FREEZING RAIN OR FREEZING DRIZZLE,Property Damage Only,0,0,0,40.002711,-105.255966,0,0,0,0,AT INTERSECTION,1000,11319
-105.255966,40.002711,Police Collision Report,COLLISION W/ MV - SIDE TO SIDE-SAME DIRECTION,2200542,2,29TH ST/BIXBY AVE,29TH STREET,CITY ST/CNTY RD,     ,  ,2022/01/19 00:00:00+00,2022/01/19 10:31:00+00,2022,1,January,10,4,19,Wednesday,10,Motorway Collision,Daylight,FREEZING RAIN OR FREEZING DRIZZLE,Property Damage Only,0,0,0,40.002711,-105.255966,0,0,0,0,AT INTERSECTION,1000,11320
-105.281804,40.023186,Police Collision Report,COLLISION W/ OBJECT - CURB,2201704,1,BROADWAY/PORTLAND PL,BROADWAY,CITY ST/CNTY RD,     ,  ,2022/02/22 00:00:00+00,2022/02/22 07:11:00+00,2022,2,February,7,3,22,Tuesday,7,Motorway Collision,Daylight,FREEZING RAIN OR FREEZING DRIZZLE,Property Damage Only,0,0,0,40.023186,-105.281804,0,0,0,0,AT INTERSECTION,711,11321
-105.257148,39.980597,Police Collision Report,COLLISION W/ OBJECT - CURB,2200556,1,TABLE MESA DR/ITHACA DR,TABLE MESA DR,CITY ST/CNTY RD,     ,  ,2022/01/19 00:00:00+00,2022/01/19 14:17:00+00,2022,1,January,14,4,19,Wednesday,14,Motorway Collision,Daylight,FREEZING RAIN OR FREEZING DRIZZLE,Possible injury,0,0,0,39.980597,-105.257148,0,0,0,0,AT INTERSECTION,1417,11322
-105.250573,40.033739,Police Collision Report,COLLISION W/ OBJECT - CURB,2200532,2,ONEAL CIR/ONEAL PKWY,ONEAL CIRCLE,CITY ST/CNTY RD,     ,N ,2022/01/19 00:00:00+00,2022/01/19 08:26:00+00,2022,1,January,8,4,19,Wednesday,8,Motorway Collision,Daylight,FREEZING RAIN OR FREEZING DRIZZLE,Property Damage Only,0,0,0,40.033739,-105.250573,0,0,0,0,NON-INTERSECTION,826,11323
-105.206734,40.071175,Police Collision Report,COLLISION W/ OBJECT - LIGHT POLE/UTILITY POLE,2200534,1,63RD ST/LOOKOUT RD,63RD STREET,CITY ST/CNTY RD,     ,N ,2022/01/19 00:00:00+00,2022/01/19 08:42:00+00,2022,1,January,8,4,19,Wednesday,8,Motorway Collision,Daylight,FREEZING RAIN OR FREEZING DRIZZLE,Property Damage Only,0,0,0,40.071175,-105.206734,0,0,0,0,NON-INTERSECTION,842,11324
-105.244225,40.038459,Police Collision Report,COLLISION W/ OBJECT - LIGHT POLE/UTILITY POLE,2200546,1,DIAGONAL HWY/47TH ST,DIAGONAL HWY,STATE HWY,     ,  ,2022/01/19 00:00:00+00,2022/01/19 11:03:00+00,2022,1,January,11,4,19,Wednesday,11,Motorway Collision,Daylight,FREEZING RAIN OR FREEZING DRIZZLE,Property Damage Only,0,0,0,40.038459,-105.244225,0,0,0,0,AT INTERSECTION,1103,11325
-105.254077,39.983119,Police Collision Report,COLLISION W/ OBJECT - LIGHT POLE/UTILITY POLE,2200553,1,TABLE MESA DR/GILLASPIE DR,TABLE MESA,CITY ST/CNTY RD,     ,  ,2022/01/19 00:00:00+00,2022/01/19 13:15:00+00,2022,1,January,13,4,19,Wednesday,13,Motorway Collision,Daylight,FREEZING RAIN OR FREEZING DRIZZLE,Property Damage Only,0,0,0,39.983119,-105.254077,0,0,0,0,AT INTERSECTION,1315,11326
-105.286914,40.048077,Police Collision Report,COLLISION W/ OTHER VEH - PARKED MV,2200536,2,QUINCE CIR/WONDERLAND HILL AVE,QUINCE CIRCLE,CITY ST/CNTY RD,     ,  ,2022/01/19 00:00:00+00,2022/01/19 09:16:00+00,2022,1,January,9,4,19,Wednesday,9,Motorway Collision,Daylight,FREEZING RAIN OR FREEZING DRIZZLE,Property Damage Only,0,0,0,40.048077,-105.286914,0,0,0,0,AT INTERSECTION,916,11327
-105.289167,40.016016,Police Collision Report,COLLISION W/ OTHER VEH - PARKED MV,2200496,2,PEARL ST/5TH ST,PEARL ST,CITY ST/CNTY RD,     ,W ,2022/01/05 00:00:00+00,2022/01/05 19:05:00+00,2022,1,January,19,4,5,Wednesday,19,Motorway Collision,Daylight,SNOW,Property Damage Only,0,0,0,40.016016,-105.289167,0,0,0,0,NON-INTERSECTION,1905,11328
-105.272548,40.013577,Police Collision Report,COLLISION W/ OTHER VEH - PARKED MV,2200781,2,MARINE ST/17TH ST,MARINE ST,CITY ST/CNTY RD,     ,E ,2022/01/25 00:00:00+00,2022/01/25 16:58:00+00,2022,1,January,16,3,25,Tuesday,16,Motorway Collision,Dawn or Dusk,SNOW,Property Damage Only,0,0,0,40.013577,-105.272548,0,0,0,0,NON-INTERSECTION,1658,11329
-105.252232,39.971245,Police Collision Report,COLLISION W/ OTHER VEH - PARKED MV,2200129,2,JUILLIARD ST/GILLASPIE DR,JUILLIARD STREET,CITY ST/CNTY RD,     ,W ,2022/01/06 00:00:00+00,2022/01/06 10:10:00+00,2022,1,January,10,5,6,Thursday,10,Motorway Collision,Daylight,SNOW,Property Damage Only,0,0,0,39.971245,-105.252232,0,0,0,0,NON-INTERSECTION,1010,11330
-105.274999,40.005452,Police Collision Report,COLLISION W/ OTHER VEH - PARKED MV,2200771,2,14TH ST/EUCLID AVE,14TH ST,CITY ST/CNTY RD,     ,N ,2022/01/25 00:00:00+00,2022/01/25 13:20:00+00,2022,1,January,13,3,25,Tuesday,13,Motorway Collision,Daylight,SNOW,Property Damage Only,0,0,0,40.005452,-105.274999,0,0,0,0,NON-INTERSECTION,1320,11331
-105.280516,40.023435,Police Collision Report,COLLISION W/ OTHER VEH - PARKED MV,2201647,2,13TH ST/PORTLAND PL,PORTLAND PL,CITY ST/CNTY RD,     ,W ,2022/02/16 00:00:00+00,2022/02/16 16:06:00+00,2022,2,February,16,4,16,Wednesday,16,Motorway Collision,Daylight,SNOW,Property Damage Only,0,0,0,40.023435,-105.280516,0,0,0,0,INTERSECTION RELATED,1606,11332
-105.280992,40.056824,Police Collision Report,COLLISION W/ OTHER VEH - PARKED MV,2201521,2,ROSEWOOD AVE/13TH ST,ROSEWOOD AVE,CITY ST/CNTY RD,     ,E ,2022/02/16 00:00:00+00,2022/02/16 15:00:00+00,2022,2,February,15,4,16,Wednesday,15,Motorway Collision,Daylight,SNOW,Property Damage Only,0,0,0,40.056824,-105.280992,0,0,0,0,INTERSECTION RELATED,1500,11333
-105.264096,40.009542,Police Collision Report,COLLISION W/ OTHER VEH - PARKED MV,2211485,6,FOLSOM ST/UNIVERSITY HEIGHTS AVE,FOLSOM ST,CITY ST/CNTY RD,     ,N ,2022/11/17 00:00:00+00,2022/11/17 18:43:00+00,2022,11,November,18,5,17,Thursday,18,Hit-and-Run Collision,Dark - Lighted,SNOW,Property Damage Only,0,0,0,40.009542,-105.264096,0,0,0,0,NON-INTERSECTION,1700,11334
-105.274745,40.019009,Police Collision Report,COLLISION W/ OTHER VEH - PARKED MV,2211466,2,PEARL ST/16TH ST,PEARL STREET,CITY ST/CNTY RD,     ,W ,2022/11/17 00:00:00+00,2022/11/17 14:32:00+00,2022,11,November,14,5,17,Thursday,14,Motorway Collision,Daylight,SNOW,Property Damage Only,0,0,0,40.019009,-105.274745,0,0,0,0,NON-INTERSECTION,1432,11335
-105.275822,40.007328,Police Collision Report,COLLISION W/ OTHER VEH - PARKED MV,2211044,2,1313  COLLEGE AVE      ,COLLEGE AVE,CITY ST/CNTY RD,     ,E ,2022/11/04 00:00:00+00,2022/11/04 01:50:00+00,2022,11,November,1,6,4,Friday,1,Motorway Collision,Dark - Lighted,SNOW,Property Damage Only,0,0,0,40.007328,-105.275822,0,0,0,0,NON-INTERSECTION,150,11336
-105.250079,40.014707,Police Collision Report,COLLISION W/ OBJECT - LIGHT POLE/UTILITY POLE,2200117,1,33RD ST/ARAPAHOE AVE,ARAPAHOE AVE,STATE HWY,     ,  ,2022/01/05 00:00:00+00,2022/01/05 15:44:00+00,2022,1,January,15,4,5,Wednesday,15,Motorway Collision,Dawn or Dusk,SNOW,Property Damage Only,0,0,0,40.014707,-105.250079,0,0,0,0,AT INTERSECTION,1545,11337
-105.25845,40.001697,Police Collision Report,COLLISION W/ OBJECT - LIGHT POLE/UTILITY POLE,2200752,1,770   28TH ST      ,28TH ST FRONTAGE ROAD,CITY ST/CNTY RD,     ,N ,2022/01/25 00:00:00+00,2022/01/25 06:24:00+00,2022,1,January,6,3,25,Tuesday,6,Motorway Collision,Dark - Lighted,SNOW,Property Damage Only,0,0,0,40.001697,-105.25845,0,0,0,0,INTERSECTION RELATED,623,11338
-105.244862,40.029223,Police Collision Report,COLLISION W/ OBJECT - SIGN,2211492,1,FOOTHILLS PKWY/VALMONT RD,FOOTHILLS PARKWAY,STATE HWY,     ,S ,2022/11/18 00:00:00+00,2022/11/18 06:09:00+00,2022,11,November,6,6,18,Friday,6,Motorway Collision,Dawn or Dusk,SNOW,Property Damage Only,0,0,0,40.029223,-105.244862,0,0,0,0,MID-BLOCK CROSSWALK,610,11339
-105.282109,40.034973,Police Collision Report,COLLISION W/ OBJECT - SIGN,2211474,1,BROADWAY/HAWTHORN AVE,HAWTHORN AVE,CITY ST/CNTY RD,     ,W ,2022/11/17 00:00:00+00,2022/11/17 15:29:00+00,2022,11,November,15,5,17,Thursday,15,Motorway Collision,Daylight,SNOW,Property Damage Only,0,0,0,40.034973,-105.282109,0,0,0,0,INTERSECTION RELATED,1529,11340
-105.250152,40.018236,Police Collision Report,COLLISION W/ OBJECT - SIGN,2200759,1,1805  33RD ST      ,1805 33RD ST,,     ,  ,2022/01/25 00:00:00+00,2022/01/25 10:35:00+00,2022,1,January,10,3,25,Tuesday,10,Motorway Collision,,SNOW,Property Damage Only,0,0,0,40.018236,-105.250152,0,0,0,0,PARKING LOT,943,11341
-105.260145,40.051015,Police Collision Report,COLLISION W/ OBJECT - TRAFFIC SIGNAL POLE,2200004,1,28TH ST/JAY RD,28TH STREET,STATE HWY,     ,  ,2022/01/01 00:00:00+00,2022/01/01 09:32:00+00,2022,1,January,9,7,1,Saturday,9,Motorway Collision,Daylight,SNOW,Possible injury,0,0,0,40.051015,-105.260145,0,0,0,0,AT INTERSECTION,932,11342
-105.261365,40.00819,Police Collision Report,COLLISION W/ OBJECT - TRAFFIC SIGNAL POLE,2112428,1,COLORADO AVE/REGENT DR,COLORADO AVE,CITY ST/CNTY RD,     ,  ,2021/12/31 00:00:00+00,2021/12/31 15:34:00+00,2021,12,December,15,6,31,Friday,15,Motorway Collision,Daylight,SNOW,Property Damage Only,0,0,0,40.00819,-105.261365,0,0,0,0,AT INTERSECTION,1535,11343
-105.234612,40.029256,Police Collision Report,COLLISION W/ OBJECT - SIGN,2112429,1,VALMONT RD/AIRPORT RD,VALMONT RD,CITY ST/CNTY RD,     ,N ,2021/12/31 00:00:00+00,2021/12/31 16:49:00+00,2021,12,December,16,6,31,Friday,16,Motorway Collision,Dark - Lighted,SNOW,Property Damage Only,0,0,0,40.029256,-105.234612,0,0,0,0,AT INTERSECTION,1630,11344
-105.258282,40.014544,Police Collision Report,COLLISION W/ OBJECT - TRAFFIC SIGNAL POLE,2201007,1,28TH ST/ARAPAHOE AVE,ARAPAHOE AVE,STATE HWY,     ,  ,2022/02/01 00:00:00+00,2022/02/01 19:41:00+00,2022,2,February,19,3,1,Tuesday,19,Motorway Collision,Dark - Unlighted,SNOW,Property Damage Only,0,0,0,40.014544,-105.258282,0,0,0,0,AT INTERSECTION,1940,11345
-105.258317,40.014664,Police Collision Report,COLLISION W/ OBJECT - CURB,2112433,1,ARAPAHOE AVE/28TH ST,ARAPAHOE AVE,STATE HWY,     ,  ,2021/12/31 00:00:00+00,2021/12/31 17:16:00+00,2021,12,December,17,6,31,Friday,17,Motorway Collision,Dark - Lighted,SNOW,Property Damage Only,0,0,0,40.014664,-105.258317,0,0,0,0,AT INTERSECTION,1716,11346
-105.24895,40.038008,Police Collision Report,COLLISION W/ OBJECT - CURB,2204786,1,DIAGONAL HWY/34TH ST,DIAGONAL HWY,STATE HWY,     ,E ,2022/05/21 02:59:00+00,2022/05/21 03:33:00+00,2022,5,May,3,7,21,Saturday,3,Motorway Collision,Dark - Lighted,SNOW,Property Damage Only,0,0,0,40.038008,-105.24895,1,1,0,0,NON-INTERSECTION,303,11347
-105.285685,40.023687,Police Collision Report,COLLISION W/ OBJECT - CURB,2211471,6,9TH ST/DEWEY AVE,9TH ST,CITY ST/CNTY RD,     ,N ,2022/11/17 00:00:00+00,2022/11/17 15:07:00+00,2022,11,November,15,5,17,Thursday,15,Motorway Collision,Daylight,SNOW,Property Damage Only,0,0,0,40.023687,-105.285685,0,0,0,0,NON-INTERSECTION,1506,11348
-105.24066,40.014698,Police Collision Report,COLLISION W/ OBJECT - CURB,2211809,1,FOOTHILLS PKWY/ARAPAHOE AVE,FOOTHILLS PKY,STATE HWY,     ,  ,2022/11/29 00:00:00+00,2022/11/29 11:22:00+00,2022,11,November,11,3,29,Tuesday,11,Motorway Collision,Dark - Lighted,SNOW,Property Damage Only,0,0,0,40.014698,-105.24066,0,0,0,0,INTERSECTION RELATED,1122,11349
-105.259288,39.993773,Police Collision Report,COLLISION W/ OBJECT - CURB,2211478,2,RAYLEIGH RD/S BROADWAY,BROADWAY,STATE HWY,     ,S ,2022/11/17 00:00:00+00,2022/11/17 15:41:00+00,2022,11,November,15,5,17,Thursday,15,Motorway Collision,Daylight,SNOW,Property Damage Only,0,0,0,39.993773,-105.259288,0,0,0,0,INTERSECTION RELATED,1541,11350
-105.253696,40.032853,Police Collision Report,COLLISION W/ OBJECT - CURB,2211468,1,GLENWOOD DR/30TH ST,30TH STREET,CITY ST/CNTY RD,     ,N ,2022/11/17 00:00:00+00,2022/11/17 14:42:00+00,2022,11,November,14,5,17,Thursday,14,Motorway Collision,Daylight,SNOW,Property Damage Only,0,0,0,40.032853,-105.253696,0,0,0,0,NON-INTERSECTION,1441,11351
-105.264096,40.009542,Police Collision Report,COLLISION W/ OBJECT - CURB,2211482,7,FOLSOM ST/UNIVERSITY HEIGHTS AVE,FOLSOM ST,CITY ST/CNTY RD,     ,N ,2022/11/17 00:00:00+00,2022/11/17 16:50:00+00,2022,11,November,16,5,17,Thursday,16,Motorway Collision,Dark - Lighted,SNOW,Possible injury,0,0,0,40.009542,-105.264096,0,0,0,0,NON-INTERSECTION,1649,11352
-105.270255,40.014596,Police Collision Report,COLLISION W/ OBJECT - CURB,2202195,1,19TH ST/ARAPAHOE AVE,ARAPAHOE AVE,CITY ST/CNTY RD,     ,W ,2022/03/09 00:00:00+00,2022/03/09 13:54:00+00,2022,3,March,13,4,9,Wednesday,13,Motorway Collision,Daylight,SNOW,Property Damage Only,0,0,0,40.014596,-105.270255,0,0,0,0,INTERSECTION RELATED,1354,11353
-105.231998,39.986966,Police Collision Report,COLLISION W/ OBJECT - CURB,2202206,1,FOOTHILLS PKWY/TABLE MESA DR,FOOTHILLS HWY,STATE HWY,     ,  ,2022/03/09 00:00:00+00,2022/03/09 15:55:00+00,2022,3,March,15,4,9,Wednesday,15,Motorway Collision,Daylight,SNOW,Property Damage Only,0,0,0,39.986966,-105.231998,0,0,0,0,NON-INTERSECTION,1555,11354
-105.281039,40.020916,Police Collision Report,COLLISION W/ OBJECT - CURB,2202122,1,BROADWAY/MAPLETON AVE,BROADWAY,CITY ST/CNTY RD,     ,N ,2022/03/07 00:00:00+00,2022/03/07 03:34:00+00,2022,3,March,3,2,7,Monday,3,Motorway Collision,Dark - Lighted,SNOW,Property Damage Only,0,0,0,40.020916,-105.281039,0,0,0,0,NON-INTERSECTION,328,11355
-105.282122,40.048009,Police Collision Report,COLLISION W/ MV - SIDE TO SIDE-SAME DIRECTION,2200121,2,BROADWAY/QUINCE AVE,QUINCE AVE,CITY ST/CNTY RD,     ,  ,2022/01/05 00:00:00+00,2022/01/05 16:06:00+00,2022,1,January,16,4,5,Wednesday,16,Motorway Collision,Daylight,SNOW,Property Damage Only,0,0,0,40.048009,-105.282122,0,0,0,0,AT INTERSECTION,1606,11356
-105.276293,40.009467,Police Collision Report,COLLISION W/ MV - SIDE TO SIDE-SAME DIRECTION,2201713,2,BROADWAY/PLEASANT ST,BROADWAY,STATE HWY,     ,N ,2022/02/22 00:00:00+00,2022/02/22 10:47:00+00,2022,2,February,10,3,22,Tuesday,10,Motorway Collision,Daylight,SNOW,Property Damage Only,0,0,0,40.009467,-105.276293,0,0,0,0,INTERSECTION RELATED,1030,11357
-105.281677,40.018617,Police Collision Report,COLLISION W/ MV - SIDE TO SIDE-SAME DIRECTION,2201520,2,11TH ST/SPRUCE ST,11TH ST,CITY ST/CNTY RD,     ,S ,2022/02/16 00:00:00+00,2022/02/16 15:01:00+00,2022,2,February,15,4,16,Wednesday,15,Motorway Collision,Daylight,SNOW,Property Damage Only,0,0,0,40.018617,-105.281677,0,0,0,0,AT INTERSECTION,1400,11358
-105.258373,40.00721,Police Collision Report,COLLISION W/ MV - SIDE TO SIDE-SAME DIRECTION,2211457,2,28TH FRONTAGE RD/E COLLEGE AVE,28TH STREET,STATE HWY,     ,S ,2022/11/17 00:00:00+00,2022/11/17 08:52:00+00,2022,11,November,8,5,17,Thursday,8,Motorway Collision,Daylight,SNOW,Possible injury,0,0,0,40.00721,-105.258373,0,0,0,0,RAMP-RELATED,852,11359
-105.276953,40.010476,Police Collision Report,COLLISION W/ MV - SIDE TO SIDE-SAME DIRECTION,2201361,2,BROADWAY/UNIVERSITY AVE,BROADWAY AVE,STATE HWY,     ,N ,2022/02/11 00:00:00+00,2022/02/11 22:05:00+00,2022,2,February,22,6,11,Friday,22,Motorway Collision,Dark - Lighted,SNOW,Property Damage Only,0,0,0,40.010476,-105.276953,0,0,0,0,AT INTERSECTION,2205,11360
-105.27791,40.01607,Police Collision Report,COLLISION W/ MV - SIDE TO SIDE-SAME DIRECTION,2207135,2,1300  CANYON BLVD      ,ARAPAHOE AVE,CITY ST/CNTY RD,     ,E ,2022/07/27 00:00:00+00,2022/07/27 13:35:00+00,2022,7,July,13,4,27,Wednesday,13,Motorway Collision,Dawn or Dusk,SNOW,Property Damage Only,0,0,0,40.01607,-105.27791,0,0,0,0,NON-INTERSECTION,1814,11361
-105.282162,40.062913,Police Collision Report,COLLISION W/ OTHER VEH - PARKED MV,2201000,2,BROADWAY/FRONT RANGE AVE,BROADWAY ST,CITY ST/CNTY RD,     ,N ,2022/02/01 17:13:59+00,2022/02/01 17:14:00+00,2022,2,February,17,3,1,Tuesday,17,Motorway Collision,Dawn or Dusk,SNOW,Property Damage Only,0,0,0,40.062913,-105.282162,0,1,0,0,NON-INTERSECTION,1547,11362
-105.277459,40.00546,Police Collision Report,COLLISION W/ OTHER VEH - PARKED MV,2201364,2,12TH ST/EUCLID AVE,12TH ST,CITY ST/CNTY RD,     ,N ,2022/02/11 00:00:00+00,2022/02/11 23:07:00+00,2022,2,February,23,6,11,Friday,23,Motorway Collision,Dark - Lighted,SNOW,Property Damage Only,0,0,0,40.00546,-105.277459,0,0,0,0,NON-INTERSECTION,2330,11363
-105.206674,40.014677,Police Collision Report,COLLISION W/ MV - FRONT TO SIDE,2103008,2,ARAPAHOE AVE/63RD ST,63RD,STATE HWY,     ,  ,2021/04/13 00:00:00+00,2021/04/13 07:43:00+00,2021,4,April,7,3,13,Tuesday,7,Motorway Collision,Daylight,SNOW,Property Damage Only,0,0,0,40.014677,-105.206674,0,0,0,0,AT INTERSECTION,740,11364
-105.248544,39.977843,Police Collision Report,COLLISION W/ MV - REAR TO SIDE,2103205,2,GILLASPIE DR/ALBION WAY,GILLASPIE DR,CITY ST/CNTY RD,     ,S ,2021/04/19 00:00:00+00,2021/04/20 13:32:00+00,2021,4,April,13,3,20,Tuesday,13,Motorway Collision,Dark - Lighted,SNOW,Property Damage Only,0,0,0,39.977843,-105.248544,0,0,0,0,NON-INTERSECTION,2015,11365
-105.281039,40.020916,Police Collision Report,COLLISION W/ MV - FRONT TO SIDE,2103076,2,BROADWAY/MAPLETON AVE,BROADWAY,CITY ST/CNTY RD,     ,  ,2021/04/15 00:00:00+00,2021/04/15 22:27:00+00,2021,4,April,22,5,15,Thursday,22,Motorway Collision,Dark - Unlighted,SNOW,Property Damage Only,0,0,0,40.020916,-105.281039,0,0,0,0,AT INTERSECTION,2227,11366
-105.258943,40.029155,Police Collision Report,COLLISION W/ MV - REAR TO REAR,2107498,2,2775  VALMONT RD      ,2775 VALMONT RD,,     ,  ,2021/08/18 00:00:00+00,2021/08/18 00:00:00+00,2021,8,August,0,4,18,Wednesday,0,Motorway Collision,,SNOW,Property Damage Only,0,0,0,40.029155,-105.258943,0,0,0,0,PARKING LOT,2200,11367
-105.291484,40.017502,Police Collision Report,COLLISION W/ MV - REAR TO SIDE,2211480,2,4TH ST/MOUNTAIN VIEW RD,4TH ST,CITY ST/CNTY RD,     ,N ,2022/11/17 00:00:00+00,2022/11/17 16:21:00+00,2022,11,November,16,5,17,Thursday,16,Motorway Collision,Dawn or Dusk,SNOW,Non-Incapacitating Injury,0,0,1,40.017502,-105.291484,0,0,0,0,NON-INTERSECTION,1621,11368
-105.263065,40.014614,Police Collision Report,COLLISION W/ MV - REAR TO SIDE,2200144,2,FOLSOM ST/ARAPAHOE AVE,ARAPAHOE AVE,CITY ST/CNTY RD,     ,  ,2022/01/06 00:00:00+00,2022/01/06 18:28:00+00,2022,1,January,18,5,6,Thursday,18,Motorway Collision,Dark - Lighted,SNOW,Property Damage Only,0,0,0,40.014614,-105.263065,0,0,0,0,AT INTERSECTION,1828,11369
-105.244815,40.02287,Police Collision Report,COLLISION W/ MV - SIDE TO SIDE-SAME DIRECTION,2200766,2,FOOTHILLS PKWY/PEARL PKWY,FOOTHILLS PKWY,STATE HWY,     ,S ,2022/01/25 00:00:00+00,2022/01/25 11:25:00+00,2022,1,January,11,3,25,Tuesday,11,Motorway Collision,Daylight,SNOW,Property Damage Only,0,0,0,40.02287,-105.244815,0,0,0,0,RAMP,1050,11370
-105.265132,40.054679,Police Collision Report,COLLISION W/ MV - FRONT TO REAR,2200372,2,28TH ST/VIOLET AVE,VIOLET AVE,STATE HWY,     ,  ,2022/01/14 00:00:00+00,2022/01/14 13:03:00+00,2022,1,January,13,6,14,Friday,13,Motorway Collision,Daylight,SNOW,Property Damage Only,0,0,0,40.054679,-105.265132,0,0,0,0,AT INTERSECTION,1301,11371
-105.237671,39.985731,Police Collision Report,COLLISION W/ MV - FRONT TO REAR,2200116,2,TABLE MESA DR/MOORHEAD AVE,TABLE MESA DR,CITY ST/CNTY RD,     ,E ,2022/01/05 00:00:00+00,2022/01/05 14:56:00+00,2022,1,January,14,4,5,Wednesday,14,Motorway Collision,Daylight,SNOW,Property Damage Only,0,0,0,39.985731,-105.237671,0,0,0,0,INTERSECTION RELATED,1456,11372
-105.284321,40.005437,Police Collision Report,COLLISION W/ MV - FRONT TO REAR,2112435,2,8TH ST/EUCLID AVE,8TH ST,CITY ST/CNTY RD,     ,N ,2021/12/31 00:00:00+00,2021/12/31 21:25:00+00,2021,12,December,21,6,31,Friday,21,Motorway Collision,Dark - Lighted,SNOW,Property Damage Only,0,0,0,40.005437,-105.284321,0,0,0,0,NON-INTERSECTION,2040,11373
-105.255925,40.000177,Police Collision Report,COLLISION W/ MV - FRONT TO REAR,2201006,2,BASELINE RD/29TH ST,BASELINE RD,CITY ST/CNTY RD,     ,W ,2022/02/01 00:00:00+00,2022/02/01 18:28:00+00,2022,2,February,18,3,1,Tuesday,18,Motorway Collision,Daylight,SNOW,Property Damage Only,0,0,0,40.000177,-105.255925,0,0,0,0,NON-INTERSECTION,1827,11374
-105.253729,40.032823,Police Collision Report,COLLISION W/ MV - FRONT TO REAR,2201354,3,30TH ST/GLENWOOD DR,30TH STREET,CITY ST/CNTY RD,     ,N ,2022/02/11 00:00:00+00,2022/02/11 15:25:00+00,2022,2,February,15,6,11,Friday,15,Motorway Collision,Daylight,SNOW,Property Damage Only,0,0,0,40.032823,-105.253729,0,0,0,0,NON-INTERSECTION,1525,11375
-105.282109,40.034973,Police Collision Report,COLLISION W/ MV - FRONT TO REAR,2201356,3,BROADWAY/HAWTHORN AVE,BROADWAY,CITY ST/CNTY RD,     ,S ,2022/02/11 00:00:00+00,2022/02/11 17:10:00+00,2022,2,February,17,6,11,Friday,17,Motorway Collision,Dawn or Dusk,SNOW,Property Damage Only,0,0,0,40.034973,-105.282109,0,0,0,0,INTERSECTION RELATED,1711,11376
-105.240833,40.014503,Police Collision Report,COLLISION W/ MV - FRONT TO REAR,2200376,2,ARAPAHOE AVE/FOOTHILLS PKWY,ARAPAHOE AVENUE,STATE HWY,     ,W ,2022/01/14 00:00:00+00,2022/01/14 15:10:00+00,2022,1,January,15,6,14,Friday,15,Motorway Collision,Daylight,SNOW,Possible injury,0,0,0,40.014503,-105.240833,0,0,0,0,AT INTERSECTION,1510,11377
-105.278257,40.012875,Police Collision Report,COLLISION W/ MV - FRONT TO REAR,2201350,2,BROADWAY/MARINE ST,BROADWAY,STATE HWY,     ,N ,2022/02/11 00:00:00+00,2022/02/11 14:41:00+00,2022,2,February,14,6,11,Friday,14,Motorway Collision,Daylight,SNOW,Property Damage Only,0,0,0,40.012875,-105.278257,0,0,0,0,NON-INTERSECTION,1441,11378
-105.281804,40.023186,Police Collision Report,COLLISION W/ MV - FRONT TO REAR,2201458,2,BROADWAY/PORTLAND PL,BROADWAY,CITY ST/CNTY RD,     ,  ,2022/02/12 00:00:00+00,2022/02/12 16:56:00+00,2022,2,February,16,7,12,Saturday,16,Motorway Collision,Dark - Lighted,SNOW,Property Damage Only,0,0,0,40.023186,-105.281804,0,0,0,0,NON-INTERSECTION,2130,11379