X,Y,ReportType,PrmaryCollsionType,CaseNumber,UnitsInvolved,Location,OnHighway,CrossStreet,FeetFromIntersection,DirectionFromIntersection,CollisionDate,ReportedDate,ReportedYear,ReportedMonth,ReportedMonthName,ReportedWeek,ReportedDayofWeekNum,ReportedDayofMonth,ReportedDayofWeek,ReportedHour,HitAndRunStatus,LightingCondition,WeatherCondition,Severity,NumKilled,NumSeriouslyInjured,NumInjuredOrKilled,Lat,Lon,DUI,AlcoholDrugSuspected,BicyclesInvolved,PedestriansInvolved,RoadDescription,Crash_Time,ESRI_OID
-105.247447,40.02285,Police Collision Report,COLLISION W/ MV - FRONT TO REAR,2200847,2,PEARL PKWY/FRONTIER AVE,PEARL PKWY,CITY ST/CNTY RD,     ,E ,2022/01/27 00:00:00+00,2022/01/27 09:23:00+00,2022,1,January,9,5,27,Thursday,9,Motorway Collision,Daylight,SNOW,Property Damage Only,0,0,0,40.02285,-105.247447,0,0,0,0,INTERSECTION RELATED,923,11380
-105.251977,40.023746,Police Collision Report,COLLISION W/ MV - FRONT TO REAR,2200852,2,PEARL PKWY/JUNCTION PL,PEARL PKWY,CITY ST/CNTY RD,     ,W ,2022/01/27 00:00:00+00,2022/01/27 11:38:00+00,2022,1,January,11,5,27,Thursday,11,Motorway Collision,Daylight,SNOW,Possible injury,0,0,0,40.023746,-105.251977,0,0,0,0,INTERSECTION RELATED,1138,11381
-105.280704,40.019902,Police Collision Report,COLLISION W/ MV - FRONT TO REAR,2200853,2,BROADWAY/PINE ST,BROADWAY,CITY ST/CNTY RD,     ,  ,2022/01/27 00:00:00+00,2022/01/27 12:05:00+00,2022,1,January,12,5,27,Thursday,12,Motorway Collision,Daylight,SNOW,Property Damage Only,0,0,0,40.019902,-105.280704,0,0,0,0,AT INTERSECTION,1205,11382
-105.282083,40.040944,Police Collision Report,COLLISION W/ MV - FRONT TO REAR,2200757,3,LINDEN AVE/BROADWAY,BROADWAY,CITY ST/CNTY RD,     ,S ,2022/01/25 00:00:00+00,2022/01/25 08:32:00+00,2022,1,January,8,3,25,Tuesday,8,Motorway Collision,Daylight,SNOW,Property Damage Only,0,0,0,40.040944,-105.282083,0,0,0,0,NON-INTERSECTION,832,11383
-105.263563,40.000114,Police Collision Report,COLLISION W/ MV - FRONT TO REAR,2200131,2,BASELINE RD/BROADWAY,BASELINE,STATE HWY,     ,W ,2022/01/05 00:00:00+00,2022/01/05 00:00:00+00,2022,1,January,0,4,5,Wednesday,0,Motorway Collision,Dark - Lighted,SNOW,Property Damage Only,0,0,0,40.000114,-105.263563,0,0,0,0,INTERSECTION RELATED,1930,11384
-105.234781,40.014837,Police Collision Report,COLLISION W/ MV - FRONT TO SIDE,2201004,2,ARAPAHOE AVE/48TH ST,ARAPAHOE ROAD,STATE HWY,     ,  ,2022/02/01 00:00:00+00,2022/02/01 16:30:00+00,2022,2,February,16,3,1,Tuesday,16,Motorway Collision,Daylight,SNOW,Property Damage Only,0,0,0,40.014837,-105.234781,0,0,0,0,AT INTERSECTION,1630,11385
-105.229872,40.02462,Police Collision Report,COLLISION W/ MV - FRONT TO SIDE,2201005,2,PEARL PKWY/PEARL ST,PEARL PKWY,CITY ST/CNTY RD,     ,  ,2022/02/01 00:00:00+00,2022/02/01 17:49:00+00,2022,2,February,17,3,1,Tuesday,17,Motorway Collision,Dark - Lighted,SNOW,Possible injury,0,0,0,40.02462,-105.229872,0,0,0,0,AT INTERSECTION,1748,11386
-105.279303,40.015822,Police Collision Report,COLLISION W/ MV - FRONT TO SIDE,2201018,2,BROADWAY/CANYON BLVD,BROADWAY ST,CITY ST/CNTY RD,     ,  ,2022/02/02 00:00:00+00,2022/02/02 10:37:00+00,2022,2,February,10,4,2,Wednesday,10,Motorway Collision,Daylight,SNOW,Property Damage Only,0,0,0,40.015822,-105.279303,0,0,0,0,AT INTERSECTION,1035,11387
-105.276213,40.000067,Police Collision Report,COLLISION W/ MV - FRONT TO SIDE,2201352,2,13TH ST/BASELINE RD,BASELINE ROAD,CITY ST/CNTY RD,     ,  ,2022/02/11 00:00:00+00,2022/02/11 15:04:00+00,2022,2,February,15,6,11,Friday,15,Motorway Collision,Daylight,SNOW,Property Damage Only,0,0,0,40.000067,-105.276213,0,0,0,0,AT INTERSECTION,1503,11388
-105.269017,40.014601,Police Collision Report,COLLISION W/ MV - FRONT TO SIDE,2201353,2,20TH ST/ARAPAHOE AVE,ARAPAHOE AVENUE,CITY ST/CNTY RD,     ,E ,2022/02/11 00:00:00+00,2022/02/11 15:24:00+00,2022,2,February,15,6,11,Friday,15,Motorway Collision,Daylight,SNOW,Property Damage Only,0,0,0,40.014601,-105.269017,0,0,0,0,DRIVEWAY ACCESS RELATED,1524,11389
-105.25369,40.013597,Police Collision Report,COLLISION W/ MV - FRONT TO SIDE,2201359,2,30TH ST/MARINE ST,30TH STREET,CITY ST/CNTY RD,     ,  ,2022/02/11 00:00:00+00,2022/02/11 17:55:00+00,2022,2,February,17,6,11,Friday,17,Motorway Collision,Dark - Unlighted,SNOW,Property Damage Only,0,0,0,40.013597,-105.25369,0,0,0,0,AT INTERSECTION,1800,11390
-105.253567,40.015714,Police Collision Report,COLLISION W/ MV - FRONT TO SIDE,2200120,2,1650  30TH ST      ,1740 30TH ST,,     ,  ,2022/01/05 00:00:00+00,2022/01/05 16:32:00+00,2022,1,January,16,4,5,Wednesday,16,Motorway Collision,Daylight,SNOW,Property Damage Only,0,0,0,40.015714,-105.253567,0,0,0,0,PARKING LOT,1632,11391
-105.244815,40.02287,Police Collision Report,COLLISION W/ MV - FRONT TO SIDE,2112430,2,FOOTHILLS PKWY/PEARL PKWY,PEARL PKWY,CITY ST/CNTY RD,     ,  ,2021/12/31 00:00:00+00,2021/12/31 16:58:00+00,2021,12,December,16,6,31,Friday,16,Motorway Collision,Dark - Lighted,SNOW,Property Damage Only,0,0,0,40.02287,-105.244815,0,0,0,0,AT INTERSECTION,1658,11392
-105.247447,40.02285,Police Collision Report,COLLISION W/ MV - FRONT TO SIDE,2202185,2,PEARL PKWY/FRONTIER AVE,FRONTIER AVE,CITY ST/CNTY RD,     ,N ,2022/03/09 00:00:00+00,2022/03/09 07:07:00+00,2022,3,March,7,4,9,Wednesday,7,Motorway Collision,Daylight,SNOW,Property Damage Only,0,0,0,40.02285,-105.247447,0,0,0,0,AT INTERSECTION,707,11393
-105.232375,40.012746,Police Collision Report,COLLISION W/ MV - FRONT TO SIDE,2200997,2,EISENHOWER DR/MERRITT DR,EISENHOWER DR,CITY ST/CNTY RD,     ,N ,2022/02/01 00:00:00+00,2022/02/01 14:58:00+00,2022,2,February,14,3,1,Tuesday,14,Motorway Collision,Daylight,SNOW,Property Damage Only,0,0,0,40.012746,-105.232375,0,0,0,0,NON-INTERSECTION,1445,11394
-105.27083,40.019769,Police Collision Report,COLLISION W/ MV - FRONT TO SIDE,2200998,2,19TH ST/PEARL ST,19TH ST,CITY ST/CNTY RD,     ,S ,2022/02/01 00:00:00+00,2022/02/01 15:03:00+00,2022,2,February,15,3,1,Tuesday,15,Motorway Collision,Daylight,SNOW,Property Damage Only,0,0,0,40.019769,-105.27083,0,0,0,0,NON-INTERSECTION,1502,11395
-105.281804,40.023186,Police Collision Report,COLLISION W/ MV - FRONT TO SIDE,2200770,2,BROADWAY/PORTLAND PL,BROADWAY,CITY ST/CNTY RD,     ,  ,2022/01/25 00:00:00+00,2022/01/25 11:54:00+00,2022,1,January,11,3,25,Tuesday,11,Motorway Collision,Daylight,SNOW,Possible injury,0,0,0,40.023186,-105.281804,0,0,0,0,AT INTERSECTION,900,11396
-105.284852,40.015809,Police Collision Report,COLLISION W/ MV - FRONT TO SIDE,2201523,2,8TH ST/WALNUT ST,8TH STREET,CITY ST/CNTY RD,     ,  ,2022/02/16 00:00:00+00,2022/02/16 16:25:00+00,2022,2,February,16,4,16,Wednesday,16,Motorway Collision,Dawn or Dusk,SNOW,Property Damage Only,0,0,0,40.015809,-105.284852,0,0,0,0,AT INTERSECTION,1625,11397
-105.242353,40.022618,Police Collision Report,COLLISION W/ MV - FRONT TO SIDE,2201525,2,PEARL PKWY/PEARL EAST CIR,PEARL PARKWAY,CITY ST/CNTY RD,     ,  ,2022/02/16 00:00:00+00,2022/02/16 16:56:00+00,2022,2,February,16,4,16,Wednesday,16,Motorway Collision,Daylight,SNOW,Property Damage Only,0,0,0,40.022618,-105.242353,0,0,0,0,AT INTERSECTION,1655,11398
-105.225069,40.027648,Police Collision Report,COLLISION W/ MV - FRONT TO SIDE,2201526,2,55TH ST/PEARL PKWY,PEARL PKY,CITY ST/CNTY RD,     ,W ,2022/02/16 00:00:00+00,2022/02/16 17:20:00+00,2022,2,February,17,4,16,Wednesday,17,Motorway Collision,Dark - Lighted,SNOW,Property Damage Only,0,0,0,40.027648,-105.225069,0,0,0,0,NON-INTERSECTION,1720,11399
-105.258482,40.036463,Police Collision Report,COLLISION W/ MV - FRONT TO SIDE,2202209,2,28TH ST/IRIS AVE,28TH STREET,STATE HWY,     ,  ,2022/03/09 00:00:00+00,2022/03/09 17:14:00+00,2022,3,March,17,4,9,Wednesday,17,Motorway Collision,Dawn or Dusk,SNOW,Possible injury,0,0,0,40.036463,-105.258482,0,0,0,0,AT INTERSECTION,1714,11400
-105.258492,40.017345,Police Collision Report,COLLISION W/ MV - FRONT TO SIDE,2202212,2,28TH ST/CANYON BLVD,28TH ST,STATE HWY,     ,  ,2022/03/09 00:00:00+00,2022/03/09 19:54:00+00,2022,3,March,19,4,9,Wednesday,19,Motorway Collision,Dark - Lighted,SNOW,Non-Incapacitating Injury,0,0,1,40.017345,-105.258492,0,0,0,0,AT INTERSECTION,1954,11401
-105.225423,40.029232,Police Collision Report,COLLISION W/ MV - FRONT TO SIDE,2202204,4,55TH ST/VALMONT RD,PEARL PKWY,CITY ST/CNTY RD,     ,W ,2022/03/09 00:00:00+00,2022/03/09 15:38:00+00,2022,3,March,15,4,9,Wednesday,15,Motorway Collision,Daylight,SNOW,Non-Incapacitating Injury,0,0,1,40.029232,-105.225423,0,0,0,0,NON-INTERSECTION,1538,11402
-105.258482,40.036463,Police Collision Report,COLLISION W/ MV - FRONT TO SIDE,2201721,2,28TH ST/DIAGONAL HWY,28TH ST,STATE HWY,     ,  ,2022/02/22 00:00:00+00,2022/02/22 13:45:00+00,2022,2,February,13,3,22,Tuesday,13,Motorway Collision,Daylight,SNOW,Possible injury,0,0,0,40.036463,-105.258482,0,0,0,0,AT INTERSECTION,1340,11403
-105.279887,40.010518,Police Collision Report,COLLISION W/ MV - FRONT TO SIDE,2202471,2,UNIVERSITY AVE/10TH ST,10TH ST,CITY ST/CNTY RD,     ,S ,2022/03/17 00:00:00+00,2022/03/17 09:32:00+00,2022,3,March,9,5,17,Thursday,9,Motorway Collision,Daylight,SNOW,Property Damage Only,0,0,0,40.010518,-105.279887,0,0,0,0,ALLEY RELATED,933,11404
-105.263563,40.000114,Police Collision Report,COLLISION W/ MV - FRONT TO SIDE,2201697,2,BASELINE RD/BROADWAY,BROADWAY,STATE HWY,     ,S ,2022/02/21 00:00:00+00,2022/02/21 19:41:00+00,2022,2,February,19,2,21,Monday,19,Motorway Collision,Dark - Lighted,SNOW,Property Damage Only,0,0,0,40.000114,-105.263563,0,0,0,0,DRIVEWAY ACCESS RELATED,1941,11405
-105.279314,40.015947,Police Collision Report,COLLISION W/ MV - FRONT TO SIDE,2201700,2,CANYON BLVD/BROADWAY,BROADWAY,STATE HWY,     ,  ,2022/02/21 00:00:00+00,2022/02/21 21:41:00+00,2022,2,February,21,2,21,Monday,21,Motorway Collision,Dark - Lighted,SNOW,Property Damage Only,0,0,0,40.015947,-105.279314,0,0,0,0,INTERSECTION RELATED,2141,11406
-105.267753,40.003418,Police Collision Report,COLLISION W/ MV - FRONT TO SIDE,2112426,2,BROADWAY/REGENT DR,BROADWAY,STATE HWY,     ,  ,2021/12/31 00:00:00+00,2021/12/31 13:58:00+00,2021,12,December,13,6,31,Friday,13,Motorway Collision,Daylight,SNOW,Property Damage Only,0,0,0,40.003418,-105.267753,0,0,0,0,AT INTERSECTION,1358,11407
-105.284321,40.005437,Police Collision Report,COLLISION W/ MV - FRONT TO SIDE,2112434,4,8TH ST/EUCLID AVE,8TH STREET,CITY ST/CNTY RD,     ,N ,2021/12/31 00:00:00+00,2021/12/31 20:43:00+00,2021,12,December,20,6,31,Friday,20,Motorway Collision,Dark - Lighted,SNOW,Property Damage Only,0,0,0,40.005437,-105.284321,0,0,0,0,NON-INTERSECTION,2100,11408
-105.275386,40.016754,Police Collision Report,COLLISION W/ MV - FRONT TO SIDE,2204778,2,CANYON BLVD/15TH ST,15TH STREET,CITY ST/CNTY RD,     ,  ,2022/05/20 00:00:00+00,2022/05/20 21:50:00+00,2022,5,May,21,6,20,Friday,21,Motorway Collision,Dark - Unlighted,SNOW,Property Damage Only,0,0,0,40.016754,-105.275386,0,0,0,0,AT INTERSECTION,2150,11409
-105.277552,40.036418,Police Collision Report,COLLISION W/ MV - FRONT TO SIDE,2211801,3,IRIS AVE/16TH ST,16TH ST,CITY ST/CNTY RD,     ,  ,2022/11/29 00:00:00+00,2022/11/29 08:03:00+00,2022,11,November,8,3,29,Tuesday,8,Motorway Collision,Daylight,SNOW,Property Damage Only,0,0,0,40.036418,-105.277552,0,0,0,0,AT INTERSECTION,803,11410
-105.253114,40.003757,Police Collision Report,COLLISION W/ MV - FRONT TO SIDE,2211805,2,E AURORA AVE/30TH ST,30TH ST,CITY ST/CNTY RD,     ,  ,2022/11/29 00:00:00+00,2022/11/29 09:54:00+00,2022,11,November,9,3,29,Tuesday,9,Motorway Collision,Daylight,SNOW,Possible injury,0,0,0,40.003757,-105.253114,0,0,0,0,AT INTERSECTION,954,11411
-105.285667,40.025543,Police Collision Report,COLLISION W/ MV - FRONT TO SIDE,2211035,2,ALPINE AVE/9TH ST,ALPINE AVENUE,CITY ST/CNTY RD,     ,  ,2022/11/03 00:00:00+00,2022/11/03 20:15:00+00,2022,11,November,20,5,3,Thursday,20,Motorway Collision,Dark - Lighted,SNOW,Property Damage Only,0,0,0,40.025543,-105.285667,0,0,0,0,AT INTERSECTION,2010,11412
-105.264842,40.003904,Police Collision Report,COLLISION W/ MV - FRONT TO SIDE,2211030,2,REGENT DR/KITTREDGE LOOP DR,REGENT DR,CITY ST/CNTY RD,     ,  ,2022/11/03 00:00:00+00,2022/11/03 00:00:00+00,2022,11,November,0,5,3,Thursday,0,Motorway Collision,Daylight,SNOW,Property Damage Only,0,0,0,40.003904,-105.264842,0,0,0,0,AT INTERSECTION,1640,11413
-105.263243,40.033153,Police Collision Report,COLLISION W/ MV - FRONT TO REAR,2211470,2,FOLSOM ST/GLENWOOD DR,FOLSOM ST,CITY ST/CNTY RD,     ,  ,2022/11/17 00:00:00+00,2022/11/17 15:05:00+00,2022,11,November,15,5,17,Thursday,15,Motorway Collision,Daylight,SNOW,Property Damage Only,0,0,0,40.033153,-105.263243,0,0,0,0,AT INTERSECTION,1505,11414
-105.261236,39.9965,Police Collision Report,COLLISION W/ MV - FRONT TO REAR,2211473,3,BROADWAY/27TH WAY,BROADWAY,STATE HWY,     ,S ,2022/11/17 00:00:00+00,2022/11/17 15:22:00+00,2022,11,November,15,5,17,Thursday,15,Motorway Collision,Daylight,SNOW,Property Damage Only,0,0,0,39.9965,-105.261236,0,0,0,0,INTERSECTION RELATED,1522,11415
-105.263563,40.000114,Police Collision Report,COLLISION W/ MV - FRONT TO REAR,2202489,2,BASELINE RD/BROADWAY,BROADWAY,CITY ST/CNTY RD,     ,N ,2022/03/17 00:00:00+00,2022/03/17 19:41:00+00,2022,3,March,19,5,17,Thursday,19,Motorway Collision,Dark - Lighted,SNOW,Property Damage Only,0,0,0,40.000114,-105.263563,0,0,0,0,INTERSECTION RELATED,1941,11416
-105.253716,40.037957,Police Collision Report,COLLISION W/ MV - FRONT TO REAR,2202227,2,30TH ST/DIAGONAL HWY,HIGHWAY 119,STATE HWY,     ,E ,2022/03/11 00:00:00+00,2022/03/11 00:00:00+00,2022,3,March,0,6,11,Friday,0,Motorway Collision,Daylight,SNOW,Property Damage Only,0,0,0,40.037957,-105.253716,0,1,0,0,INTERSECTION RELATED,830,11417
-105.272777,40.01716,Police Collision Report,COLLISION W/ MV - FRONT TO REAR,2201413,2,17TH ST/CANYON BLVD,CANYON BLVD,STATE HWY,     ,W ,2022/02/11 00:00:00+00,2022/02/11 00:00:00+00,2022,2,February,0,6,11,Friday,0,Motorway Collision,Daylight,SNOW,Possible injury,0,0,0,40.01716,-105.272777,0,0,0,0,INTERSECTION RELATED,1548,11418
-105.244901,40.029254,Police Collision Report,COLLISION W/ MV - FRONT TO REAR,2270587,2,VALMONT RD/FOOTHILLS PKWY,FOOTHILLS PKY,STATE HWY,     ,N ,2022/02/23 07:52:00+00,2022/02/23 08:52:12+00,2022,2,February,8,4,23,Wednesday,8,Motorway Collision,Daylight,SNOW,Property Damage Only,0,0,0,40.029254,-105.244901,0,0,0,0,INTERSECTION RELATED,752,11419
-105.24264,39.985829,Police Collision Report,COLLISION W/ MV - FRONT TO REAR,2201522,3,S 45TH ST/TABLE MESA DR,TABLE MESA,CITY ST/CNTY RD,     ,W ,2022/02/16 00:00:00+00,2022/02/16 15:57:00+00,2022,2,February,15,4,16,Wednesday,15,Motorway Collision,Daylight,SNOW,Property Damage Only,0,0,0,39.985829,-105.24264,0,0,0,0,NON-INTERSECTION,1557,11420
-105.238408,40.02563,Police Collision Report,COLLISION W/ MV - FRONT TO REAR,2201519,2,4900  PEARL ST      ,28TH ST,STATE HWY,     ,N ,2022/02/16 13:59:59+00,2022/02/16 14:00:00+00,2022,2,February,14,4,16,Wednesday,14,Motorway Collision,Daylight,SNOW,Property Damage Only,0,0,0,40.02563,-105.238408,0,0,0,0,INTERSECTION RELATED,1356,11421
-105.225388,40.014628,Police Collision Report,COLLISION W/ MV - FRONT TO REAR,2202193,2,5501  ARAPAHOE AVE      ,5501 ARAPAHOE AVE,,     ,  ,2022/03/09 00:00:00+00,2022/03/09 12:53:00+00,2022,3,March,12,4,9,Wednesday,12,Motorway Collision,Daylight,SNOW,Property Damage Only,0,0,0,40.014628,-105.225388,0,0,0,0,PARKING LOT,1253,11422
-105.280008,40.017938,Police Collision Report,COLLISION W/ MV - FRONT TO REAR,2202198,2,PEARL ST/BROADWAY,BROADWAY,CITY ST/CNTY RD,     ,S ,2022/03/09 00:00:00+00,2022/03/09 14:27:00+00,2022,3,March,14,4,9,Wednesday,14,Motorway Collision,Daylight,SNOW,Non-Incapacitating Injury,0,0,1,40.017938,-105.280008,0,0,0,0,AT INTERSECTION,1427,11423
-105.244862,40.029223,Police Collision Report,COLLISION W/ MV - FRONT TO REAR,2202199,2,FOOTHILLS PKWY/VALMONT RD,FOOTHILLS PKWY,STATE HWY,     ,S ,2022/03/09 00:00:00+00,2022/03/09 14:28:00+00,2022,3,March,14,4,9,Wednesday,14,Motorway Collision,Daylight,SNOW,Possible injury,0,0,0,40.029223,-105.244862,0,0,0,0,NON-INTERSECTION,1428,11424
-105.240833,40.014503,Police Collision Report,COLLISION W/ MV - FRONT TO REAR,2202200,2,ARAPAHOE AVE/FOOTHILLS PKWY,FOOTHILLS PKY,STATE HWY,     ,N ,2022/03/09 00:00:00+00,2022/03/09 14:40:00+00,2022,3,March,14,4,9,Wednesday,14,Motorway Collision,Daylight,SNOW,Possible injury,0,0,0,40.014503,-105.240833,0,0,0,0,INTERSECTION RELATED,1440,11425
-105.282121,40.026732,Police Collision Report,COLLISION W/ MV - FRONT TO REAR,2202203,2,BROADWAY/BALSAM AVE,BROADWAY,CITY ST/CNTY RD,     ,N ,2022/03/09 00:00:00+00,2022/03/09 15:30:00+00,2022,3,March,15,4,9,Wednesday,15,Motorway Collision,Daylight,SNOW,Property Damage Only,0,0,0,40.026732,-105.282121,0,0,0,0,INTERSECTION RELATED,1530,11426
-105.253763,40.037979,Police Collision Report,COLLISION W/ MV - FRONT TO REAR,2202208,3,DIAGONAL HWY/30TH ST,DIAGONAL HIGHWAY,STATE HWY,     ,N ,2022/03/09 00:00:00+00,2022/03/09 16:45:00+00,2022,3,March,16,4,9,Wednesday,16,Motorway Collision,Daylight,SNOW,Possible injury,0,0,0,40.037979,-105.253763,0,0,0,0,AT INTERSECTION,1650,11427
-105.284095,40.018147,Police Collision Report,COLLISION W/ MV - FRONT TO REAR,2211472,2,SPRUCE ST/9TH ST,9TH ST,CITY ST/CNTY RD,     ,N ,2022/11/17 00:00:00+00,2022/11/17 15:13:00+00,2022,11,November,15,5,17,Thursday,15,Motorway Collision,Daylight,SNOW,Property Damage Only,0,0,0,40.018147,-105.284095,0,0,0,0,NON-INTERSECTION,1513,11428
-105.272798,40.047931,Police Collision Report,COLLISION W/ MV - FRONT TO REAR,2211465,2,19TH ST/QUINCE AVE,QUINCE AVE,CITY ST/CNTY RD,     ,W ,2022/11/17 00:00:00+00,2022/11/17 14:29:00+00,2022,11,November,14,5,17,Thursday,14,Motorway Collision,Daylight,SNOW,Property Damage Only,0,0,0,40.047931,-105.272798,0,0,0,0,DRIVEWAY ACCESS RELATED,1429,11429
-105.239567,40.008522,Police Collision Report,COLLISION W/ MV - FRONT TO REAR,2211475,2,FOOTHILLS PKWY/COLORADO AVE,FOOTHILLS PKWY,STATE HWY,     ,  ,2022/11/17 00:00:00+00,2022/11/17 15:24:00+00,2022,11,November,15,5,17,Thursday,15,Motorway Collision,Daylight,SNOW,Property Damage Only,0,0,0,40.008522,-105.239567,0,0,0,0,AT INTERSECTION,1524,11430
-105.249911,39.985461,Police Collision Report,COLLISION W/ MV - FRONT TO REAR,2211481,2,TABLE MESA DR/S BROADWAY,TABLE MESA DR,STATE HWY,     ,W ,2022/11/17 00:00:00+00,2022/11/17 17:05:00+00,2022,11,November,17,5,17,Thursday,17,Motorway Collision,Dark - Lighted,SNOW,Property Damage Only,0,0,0,39.985461,-105.249911,0,0,0,0,NON-INTERSECTION,1704,11431
-105.258516,40.040103,Police Collision Report,COLLISION W/ MV - FRONT TO REAR,2211476,2,28TH ST/KALMIA AVE,28TH ST,STATE HWY,     ,N ,2022/11/17 00:00:00+00,2022/11/17 15:54:00+00,2022,11,November,15,5,17,Thursday,15,Motorway Collision,Daylight,SNOW,Non-Incapacitating Injury,0,0,1,40.040103,-105.258516,0,0,0,0,NON-INTERSECTION,1555,11432
-105.27537,40.016622,Police Collision Report,COLLISION W/ MV - FRONT TO REAR,2204783,2,15TH ST/CANYON BLVD,CANYON BLVD,STATE HWY,     ,  ,2022/05/20 23:24:00+00,2022/05/20 23:24:00+00,2022,5,May,23,6,20,Friday,23,Motorway Collision,Dark - Lighted,SNOW,Property Damage Only,0,0,0,40.016622,-105.27537,1,1,0,0,AT INTERSECTION,2325,11433
-105.24066,40.014698,Police Collision Report,COLLISION W/ MV - FRONT TO REAR,2103074,2,FOOTHILLS PKWY/ARAPAHOE AVE,ARAPAHOE AVE,STATE HWY,     ,E ,2021/04/15 00:00:00+00,2021/04/15 16:56:00+00,2021,4,April,16,5,15,Thursday,16,Motorway Collision,Daylight,SNOW,Property Damage Only,0,0,0,40.014698,-105.24066,0,0,0,0,INTERSECTION RELATED,1656,11434
-105.275386,40.016754,Police Collision Report,COLLISION W/ MV - FRONT TO FRONT,2202184,2,CANYON BLVD/15TH ST,CANYON BLVD,STATE HWY,     ,W ,2022/03/09 00:00:00+00,2022/03/09 06:57:00+00,2022,3,March,6,4,9,Wednesday,6,Motorway Collision,Daylight,SNOW,Property Damage Only,0,0,0,40.016754,-105.275386,0,0,0,0,DRIVEWAY ACCESS RELATED,701,11435
-105.251929,40.023716,Police Collision Report,COLLISION W/ MV - FRONT TO FRONT,2112427,2,JUNCTION PL/PEARL PKWY,PEARL ST,CITY ST/CNTY RD,     ,  ,2021/12/31 00:00:00+00,2021/12/31 15:14:00+00,2021,12,December,15,6,31,Friday,15,Motorway Collision,Daylight,SNOW,Property Damage Only,0,0,0,40.023716,-105.251929,0,0,0,0,AT INTERSECTION,1514,11436
-105.281338,40.021778,Police Collision Report,COLLISION W/ MV - FRONT TO FRONT,2211462,3,BROADWAY/MAXWELL AVE,BROADWAY,CITY ST/CNTY RD,     ,  ,2022/11/17 00:00:00+00,2022/11/17 14:07:00+00,2022,11,November,14,5,17,Thursday,14,Motorway Collision,Daylight,SNOW,Possible injury,0,0,0,40.021778,-105.281338,0,0,0,0,AT INTERSECTION,1407,11437
-105.22501,40.02765,Police Collision Report,COLLISION W/ MV - FRONT TO FRONT,2211484,2,PEARL PKWY/55TH ST,PEARL PKWY,CITY ST/CNTY RD,     ,W ,2022/11/17 00:00:00+00,2022/11/17 17:44:00+00,2022,11,November,17,5,17,Thursday,17,Motorway Collision,Dark - Lighted,SNOW,Non-Incapacitating Injury,0,0,3,40.02765,-105.22501,0,0,0,0,NON-INTERSECTION,1744,11438
-105.215532,40.02932,Police Collision Report,NON-COLLISION - OTHER NON-COLLISION,2202118,1,BUTTE MILL RD/STAZIO DR,BUTTE MILL RD,CITY ST/CNTY RD,     ,E ,2022/03/06 00:00:00+00,2022/03/06 19:00:00+00,2022,3,March,19,1,6,Sunday,19,Motorway Collision,Dark - Lighted,SNOW,Property Damage Only,0,0,0,40.02932,-105.215532,0,0,0,0,NON-INTERSECTION,1900,11439
-105.266721,40.041888,Police Collision Report,COLLISION W/ OBJECT - LARGE ROCKS OR BOULDER,2200075,1,23RD ST/MEADOW AVE,23RD ST,CITY ST/CNTY RD,     ,  ,2021/12/31 00:00:00+00,2022/01/12 00:00:00+00,2022,1,January,0,4,12,Wednesday,0,Motorway Collision,Daylight,SNOW,Property Damage Only,0,0,0,40.041888,-105.266721,0,0,0,0,AT INTERSECTION,1600,11440
-105.265132,40.054679,Police Collision Report,GROUND,2111263,1,28TH ST/VIOLET AVE,28TH ST,CITY ST/CNTY RD,     ,W ,2021/11/24 00:00:00+00,2021/11/24 16:43:00+00,2021,11,November,16,4,24,Wednesday,16,Motorway Collision,Dawn or Dusk,SNOW,Property Damage Only,0,0,0,40.054679,-105.265132,0,0,0,0,INTERSECTION RELATED,1643,11441
-105.282054,40.030177,Police Collision Report,ELECTRICAL/UTILITY BOX,2103187,1,3050  BROADWAY      ,3050 BROADWAY,CITY ST/CNTY RD,     ,  ,2021/04/20 00:00:00+00,2021/04/20 06:55:00+00,2021,4,April,6,3,20,Tuesday,6,Motorway Collision,Daylight,SNOW,Property Damage Only,0,0,0,40.030177,-105.282054,0,0,0,0,PARKING LOT,700,11442
-105.272787,40.046061,Police Collision Report,DITCH,2202213,1,19TH ST/ORCHARD AVE,19TH ST,CITY ST/CNTY RD,     ,  ,2022/03/09 00:00:00+00,2022/03/09 21:42:00+00,2022,3,March,21,4,9,Wednesday,21,Motorway Collision,Dark - Unlighted,SNOW,Property Damage Only,0,0,0,40.046061,-105.272787,0,0,0,0,AT INTERSECTION,2140,11443
-105.23158,39.986786,Police Collision Report,GUARDRAIL END,2200777,1,FOOTHILLS PKWY/US HIGHWAY 36,FOOTHILLS PKY,STATE HWY,     ,N ,2022/01/25 00:00:00+00,2022/01/25 16:26:00+00,2022,1,January,16,3,25,Tuesday,16,Motorway Collision,Daylight,SNOW,Property Damage Only,0,0,0,39.986786,-105.23158,0,0,0,0,NON-INTERSECTION,1626,11444
-105.267805,40.001847,Police Collision Report,COLLISION W/ OTHER VEH - PARKED MV,2200754,2,20TH ST/CASCADE AVE,CASCADE AVE,CITY ST/CNTY RD,     ,W ,2022/01/25 00:00:00+00,2022/01/25 07:44:00+00,2022,1,January,7,3,25,Tuesday,7,Motorway Collision,Daylight,BLOWING SNOW,Property Damage Only,0,0,0,40.001847,-105.267805,0,0,0,0,ALLEY RELATED,744,11445